variant,seed,eval_seed,steps,win_rate,score,games,params,checkpoint_wall_s,train_process_wall_s,eval_wall_s,process_sps,native_uptime_s,native_avg_sps,native_last_sps,vram_last_gb,checkpoint
flex_quality,173,20173,1024000,0.000829,-0.951947,1207,160736,12.30122709274292,145.820446926984,0.46492362598655745,91290.35248853445,145.46545100212097,91513.13874389254,94263.33130685746,1.43121337890625,flex_quality-s173/checkpoints/connect4cnn/trial/0000000001024000.bin
flex_quality,173,20173,2048000,0.002737,-0.949818,1096,160736,24.129345417022705,145.820446926984,0.4650426440057345,91290.35248853445,145.46545100212097,91513.13874389254,94263.33130685746,1.43121337890625,flex_quality-s173/checkpoints/connect4cnn/trial/0000000002048000.bin
flex_quality,173,20173,3072000,0.122633,-0.702435,1109,160736,35.741424560546875,145.820446926984,0.46503020299132913,91290.35248853445,145.46545100212097,91513.13874389254,94263.33130685746,1.43121337890625,flex_quality-s173/checkpoints/connect4cnn/trial/0000000003072000.bin
flex_quality,173,20173,4096000,0.290939,-0.387365,1203,160736,47.177523374557495,145.820446926984,0.5151787759969011,91290.35248853445,145.46545100212097,91513.13874389254,94263.33130685746,1.43121337890625,flex_quality-s173/checkpoints/connect4cnn/trial/0000000004096000.bin
flex_quality,173,20173,5120000,0.384481,-0.204882,1147,160736,58.50960898399353,145.820446926984,0.515075942967087,91290.35248853445,145.46545100212097,91513.13874389254,94263.33130685746,1.43121337890625,flex_quality-s173/checkpoints/connect4cnn/trial/0000000005120000.bin
flex_quality,173,20173,6144000,0.538955,0.091659,1091,160736,69.64169144630432,145.820446926984,0.5149666990037076,91290.35248853445,145.46545100212097,91513.13874389254,94263.33130685746,1.43121337890625,flex_quality-s173/checkpoints/connect4cnn/trial/0000000006144000.bin
flex_quality,173,20173,7168000,0.599445,0.201665,1081,160736,80.57378554344177,145.820446926984,0.5165233889711089,91290.35248853445,145.46545100212097,91513.13874389254,94263.33130685746,1.43121337890625,flex_quality-s173/checkpoints/connect4cnn/trial/0000000007168000.bin
flex_quality,173,20173,8192000,0.681564,0.363128,1074,160736,91.46188521385193,145.820446926984,0.516111867967993,91290.35248853445,145.46545100212097,91513.13874389254,94263.33130685746,1.43121337890625,flex_quality-s173/checkpoints/connect4cnn/trial/0000000008192000.bin
flex_quality,173,20173,9216000,0.673792,0.347584,1076,160736,102.29797744750977,145.820446926984,0.5658148599904962,91290.35248853445,145.46545100212097,91513.13874389254,94263.33130685746,1.43121337890625,flex_quality-s173/checkpoints/connect4cnn/trial/0000000009216000.bin
flex_quality,173,20173,10240000,0.6723,0.344601,1065,160736,113.10206890106201,145.820446926984,0.5157509440323338,91290.35248853445,145.46545100212097,91513.13874389254,94263.33130685746,1.43121337890625,flex_quality-s173/checkpoints/connect4cnn/trial/0000000010240000.bin
flex_quality,173,20173,11264000,0.665103,0.330206,1066,160736,123.96615409851074,145.820446926984,0.5155250619864091,91290.35248853445,145.46545100212097,91513.13874389254,94263.33130685746,1.43121337890625,flex_quality-s173/checkpoints/connect4cnn/trial/0000000011264000.bin
flex_quality,173,20173,12288000,0.668539,0.337079,1068,160736,134.81025099754333,145.820446926984,0.51637769700028,91290.35248853445,145.46545100212097,91513.13874389254,94263.33130685746,1.43121337890625,flex_quality-s173/checkpoints/connect4cnn/trial/0000000012288000.bin
flex_quality,173,20173,13312000,0.667291,0.334583,1067,160736,145.73033237457275,145.820446926984,0.5156832250067964,91290.35248853445,145.46545100212097,91513.13874389254,94263.33130685746,1.43121337890625,flex_quality-s173/checkpoints/connect4cnn/trial/0000000013312000.bin
nature_cnn,173,20173,1024000,0.0,-0.958299,1199,138528,12.92183542251587,159.65167176903924,0.5155007549910806,83381.52587125966,159.30269122123718,83564.18776072336,83733.37289659727,1.55230712890625,nature_cnn-s173/checkpoints/connect4cnn/trial/0000000001024000.bin
nature_cnn,173,20173,2048000,0.001848,-0.949168,1082,138528,25.449939012527466,159.65167176903924,0.5156975649879314,83381.52587125966,159.30269122123718,83564.18776072336,83733.37289659727,1.55230712890625,nature_cnn-s173/checkpoints/connect4cnn/trial/0000000002048000.bin
nature_cnn,173,20173,3072000,0.121557,-0.716049,1053,138528,37.934040546417236,159.65167176903924,0.5162763409898616,83381.52587125966,159.30269122123718,83564.18776072336,83733.37289659727,1.55230712890625,nature_cnn-s173/checkpoints/connect4cnn/trial/0000000003072000.bin
nature_cnn,173,20173,4096000,0.214347,-0.533276,1157,138528,50.35413980484009,159.65167176903924,0.5153957640286535,83381.52587125966,159.30269122123718,83564.18776072336,83733.37289659727,1.55230712890625,nature_cnn-s173/checkpoints/connect4cnn/trial/0000000004096000.bin
nature_cnn,173,20173,5120000,0.327039,-0.294421,1165,138528,62.64624762535095,159.65167176903924,0.5151446519885212,83381.52587125966,159.30269122123718,83564.18776072336,83733.37289659727,1.55230712890625,nature_cnn-s173/checkpoints/connect4cnn/trial/0000000005120000.bin
nature_cnn,173,20173,6144000,0.404869,-0.158702,1109,138528,74.850350856781,159.65167176903924,0.5152490950422361,83381.52587125966,159.30269122123718,83564.18776072336,83733.37289659727,1.55230712890625,nature_cnn-s173/checkpoints/connect4cnn/trial/0000000006144000.bin
nature_cnn,173,20173,7168000,0.450135,-0.067385,1113,138528,86.97445273399353,159.65167176903924,0.5154740689904429,83381.52587125966,159.30269122123718,83564.18776072336,83733.37289659727,1.55230712890625,nature_cnn-s173/checkpoints/connect4cnn/trial/0000000007168000.bin
nature_cnn,173,20173,8192000,0.504562,0.032847,1096,138528,99.16655111312866,159.65167176903924,0.5162615840090439,83381.52587125966,159.30269122123718,83564.18776072336,83733.37289659727,1.55230712890625,nature_cnn-s173/checkpoints/connect4cnn/trial/0000000008192000.bin
nature_cnn,173,20173,9216000,0.540241,0.103608,1081,138528,111.32264733314514,159.65167176903924,0.5156035230029374,83381.52587125966,159.30269122123718,83564.18776072336,83733.37289659727,1.55230712890625,nature_cnn-s173/checkpoints/connect4cnn/trial/0000000009216000.bin
nature_cnn,173,20173,10240000,0.566176,0.151654,1088,138528,123.43874454498291,159.65167176903924,0.515685839985963,83381.52587125966,159.30269122123718,83564.18776072336,83733.37289659727,1.55230712890625,nature_cnn-s173/checkpoints/connect4cnn/trial/0000000010240000.bin
nature_cnn,173,20173,11264000,0.619705,0.259668,1086,138528,135.4708480834961,159.65167176903924,0.5153731239843182,83381.52587125966,159.30269122123718,83564.18776072336,83733.37289659727,1.55230712890625,nature_cnn-s173/checkpoints/connect4cnn/trial/0000000011264000.bin
nature_cnn,173,20173,12288000,0.605166,0.232472,1084,138528,147.48295187950134,159.65167176903924,0.5158766829990782,83381.52587125966,159.30269122123718,83564.18776072336,83733.37289659727,1.55230712890625,nature_cnn-s173/checkpoints/connect4cnn/trial/0000000012288000.bin
nature_cnn,173,20173,13312000,0.608856,0.240775,1084,138528,159.55505561828613,159.65167176903924,0.5151661679847166,83381.52587125966,159.30269122123718,83564.18776072336,83733.37289659727,1.55230712890625,nature_cnn-s173/checkpoints/connect4cnn/trial/0000000013312000.bin
flex_fast,173,20173,1024000,0.00084,-0.953781,1190,261856,12.471571683883667,148.89351115300087,0.5653633920010179,89406.17960389674,148.58214807510376,89593.53578110332,91830.85381963314,1.45855712890625,flex_fast-s173/checkpoints/connect4cnn/trial/0000000001024000.bin
flex_fast,173,20173,2048000,0.00463,-0.953704,1080,261856,24.38766622543335,148.89351115300087,0.4659241259796545,89406.17960389674,148.58214807510376,89593.53578110332,91830.85381963314,1.45855712890625,flex_fast-s173/checkpoints/connect4cnn/trial/0000000002048000.bin
flex_fast,173,20173,3072000,0.090009,-0.777678,1111,261856,36.09176278114319,148.89351115300087,0.4649501299718395,89406.17960389674,148.58214807510376,89593.53578110332,91830.85381963314,1.45855712890625,flex_fast-s173/checkpoints/connect4cnn/trial/0000000003072000.bin
flex_fast,173,20173,4096000,0.226252,-0.514681,1158,261856,47.54786038398743,148.89351115300087,0.5151983049581759,89406.17960389674,148.58214807510376,89593.53578110332,91830.85381963314,1.45855712890625,flex_fast-s173/checkpoints/connect4cnn/trial/0000000004096000.bin
flex_fast,173,20173,5120000,0.374107,-0.217857,1120,261856,58.89595103263855,148.89351115300087,0.515357282012701,89406.17960389674,148.58214807510376,89593.53578110332,91830.85381963314,1.45855712890625,flex_fast-s173/checkpoints/connect4cnn/trial/0000000005120000.bin
flex_fast,173,20173,6144000,0.461957,-0.044384,1104,261856,70.24803876876831,148.89351115300087,0.515718482027296,89406.17960389674,148.58214807510376,89593.53578110332,91830.85381963314,1.45855712890625,flex_fast-s173/checkpoints/connect4cnn/trial/0000000006144000.bin
flex_fast,173,20173,7168000,0.547032,0.122374,1095,261856,81.58413529396057,148.89351115300087,0.5152654530247673,89406.17960389674,148.58214807510376,89593.53578110332,91830.85381963314,1.45855712890625,flex_fast-s173/checkpoints/connect4cnn/trial/0000000007168000.bin
flex_fast,173,20173,8192000,0.554275,0.128722,1041,261856,92.82024216651917,148.89351115300087,0.5159782039700076,89406.17960389674,148.58214807510376,89593.53578110332,91830.85381963314,1.45855712890625,flex_fast-s173/checkpoints/connect4cnn/trial/0000000008192000.bin
flex_fast,173,20173,9216000,0.598657,0.210747,1191,261856,104.2523365020752,148.89351115300087,0.5158579869894311,89406.17960389674,148.58214807510376,89593.53578110332,91830.85381963314,1.45855712890625,flex_fast-s173/checkpoints/connect4cnn/trial/0000000009216000.bin
flex_fast,173,20173,10240000,0.634583,0.280239,1174,261856,115.81643390655518,148.89351115300087,0.565432908013463,89406.17960389674,148.58214807510376,89593.53578110332,91830.85381963314,1.45855712890625,flex_fast-s173/checkpoints/connect4cnn/trial/0000000010240000.bin
flex_fast,173,20173,11264000,0.663274,0.330789,1179,261856,126.83252191543579,148.89351115300087,0.5152490269974805,89406.17960389674,148.58214807510376,89593.53578110332,91830.85381963314,1.45855712890625,flex_fast-s173/checkpoints/connect4cnn/trial/0000000011264000.bin
flex_fast,173,20173,12288000,0.65378,0.310997,1164,261856,137.8166103363037,148.89351115300087,0.5659148800186813,89406.17960389674,148.58214807510376,89593.53578110332,91830.85381963314,1.45855712890625,flex_fast-s173/checkpoints/connect4cnn/trial/0000000012288000.bin
flex_fast,173,20173,13312000,0.653482,0.310404,1163,261856,148.8167028427124,148.89351115300087,0.5171259930357337,89406.17960389674,148.58214807510376,89593.53578110332,91830.85381963314,1.45855712890625,flex_fast-s173/checkpoints/connect4cnn/trial/0000000013312000.bin
impala_cnn,173,20173,1024000,0.001783,-0.938503,1122,270496,95.94784450531006,1227.8000016899896,0.7658829760039225,10842.156688122552,1227.3800222873688,10845.866608771668,10794.363002489383,3.50347900390625,impala_cnn-s173/checkpoints/connect4cnn/trial/0000000001024000.bin
impala_cnn,173,20173,2048000,0.435996,-0.127045,1039,270496,191.21263647079468,1227.8000016899896,0.9663292710320093,10842.156688122552,1227.3800222873688,10845.866608771668,10794.363002489383,3.50347900390625,impala_cnn-s173/checkpoints/connect4cnn/trial/0000000002048000.bin
impala_cnn,173,20173,3072000,0.662162,0.324324,1036,270496,285.30142188072205,1227.8000016899896,1.016331569000613,10842.156688122552,1227.3800222873688,10845.866608771668,10794.363002489383,3.50347900390625,impala_cnn-s173/checkpoints/connect4cnn/trial/0000000003072000.bin
impala_cnn,173,20173,4096000,0.838649,0.678236,1066,270496,379.1981906890869,1227.8000016899896,0.9668532839859836,10842.156688122552,1227.3800222873688,10845.866608771668,10794.363002489383,3.50347900390625,impala_cnn-s173/checkpoints/connect4cnn/trial/0000000004096000.bin
impala_cnn,173,20173,5120000,0.90283,0.80566,1060,270496,473.33098006248474,1227.8000016899896,1.0162159780156799,10842.156688122552,1227.3800222873688,10845.866608771668,10794.363002489383,3.50347900390625,impala_cnn-s173/checkpoints/connect4cnn/trial/0000000005120000.bin
impala_cnn,173,20173,6144000,0.941016,0.882033,1102,270496,567.7079041004181,1227.8000016899896,0.9669041269808076,10842.156688122552,1227.3800222873688,10845.866608771668,10794.363002489383,3.50347900390625,impala_cnn-s173/checkpoints/connect4cnn/trial/0000000006144000.bin
impala_cnn,173,20173,7168000,0.948276,0.896552,1102,270496,661.7808470726013,1227.8000016899896,1.01664238399826,10842.156688122552,1227.3800222873688,10845.866608771668,10794.363002489383,3.50347900390625,impala_cnn-s173/checkpoints/connect4cnn/trial/0000000007168000.bin
impala_cnn,173,20173,8192000,0.958829,0.917658,1093,270496,755.8298034667969,1227.8000016899896,1.0172432740218937,10842.156688122552,1227.3800222873688,10845.866608771668,10794.363002489383,3.50347900390625,impala_cnn-s173/checkpoints/connect4cnn/trial/0000000008192000.bin
impala_cnn,173,20173,9216000,0.96598,0.931961,1117,270496,850.2587525844574,1227.8000016899896,1.0164715409628116,10842.156688122552,1227.3800222873688,10845.866608771668,10794.363002489383,3.50347900390625,impala_cnn-s173/checkpoints/connect4cnn/trial/0000000009216000.bin
impala_cnn,173,20173,10240000,0.967972,0.935943,1124,270496,944.7197091579437,1227.8000016899896,0.966963582963217,10842.156688122552,1227.3800222873688,10845.866608771668,10794.363002489383,3.50347900390625,impala_cnn-s173/checkpoints/connect4cnn/trial/0000000010240000.bin
impala_cnn,173,20173,11264000,0.965849,0.931699,1142,270496,1038.8810048103333,1227.8000016899896,0.9669794430374168,10842.156688122552,1227.3800222873688,10845.866608771668,10794.363002489383,3.50347900390625,impala_cnn-s173/checkpoints/connect4cnn/trial/0000000011264000.bin
impala_cnn,173,20173,12288000,0.96394,0.92788,1137,270496,1133.0975885391235,1227.8000016899896,0.9660082490299828,10842.156688122552,1227.3800222873688,10845.866608771668,10794.363002489383,3.50347900390625,impala_cnn-s173/checkpoints/connect4cnn/trial/0000000012288000.bin
impala_cnn,173,20173,13312000,0.962996,0.925991,1135,270496,1227.6745464801788,1227.8000016899896,0.9662153529934585,10842.156688122552,1227.3800222873688,10845.866608771668,10794.363002489383,3.50347900390625,impala_cnn-s173/checkpoints/connect4cnn/trial/0000000013312000.bin
flex_small,173,20173,1024000,0.0,-0.960833,1200,109768,12.341568946838379,146.22616860596463,0.5157213489874266,91037.05668355314,145.8903410434723,91246.6164983006,94277.81537212033,1.41754150390625,flex_small-s173/checkpoints/connect4cnn/trial/0000000001024000.bin
flex_small,173,20173,2048000,0.003707,-0.956441,1079,109768,24.205688953399658,146.22616860596463,0.6169485830469057,91037.05668355314,145.8903410434723,91246.6164983006,94277.81537212033,1.41754150390625,flex_small-s173/checkpoints/connect4cnn/trial/0000000002048000.bin
flex_small,173,20173,3072000,0.123134,-0.712687,1072,109768,35.89382243156433,146.22616860596463,0.46617826499277726,91037.05668355314,145.8903410434723,91246.6164983006,94277.81537212033,1.41754150390625,flex_small-s173/checkpoints/connect4cnn/trial/0000000003072000.bin
flex_small,173,20173,4096000,0.304007,-0.368467,1148,109768,47.353936195373535,146.22616860596463,0.5151443849899806,91037.05668355314,145.8903410434723,91246.6164983006,94277.81537212033,1.41754150390625,flex_small-s173/checkpoints/connect4cnn/trial/0000000004096000.bin
flex_small,173,20173,5120000,0.618147,0.250473,1058,109768,58.6180522441864,146.22616860596463,0.5152303489740007,91037.05668355314,145.8903410434723,91246.6164983006,94277.81537212033,1.41754150390625,flex_small-s173/checkpoints/connect4cnn/trial/0000000005120000.bin
flex_small,173,20173,6144000,0.772066,0.545102,1031,109768,69.64616394042969,146.22616860596463,0.5153595160227269,91037.05668355314,145.8903410434723,91246.6164983006,94277.81537212033,1.41754150390625,flex_small-s173/checkpoints/connect4cnn/trial/0000000006144000.bin
flex_small,173,20173,7168000,0.82233,0.64466,1030,109768,80.57427763938904,146.22616860596463,0.5154331300291233,91037.05668355314,145.8903410434723,91246.6164983006,94277.81537212033,1.41754150390625,flex_small-s173/checkpoints/connect4cnn/trial/0000000007168000.bin
flex_small,173,20173,8192000,0.855826,0.711651,1193,109768,91.51038551330566,146.22616860596463,0.5158932159538381,91037.05668355314,145.8903410434723,91246.6164983006,94277.81537212033,1.41754150390625,flex_small-s173/checkpoints/connect4cnn/trial/0000000008192000.bin
flex_small,173,20173,9216000,0.863281,0.726562,1024,109768,102.45448637008667,146.22616860596463,0.51527117297519,91037.05668355314,145.8903410434723,91246.6164983006,94277.81537212033,1.41754150390625,flex_small-s173/checkpoints/connect4cnn/trial/0000000009216000.bin
flex_small,173,20173,10240000,0.860488,0.720976,1025,109768,113.36660289764404,146.22616860596463,0.5160295700188726,91037.05668355314,145.8903410434723,91246.6164983006,94277.81537212033,1.41754150390625,flex_small-s173/checkpoints/connect4cnn/trial/0000000010240000.bin
flex_small,173,20173,11264000,0.866861,0.733722,1029,109768,124.30671405792236,146.22616860596463,0.5154184380080551,91037.05668355314,145.8903410434723,91246.6164983006,94277.81537212033,1.41754150390625,flex_small-s173/checkpoints/connect4cnn/trial/0000000011264000.bin
flex_small,173,20173,12288000,0.870623,0.741245,1028,109768,135.21482586860657,146.22616860596463,0.5153907750500366,91037.05668355314,145.8903410434723,91246.6164983006,94277.81537212033,1.41754150390625,flex_small-s173/checkpoints/connect4cnn/trial/0000000012288000.bin
flex_small,173,20173,13312000,0.870874,0.741748,1030,109768,146.13093996047974,146.22616860596463,0.5155409220024012,91037.05668355314,145.8903410434723,91246.6164983006,94277.81537212033,1.41754150390625,flex_small-s173/checkpoints/connect4cnn/trial/0000000013312000.bin
impoola_cnn,173,20173,1024000,0.002515,-0.953059,1193,151712,95.55529427528381,1228.7136936939787,0.766216424992308,10834.094279505494,1228.2685902118683,10838.020369554322,10825.501739150892,3.49566650390625,impoola_cnn-s173/checkpoints/connect4cnn/trial/0000000001024000.bin
impoola_cnn,173,20173,2048000,0.190731,-0.618538,1122,151712,190.72025728225708,1228.7136936939787,0.8659368109656498,10834.094279505494,1228.2685902118683,10838.020369554322,10825.501739150892,3.49566650390625,impoola_cnn-s173/checkpoints/connect4cnn/trial/0000000002048000.bin
impoola_cnn,173,20173,3072000,0.599099,0.198198,1110,151712,285.43720531463623,1228.7136936939787,0.8660669079981744,10834.094279505494,1228.2685902118683,10838.020369554322,10825.501739150892,3.49566650390625,impoola_cnn-s173/checkpoints/connect4cnn/trial/0000000003072000.bin
impoola_cnn,173,20173,4096000,0.651934,0.303867,1086,151712,380.0261514186859,1228.7136936939787,0.9160092640086077,10834.094279505494,1228.2685902118683,10838.020369554322,10825.501739150892,3.49566650390625,impoola_cnn-s173/checkpoints/connect4cnn/trial/0000000004096000.bin
impoola_cnn,173,20173,5120000,0.65514,0.31028,1070,151712,474.5471136569977,1228.7136936939787,0.8661138589959592,10834.094279505494,1228.2685902118683,10838.020369554322,10825.501739150892,3.49566650390625,impoola_cnn-s173/checkpoints/connect4cnn/trial/0000000005120000.bin
impoola_cnn,173,20173,6144000,0.71869,0.43738,1038,151712,569.2320694923401,1228.7136936939787,0.8659779369481839,10834.094279505494,1228.2685902118683,10838.020369554322,10825.501739150892,3.49566650390625,impoola_cnn-s173/checkpoints/connect4cnn/trial/0000000006144000.bin
impoola_cnn,173,20173,7168000,0.746432,0.492863,1191,151712,663.5970227718353,1228.7136936939787,0.9166425929870456,10834.094279505494,1228.2685902118683,10838.020369554322,10825.501739150892,3.49566650390625,impoola_cnn-s173/checkpoints/connect4cnn/trial/0000000007168000.bin
impoola_cnn,173,20173,8192000,0.742489,0.484979,1165,151712,757.9019799232483,1228.7136936939787,0.9668185880291276,10834.094279505494,1228.2685902118683,10838.020369554322,10825.501739150892,3.49566650390625,impoola_cnn-s173/checkpoints/connect4cnn/trial/0000000008192000.bin
impoola_cnn,173,20173,9216000,0.772973,0.545946,1110,151712,851.9669280052185,1228.7136936939787,0.9172552750096656,10834.094279505494,1228.2685902118683,10838.020369554322,10825.501739150892,3.49566650390625,impoola_cnn-s173/checkpoints/connect4cnn/trial/0000000009216000.bin
impoola_cnn,173,20173,10240000,0.780773,0.561545,1113,151712,946.2478721141815,1228.7136936939787,0.9666264519910328,10834.094279505494,1228.2685902118683,10838.020369554322,10825.501739150892,3.49566650390625,impoola_cnn-s173/checkpoints/connect4cnn/trial/0000000010240000.bin
impoola_cnn,173,20173,11264000,0.780686,0.561372,1108,151712,1040.3408279418945,1228.7136936939787,0.9168652349617332,10834.094279505494,1228.2685902118683,10838.020369554322,10825.501739150892,3.49566650390625,impoola_cnn-s173/checkpoints/connect4cnn/trial/0000000011264000.bin
impoola_cnn,173,20173,12288000,0.788235,0.576471,1105,151712,1134.3897726535797,1228.7136936939787,0.9161126560065895,10834.094279505494,1228.2685902118683,10838.020369554322,10825.501739150892,3.49566650390625,impoola_cnn-s173/checkpoints/connect4cnn/trial/0000000012288000.bin
impoola_cnn,173,20173,13312000,0.785004,0.570009,1107,151712,1228.5547194480896,1228.7136936939787,0.9161485109943897,10834.094279505494,1228.2685902118683,10838.020369554322,10825.501739150892,3.49566650390625,impoola_cnn-s173/checkpoints/connect4cnn/trial/0000000013312000.bin
nature_cnn,174,20174,1024000,0.000836,-0.95903,1196,138528,12.938596725463867,158.50135249097366,0.4656869670143351,83986.66503970743,158.13760948181152,84179.84844731766,85108.3489250902,1.55230712890625,nature_cnn-s174/checkpoints/connect4cnn/trial/0000000001024000.bin
nature_cnn,174,20174,2048000,0.001791,-0.957923,1117,138528,25.490723371505737,158.50135249097366,0.46510304894763976,83986.66503970743,158.13760948181152,84179.84844731766,85108.3489250902,1.55230712890625,nature_cnn-s174/checkpoints/connect4cnn/trial/0000000002048000.bin
nature_cnn,174,20174,3072000,0.041301,-0.877856,1138,138528,37.97885298728943,158.50135249097366,0.5153329669847153,83986.66503970743,158.13760948181152,84179.84844731766,85108.3489250902,1.55230712890625,nature_cnn-s174/checkpoints/connect4cnn/trial/0000000003072000.bin
nature_cnn,174,20174,4096000,0.326087,-0.31689,1196,138528,50.39098262786865,158.50135249097366,0.515636534022633,83986.66503970743,158.13760948181152,84179.84844731766,85108.3489250902,1.55230712890625,nature_cnn-s174/checkpoints/connect4cnn/trial/0000000004096000.bin
nature_cnn,174,20174,5120000,0.470844,-0.02785,1149,138528,62.71910500526428,158.50135249097366,0.5170671819942072,83986.66503970743,158.13760948181152,84179.84844731766,85108.3489250902,1.55230712890625,nature_cnn-s174/checkpoints/connect4cnn/trial/0000000005120000.bin
nature_cnn,174,20174,6144000,0.688162,0.387873,1039,138528,74.94323205947876,158.50135249097366,0.5651530490140431,83986.66503970743,158.13760948181152,84179.84844731766,85108.3489250902,1.55230712890625,nature_cnn-s174/checkpoints/connect4cnn/trial/0000000006144000.bin
nature_cnn,174,20174,7168000,0.808456,0.618637,1159,138528,86.999351978302,158.50135249097366,0.5654617439722642,83986.66503970743,158.13760948181152,84179.84844731766,85108.3489250902,1.55230712890625,nature_cnn-s174/checkpoints/connect4cnn/trial/0000000007168000.bin
nature_cnn,174,20174,8192000,0.824042,0.648084,1148,138528,98.93947052955627,158.50135249097366,0.5654857259942219,83986.66503970743,158.13760948181152,84179.84844731766,85108.3489250902,1.55230712890625,nature_cnn-s174/checkpoints/connect4cnn/trial/0000000008192000.bin
nature_cnn,174,20174,9216000,0.876414,0.752829,1149,138528,110.82759022712708,158.50135249097366,0.5665908000082709,83986.66503970743,158.13760948181152,84179.84844731766,85108.3489250902,1.55230712890625,nature_cnn-s174/checkpoints/connect4cnn/trial/0000000009216000.bin
nature_cnn,174,20174,10240000,0.867596,0.735192,1148,138528,122.70370888710022,158.50135249097366,0.5160509679699317,83986.66503970743,158.13760948181152,84179.84844731766,85108.3489250902,1.55230712890625,nature_cnn-s174/checkpoints/connect4cnn/trial/0000000010240000.bin
nature_cnn,174,20174,11264000,0.865789,0.731579,1140,138528,134.62382864952087,158.50135249097366,0.5153977169538848,83986.66503970743,158.13760948181152,84179.84844731766,85108.3489250902,1.55230712890625,nature_cnn-s174/checkpoints/connect4cnn/trial/0000000011264000.bin
nature_cnn,174,20174,12288000,0.864675,0.730228,1138,138528,146.49594974517822,158.50135249097366,0.5151927939732559,83986.66503970743,158.13760948181152,84179.84844731766,85108.3489250902,1.55230712890625,nature_cnn-s174/checkpoints/connect4cnn/trial/0000000012288000.bin
nature_cnn,174,20174,13312000,0.859649,0.720175,1140,138528,158.39207077026367,158.50135249097366,0.5151740669971332,83986.66503970743,158.13760948181152,84179.84844731766,85108.3489250902,1.55230712890625,nature_cnn-s174/checkpoints/connect4cnn/trial/0000000013312000.bin
flex_fast,174,20174,1024000,0.0,-0.95297,1212,261856,12.369335412979126,146.83063472801587,0.46505255199735984,90662.27919438407,146.5366439819336,90844.17138447109,93576.859344957,1.45855712890625,flex_fast-s174/checkpoints/connect4cnn/trial/0000000001024000.bin
flex_fast,174,20174,2048000,0.005639,-0.952068,1064,261856,24.377455711364746,146.83063472801587,0.4650840809918009,90662.27919438407,146.5366439819336,90844.17138447109,93576.859344957,1.45855712890625,flex_fast-s174/checkpoints/connect4cnn/trial/0000000002048000.bin
flex_fast,174,20174,3072000,0.09254,-0.767705,1059,261856,36.13757371902466,146.83063472801587,0.5153481810120866,90662.27919438407,146.5366439819336,90844.17138447109,93576.859344957,1.45855712890625,flex_fast-s174/checkpoints/connect4cnn/trial/0000000003072000.bin
flex_fast,174,20174,4096000,0.264253,-0.444344,1105,261856,47.63769054412842,146.83063472801587,0.515348699002061,90662.27919438407,146.5366439819336,90844.17138447109,93576.859344957,1.45855712890625,flex_fast-s174/checkpoints/connect4cnn/trial/0000000004096000.bin
flex_fast,174,20174,5120000,0.370093,-0.235514,1070,261856,58.95381784439087,146.83063472801587,0.515367696993053,90662.27919438407,146.5366439819336,90844.17138447109,93576.859344957,1.45855712890625,flex_fast-s174/checkpoints/connect4cnn/trial/0000000005120000.bin
flex_fast,174,20174,6144000,0.494027,0.001706,1172,261856,70.1619303226471,146.83063472801587,0.5150917149730958,90662.27919438407,146.5366439819336,90844.17138447109,93576.859344957,1.45855712890625,flex_fast-s174/checkpoints/connect4cnn/trial/0000000006144000.bin
flex_fast,174,20174,7168000,0.533507,0.079199,1149,261856,81.19804215431213,146.83063472801587,0.5151924260426313,90662.27919438407,146.5366439819336,90844.17138447109,93576.859344957,1.45855712890625,flex_fast-s174/checkpoints/connect4cnn/trial/0000000007168000.bin
flex_fast,174,20174,8192000,0.597529,0.196823,1133,261856,92.13415241241455,146.83063472801587,0.5150122460327111,90662.27919438407,146.5366439819336,90844.17138447109,93576.859344957,1.45855712890625,flex_fast-s174/checkpoints/connect4cnn/trial/0000000008192000.bin
flex_fast,174,20174,9216000,0.591436,0.184657,1121,261856,103.07026195526123,146.83063472801587,0.515313470037654,90662.27919438407,146.5366439819336,90844.17138447109,93576.859344957,1.45855712890625,flex_fast-s174/checkpoints/connect4cnn/trial/0000000009216000.bin
flex_fast,174,20174,10240000,0.590297,0.181491,1113,261856,113.9623715877533,146.83063472801587,0.5150708289584145,90662.27919438407,146.5366439819336,90844.17138447109,93576.859344957,1.45855712890625,flex_fast-s174/checkpoints/connect4cnn/trial/0000000010240000.bin
flex_fast,174,20174,11264000,0.58871,0.178315,1116,261856,124.85848093032837,146.83063472801587,0.5149771500146016,90662.27919438407,146.5366439819336,90844.17138447109,93576.859344957,1.45855712890625,flex_fast-s174/checkpoints/connect4cnn/trial/0000000011264000.bin
flex_fast,174,20174,12288000,0.585626,0.172138,1127,261856,135.8065903186798,146.83063472801587,0.5152243140037172,90662.27919438407,146.5366439819336,90844.17138447109,93576.859344957,1.45855712890625,flex_fast-s174/checkpoints/connect4cnn/trial/0000000012288000.bin
flex_fast,174,20174,13312000,0.581996,0.164884,1122,261856,146.77069997787476,146.83063472801587,0.5152589280041866,90662.27919438407,146.5366439819336,90844.17138447109,93576.859344957,1.45855712890625,flex_fast-s174/checkpoints/connect4cnn/trial/0000000013312000.bin
impala_cnn,174,20174,1024000,0.001919,-0.959693,1042,270496,96.28033304214478,1230.242735835025,0.7658871349995025,10820.62881758412,1229.8389248847961,10824.181712452293,10837.762372365136,3.50347900390625,impala_cnn-s174/checkpoints/connect4cnn/trial/0000000001024000.bin
impala_cnn,174,20174,2048000,0.336051,-0.326087,1104,270496,190.9369237422943,1230.242735835025,1.017030923976563,10820.62881758412,1229.8389248847961,10824.181712452293,10837.762372365136,3.50347900390625,impala_cnn-s174/checkpoints/connect4cnn/trial/0000000002048000.bin
impala_cnn,174,20174,3072000,0.588566,0.177132,1067,270496,284.86586904525757,1230.242735835025,1.0661575520061888,10820.62881758412,1229.8389248847961,10824.181712452293,10837.762372365136,3.50347900390625,impala_cnn-s174/checkpoints/connect4cnn/trial/0000000003072000.bin
impala_cnn,174,20174,4096000,0.848282,0.696565,1048,270496,378.82278180122375,1230.242735835025,0.9664015779853798,10820.62881758412,1229.8389248847961,10824.181712452293,10837.762372365136,3.50347900390625,impala_cnn-s174/checkpoints/connect4cnn/trial/0000000004096000.bin
impala_cnn,174,20174,5120000,0.950629,0.901258,1033,270496,473.2997782230377,1230.242735835025,0.9170897399890237,10820.62881758412,1229.8389248847961,10824.181712452293,10837.762372365136,3.50347900390625,impala_cnn-s174/checkpoints/connect4cnn/trial/0000000005120000.bin
impala_cnn,174,20174,6144000,0.968601,0.937203,1051,270496,567.7487268447876,1230.242735835025,0.9165775599540211,10820.62881758412,1229.8389248847961,10824.181712452293,10837.762372365136,3.50347900390625,impala_cnn-s174/checkpoints/connect4cnn/trial/0000000006144000.bin
impala_cnn,174,20174,7168000,0.979127,0.958254,1054,270496,662.261684179306,1230.242735835025,0.9168001289945096,10820.62881758412,1229.8389248847961,10824.181712452293,10837.762372365136,3.50347900390625,impala_cnn-s174/checkpoints/connect4cnn/trial/0000000007168000.bin
impala_cnn,174,20174,8192000,0.968045,0.93609,1064,270496,756.9666340351105,1230.242735835025,0.9158690960030071,10820.62881758412,1229.8389248847961,10824.181712452293,10837.762372365136,3.50347900390625,impala_cnn-s174/checkpoints/connect4cnn/trial/0000000008192000.bin
impala_cnn,174,20174,9216000,0.976504,0.953008,1064,270496,851.68359208107,1230.242735835025,0.916155828977935,10820.62881758412,1229.8389248847961,10824.181712452293,10837.762372365136,3.50347900390625,impala_cnn-s174/checkpoints/connect4cnn/trial/0000000009216000.bin
impala_cnn,174,20174,10240000,0.974813,0.949627,1072,270496,946.1405415534973,1230.242735835025,0.9160084439790808,10820.62881758412,1229.8389248847961,10824.181712452293,10837.762372365136,3.50347900390625,impala_cnn-s174/checkpoints/connect4cnn/trial/0000000010240000.bin
impala_cnn,174,20174,11264000,0.977633,0.955266,1073,270496,1040.657499074936,1230.242735835025,0.9665523109724745,10820.62881758412,1229.8389248847961,10824.181712452293,10837.762372365136,3.50347900390625,impala_cnn-s174/checkpoints/connect4cnn/trial/0000000011264000.bin
impala_cnn,174,20174,12288000,0.981516,0.963031,1082,270496,1135.434453010559,1230.242735835025,0.9175608310033567,10820.62881758412,1229.8389248847961,10824.181712452293,10837.762372365136,3.50347900390625,impala_cnn-s174/checkpoints/connect4cnn/trial/0000000012288000.bin
impala_cnn,174,20174,13312000,0.976873,0.953747,1081,270496,1230.12331366539,1230.242735835025,0.9164186400012113,10820.62881758412,1229.8389248847961,10824.181712452293,10837.762372365136,3.50347900390625,impala_cnn-s174/checkpoints/connect4cnn/trial/0000000013312000.bin
flex_small,174,20174,1024000,0.0,-0.967033,1183,109768,12.213506937026978,142.4661535039777,0.4653442190028727,93439.7375979434,142.12753248214722,93662.3592031483,97504.3497386117,1.41754150390625,flex_small-s174/checkpoints/connect4cnn/trial/0000000001024000.bin
flex_small,174,20174,2048000,0.002799,-0.955224,1072,109768,24.045621395111084,142.4661535039777,0.4650948580238037,93439.7375979434,142.12753248214722,93662.3592031483,97504.3497386117,1.41754150390625,flex_small-s174/checkpoints/connect4cnn/trial/0000000002048000.bin
flex_small,174,20174,3072000,0.08787,-0.794651,1047,109768,35.62572622299194,142.4661535039777,0.5151493729790673,93439.7375979434,142.12753248214722,93662.3592031483,97504.3497386117,1.41754150390625,flex_small-s174/checkpoints/connect4cnn/trial/0000000003072000.bin
flex_small,174,20174,4096000,0.345389,-0.286618,1106,109768,46.86182928085327,142.4661535039777,0.515637025993783,93439.7375979434,142.12753248214722,93662.3592031483,97504.3497386117,1.41754150390625,flex_small-s174/checkpoints/connect4cnn/trial/0000000004096000.bin
flex_small,174,20174,5120000,0.582781,0.168874,1208,109768,57.64993405342102,142.4661535039777,0.5156050419900566,93439.7375979434,142.12753248214722,93662.3592031483,97504.3497386117,1.41754150390625,flex_small-s174/checkpoints/connect4cnn/trial/0000000005120000.bin
flex_small,174,20174,6144000,0.651399,0.302799,1179,109768,68.29403591156006,142.4661535039777,0.5153341390541755,93439.7375979434,142.12753248214722,93662.3592031483,97504.3497386117,1.41754150390625,flex_small-s174/checkpoints/connect4cnn/trial/0000000006144000.bin
flex_small,174,20174,7168000,0.66581,0.33162,1167,109768,78.93012857437134,142.4661535039777,0.5151444799848832,93439.7375979434,142.12753248214722,93662.3592031483,97504.3497386117,1.41754150390625,flex_small-s174/checkpoints/connect4cnn/trial/0000000007168000.bin
flex_small,174,20174,8192000,0.681393,0.362787,1177,109768,89.51022434234619,142.4661535039777,0.5156388480099849,93439.7375979434,142.12753248214722,93662.3592031483,97504.3497386117,1.41754150390625,flex_small-s174/checkpoints/connect4cnn/trial/0000000008192000.bin
flex_small,174,20174,9216000,0.681393,0.362787,1177,109768,100.04232406616211,142.4661535039777,0.5151413569692522,93439.7375979434,142.12753248214722,93662.3592031483,97504.3497386117,1.41754150390625,flex_small-s174/checkpoints/connect4cnn/trial/0000000009216000.bin
flex_small,174,20174,10240000,0.677502,0.355004,1169,109768,110.62241911888123,142.4661535039777,0.5153418920235708,93439.7375979434,142.12753248214722,93662.3592031483,97504.3497386117,1.41754150390625,flex_small-s174/checkpoints/connect4cnn/trial/0000000010240000.bin
flex_small,174,20174,11264000,0.67897,0.35794,1165,109768,121.18251323699951,142.4661535039777,0.515679623989854,93439.7375979434,142.12753248214722,93662.3592031483,97504.3497386117,1.41754150390625,flex_small-s174/checkpoints/connect4cnn/trial/0000000011264000.bin
flex_small,174,20174,12288000,0.677226,0.354452,1168,109768,131.79060769081116,142.4661535039777,0.515162652998697,93439.7375979434,142.12753248214722,93662.3592031483,97504.3497386117,1.41754150390625,flex_small-s174/checkpoints/connect4cnn/trial/0000000012288000.bin
flex_small,174,20174,13312000,0.679795,0.359589,1168,109768,142.35871171951294,142.4661535039777,0.5654024240211584,93439.7375979434,142.12753248214722,93662.3592031483,97504.3497386117,1.41754150390625,flex_small-s174/checkpoints/connect4cnn/trial/0000000013312000.bin
impoola_cnn,174,20174,1024000,0.0,-0.954052,1197,151712,96.16746377944946,1236.615512266988,0.8659797990112565,10764.865771088525,1235.8837432861328,10771.239667417483,10760.229927446186,3.49566650390625,impoola_cnn-s174/checkpoints/connect4cnn/trial/0000000001024000.bin
impoola_cnn,174,20174,2048000,0.023356,-0.949827,1156,151712,191.2643404006958,1236.615512266988,0.9164483839995228,10764.865771088525,1235.8837432861328,10771.239667417483,10760.229927446186,3.49566650390625,impoola_cnn-s174/checkpoints/connect4cnn/trial/0000000002048000.bin
impoola_cnn,174,20174,3072000,0.808658,0.617316,1155,151712,285.71721291542053,1236.615512266988,0.9661102929967456,10764.865771088525,1235.8837432861328,10771.239667417483,10760.229927446186,3.49566650390625,impoola_cnn-s174/checkpoints/connect4cnn/trial/0000000003072000.bin
impoola_cnn,174,20174,4096000,0.914552,0.829103,1182,151712,380.2780714035034,1236.615512266988,0.9159057770157233,10764.865771088525,1235.8837432861328,10771.239667417483,10760.229927446186,3.49566650390625,impoola_cnn-s174/checkpoints/connect4cnn/trial/0000000004096000.bin
impoola_cnn,174,20174,5120000,0.936387,0.872774,1179,151712,475.32295060157776,1236.615512266988,0.916035103960894,10764.865771088525,1235.8837432861328,10771.239667417483,10760.229927446186,3.49566650390625,impoola_cnn-s174/checkpoints/connect4cnn/trial/0000000005120000.bin
impoola_cnn,174,20174,6144000,0.942275,0.88455,1178,151712,570.0478219985962,1236.615512266988,1.016238746989984,10764.865771088525,1235.8837432861328,10771.239667417483,10760.229927446186,3.49566650390625,impoola_cnn-s174/checkpoints/connect4cnn/trial/0000000006144000.bin
impoola_cnn,174,20174,7168000,0.952259,0.904518,1173,151712,664.6526916027069,1236.615512266988,0.9163421039702371,10764.865771088525,1235.8837432861328,10771.239667417483,10760.229927446186,3.49566650390625,impoola_cnn-s174/checkpoints/connect4cnn/trial/0000000007168000.bin
impoola_cnn,174,20174,8192000,0.958298,0.916596,1175,151712,762.0103862285614,1236.615512266988,0.9159533719648607,10764.865771088525,1235.8837432861328,10771.239667417483,10760.229927446186,3.49566650390625,impoola_cnn-s174/checkpoints/connect4cnn/trial/0000000008192000.bin
impoola_cnn,174,20174,9216000,0.952991,0.905983,1170,151712,857.010436296463,1236.615512266988,0.9162899410002865,10764.865771088525,1235.8837432861328,10771.239667417483,10760.229927446186,3.49566650390625,impoola_cnn-s174/checkpoints/connect4cnn/trial/0000000009216000.bin
impoola_cnn,174,20174,10240000,0.957265,0.91453,1170,151712,951.7513163089752,1236.615512266988,0.9159602709696628,10764.865771088525,1235.8837432861328,10771.239667417483,10760.229927446186,3.49566650390625,impoola_cnn-s174/checkpoints/connect4cnn/trial/0000000010240000.bin
impoola_cnn,174,20174,11264000,0.96,0.92,1175,151712,1046.6401870250702,1236.615512266988,0.9661065699765459,10764.865771088525,1235.8837432861328,10771.239667417483,10760.229927446186,3.49566650390625,impoola_cnn-s174/checkpoints/connect4cnn/trial/0000000011264000.bin
impoola_cnn,174,20174,12288000,0.959009,0.918019,1171,151712,1141.4050605297089,1236.615512266988,0.916529153008014,10764.865771088525,1235.8837432861328,10771.239667417483,10760.229927446186,3.49566650390625,impoola_cnn-s174/checkpoints/connect4cnn/trial/0000000012288000.bin
impoola_cnn,174,20174,13312000,0.958227,0.916454,1173,151712,1236.4859416484833,1236.615512266988,0.965984018985182,10764.865771088525,1235.8837432861328,10771.239667417483,10760.229927446186,3.49566650390625,impoola_cnn-s174/checkpoints/connect4cnn/trial/0000000013312000.bin
flex_quality,174,20174,1024000,0.0,-0.96543,1186,160736,12.237291812896729,141.96460335096344,0.5156631779973395,93769.85308859145,141.6170952320099,93999.95091123061,96611.5701944967,1.43121337890625,flex_quality-s174/checkpoints/connect4cnn/trial/0000000001024000.bin
flex_quality,174,20174,2048000,0.001873,-0.957865,1068,160736,24.113406896591187,141.96460335096344,0.5159964030026458,93769.85308859145,141.6170952320099,93999.95091123061,96611.5701944967,1.43121337890625,flex_quality-s174/checkpoints/connect4cnn/trial/0000000002048000.bin
flex_quality,174,20174,3072000,0.079801,-0.796342,1203,160736,35.5815110206604,141.96460335096344,0.5663419300108217,93769.85308859145,141.6170952320099,93999.95091123061,96611.5701944967,1.43121337890625,flex_quality-s174/checkpoints/connect4cnn/trial/0000000003072000.bin
flex_quality,174,20174,4096000,0.364261,-0.250859,1164,160736,46.60961103439331,141.96460335096344,0.5155354650341906,93769.85308859145,141.6170952320099,93999.95091123061,96611.5701944967,1.43121337890625,flex_quality-s174/checkpoints/connect4cnn/trial/0000000004096000.bin
flex_quality,174,20174,5120000,0.682226,0.369838,1114,160736,57.18971371650696,141.96460335096344,0.5153188490075991,93769.85308859145,141.6170952320099,93999.95091123061,96611.5701944967,1.43121337890625,flex_quality-s174/checkpoints/connect4cnn/trial/0000000005120000.bin
flex_quality,174,20174,6144000,0.849955,0.702606,1113,160736,67.67380166053772,141.96460335096344,0.5150768480380066,93769.85308859145,141.6170952320099,93999.95091123061,96611.5701944967,1.43121337890625,flex_quality-s174/checkpoints/connect4cnn/trial/0000000006144000.bin
flex_quality,174,20174,7168000,0.8726,0.745201,1146,160736,78.20990204811096,141.96460335096344,0.5652451070491225,93769.85308859145,141.6170952320099,93999.95091123061,96611.5701944967,1.43121337890625,flex_quality-s174/checkpoints/connect4cnn/trial/0000000007168000.bin
flex_quality,174,20174,8192000,0.890612,0.782084,1161,160736,88.79399633407593,141.96460335096344,0.5659145680256188,93769.85308859145,141.6170952320099,93999.95091123061,96611.5701944967,1.43121337890625,flex_quality-s174/checkpoints/connect4cnn/trial/0000000008192000.bin
flex_quality,174,20174,9216000,0.894962,0.789923,1171,160736,99.40209937095642,141.96460335096344,0.5153204930247739,93769.85308859145,141.6170952320099,93999.95091123061,96611.5701944967,1.43121337890625,flex_quality-s174/checkpoints/connect4cnn/trial/0000000009216000.bin
flex_quality,174,20174,10240000,0.899485,0.798969,1164,160736,110.01419639587402,141.96460335096344,0.5655891950009391,93769.85308859145,141.6170952320099,93999.95091123061,96611.5701944967,1.43121337890625,flex_quality-s174/checkpoints/connect4cnn/trial/0000000010240000.bin
flex_quality,174,20174,11264000,0.906518,0.813894,1166,160736,120.66229319572449,141.96460335096344,0.5664514650125057,93769.85308859145,141.6170952320099,93999.95091123061,96611.5701944967,1.43121337890625,flex_quality-s174/checkpoints/connect4cnn/trial/0000000011264000.bin
flex_quality,174,20174,12288000,0.905579,0.812017,1165,160736,131.28638792037964,141.96460335096344,0.5655521749868058,93769.85308859145,141.6170952320099,93999.95091123061,96611.5701944967,1.43121337890625,flex_quality-s174/checkpoints/connect4cnn/trial/0000000012288000.bin
flex_quality,174,20174,13312000,0.908154,0.817167,1165,160736,141.84648871421814,141.96460335096344,0.5153889560024254,93769.85308859145,141.6170952320099,93999.95091123061,96611.5701944967,1.43121337890625,flex_quality-s174/checkpoints/connect4cnn/trial/0000000013312000.bin
flex_fast,175,20175,1024000,0.001704,-0.958262,1174,261856,12.440832376480103,146.4267731839791,0.5155107640312053,90912.33597884474,146.09037613868713,91121.67653920334,90837.45145605401,1.45855712890625,flex_fast-s175/checkpoints/connect4cnn/trial/0000000001024000.bin
flex_fast,175,20175,2048000,0.003824,-0.963671,1046,261856,24.44895577430725,146.4267731839791,0.5152500339900143,90912.33597884474,146.09037613868713,91121.67653920334,90837.45145605401,1.45855712890625,flex_fast-s175/checkpoints/connect4cnn/trial/0000000002048000.bin
flex_fast,175,20175,3072000,0.064728,-0.82833,1066,261856,36.18905472755432,146.4267731839791,0.5153226119582541,90912.33597884474,146.09037613868713,91121.67653920334,90837.45145605401,1.45855712890625,flex_fast-s175/checkpoints/connect4cnn/trial/0000000003072000.bin
flex_fast,175,20175,4096000,0.275618,-0.433746,1132,261856,47.4491651058197,146.4267731839791,0.5655807829461992,90912.33597884474,146.09037613868713,91121.67653920334,90837.45145605401,1.45855712890625,flex_fast-s175/checkpoints/connect4cnn/trial/0000000004096000.bin
flex_fast,175,20175,5120000,0.542311,0.085532,1099,261856,58.329262018203735,146.4267731839791,0.5658330489532091,90912.33597884474,146.09037613868713,91121.67653920334,90837.45145605401,1.45855712890625,flex_fast-s175/checkpoints/connect4cnn/trial/0000000005120000.bin
flex_fast,175,20175,6144000,0.625683,0.252277,1098,261856,69.12536668777466,146.4267731839791,0.5652490310021676,90912.33597884474,146.09037613868713,91121.67653920334,90837.45145605401,1.45855712890625,flex_fast-s175/checkpoints/connect4cnn/trial/0000000006144000.bin
flex_fast,175,20175,7168000,0.748305,0.49661,1180,261856,80.13346314430237,146.4267731839791,0.5653930209809914,90912.33597884474,146.09037613868713,91121.67653920334,90837.45145605401,1.45855712890625,flex_fast-s175/checkpoints/connect4cnn/trial/0000000007168000.bin
flex_fast,175,20175,8192000,0.759796,0.519591,1174,261856,91.15356230735779,146.4267731839791,0.5658793119946495,90912.33597884474,146.09037613868713,91121.67653920334,90837.45145605401,1.45855712890625,flex_fast-s175/checkpoints/connect4cnn/trial/0000000008192000.bin
flex_fast,175,20175,9216000,0.783011,0.566022,1189,261856,102.1696605682373,146.4267731839791,0.5151286559994332,90912.33597884474,146.09037613868713,91121.67653920334,90837.45145605401,1.45855712890625,flex_fast-s175/checkpoints/connect4cnn/trial/0000000009216000.bin
flex_fast,175,20175,10240000,0.78367,0.56734,1188,261856,113.19776701927185,146.4267731839791,0.5150104709900916,90912.33597884474,146.09037613868713,91121.67653920334,90837.45145605401,1.45855712890625,flex_fast-s175/checkpoints/connect4cnn/trial/0000000010240000.bin
flex_fast,175,20175,11264000,0.786555,0.573109,1190,261856,124.2058675289154,146.4267731839791,0.5150994680006988,90912.33597884474,146.09037613868713,91121.67653920334,90837.45145605401,1.45855712890625,flex_fast-s175/checkpoints/connect4cnn/trial/0000000011264000.bin
flex_fast,175,20175,12288000,0.783852,0.567704,1189,261856,135.2299644947052,146.4267731839791,0.5652026640018448,90912.33597884474,146.09037613868713,91121.67653920334,90837.45145605401,1.45855712890625,flex_fast-s175/checkpoints/connect4cnn/trial/0000000012288000.bin
flex_fast,175,20175,13312000,0.783852,0.567704,1189,261856,146.33007526397705,146.4267731839791,0.5158417369821109,90912.33597884474,146.09037613868713,91121.67653920334,90837.45145605401,1.45855712890625,flex_fast-s175/checkpoints/connect4cnn/trial/0000000013312000.bin
impala_cnn,175,20175,1024000,0.00188,-0.952068,1064,270496,96.01948285102844,1235.912925791985,0.7659706380218267,10770.985335774802,1235.494328737259,10774.634646526929,10795.175804044075,3.50347900390625,impala_cnn-s175/checkpoints/connect4cnn/trial/0000000001024000.bin
impala_cnn,175,20175,2048000,0.468953,-0.062095,1079,270496,190.80036234855652,1235.912925791985,0.9661592990159988,10770.985335774802,1235.494328737259,10774.634646526929,10795.175804044075,3.50347900390625,impala_cnn-s175/checkpoints/connect4cnn/trial/0000000002048000.bin
impala_cnn,175,20175,3072000,0.751558,0.503117,1123,270496,285.2492265701294,1235.912925791985,1.0162068600184284,10770.985335774802,1235.494328737259,10774.634646526929,10795.175804044075,3.50347900390625,impala_cnn-s175/checkpoints/connect4cnn/trial/0000000003072000.bin
impala_cnn,175,20175,4096000,0.889105,0.77821,1028,270496,380.2381010055542,1235.912925791985,0.9667857370222919,10770.985335774802,1235.494328737259,10774.634646526929,10795.175804044075,3.50347900390625,impala_cnn-s175/checkpoints/connect4cnn/trial/0000000004096000.bin
impala_cnn,175,20175,5120000,0.931731,0.863462,1040,270496,474.88697028160095,1235.912925791985,0.9163742259843275,10770.985335774802,1235.494328737259,10774.634646526929,10795.175804044075,3.50347900390625,impala_cnn-s175/checkpoints/connect4cnn/trial/0000000005120000.bin
impala_cnn,175,20175,6144000,0.945283,0.890566,1060,270496,569.4558308124542,1235.912925791985,0.9159669029759243,10770.985335774802,1235.494328737259,10774.634646526929,10795.175804044075,3.50347900390625,impala_cnn-s175/checkpoints/connect4cnn/trial/0000000006144000.bin
impala_cnn,175,20175,7168000,0.960037,0.920074,1076,270496,664.18869805336,1235.912925791985,0.9160723660024814,10770.985335774802,1235.494328737259,10774.634646526929,10795.175804044075,3.50347900390625,impala_cnn-s175/checkpoints/connect4cnn/trial/0000000007168000.bin
impala_cnn,175,20175,8192000,0.961754,0.923507,1072,270496,759.209584236145,1235.912925791985,0.9660388299962506,10770.985335774802,1235.494328737259,10774.634646526929,10795.175804044075,3.50347900390625,impala_cnn-s175/checkpoints/connect4cnn/trial/0000000008192000.bin
impala_cnn,175,20175,9216000,0.966449,0.932898,1073,270496,853.9504489898682,1235.912925791985,0.916395343025215,10770.985335774802,1235.494328737259,10774.634646526929,10795.175804044075,3.50347900390625,impala_cnn-s175/checkpoints/connect4cnn/trial/0000000009216000.bin
impala_cnn,175,20175,10240000,0.967412,0.934823,1074,270496,951.115339756012,1235.912925791985,0.9160220689955167,10770.985335774802,1235.494328737259,10774.634646526929,10795.175804044075,3.50347900390625,impala_cnn-s175/checkpoints/connect4cnn/trial/0000000010240000.bin
impala_cnn,175,20175,11264000,0.973048,0.946097,1076,270496,1046.3082194328308,1235.912925791985,0.9160229819826782,10770.985335774802,1235.494328737259,10774.634646526929,10795.175804044075,3.50347900390625,impala_cnn-s175/checkpoints/connect4cnn/trial/0000000011264000.bin
impala_cnn,175,20175,12288000,0.973929,0.947858,1074,270496,1141.1250870227814,1235.912925791985,0.9159970780019648,10770.985335774802,1235.494328737259,10774.634646526929,10795.175804044075,3.50347900390625,impala_cnn-s175/checkpoints/connect4cnn/trial/0000000012288000.bin
impala_cnn,175,20175,13312000,0.972119,0.944238,1076,270496,1235.7984023094177,1235.912925791985,0.9158932769787498,10770.985335774802,1235.494328737259,10774.634646526929,10795.175804044075,3.50347900390625,impala_cnn-s175/checkpoints/connect4cnn/trial/0000000013312000.bin
flex_small,175,20175,1024000,0.001709,-0.961538,1170,109768,12.326377391815186,142.93014947604388,0.5657933079637587,93136.40298285133,142.58832836151123,93359.67503770314,96410.62562140303,1.41754150390625,flex_small-s175/checkpoints/connect4cnn/trial/0000000001024000.bin
flex_small,175,20175,2048000,0.0018,-0.949595,1111,109768,24.330286979675293,142.93014947604388,0.5158926290459931,93136.40298285133,142.58832836151123,93359.67503770314,96410.62562140303,1.41754150390625,flex_small-s175/checkpoints/connect4cnn/trial/0000000002048000.bin
flex_small,175,20175,3072000,0.067084,-0.822898,1118,109768,36.12623381614685,142.93014947604388,0.565208550018724,93136.40298285133,142.58832836151123,93359.67503770314,96410.62562140303,1.41754150390625,flex_small-s175/checkpoints/connect4cnn/trial/0000000003072000.bin
flex_small,175,20175,4096000,0.3974,-0.18663,1077,109768,47.4183304309845,142.93014947604388,0.5654793870053254,93136.40298285133,142.58832836151123,93359.67503770314,96410.62562140303,1.41754150390625,flex_small-s175/checkpoints/connect4cnn/trial/0000000004096000.bin
flex_small,175,20175,5120000,0.625363,0.254598,1033,109768,58.00642466545105,142.93014947604388,0.565652618999593,93136.40298285133,142.58832836151123,93359.67503770314,96410.62562140303,1.41754150390625,flex_small-s175/checkpoints/connect4cnn/trial/0000000005120000.bin
flex_small,175,20175,6144000,0.712056,0.424111,1153,109768,68.31851768493652,142.93014947604388,0.5654694809927605,93136.40298285133,142.58832836151123,93359.67503770314,96410.62562140303,1.41754150390625,flex_small-s175/checkpoints/connect4cnn/trial/0000000006144000.bin
flex_small,175,20175,7168000,0.839542,0.679083,1047,109768,78.57861638069153,142.93014947604388,0.5653131550061516,93136.40298285133,142.58832836151123,93359.67503770314,96410.62562140303,1.41754150390625,flex_small-s175/checkpoints/connect4cnn/trial/0000000007168000.bin
flex_small,175,20175,8192000,0.853072,0.706144,1123,109768,89.39071917533875,142.93014947604388,0.5651858990313485,93136.40298285133,142.58832836151123,93359.67503770314,96410.62562140303,1.41754150390625,flex_small-s175/checkpoints/connect4cnn/trial/0000000008192000.bin
flex_small,175,20175,9216000,0.876434,0.752868,1133,109768,100.17482113838196,142.93014947604388,0.5655374390189536,93136.40298285133,142.58832836151123,93359.67503770314,96410.62562140303,1.41754150390625,flex_small-s175/checkpoints/connect4cnn/trial/0000000009216000.bin
flex_small,175,20175,10240000,0.879401,0.758803,1136,109768,110.93091535568237,142.93014947604388,0.5654553989879787,93136.40298285133,142.58832836151123,93359.67503770314,96410.62562140303,1.41754150390625,flex_small-s175/checkpoints/connect4cnn/trial/0000000010240000.bin
flex_small,175,20175,11264000,0.866667,0.733333,1140,109768,121.55900979042053,142.93014947604388,0.56507953297114,93136.40298285133,142.58832836151123,93359.67503770314,96410.62562140303,1.41754150390625,flex_small-s175/checkpoints/connect4cnn/trial/0000000011264000.bin
flex_small,175,20175,12288000,0.875439,0.750877,1140,109768,132.17510724067688,142.93014947604388,0.56572407099884,93136.40298285133,142.58832836151123,93359.67503770314,96410.62562140303,1.41754150390625,flex_small-s175/checkpoints/connect4cnn/trial/0000000012288000.bin
flex_small,175,20175,13312000,0.872711,0.745423,1147,109768,142.81520771980286,142.93014947604388,0.5662936729495414,93136.40298285133,142.58832836151123,93359.67503770314,96410.62562140303,1.41754150390625,flex_small-s175/checkpoints/connect4cnn/trial/0000000013312000.bin
impoola_cnn,175,20175,1024000,0.001792,-0.962366,1116,151712,95.78259181976318,1224.2284576540114,0.9163285509566776,10873.78741833022,1223.7747535705566,10877.818782549755,10928.725581300669,3.49566650390625,impoola_cnn-s175/checkpoints/connect4cnn/trial/0000000001024000.bin
impoola_cnn,175,20175,2048000,0.01619,-0.967619,1050,151712,190.25946021080017,1224.2284576540114,1.016079508990515,10873.78741833022,1223.7747535705566,10877.818782549755,10928.725581300669,3.49566650390625,impoola_cnn-s175/checkpoints/connect4cnn/trial/0000000002048000.bin
impoola_cnn,175,20175,3072000,0.083962,-0.832075,1060,151712,284.0083227157593,1224.2284576540114,1.016806585015729,10873.78741833022,1223.7747535705566,10877.818782549755,10928.725581300669,3.49566650390625,impoola_cnn-s175/checkpoints/connect4cnn/trial/0000000003072000.bin
impoola_cnn,175,20175,4096000,0.325972,-0.348057,1132,151712,377.9211826324463,1224.2284576540114,1.0663215320091695,10873.78741833022,1223.7747535705566,10877.818782549755,10928.725581300669,3.49566650390625,impoola_cnn-s175/checkpoints/connect4cnn/trial/0000000004096000.bin
impoola_cnn,175,20175,5120000,0.401246,-0.197509,1124,151712,471.829993724823,1224.2284576540114,1.06676295096986,10873.78741833022,1223.7747535705566,10877.818782549755,10928.725581300669,3.49566650390625,impoola_cnn-s175/checkpoints/connect4cnn/trial/0000000005120000.bin
impoola_cnn,175,20175,6144000,0.445415,-0.10917,1145,151712,565.450808763504,1224.2284576540114,1.0667479550465941,10873.78741833022,1223.7747535705566,10877.818782549755,10928.725581300669,3.49566650390625,impoola_cnn-s175/checkpoints/connect4cnn/trial/0000000006144000.bin
impoola_cnn,175,20175,7168000,0.663818,0.327635,1053,151712,659.0556221008301,1224.2284576540114,0.9661623790161684,10873.78741833022,1223.7747535705566,10877.818782549755,10928.725581300669,3.49566650390625,impoola_cnn-s175/checkpoints/connect4cnn/trial/0000000007168000.bin
impoola_cnn,175,20175,8192000,0.69619,0.392381,1050,151712,753.1204464435577,1224.2284576540114,1.0168261739891022,10873.78741833022,1223.7747535705566,10877.818782549755,10928.725581300669,3.49566650390625,impoola_cnn-s175/checkpoints/connect4cnn/trial/0000000008192000.bin
impoola_cnn,175,20175,9216000,0.712251,0.424501,1053,151712,846.8692545890808,1224.2284576540114,0.9680466579739004,10873.78741833022,1223.7747535705566,10877.818782549755,10928.725581300669,3.49566650390625,impoola_cnn-s175/checkpoints/connect4cnn/trial/0000000009216000.bin
impoola_cnn,175,20175,10240000,0.702392,0.404785,1045,151712,940.4900703430176,1224.2284576540114,1.0167603400186636,10873.78741833022,1223.7747535705566,10877.818782549755,10928.725581300669,3.49566650390625,impoola_cnn-s175/checkpoints/connect4cnn/trial/0000000010240000.bin
impoola_cnn,175,20175,11264000,0.72238,0.444759,1059,151712,1034.090884923935,1224.2284576540114,1.017491067002993,10873.78741833022,1223.7747535705566,10877.818782549755,10928.725581300669,3.49566650390625,impoola_cnn-s175/checkpoints/connect4cnn/trial/0000000011264000.bin
impoola_cnn,175,20175,12288000,0.725564,0.451128,1064,151712,1130.4317169189453,1224.2284576540114,1.016587243997492,10873.78741833022,1223.7747535705566,10877.818782549755,10928.725581300669,3.49566650390625,impoola_cnn-s175/checkpoints/connect4cnn/trial/0000000012288000.bin
impoola_cnn,175,20175,13312000,0.730516,0.461033,1065,151712,1224.0965292453766,1224.2284576540114,0.966780733957421,10873.78741833022,1223.7747535705566,10877.818782549755,10928.725581300669,3.49566650390625,impoola_cnn-s175/checkpoints/connect4cnn/trial/0000000013312000.bin
flex_quality,175,20175,1024000,0.000855,-0.952951,1169,160736,12.302806615829468,143.82147392601473,0.5154788339859806,92559.19604083613,143.46898984909058,92786.60157851793,95148.02337277436,1.43121337890625,flex_quality-s175/checkpoints/connect4cnn/trial/0000000001024000.bin
flex_quality,175,20175,2048000,0.00271,-0.958446,1107,160736,24.182905912399292,143.82147392601473,0.5153326629661024,92559.19604083613,143.46898984909058,92786.60157851793,95148.02337277436,1.43121337890625,flex_quality-s175/checkpoints/connect4cnn/trial/0000000002048000.bin
flex_quality,175,20175,3072000,0.08078,-0.804085,1077,160736,35.79100251197815,143.82147392601473,0.5157084030215628,92559.19604083613,143.46898984909058,92786.60157851793,95148.02337277436,1.43121337890625,flex_quality-s175/checkpoints/connect4cnn/trial/0000000003072000.bin
flex_quality,175,20175,4096000,0.387532,-0.204718,1187,160736,46.88310718536377,143.82147392601473,0.5650824850308709,92559.19604083613,143.46898984909058,92786.60157851793,95148.02337277436,1.43121337890625,flex_quality-s175/checkpoints/connect4cnn/trial/0000000004096000.bin
flex_quality,175,20175,5120000,0.706239,0.415078,1154,160736,57.66720104217529,143.82147392601473,0.565657209022902,92559.19604083613,143.46898984909058,92786.60157851793,95148.02337277436,1.43121337890625,flex_quality-s175/checkpoints/connect4cnn/trial/0000000005120000.bin
flex_quality,175,20175,6144000,0.77901,0.558874,1172,160736,68.43529224395752,143.82147392601473,0.5667500569834374,92559.19604083613,143.46898984909058,92786.60157851793,95148.02337277436,1.43121337890625,flex_quality-s175/checkpoints/connect4cnn/trial/0000000006144000.bin
flex_quality,175,20175,7168000,0.808124,0.616249,1157,160736,79.15138220787048,143.82147392601473,0.5660332740517333,92559.19604083613,143.46898984909058,92786.60157851793,95148.02337277436,1.43121337890625,flex_quality-s175/checkpoints/connect4cnn/trial/0000000007168000.bin
flex_quality,175,20175,8192000,0.811482,0.622965,1167,160736,89.91148042678833,143.82147392601473,0.5655075809918344,92559.19604083613,143.46898984909058,92786.60157851793,95148.02337277436,1.43121337890625,flex_quality-s175/checkpoints/connect4cnn/trial/0000000008192000.bin
flex_quality,175,20175,9216000,0.824138,0.648276,1160,160736,100.67557668685913,143.82147392601473,0.5664054260123521,92559.19604083613,143.46898984909058,92786.60157851793,95148.02337277436,1.43121337890625,flex_quality-s175/checkpoints/connect4cnn/trial/0000000009216000.bin
flex_quality,175,20175,10240000,0.820205,0.640411,1168,160736,111.41567635536194,143.82147392601473,0.5150871190126054,92559.19604083613,143.46898984909058,92786.60157851793,95148.02337277436,1.43121337890625,flex_quality-s175/checkpoints/connect4cnn/trial/0000000010240000.bin
flex_quality,175,20175,11264000,0.823379,0.646758,1172,160736,122.14776587486267,143.82147392601473,0.5655090310028754,92559.19604083613,143.46898984909058,92786.60157851793,95148.02337277436,1.43121337890625,flex_quality-s175/checkpoints/connect4cnn/trial/0000000011264000.bin
flex_quality,175,20175,12288000,0.822926,0.645851,1169,160736,132.8718581199646,143.82147392601473,0.5659977170289494,92559.19604083613,143.46898984909058,92786.60157851793,95148.02337277436,1.43121337890625,flex_quality-s175/checkpoints/connect4cnn/trial/0000000012288000.bin
flex_quality,175,20175,13312000,0.822926,0.645851,1169,160736,143.70395064353943,143.82147392601473,0.5663885669782758,92559.19604083613,143.46898984909058,92786.60157851793,95148.02337277436,1.43121337890625,flex_quality-s175/checkpoints/connect4cnn/trial/0000000013312000.bin
nature_cnn,175,20175,1024000,0.000837,-0.957322,1195,138528,12.940474510192871,158.26528156502172,0.515208791999612,84111.94083985436,157.92019510269165,84295.74185457111,85142.42971979106,1.55230712890625,nature_cnn-s175/checkpoints/connect4cnn/trial/0000000001024000.bin
nature_cnn,175,20175,2048000,0.002676,-0.949153,1121,138528,25.504581689834595,158.26528156502172,0.5157154289772734,84111.94083985436,157.92019510269165,84295.74185457111,85142.42971979106,1.55230712890625,nature_cnn-s175/checkpoints/connect4cnn/trial/0000000002048000.bin
nature_cnn,175,20175,3072000,0.048501,-0.852734,1134,138528,38.536696672439575,158.26528156502172,0.5161137519753538,84111.94083985436,157.92019510269165,84295.74185457111,85142.42971979106,1.55230712890625,nature_cnn-s175/checkpoints/connect4cnn/trial/0000000003072000.bin
nature_cnn,175,20175,4096000,0.206667,-0.541667,1200,138528,50.96080303192139,158.26528156502172,0.5651590010384098,84111.94083985436,157.92019510269165,84295.74185457111,85142.42971979106,1.55230712890625,nature_cnn-s175/checkpoints/connect4cnn/trial/0000000004096000.bin
nature_cnn,175,20175,5120000,0.531308,0.075506,1086,138528,63.18091869354248,158.26528156502172,0.5155509909964167,84111.94083985436,157.92019510269165,84295.74185457111,85142.42971979106,1.55230712890625,nature_cnn-s175/checkpoints/connect4cnn/trial/0000000005120000.bin
nature_cnn,175,20175,6144000,0.69434,0.390566,1060,138528,75.06502318382263,158.26528156502172,0.5150362229906023,84111.94083985436,157.92019510269165,84295.74185457111,85142.42971979106,1.55230712890625,nature_cnn-s175/checkpoints/connect4cnn/trial/0000000006144000.bin
nature_cnn,175,20175,7168000,0.734153,0.468307,1057,138528,86.92512631416321,158.26528156502172,0.5151117899804376,84111.94083985436,157.92019510269165,84295.74185457111,85142.42971979106,1.55230712890625,nature_cnn-s175/checkpoints/connect4cnn/trial/0000000007168000.bin
nature_cnn,175,20175,8192000,0.736098,0.472196,1061,138528,98.78522849082947,158.26528156502172,0.5152206050115637,84111.94083985436,157.92019510269165,84295.74185457111,85142.42971979106,1.55230712890625,nature_cnn-s175/checkpoints/connect4cnn/trial/0000000008192000.bin
nature_cnn,175,20175,9216000,0.749057,0.498113,1060,138528,110.70533013343811,158.26528156502172,0.5152282310300507,84111.94083985436,157.92019510269165,84295.74185457111,85142.42971979106,1.55230712890625,nature_cnn-s175/checkpoints/connect4cnn/trial/0000000009216000.bin
nature_cnn,175,20175,10240000,0.741199,0.482398,1051,138528,122.56543445587158,158.26528156502172,0.5654661079752259,84111.94083985436,157.92019510269165,84295.74185457111,85142.42971979106,1.55230712890625,nature_cnn-s175/checkpoints/connect4cnn/trial/0000000010240000.bin
nature_cnn,175,20175,11264000,0.747867,0.495735,1055,138528,134.4295356273651,158.26528156502172,0.5669298049760982,84111.94083985436,157.92019510269165,84295.74185457111,85142.42971979106,1.55230712890625,nature_cnn-s175/checkpoints/connect4cnn/trial/0000000011264000.bin
nature_cnn,175,20175,12288000,0.739583,0.479167,1056,138528,146.30163645744324,158.26528156502172,0.5161576980026439,84111.94083985436,157.92019510269165,84295.74185457111,85142.42971979106,1.55230712890625,nature_cnn-s175/checkpoints/connect4cnn/trial/0000000012288000.bin
nature_cnn,175,20175,13312000,0.746679,0.493359,1054,138528,158.1817409992218,158.26528156502172,0.5652138769510202,84111.94083985436,157.92019510269165,84295.74185457111,85142.42971979106,1.55230712890625,nature_cnn-s175/checkpoints/connect4cnn/trial/0000000013312000.bin
impala_cnn,176,20176,1024000,0.001951,-0.942439,1025,270496,95.8796169757843,1233.9772249470116,0.7663540680077858,10787.88143806433,1233.5400204658508,10791.704994680817,10822.687489054388,3.50347900390625,impala_cnn-s176/checkpoints/connect4cnn/trial/0000000001024000.bin
impala_cnn,176,20176,2048000,0.236258,-0.478303,1037,270496,191.05644536018372,1233.9772249470116,0.9160824170103297,10787.88143806433,1233.5400204658508,10791.704994680817,10822.687489054388,3.50347900390625,impala_cnn-s176/checkpoints/connect4cnn/trial/0000000002048000.bin
impala_cnn,176,20176,3072000,0.590909,0.234043,1034,270496,286.19326853752136,1233.9772249470116,0.9163480999995954,10787.88143806433,1233.5400204658508,10791.704994680817,10822.687489054388,3.50347900390625,impala_cnn-s176/checkpoints/connect4cnn/trial/0000000003072000.bin
impala_cnn,176,20176,4096000,0.95566,0.911321,1060,270496,380.81006240844727,1233.9772249470116,0.9664926489931531,10787.88143806433,1233.5400204658508,10791.704994680817,10822.687489054388,3.50347900390625,impala_cnn-s176/checkpoints/connect4cnn/trial/0000000004096000.bin
impala_cnn,176,20176,5120000,0.975993,0.951985,1083,270496,475.4229009151459,1233.9772249470116,0.9161209170124494,10787.88143806433,1233.5400204658508,10791.704994680817,10822.687489054388,3.50347900390625,impala_cnn-s176/checkpoints/connect4cnn/trial/0000000005120000.bin
impala_cnn,176,20176,6144000,0.979779,0.959559,1088,270496,570.1877241134644,1233.9772249470116,0.9167639149818569,10787.88143806433,1233.5400204658508,10791.704994680817,10822.687489054388,3.50347900390625,impala_cnn-s176/checkpoints/connect4cnn/trial/0000000006144000.bin
impala_cnn,176,20176,7168000,0.989031,0.978062,1094,270496,665.2805526256561,1233.9772249470116,0.9160687840194441,10787.88143806433,1233.5400204658508,10791.704994680817,10822.687489054388,3.50347900390625,impala_cnn-s176/checkpoints/connect4cnn/trial/0000000007168000.bin
impala_cnn,176,20176,8192000,0.993642,0.987284,1101,270496,759.9453752040863,1233.9772249470116,0.9161123009980656,10787.88143806433,1233.5400204658508,10791.704994680817,10822.687489054388,3.50347900390625,impala_cnn-s176/checkpoints/connect4cnn/trial/0000000008192000.bin
impala_cnn,176,20176,9216000,0.991781,0.983562,1095,270496,854.6261982917786,1233.9772249470116,0.9664076010230929,10787.88143806433,1233.5400204658508,10791.704994680817,10822.687489054388,3.50347900390625,impala_cnn-s176/checkpoints/connect4cnn/trial/0000000009216000.bin
impala_cnn,176,20176,10240000,0.990917,0.981835,1101,270496,949.4630239009857,1233.9772249470116,0.9661874320008792,10787.88143806433,1233.5400204658508,10791.704994680817,10822.687489054388,3.50347900390625,impala_cnn-s176/checkpoints/connect4cnn/trial/0000000010240000.bin
impala_cnn,176,20176,11264000,0.993648,0.987296,1102,270496,1044.463851928711,1233.9772249470116,0.916342498967424,10787.88143806433,1233.5400204658508,10791.704994680817,10822.687489054388,3.50347900390625,impala_cnn-s176/checkpoints/connect4cnn/trial/0000000011264000.bin
impala_cnn,176,20176,12288000,0.990901,0.981802,1099,270496,1139.1246664524078,1233.9772249470116,0.9665935959783383,10787.88143806433,1233.5400204658508,10791.704994680817,10822.687489054388,3.50347900390625,impala_cnn-s176/checkpoints/connect4cnn/trial/0000000012288000.bin
impala_cnn,176,20176,13312000,0.991826,0.983651,1101,270496,1233.82949757576,1233.9772249470116,0.9187022059923038,10787.88143806433,1233.5400204658508,10791.704994680817,10822.687489054388,3.50347900390625,impala_cnn-s176/checkpoints/connect4cnn/trial/0000000013312000.bin
flex_small,176,20176,1024000,0.0,-0.957107,1189,109768,12.395989179611206,143.01665236899862,0.5151732319500297,93080.06990440233,142.6901352405548,93293.06456650213,95365.6465266728,1.41754150390625,flex_small-s176/checkpoints/connect4cnn/trial/0000000001024000.bin
flex_small,176,20176,2048000,0.000887,-0.951198,1127,109768,24.484098434448242,143.01665236899862,0.5156120370374992,93080.06990440233,142.6901352405548,93293.06456650213,95365.6465266728,1.41754150390625,flex_small-s176/checkpoints/connect4cnn/trial/0000000002048000.bin
flex_small,176,20176,3072000,0.019541,-0.918437,1177,109768,36.248199462890625,143.01665236899862,0.5157740719732828,93080.06990440233,142.6901352405548,93293.06456650213,95365.6465266728,1.41754150390625,flex_small-s176/checkpoints/connect4cnn/trial/0000000003072000.bin
flex_small,176,20176,4096000,0.286351,-0.390723,1121,109768,47.70429444313049,143.01665236899862,0.5154248580220155,93080.06990440233,142.6901352405548,93293.06456650213,95365.6465266728,1.41754150390625,flex_small-s176/checkpoints/connect4cnn/trial/0000000004096000.bin
flex_small,176,20176,5120000,0.588629,0.185619,1196,109768,58.75239300727844,143.01665236899862,0.5653212890028954,93080.06990440233,142.6901352405548,93293.06456650213,95365.6465266728,1.41754150390625,flex_small-s176/checkpoints/connect4cnn/trial/0000000005120000.bin
flex_small,176,20176,6144000,0.750871,0.501742,1148,109768,69.46448612213135,143.01665236899862,0.5654766440275125,93080.06990440233,142.6901352405548,93293.06456650213,95365.6465266728,1.41754150390625,flex_small-s176/checkpoints/connect4cnn/trial/0000000006144000.bin
flex_small,176,20176,7168000,0.857778,0.715556,1125,109768,80.12858200073242,143.01665236899862,0.5164140060078353,93080.06990440233,142.6901352405548,93293.06456650213,95365.6465266728,1.41754150390625,flex_small-s176/checkpoints/connect4cnn/trial/0000000007168000.bin
flex_small,176,20176,8192000,0.877939,0.755877,1106,109768,90.61667156219482,143.01665236899862,0.5651583289727569,93080.06990440233,142.6901352405548,93293.06456650213,95365.6465266728,1.41754150390625,flex_small-s176/checkpoints/connect4cnn/trial/0000000008192000.bin
flex_small,176,20176,9216000,0.891324,0.782648,1095,109768,101.02876305580139,143.01665236899862,0.5661986939958297,93080.06990440233,142.6901352405548,93293.06456650213,95365.6465266728,1.41754150390625,flex_small-s176/checkpoints/connect4cnn/trial/0000000009216000.bin
flex_small,176,20176,10240000,0.890991,0.781982,1110,109768,111.48485350608826,143.01665236899862,0.5667659479659051,93080.06990440233,142.6901352405548,93293.06456650213,95365.6465266728,1.41754150390625,flex_small-s176/checkpoints/connect4cnn/trial/0000000010240000.bin
flex_small,176,20176,11264000,0.890764,0.781528,1126,109768,121.94894433021545,143.01665236899862,0.5656778250122443,93080.06990440233,142.6901352405548,93293.06456650213,95365.6465266728,1.41754150390625,flex_small-s176/checkpoints/connect4cnn/trial/0000000011264000.bin
flex_small,176,20176,12288000,0.89194,0.78388,1129,109768,132.43303084373474,143.01665236899862,0.5660854339948855,93080.06990440233,142.6901352405548,93293.06456650213,95365.6465266728,1.41754150390625,flex_small-s176/checkpoints/connect4cnn/trial/0000000012288000.bin
flex_small,176,20176,13312000,0.89254,0.78508,1126,109768,142.92112064361572,143.01665236899862,0.5158385810209438,93080.06990440233,142.6901352405548,93293.06456650213,95365.6465266728,1.41754150390625,flex_small-s176/checkpoints/connect4cnn/trial/0000000013312000.bin
impoola_cnn,176,20176,1024000,0.000846,-0.961083,1182,151712,95.50140881538391,1230.6212378719938,0.7662150340038352,10817.30071798475,1230.1826956272125,10821.156928412844,10828.030811171488,3.49566650390625,impoola_cnn-s176/checkpoints/connect4cnn/trial/0000000001024000.bin
impoola_cnn,176,20176,2048000,0.230487,-0.539027,1089,151712,190.59822964668274,1230.6212378719938,0.9159390430431813,10817.30071798475,1230.1826956272125,10821.156928412844,10828.030811171488,3.49566650390625,impoola_cnn-s176/checkpoints/connect4cnn/trial/0000000002048000.bin
impoola_cnn,176,20176,3072000,0.704753,0.409506,1094,151712,285.5270481109619,1230.6212378719938,0.8661178019829094,10817.30071798475,1230.1826956272125,10821.156928412844,10828.030811171488,3.49566650390625,impoola_cnn-s176/checkpoints/connect4cnn/trial/0000000003072000.bin
impoola_cnn,176,20176,4096000,0.712418,0.424837,1071,151712,380.21187806129456,1230.6212378719938,0.8660369300050661,10817.30071798475,1230.1826956272125,10821.156928412844,10828.030811171488,3.49566650390625,impoola_cnn-s176/checkpoints/connect4cnn/trial/0000000004096000.bin
impoola_cnn,176,20176,5120000,0.754452,0.508903,1067,151712,474.5967016220093,1230.6212378719938,0.8658246109844185,10817.30071798475,1230.1826956272125,10821.156928412844,10828.030811171488,3.49566650390625,impoola_cnn-s176/checkpoints/connect4cnn/trial/0000000005120000.bin
impoola_cnn,176,20176,6144000,0.736337,0.472675,1043,151712,569.0015194416046,1230.6212378719938,0.8660485500004143,10817.30071798475,1230.1826956272125,10821.156928412844,10828.030811171488,3.49566650390625,impoola_cnn-s176/checkpoints/connect4cnn/trial/0000000006144000.bin
impoola_cnn,176,20176,7168000,0.765896,0.531792,1038,151712,663.818338394165,1230.6212378719938,0.8660175179829821,10817.30071798475,1230.1826956272125,10821.156928412844,10828.030811171488,3.49566650390625,impoola_cnn-s176/checkpoints/connect4cnn/trial/0000000007168000.bin
impoola_cnn,176,20176,8192000,0.758487,0.516974,1031,151712,758.287166595459,1230.6212378719938,0.8661479579750448,10817.30071798475,1230.1826956272125,10821.156928412844,10828.030811171488,3.49566650390625,impoola_cnn-s176/checkpoints/connect4cnn/trial/0000000008192000.bin
impoola_cnn,176,20176,9216000,0.775728,0.551456,1030,151712,852.5839853286743,1230.6212378719938,0.8660723940120079,10817.30071798475,1230.1826956272125,10821.156928412844,10828.030811171488,3.49566650390625,impoola_cnn-s176/checkpoints/connect4cnn/trial/0000000009216000.bin
impoola_cnn,176,20176,10240000,0.769531,0.539062,1024,151712,946.9128041267395,1230.6212378719938,0.866034734994173,10817.30071798475,1230.1826956272125,10821.156928412844,10828.030811171488,3.49566650390625,impoola_cnn-s176/checkpoints/connect4cnn/trial/0000000010240000.bin
impoola_cnn,176,20176,11264000,0.764133,0.528265,1026,151712,1041.7536053657532,1230.6212378719938,0.8659599220263772,10817.30071798475,1230.1826956272125,10821.156928412844,10828.030811171488,3.49566650390625,impoola_cnn-s176/checkpoints/connect4cnn/trial/0000000011264000.bin
impoola_cnn,176,20176,12288000,0.769874,0.539749,1195,151712,1136.1783978939056,1230.6212378719938,0.915985504980199,10817.30071798475,1230.1826956272125,10821.156928412844,10828.030811171488,3.49566650390625,impoola_cnn-s176/checkpoints/connect4cnn/trial/0000000012288000.bin
impoola_cnn,176,20176,13312000,0.775391,0.550781,1024,151712,1230.4872016906738,1230.6212378719938,0.865771807031706,10817.30071798475,1230.1826956272125,10821.156928412844,10828.030811171488,3.49566650390625,impoola_cnn-s176/checkpoints/connect4cnn/trial/0000000013312000.bin
flex_quality,176,20176,1024000,0.0,-0.955665,1218,160736,12.387853384017944,144.56935173098464,0.5155648909858428,92080.37416375108,144.19149494171143,92321.67268521142,95936.62665340236,1.43121337890625,flex_quality-s176/checkpoints/connect4cnn/trial/0000000001024000.bin
flex_quality,176,20176,2048000,0.000905,-0.967421,1105,160736,24.335949659347534,144.56935173098464,0.5151165360002778,92080.37416375108,144.19149494171143,92321.67268521142,95936.62665340236,1.43121337890625,flex_quality-s176/checkpoints/connect4cnn/trial/0000000002048000.bin
flex_quality,176,20176,3072000,0.032929,-0.889081,1154,160736,36.10006046295166,144.56935173098464,0.5154180249664932,92080.37416375108,144.19149494171143,92321.67268521142,95936.62665340236,1.43121337890625,flex_quality-s176/checkpoints/connect4cnn/trial/0000000003072000.bin
flex_quality,176,20176,4096000,0.183918,-0.585971,1169,160736,47.62416386604309,144.56935173098464,0.5153800010448322,92080.37416375108,144.19149494171143,92321.67268521142,95936.62665340236,1.43121337890625,flex_quality-s176/checkpoints/connect4cnn/trial/0000000004096000.bin
flex_quality,176,20176,5120000,0.399625,-0.180113,1066,160736,58.88825559616089,144.56935173098464,0.5153314489871264,92080.37416375108,144.19149494171143,92321.67268521142,95936.62665340236,1.43121337890625,flex_quality-s176/checkpoints/connect4cnn/trial/0000000005120000.bin
flex_quality,176,20176,6144000,0.609146,0.221743,1159,160736,69.82034659385681,144.56935173098464,0.5654637080151588,92080.37416375108,144.19149494171143,92321.67268521142,95936.62665340236,1.43121337890625,flex_quality-s176/checkpoints/connect4cnn/trial/0000000006144000.bin
flex_quality,176,20176,7168000,0.69338,0.38676,1148,160736,80.54043960571289,144.56935173098464,0.5674456279957667,92080.37416375108,144.19149494171143,92321.67268521142,95936.62665340236,1.43121337890625,flex_quality-s176/checkpoints/connect4cnn/trial/0000000007168000.bin
flex_quality,176,20176,8192000,0.752484,0.504968,1107,160736,91.1765296459198,144.56935173098464,0.5653087120153941,92080.37416375108,144.19149494171143,92321.67268521142,95936.62665340236,1.43121337890625,flex_quality-s176/checkpoints/connect4cnn/trial/0000000008192000.bin
flex_quality,176,20176,9216000,0.810036,0.620072,1116,160736,101.80862784385681,144.56935173098464,0.5660128220333718,92080.37416375108,144.19149494171143,92321.67268521142,95936.62665340236,1.43121337890625,flex_quality-s176/checkpoints/connect4cnn/trial/0000000009216000.bin
flex_quality,176,20176,10240000,0.841071,0.682143,1120,160736,112.4407114982605,144.56935173098464,0.5160752990050241,92080.37416375108,144.19149494171143,92321.67268521142,95936.62665340236,1.43121337890625,flex_quality-s176/checkpoints/connect4cnn/trial/0000000010240000.bin
flex_quality,176,20176,11264000,0.864121,0.728242,1126,160736,123.10480380058289,144.56935173098464,0.5152178459684364,92080.37416375108,144.19149494171143,92321.67268521142,95936.62665340236,1.43121337890625,flex_quality-s176/checkpoints/connect4cnn/trial/0000000011264000.bin
flex_quality,176,20176,12288000,0.875766,0.751531,1143,160736,133.76889157295227,144.56935173098464,0.5653265920118429,92080.37416375108,144.19149494171143,92321.67268521142,95936.62665340236,1.43121337890625,flex_quality-s176/checkpoints/connect4cnn/trial/0000000012288000.bin
flex_quality,176,20176,13312000,0.875766,0.751531,1143,160736,144.42497038841248,144.56935173098464,0.5662975290324539,92080.37416375108,144.19149494171143,92321.67268521142,95936.62665340236,1.43121337890625,flex_quality-s176/checkpoints/connect4cnn/trial/0000000013312000.bin
nature_cnn,176,20176,1024000,0.0,-0.954319,1204,138528,12.934911251068115,158.05124808102846,0.5152194250258617,84225.84548763139,157.71287417411804,84406.55253865513,86887.28780047907,1.55230712890625,nature_cnn-s176/checkpoints/connect4cnn/trial/0000000001024000.bin
nature_cnn,176,20176,2048000,0.0,-0.957635,1133,138528,25.467029094696045,158.05124808102846,0.5154491599532776,84225.84548763139,157.71287417411804,84406.55253865513,86887.28780047907,1.55230712890625,nature_cnn-s176/checkpoints/connect4cnn/trial/0000000002048000.bin
nature_cnn,176,20176,3072000,0.078139,-0.812116,1139,138528,37.97512459754944,158.05124808102846,0.5164056880166754,84225.84548763139,157.71287417411804,84406.55253865513,86887.28780047907,1.55230712890625,nature_cnn-s176/checkpoints/connect4cnn/trial/0000000003072000.bin
nature_cnn,176,20176,4096000,0.185257,-0.591659,1031,138528,50.38323378562927,158.05124808102846,0.51517542504007,84225.84548763139,157.71287417411804,84406.55253865513,86887.28780047907,1.55230712890625,nature_cnn-s176/checkpoints/connect4cnn/trial/0000000004096000.bin
nature_cnn,176,20176,5120000,0.342523,-0.27736,1197,138528,62.70732641220093,158.05124808102846,0.5659936440060847,84225.84548763139,157.71287417411804,84406.55253865513,86887.28780047907,1.55230712890625,nature_cnn-s176/checkpoints/connect4cnn/trial/0000000005120000.bin
nature_cnn,176,20176,6144000,0.473455,-0.02785,1149,138528,74.93943095207214,158.05124808102846,0.5158990009804256,84225.84548763139,157.71287417411804,84406.55253865513,86887.28780047907,1.55230712890625,nature_cnn-s176/checkpoints/connect4cnn/trial/0000000006144000.bin
nature_cnn,176,20176,7168000,0.583486,0.177982,1090,138528,87.04354095458984,158.05124808102846,0.515570850984659,84225.84548763139,157.71287417411804,84406.55253865513,86887.28780047907,1.55230712890625,nature_cnn-s176/checkpoints/connect4cnn/trial/0000000007168000.bin
nature_cnn,176,20176,8192000,0.667917,0.340525,1066,138528,98.97564005851746,158.05124808102846,0.5152144000167027,84225.84548763139,157.71287417411804,84406.55253865513,86887.28780047907,1.55230712890625,nature_cnn-s176/checkpoints/connect4cnn/trial/0000000008192000.bin
nature_cnn,176,20176,9216000,0.69341,0.38873,1047,138528,110.8517439365387,158.05124808102846,0.5150586770032533,84225.84548763139,157.71287417411804,84406.55253865513,86887.28780047907,1.55230712890625,nature_cnn-s176/checkpoints/connect4cnn/trial/0000000009216000.bin
nature_cnn,176,20176,10240000,0.701336,0.402672,1048,138528,122.61584687232971,158.05124808102846,0.515592357958667,84225.84548763139,157.71287417411804,84406.55253865513,86887.28780047907,1.55230712890625,nature_cnn-s176/checkpoints/connect4cnn/trial/0000000010240000.bin
nature_cnn,176,20176,11264000,0.694867,0.389734,1052,138528,134.4039454460144,158.05124808102846,0.5655297150369734,84225.84548763139,157.71287417411804,84406.55253865513,86887.28780047907,1.55230712890625,nature_cnn-s176/checkpoints/connect4cnn/trial/0000000011264000.bin
nature_cnn,176,20176,12288000,0.694365,0.38873,1047,138528,146.20004868507385,158.05124808102846,0.5158594899694435,84225.84548763139,157.71287417411804,84406.55253865513,86887.28780047907,1.55230712890625,nature_cnn-s176/checkpoints/connect4cnn/trial/0000000012288000.bin
nature_cnn,176,20176,13312000,0.698095,0.39619,1050,138528,157.95614576339722,158.05124808102846,0.565307492041029,84225.84548763139,157.71287417411804,84406.55253865513,86887.28780047907,1.55230712890625,nature_cnn-s176/checkpoints/connect4cnn/trial/0000000013312000.bin
flex_fast,176,20176,1024000,0.000826,-0.947151,1211,261856,12.414648056030273,146.33397345402045,0.5175800590077415,90969.98930451895,145.97013306617737,91196.73812974356,94299.80862152719,1.45855712890625,flex_fast-s176/checkpoints/connect4cnn/trial/0000000001024000.bin
flex_fast,176,20176,2048000,0.001797,-0.949686,1113,261856,24.474752187728882,146.33397345402045,0.5154441040358506,90969.98930451895,145.97013306617737,91196.73812974356,94299.80862152719,1.45855712890625,flex_fast-s176/checkpoints/connect4cnn/trial/0000000002048000.bin
flex_fast,176,20176,3072000,0.049223,-0.84715,1158,261856,36.28285527229309,146.33397345402045,0.5661770679871552,90969.98930451895,145.97013306617737,91196.73812974356,94299.80862152719,1.45855712890625,flex_fast-s176/checkpoints/connect4cnn/trial/0000000003072000.bin
flex_fast,176,20176,4096000,0.259984,-0.434393,1227,261856,47.81495714187622,146.33397345402045,0.5157336170086637,90969.98930451895,145.97013306617737,91196.73812974356,94299.80862152719,1.45855712890625,flex_fast-s176/checkpoints/connect4cnn/trial/0000000004096000.bin
flex_fast,176,20176,5120000,0.545538,0.101196,1087,261856,59.0190544128418,146.33397345402045,0.5653636380448006,90969.98930451895,145.97013306617737,91196.73812974356,94299.80862152719,1.45855712890625,flex_fast-s176/checkpoints/connect4cnn/trial/0000000005120000.bin
flex_fast,176,20176,6144000,0.687199,0.375361,1039,261856,69.8951416015625,146.33397345402045,0.5163018860039301,90969.98930451895,145.97013306617737,91196.73812974356,94299.80862152719,1.45855712890625,flex_fast-s176/checkpoints/connect4cnn/trial/0000000006144000.bin
flex_fast,176,20176,7168000,0.716461,0.432921,1051,261856,80.76323223114014,146.33397345402045,0.5152201860328205,90969.98930451895,145.97013306617737,91196.73812974356,94299.80862152719,1.45855712890625,flex_fast-s176/checkpoints/connect4cnn/trial/0000000007168000.bin
flex_fast,176,20176,8192000,0.736892,0.473785,1049,261856,91.70332407951355,146.33397345402045,0.515045011008624,90969.98930451895,145.97013306617737,91196.73812974356,94299.80862152719,1.45855712890625,flex_fast-s176/checkpoints/connect4cnn/trial/0000000008192000.bin
flex_fast,176,20176,9216000,0.74218,0.48436,1055,261856,102.65941882133484,146.33397345402045,0.5653893550042994,90969.98930451895,145.97013306617737,91196.73812974356,94299.80862152719,1.45855712890625,flex_fast-s176/checkpoints/connect4cnn/trial/0000000009216000.bin
flex_fast,176,20176,10240000,0.744782,0.489564,1054,261856,113.52751445770264,146.33397345402045,0.5666685560136102,90969.98930451895,145.97013306617737,91196.73812974356,94299.80862152719,1.45855712890625,flex_fast-s176/checkpoints/connect4cnn/trial/0000000010240000.bin
flex_fast,176,20176,11264000,0.75,0.5,1052,261856,124.40361022949219,146.33397345402045,0.5660763559862971,90969.98930451895,145.97013306617737,91196.73812974356,94299.80862152719,1.45855712890625,flex_fast-s176/checkpoints/connect4cnn/trial/0000000011264000.bin
flex_fast,176,20176,12288000,0.744762,0.489524,1050,261856,135.2996973991394,146.33397345402045,0.5660348539822735,90969.98930451895,145.97013306617737,91196.73812974356,94299.80862152719,1.45855712890625,flex_fast-s176/checkpoints/connect4cnn/trial/0000000012288000.bin
flex_fast,176,20176,13312000,0.745714,0.491429,1050,261856,146.21179032325745,146.33397345402045,0.5657029660069384,90969.98930451895,145.97013306617737,91196.73812974356,94299.80862152719,1.45855712890625,flex_fast-s176/checkpoints/connect4cnn/trial/0000000013312000.bin
flex_small,177,20177,1024000,0.0,-0.949711,1213,109768,12.393563270568848,141.76127432304202,0.515221540001221,93904.34773931949,141.4511194229126,94110.24850358088,98693.59597770883,1.41754150390625,flex_small-s177/checkpoints/connect4cnn/trial/0000000001024000.bin
flex_small,177,20177,2048000,0.000887,-0.950311,1127,109768,24.37365436553955,141.76127432304202,0.516084739996586,93904.34773931949,141.4511194229126,94110.24850358088,98693.59597770883,1.41754150390625,flex_small-s177/checkpoints/connect4cnn/trial/0000000002048000.bin
flex_small,177,20177,3072000,0.042266,-0.868705,1112,109768,36.04977035522461,141.76127432304202,0.5168468529591337,93904.34773931949,141.4511194229126,94110.24850358088,98693.59597770883,1.41754150390625,flex_small-s177/checkpoints/connect4cnn/trial/0000000003072000.bin
flex_small,177,20177,4096000,0.144424,-0.662706,1094,109768,47.35387349128723,141.76127432304202,0.5153053670073859,93904.34773931949,141.4511194229126,94110.24850358088,98693.59597770883,1.41754150390625,flex_small-s177/checkpoints/connect4cnn/trial/0000000004096000.bin
flex_small,177,20177,5120000,0.36241,-0.258094,1112,109768,58.24196171760559,141.76127432304202,0.5653727329918183,93904.34773931949,141.4511194229126,94110.24850358088,98693.59597770883,1.41754150390625,flex_small-s177/checkpoints/connect4cnn/trial/0000000005120000.bin
flex_small,177,20177,6144000,0.466915,-0.063374,1073,109768,68.74205231666565,141.76127432304202,0.5663022770313546,93904.34773931949,141.4511194229126,94110.24850358088,98693.59597770883,1.41754150390625,flex_small-s177/checkpoints/connect4cnn/trial/0000000006144000.bin
flex_small,177,20177,7168000,0.497164,-0.005671,1058,109768,79.19013905525208,141.76127432304202,0.566342526988592,93904.34773931949,141.4511194229126,94110.24850358088,98693.59597770883,1.41754150390625,flex_small-s177/checkpoints/connect4cnn/trial/0000000007168000.bin
flex_small,177,20177,8192000,0.517824,0.035647,1066,109768,89.59422159194946,141.76127432304202,0.5665113169816323,93904.34773931949,141.4511194229126,94110.24850358088,98693.59597770883,1.41754150390625,flex_small-s177/checkpoints/connect4cnn/trial/0000000008192000.bin
flex_small,177,20177,9216000,0.550752,0.101504,1064,109768,99.994313955307,141.76127432304202,0.565402110980358,93904.34773931949,141.4511194229126,94110.24850358088,98693.59597770883,1.41754150390625,flex_small-s177/checkpoints/connect4cnn/trial/0000000009216000.bin
flex_small,177,20177,10240000,0.567517,0.135033,1059,109768,110.40240406990051,141.76127432304202,0.5160299870185554,93904.34773931949,141.4511194229126,94110.24850358088,98693.59597770883,1.41754150390625,flex_small-s177/checkpoints/connect4cnn/trial/0000000010240000.bin
flex_small,177,20177,11264000,0.581527,0.163054,1061,109768,120.82249426841736,141.76127432304202,0.5656396609847434,93904.34773931949,141.4511194229126,94110.24850358088,98693.59597770883,1.41754150390625,flex_small-s177/checkpoints/connect4cnn/trial/0000000011264000.bin
flex_small,177,20177,12288000,0.587571,0.175141,1062,109768,131.2465808391571,141.76127432304202,0.517166344972793,93904.34773931949,141.4511194229126,94110.24850358088,98693.59597770883,1.41754150390625,flex_small-s177/checkpoints/connect4cnn/trial/0000000012288000.bin
flex_small,177,20177,13312000,0.584514,0.169027,1059,109768,141.690669298172,141.76127432304202,0.5654944049892947,93904.34773931949,141.4511194229126,94110.24850358088,98693.59597770883,1.41754150390625,flex_small-s177/checkpoints/connect4cnn/trial/0000000013312000.bin
impoola_cnn,177,20177,1024000,0.0,-0.963201,1087,151712,95.37197422981262,1228.198373591993,0.7657289940398186,10838.639983757414,1227.778602361679,10842.345659383425,10849.324501682984,3.49566650390625,impoola_cnn-s177/checkpoints/connect4cnn/trial/0000000001024000.bin
impoola_cnn,177,20177,2048000,0.562558,0.125116,1079,151712,190.07278299331665,1228.198373591993,0.8663573199883103,10838.639983757414,1227.778602361679,10842.345659383425,10849.324501682984,3.49566650390625,impoola_cnn-s177/checkpoints/connect4cnn/trial/0000000002048000.bin
impoola_cnn,177,20177,3072000,0.719733,0.439466,1049,151712,284.70558404922485,1228.198373591993,0.8664497769786976,10838.639983757414,1227.778602361679,10842.345659383425,10849.324501682984,3.49566650390625,impoola_cnn-s177/checkpoints/connect4cnn/trial/0000000003072000.bin
impoola_cnn,177,20177,4096000,0.748312,0.496625,1037,151712,379.0463857650757,1228.198373591993,0.8666451830067672,10838.639983757414,1227.778602361679,10842.345659383425,10849.324501682984,3.49566650390625,impoola_cnn-s177/checkpoints/connect4cnn/trial/0000000004096000.bin
impoola_cnn,177,20177,5120000,0.742439,0.484878,1025,151712,473.379186630249,1228.198373591993,0.8661588950199075,10838.639983757414,1227.778602361679,10842.345659383425,10849.324501682984,3.49566650390625,impoola_cnn-s177/checkpoints/connect4cnn/trial/0000000005120000.bin
impoola_cnn,177,20177,6144000,0.738035,0.476071,1191,151712,567.9039967060089,1228.198373591993,0.916309829975944,10838.639983757414,1227.778602361679,10842.345659383425,10849.324501682984,3.49566650390625,impoola_cnn-s177/checkpoints/connect4cnn/trial/0000000006144000.bin
impoola_cnn,177,20177,7168000,0.747466,0.494932,1184,151712,662.2567822933197,1228.198373591993,0.9161516709718853,10838.639983757414,1227.778602361679,10842.345659383425,10849.324501682984,3.49566650390625,impoola_cnn-s177/checkpoints/connect4cnn/trial/0000000007168000.bin
impoola_cnn,177,20177,8192000,0.758913,0.517827,1178,151712,756.4775876998901,1228.198373591993,0.9162465549889021,10838.639983757414,1227.778602361679,10842.345659383425,10849.324501682984,3.49566650390625,impoola_cnn-s177/checkpoints/connect4cnn/trial/0000000008192000.bin
impoola_cnn,177,20177,9216000,0.758532,0.517065,1172,151712,850.7903897762299,1228.198373591993,0.9161171020241454,10838.639983757414,1227.778602361679,10842.345659383425,10849.324501682984,3.49566650390625,impoola_cnn-s177/checkpoints/connect4cnn/trial/0000000009216000.bin
impoola_cnn,177,20177,10240000,0.755745,0.511489,1175,151712,945.3071932792664,1228.198373591993,0.9164553589653224,10838.639983757414,1227.778602361679,10842.345659383425,10849.324501682984,3.49566650390625,impoola_cnn-s177/checkpoints/connect4cnn/trial/0000000010240000.bin
impoola_cnn,177,20177,11264000,0.75491,0.509821,1171,151712,1039.6119847297668,1228.198373591993,0.9663542080088519,10838.639983757414,1227.778602361679,10842.345659383425,10849.324501682984,3.49566650390625,impoola_cnn-s177/checkpoints/connect4cnn/trial/0000000011264000.bin
impoola_cnn,177,20177,12288000,0.759212,0.518423,1167,151712,1133.7933583259583,1228.198373591993,0.9665301669738255,10838.639983757414,1227.778602361679,10842.345659383425,10849.324501682984,3.49566650390625,impoola_cnn-s177/checkpoints/connect4cnn/trial/0000000012288000.bin
impoola_cnn,177,20177,13312000,0.755575,0.511149,1166,151712,1228.0655658245087,1228.198373591993,0.9665400140220299,10838.639983757414,1227.778602361679,10842.345659383425,10849.324501682984,3.49566650390625,impoola_cnn-s177/checkpoints/connect4cnn/trial/0000000013312000.bin
flex_quality,177,20177,1024000,0.000839,-0.956376,1192,160736,12.307461261749268,146.16824695299147,0.5151006489759311,91073.13166505455,145.8194878101349,91290.9529440466,92496.17297669812,1.43121337890625,flex_quality-s177/checkpoints/connect4cnn/trial/0000000001024000.bin
flex_quality,177,20177,2048000,0.000896,-0.955197,1116,160736,24.267554998397827,146.16824695299147,0.5153967369697057,91073.13166505455,145.8194878101349,91290.9529440466,92496.17297669812,1.43121337890625,flex_quality-s177/checkpoints/connect4cnn/trial/0000000002048000.bin
flex_quality,177,20177,3072000,0.081967,-0.801457,1098,160736,35.94765663146973,146.16824695299147,0.5159230810240842,91073.13166505455,145.8194878101349,91290.9529440466,92496.17297669812,1.43121337890625,flex_quality-s177/checkpoints/connect4cnn/trial/0000000003072000.bin
flex_quality,177,20177,4096000,0.252922,-0.464107,1198,160736,47.39175295829773,146.16824695299147,0.5150768589810468,91073.13166505455,145.8194878101349,91290.9529440466,92496.17297669812,1.43121337890625,flex_quality-s177/checkpoints/connect4cnn/trial/0000000004096000.bin
flex_quality,177,20177,5120000,0.468806,-0.054367,1122,160736,58.63585686683655,146.16824695299147,0.514998025028035,91073.13166505455,145.8194878101349,91290.9529440466,92496.17297669812,1.43121337890625,flex_quality-s177/checkpoints/connect4cnn/trial/0000000005120000.bin
flex_quality,177,20177,6144000,0.666667,0.334254,1086,160736,69.56393957138062,146.16824695299147,0.5152499940013513,91073.13166505455,145.8194878101349,91290.9529440466,92496.17297669812,1.43121337890625,flex_quality-s177/checkpoints/connect4cnn/trial/0000000006144000.bin
flex_quality,177,20177,7168000,0.720508,0.441016,1102,160736,80.48002600669861,146.16824695299147,0.5152253219857812,91073.13166505455,145.8194878101349,91290.9529440466,92496.17297669812,1.43121337890625,flex_quality-s177/checkpoints/connect4cnn/trial/0000000007168000.bin
flex_quality,177,20177,8192000,0.727602,0.455204,1105,160736,91.42813658714294,146.16824695299147,0.5150731640169397,91073.13166505455,145.8194878101349,91290.9529440466,92496.17297669812,1.43121337890625,flex_quality-s177/checkpoints/connect4cnn/trial/0000000008192000.bin
flex_quality,177,20177,9216000,0.705775,0.411549,1091,160736,102.40022563934326,146.16824695299147,0.5152438060031272,91073.13166505455,145.8194878101349,91290.9529440466,92496.17297669812,1.43121337890625,flex_quality-s177/checkpoints/connect4cnn/trial/0000000009216000.bin
flex_quality,177,20177,10240000,0.708676,0.417352,1095,160736,113.3643045425415,146.16824695299147,0.5151276050019078,91073.13166505455,145.8194878101349,91290.9529440466,92496.17297669812,1.43121337890625,flex_quality-s177/checkpoints/connect4cnn/trial/0000000010240000.bin
flex_quality,177,20177,11264000,0.706691,0.413382,1091,160736,124.28040480613708,146.16824695299147,0.5151312570087612,91073.13166505455,145.8194878101349,91290.9529440466,92496.17297669812,1.43121337890625,flex_quality-s177/checkpoints/connect4cnn/trial/0000000011264000.bin
flex_quality,177,20177,12288000,0.709058,0.418115,1093,160736,135.18050026893616,146.16824695299147,0.515443075040821,91073.13166505455,145.8194878101349,91290.9529440466,92496.17297669812,1.43121337890625,flex_quality-s177/checkpoints/connect4cnn/trial/0000000012288000.bin
flex_quality,177,20177,13312000,0.709058,0.418115,1093,160736,146.0645890235901,146.16824695299147,0.5654482819954865,91073.13166505455,145.8194878101349,91290.9529440466,92496.17297669812,1.43121337890625,flex_quality-s177/checkpoints/connect4cnn/trial/0000000013312000.bin
nature_cnn,177,20177,1024000,0.0,-0.960918,1177,138528,12.844529390335083,159.05554275697796,0.5151554939802736,83694.03397868061,158.69330191612244,83885.07794132405,84296.15350344099,1.55230712890625,nature_cnn-s177/checkpoints/connect4cnn/trial/0000000001024000.bin
nature_cnn,177,20177,2048000,0.003481,-0.955614,1149,138528,25.33664894104004,159.05554275697796,0.5162814580253325,83694.03397868061,158.69330191612244,83885.07794132405,84296.15350344099,1.55230712890625,nature_cnn-s177/checkpoints/connect4cnn/trial/0000000002048000.bin
nature_cnn,177,20177,3072000,0.034512,-0.886364,1188,138528,37.80074119567871,159.05554275697796,0.515434687025845,83694.03397868061,158.69330191612244,83885.07794132405,84296.15350344099,1.55230712890625,nature_cnn-s177/checkpoints/connect4cnn/trial/0000000003072000.bin
nature_cnn,177,20177,4096000,0.300412,-0.362963,1215,138528,50.25685787200928,159.05554275697796,0.5151133550098166,83694.03397868061,158.69330191612244,83885.07794132405,84296.15350344099,1.55230712890625,nature_cnn-s177/checkpoints/connect4cnn/trial/0000000004096000.bin
nature_cnn,177,20177,5120000,0.433245,-0.091954,1131,138528,62.56495952606201,159.05554275697796,0.5150867340271361,83694.03397868061,158.69330191612244,83885.07794132405,84296.15350344099,1.55230712890625,nature_cnn-s177/checkpoints/connect4cnn/trial/0000000005120000.bin
nature_cnn,177,20177,6144000,0.55505,0.133758,1099,138528,74.76506757736206,159.05554275697796,0.5652577299624681,83694.03397868061,158.69330191612244,83885.07794132405,84296.15350344099,1.55230712890625,nature_cnn-s177/checkpoints/connect4cnn/trial/0000000006144000.bin
nature_cnn,177,20177,7168000,0.638258,0.30303,1056,138528,86.94916152954102,159.05554275697796,0.5159919129800983,83694.03397868061,158.69330191612244,83885.07794132405,84296.15350344099,1.55230712890625,nature_cnn-s177/checkpoints/connect4cnn/trial/0000000007168000.bin
nature_cnn,177,20177,8192000,0.669574,0.36531,1032,138528,99.04127025604248,159.05554275697796,0.5151106559787877,83694.03397868061,158.69330191612244,83885.07794132405,84296.15350344099,1.55230712890625,nature_cnn-s177/checkpoints/connect4cnn/trial/0000000008192000.bin
nature_cnn,177,20177,9216000,0.70078,0.416179,1026,138528,111.10537028312683,159.05554275697796,0.5659023029729724,83694.03397868061,158.69330191612244,83885.07794132405,84296.15350344099,1.55230712890625,nature_cnn-s177/checkpoints/connect4cnn/trial/0000000009216000.bin
nature_cnn,177,20177,10240000,0.739389,0.496604,1178,138528,123.10947251319885,159.05554275697796,0.5665717929950915,83694.03397868061,158.69330191612244,83885.07794132405,84296.15350344099,1.55230712890625,nature_cnn-s177/checkpoints/connect4cnn/trial/0000000010240000.bin
nature_cnn,177,20177,11264000,0.751938,0.516796,1161,138528,135.06958103179932,159.05554275697796,0.5656098800245672,83694.03397868061,158.69330191612244,83885.07794132405,84296.15350344099,1.55230712890625,nature_cnn-s177/checkpoints/connect4cnn/trial/0000000011264000.bin
nature_cnn,177,20177,12288000,0.759067,0.529361,1158,138528,146.9896821975708,159.05554275697796,0.5654357030289248,83694.03397868061,158.69330191612244,83885.07794132405,84296.15350344099,1.55230712890625,nature_cnn-s177/checkpoints/connect4cnn/trial/0000000012288000.bin
nature_cnn,177,20177,13312000,0.75431,0.521552,1160,138528,158.94577550888062,159.05554275697796,0.5659508119570091,83694.03397868061,158.69330191612244,83885.07794132405,84296.15350344099,1.55230712890625,nature_cnn-s177/checkpoints/connect4cnn/trial/0000000013312000.bin
flex_fast,177,20177,1024000,0.0,-0.964225,1174,261856,12.46496057510376,147.12291403400013,0.5151380079914816,90482.16647560145,146.7997851371765,90681.33163519723,94825.9625875873,1.45855712890625,flex_fast-s177/checkpoints/connect4cnn/trial/0000000001024000.bin
flex_fast,177,20177,2048000,0.002747,-0.942308,1092,261856,24.529081106185913,147.12291403400013,0.5159682710072957,90482.16647560145,146.7997851371765,90681.33163519723,94825.9625875873,1.45855712890625,flex_fast-s177/checkpoints/connect4cnn/trial/0000000002048000.bin
flex_fast,177,20177,3072000,0.0519,-0.850788,1079,261856,36.33717131614685,147.12291403400013,0.516130622010678,90482.16647560145,146.7997851371765,90681.33163519723,94825.9625875873,1.45855712890625,flex_fast-s177/checkpoints/connect4cnn/trial/0000000003072000.bin
flex_fast,177,20177,4096000,0.186547,-0.588341,1115,261856,47.861265420913696,147.12291403400013,0.5153848509653471,90482.16647560145,146.7997851371765,90681.33163519723,94825.9625875873,1.45855712890625,flex_fast-s177/checkpoints/connect4cnn/trial/0000000004096000.bin
flex_fast,177,20177,5120000,0.467056,-0.046706,1199,261856,59.08137273788452,147.12291403400013,0.5655916350078769,90482.16647560145,146.7997851371765,90681.33163519723,94825.9625875873,1.45855712890625,flex_fast-s177/checkpoints/connect4cnn/trial/0000000005120000.bin
flex_fast,177,20177,6144000,0.678631,0.357262,1198,261856,70.10546922683716,147.12291403400013,0.5160108539857902,90482.16647560145,146.7997851371765,90681.33163519723,94825.9625875873,1.45855712890625,flex_fast-s177/checkpoints/connect4cnn/trial/0000000006144000.bin
flex_fast,177,20177,7168000,0.730118,0.460237,1182,261856,81.14956402778625,147.12291403400013,0.5652831639745273,90482.16647560145,146.7997851371765,90681.33163519723,94825.9625875873,1.45855712890625,flex_fast-s177/checkpoints/connect4cnn/trial/0000000007168000.bin
flex_fast,177,20177,8192000,0.760338,0.520675,1185,261856,92.12165474891663,147.12291403400013,0.5658730780123733,90482.16647560145,146.7997851371765,90681.33163519723,94825.9625875873,1.45855712890625,flex_fast-s177/checkpoints/connect4cnn/trial/0000000008192000.bin
flex_fast,177,20177,9216000,0.815281,0.630563,1191,261856,103.1337525844574,147.12291403400013,0.516461267019622,90482.16647560145,146.7997851371765,90681.33163519723,94825.9625875873,1.45855712890625,flex_fast-s177/checkpoints/connect4cnn/trial/0000000009216000.bin
flex_fast,177,20177,10240000,0.806723,0.613445,1190,261856,114.11784529685974,147.12291403400013,0.5653051219996996,90482.16647560145,146.7997851371765,90681.33163519723,94825.9625875873,1.45855712890625,flex_fast-s177/checkpoints/connect4cnn/trial/0000000010240000.bin
flex_fast,177,20177,11264000,0.803512,0.607023,1196,261856,125.09793782234192,147.12291403400013,0.5154060800559819,90482.16647560145,146.7997851371765,90681.33163519723,94825.9625875873,1.45855712890625,flex_fast-s177/checkpoints/connect4cnn/trial/0000000011264000.bin
flex_fast,177,20177,12288000,0.815372,0.630744,1197,261856,136.08603286743164,147.12291403400013,0.5651347839739174,90482.16647560145,146.7997851371765,90681.33163519723,94825.9625875873,1.45855712890625,flex_fast-s177/checkpoints/connect4cnn/trial/0000000012288000.bin
flex_fast,177,20177,13312000,0.81803,0.63606,1198,261856,147.03812432289124,147.12291403400013,0.5658821919932961,90482.16647560145,146.7997851371765,90681.33163519723,94825.9625875873,1.45855712890625,flex_fast-s177/checkpoints/connect4cnn/trial/0000000013312000.bin
impala_cnn,177,20177,1024000,0.001594,-0.934661,1255,270496,95.8923614025116,1231.1168329119682,0.8664310519816354,10812.946134862801,1230.7040309906006,10816.573006009492,10816.736467118675,3.50347900390625,impala_cnn-s177/checkpoints/connect4cnn/trial/0000000001024000.bin
impala_cnn,177,20177,2048000,0.594356,0.188713,1134,270496,190.41316986083984,1231.1168329119682,1.0168851710041054,10812.946134862801,1230.7040309906006,10816.573006009492,10816.736467118675,3.50347900390625,impala_cnn-s177/checkpoints/connect4cnn/trial/0000000002048000.bin
impala_cnn,177,20177,3072000,0.726703,0.453405,1116,270496,285.1299765110016,1231.1168329119682,0.9664815170108341,10812.946134862801,1230.7040309906006,10816.573006009492,10816.736467118675,3.50347900390625,impala_cnn-s177/checkpoints/connect4cnn/trial/0000000003072000.bin
impala_cnn,177,20177,4096000,0.800885,0.60177,1130,270496,379.68276166915894,1231.1168329119682,0.9659668079693802,10812.946134862801,1230.7040309906006,10816.573006009492,10816.736467118675,3.50347900390625,impala_cnn-s177/checkpoints/connect4cnn/trial/0000000004096000.bin
impala_cnn,177,20177,5120000,0.910917,0.821834,1145,270496,473.9875786304474,1231.1168329119682,0.9660529090324417,10812.946134862801,1230.7040309906006,10816.573006009492,10816.736467118675,3.50347900390625,impala_cnn-s177/checkpoints/connect4cnn/trial/0000000005120000.bin
impala_cnn,177,20177,6144000,0.961501,0.923003,1039,270496,568.37238073349,1231.1168329119682,0.9161423449986614,10812.946134862801,1230.7040309906006,10816.573006009492,10816.736467118675,3.50347900390625,impala_cnn-s177/checkpoints/connect4cnn/trial/0000000006144000.bin
impala_cnn,177,20177,7168000,0.961501,0.923003,1039,270496,663.2491736412048,1231.1168329119682,0.9659552510129288,10812.946134862801,1230.7040309906006,10816.573006009492,10816.736467118675,3.50347900390625,impala_cnn-s177/checkpoints/connect4cnn/trial/0000000007168000.bin
impala_cnn,177,20177,8192000,0.965877,0.931754,1055,270496,757.837982416153,1231.1168329119682,0.9163773999898694,10812.946134862801,1230.7040309906006,10816.573006009492,10816.736467118675,3.50347900390625,impala_cnn-s177/checkpoints/connect4cnn/trial/0000000008192000.bin
impala_cnn,177,20177,9216000,0.966102,0.932203,1062,270496,852.3267958164215,1231.1168329119682,0.9162834180169739,10812.946134862801,1230.7040309906006,10816.573006009492,10816.736467118675,3.50347900390625,impala_cnn-s177/checkpoints/connect4cnn/trial/0000000009216000.bin
impala_cnn,177,20177,10240000,0.966038,0.932076,1060,270496,946.8355963230133,1231.1168329119682,0.9162232889793813,10812.946134862801,1230.7040309906006,10816.573006009492,10816.736467118675,3.50347900390625,impala_cnn-s177/checkpoints/connect4cnn/trial/0000000010240000.bin
impala_cnn,177,20177,11264000,0.967803,0.935606,1056,270496,1041.8043916225433,1231.1168329119682,0.9665308880503289,10812.946134862801,1230.7040309906006,10816.573006009492,10816.736467118675,3.50347900390625,impala_cnn-s177/checkpoints/connect4cnn/trial/0000000011264000.bin
impala_cnn,177,20177,12288000,0.964929,0.929858,1055,270496,1136.4531781673431,1231.1168329119682,0.9670794419944286,10812.946134862801,1230.7040309906006,10816.573006009492,10816.736467118675,3.50347900390625,impala_cnn-s177/checkpoints/connect4cnn/trial/0000000012288000.bin
impala_cnn,177,20177,13312000,0.96872,0.937441,1055,270496,1230.9779596328735,1231.1168329119682,0.9164427850046195,10812.946134862801,1230.7040309906006,10816.573006009492,10816.736467118675,3.50347900390625,impala_cnn-s177/checkpoints/connect4cnn/trial/0000000013312000.bin
