scope,view,axis,frontier_family,family,name,seed,steps,wins,seconds,native_seconds,native_sps,params,kind,games,architecture,training_wins,min_wins,max_wins
final_only,seed73,seconds,Flex,Flex,wild-maple-6,73,2193408,0.0,26.48359179496765,26.28,83463.01369863014,62064,final,1203,"{""observation"": [1, 36, 44], ""policy.cnn_channels_1"": 16, ""policy.cnn_channels_2"": 16, ""policy.cnn_depth"": 2, ""policy.cnn_global_pool"": 1, ""policy.cnn_kernel_1"": 3, ""policy.cnn_kernel_2"": 3, ""policy.cnn_pool_1"": 1, ""policy.cnn_pool_2"": 0, ""policy.cnn_projection"": 32, ""policy.cnn_residual_1"": 1, ""policy.cnn_residual_2"": 1, ""policy.cnn_stride_1"": 8, ""policy.cnn_stride_2"": 2, ""policy.hidden_size"": 128, ""policy.num_layers"": 1, ""version"": ""connect4-flex-v1""}",0.0005,,
final_only,seed73,seconds,Flex,Flex,lucky-robin-7,73,2332672,0.001714,26.571832418441772,26.38,88425.77710386657,114096,final,1167,"{""observation"": [1, 36, 44], ""policy.cnn_channels_1"": 16, ""policy.cnn_depth"": 1, ""policy.cnn_global_pool"": 0, ""policy.cnn_kernel_1"": 1, ""policy.cnn_pool_1"": 0, ""policy.cnn_projection"": 128, ""policy.cnn_residual_1"": 1, ""policy.cnn_stride_1"": 8, ""policy.hidden_size"": 128, ""policy.num_layers"": 1, ""version"": ""connect4-flex-v1""}",0.0013,,
final_only,seed73,seconds,Flex,Flex,wild-maple-2,73,2414592,0.001717,27.090537071228027,26.9,89761.7843866171,54752,final,1165,"{""observation"": [1, 36, 44], ""policy.cnn_channels_1"": 16, ""policy.cnn_depth"": 1, ""policy.cnn_global_pool"": 0, ""policy.cnn_kernel_1"": 2, ""policy.cnn_pool_1"": 2, ""policy.cnn_projection"": 16, ""policy.cnn_residual_1"": 0, ""policy.cnn_stride_1"": 8, ""policy.hidden_size"": 128, ""policy.num_layers"": 1, ""version"": ""connect4-flex-v1""}",0.0007,,
final_only,seed73,seconds,Flex,Flex,wild-falcon-50,73,2791424,0.002542,34.60616755485535,34.41,81122.46439988376,77568,final,1180,"{""observation"": [1, 36, 44], ""policy.cnn_channels_1"": 32, ""policy.cnn_channels_2"": 32, ""policy.cnn_depth"": 2, ""policy.cnn_global_pool"": 0, ""policy.cnn_kernel_1"": 4, ""policy.cnn_kernel_2"": 2, ""policy.cnn_pool_1"": 0, ""policy.cnn_pool_2"": 0, ""policy.cnn_projection"": 32, ""policy.cnn_residual_1"": 0, ""policy.cnn_residual_2"": 1, ""policy.cnn_stride_1"": 4, ""policy.cnn_stride_2"": 4, ""policy.hidden_size"": 128, ""policy.num_layers"": 1, ""version"": ""connect4-flex-v1""}",0.0005,,
final_only,seed73,seconds,Flex,Flex,sunny-comet-19,73,4411392,0.003806,50.820653438568115,50.59,87198.89306186992,65560,final,1051,"{""observation"": [1, 36, 44], ""policy.cnn_channels_1"": 8, ""policy.cnn_depth"": 1, ""policy.cnn_global_pool"": 0, ""policy.cnn_kernel_1"": 8, ""policy.cnn_pool_1"": 0, ""policy.cnn_projection"": 16, ""policy.cnn_residual_1"": 0, ""policy.cnn_stride_1"": 4, ""policy.hidden_size"": 128, ""policy.num_layers"": 1, ""version"": ""connect4-flex-v1""}",0.0046,,
final_only,seed73,seconds,Flex,Flex,lucky-falcon-25,73,5955584,0.073148,68.24216866493225,68.06,87504.90743461651,109768,final,1080,"{""observation"": [1, 36, 44], ""policy.cnn_channels_1"": 8, ""policy.cnn_depth"": 1, ""policy.cnn_global_pool"": 0, ""policy.cnn_kernel_1"": 8, ""policy.cnn_pool_1"": 0, ""policy.cnn_projection"": 64, ""policy.cnn_residual_1"": 0, ""policy.cnn_stride_1"": 4, ""policy.hidden_size"": 128, ""policy.num_layers"": 1, ""version"": ""connect4-flex-v1""}",0.059,,
final_only,seed73,seconds,Flex,Flex,happy-bear-34,73,7239680,0.157494,76.81128358840942,76.63,94475.79277045545,90320,final,1181,"{""observation"": [1, 36, 44], ""policy.cnn_channels_1"": 16, ""policy.cnn_depth"": 1, ""policy.cnn_global_pool"": 0, ""policy.cnn_kernel_1"": 8, ""policy.cnn_pool_1"": 0, ""policy.cnn_projection"": 64, ""policy.cnn_residual_1"": 0, ""policy.cnn_stride_1"": 8, ""policy.hidden_size"": 128, ""policy.num_layers"": 1, ""version"": ""connect4-flex-v1""}",0.1466,,
final_only,seed73,seconds,Flex,Flex,mystic-comet-67,73,7933952,0.440633,88.39209008216858,88.18,89974.5066908596,160352,final,1137,"{""observation"": [1, 36, 44], ""policy.cnn_channels_1"": 16, ""policy.cnn_depth"": 1, ""policy.cnn_global_pool"": 0, ""policy.cnn_kernel_1"": 5, ""policy.cnn_pool_1"": 0, ""policy.cnn_projection"": 64, ""policy.cnn_residual_1"": 0, ""policy.cnn_stride_1"": 4, ""policy.hidden_size"": 128, ""policy.num_layers"": 1, ""version"": ""connect4-flex-v1""}",0.4341,,
final_only,seed73,seconds,Flex,Flex,golden-river-20,73,8321024,0.555659,93.30732774734497,93.11,89367.6726452583,160736,final,1069,"{""observation"": [1, 36, 44], ""policy.cnn_channels_1"": 16, ""policy.cnn_depth"": 1, ""policy.cnn_global_pool"": 0, ""policy.cnn_kernel_1"": 7, ""policy.cnn_pool_1"": 0, ""policy.cnn_projection"": 64, ""policy.cnn_residual_1"": 0, ""policy.cnn_stride_1"": 4, ""policy.hidden_size"": 128, ""policy.num_layers"": 1, ""version"": ""connect4-flex-v1""}",0.5616,,
final_only,seed73,seconds,Flex,Flex,lucky-owl-106,73,8896512,0.597507,98.82066106796265,98.61,90219.16641314268,253648,final,1123,"{""observation"": [1, 36, 44], ""policy.cnn_channels_1"": 16, ""policy.cnn_depth"": 1, ""policy.cnn_global_pool"": 0, ""policy.cnn_kernel_1"": 6, ""policy.cnn_pool_1"": 0, ""policy.cnn_projection"": 128, ""policy.cnn_residual_1"": 0, ""policy.cnn_stride_1"": 4, ""policy.hidden_size"": 128, ""policy.num_layers"": 1, ""version"": ""connect4-flex-v1""}",0.5801,,
final_only,seed73,seconds,Flex,Flex,mystic-fox-122,73,8708096,0.65158,100.96033954620361,100.74,86441.29442128251,261632,final,1171,"{""observation"": [1, 36, 44], ""policy.cnn_channels_1"": 32, ""policy.cnn_depth"": 1, ""policy.cnn_global_pool"": 0, ""policy.cnn_kernel_1"": 3, ""policy.cnn_pool_1"": 0, ""policy.cnn_projection"": 64, ""policy.cnn_residual_1"": 0, ""policy.cnn_stride_1"": 4, ""policy.hidden_size"": 128, ""policy.num_layers"": 1, ""version"": ""connect4-flex-v1""}",0.6275,,
final_only,seed73,seconds,Flex,Flex,cosmic-robin-49,73,9035776,0.677249,102.0407943725586,101.82,88742.64388135927,160736,final,1134,"{""observation"": [1, 36, 44], ""policy.cnn_channels_1"": 16, ""policy.cnn_depth"": 1, ""policy.cnn_global_pool"": 0, ""policy.cnn_kernel_1"": 7, ""policy.cnn_pool_1"": 0, ""policy.cnn_projection"": 64, ""policy.cnn_residual_1"": 0, ""policy.cnn_stride_1"": 4, ""policy.hidden_size"": 128, ""policy.num_layers"": 1, ""version"": ""connect4-flex-v1""}",0.6663,,
final_only,seed73,seconds,Flex,Flex,cosmic-wolf-116,73,9484288,0.815534,103.7329204082489,103.54,91600.23179447556,261856,final,1030,"{""observation"": [1, 36, 44], ""policy.cnn_channels_1"": 32, ""policy.cnn_depth"": 1, ""policy.cnn_global_pool"": 0, ""policy.cnn_kernel_1"": 4, ""policy.cnn_pool_1"": 0, ""policy.cnn_projection"": 64, ""policy.cnn_residual_1"": 0, ""policy.cnn_stride_1"": 4, ""policy.hidden_size"": 128, ""policy.num_layers"": 1, ""version"": ""connect4-flex-v1""}",0.8128,,
final_only,seed73,seconds,Flex,Flex,gentle-tree-110,73,10854400,0.829428,115.6741669178009,115.45,94018.18969250757,253472,final,1067,"{""observation"": [1, 36, 44], ""policy.cnn_channels_1"": 16, ""policy.cnn_depth"": 1, ""policy.cnn_global_pool"": 0, ""policy.cnn_kernel_1"": 5, ""policy.cnn_pool_1"": 0, ""policy.cnn_projection"": 128, ""policy.cnn_residual_1"": 0, ""policy.cnn_stride_1"": 4, ""policy.hidden_size"": 128, ""policy.num_layers"": 1, ""version"": ""connect4-flex-v1""}",0.8359,,
final_only,seed73,seconds,Flex,Flex,silver-robin-80,73,11126784,0.856282,123.09410119056702,122.9,90535.26444263628,160736,final,1162,"{""observation"": [1, 36, 44], ""policy.cnn_channels_1"": 16, ""policy.cnn_depth"": 1, ""policy.cnn_global_pool"": 0, ""policy.cnn_kernel_1"": 7, ""policy.cnn_pool_1"": 0, ""policy.cnn_projection"": 64, ""policy.cnn_residual_1"": 0, ""policy.cnn_stride_1"": 4, ""policy.hidden_size"": 128, ""policy.num_layers"": 1, ""version"": ""connect4-flex-v1""}",0.8494,,
final_only,seed73,seconds,Flex,Flex,silver-owl-109,73,12013568,0.878049,127.17214703559875,126.98,94609.92282249173,253472,final,1066,"{""observation"": [1, 36, 44], ""policy.cnn_channels_1"": 16, ""policy.cnn_depth"": 1, ""policy.cnn_global_pool"": 0, ""policy.cnn_kernel_1"": 5, ""policy.cnn_pool_1"": 0, ""policy.cnn_projection"": 128, ""policy.cnn_residual_1"": 0, ""policy.cnn_stride_1"": 4, ""policy.hidden_size"": 128, ""policy.num_layers"": 1, ""version"": ""connect4-flex-v1""}",0.8669,,
final_only,seed73,seconds,Flex,Flex,calm-otter-91,73,12730368,0.882066,137.17614889144897,136.99,92929.17731221256,160528,final,1026,"{""observation"": [1, 36, 44], ""policy.cnn_channels_1"": 16, ""policy.cnn_depth"": 1, ""policy.cnn_global_pool"": 0, ""policy.cnn_kernel_1"": 6, ""policy.cnn_pool_1"": 0, ""policy.cnn_projection"": 64, ""policy.cnn_residual_1"": 0, ""policy.cnn_stride_1"": 4, ""policy.hidden_size"": 128, ""policy.num_layers"": 1, ""version"": ""connect4-flex-v1""}",0.8732,,
final_only,seed73,seconds,Flex,Flex,brave-comet-51,73,12662784,0.919965,137.574627161026,137.37,92180.12666521074,160736,final,1137,"{""observation"": [1, 36, 44], ""policy.cnn_channels_1"": 16, ""policy.cnn_depth"": 1, ""policy.cnn_global_pool"": 0, ""policy.cnn_kernel_1"": 7, ""policy.cnn_pool_1"": 0, ""policy.cnn_projection"": 64, ""policy.cnn_residual_1"": 0, ""policy.cnn_stride_1"": 4, ""policy.hidden_size"": 128, ""policy.num_layers"": 1, ""version"": ""connect4-flex-v1""}",0.902,,
final_only,seed73,seconds,Nature,Nature,Nature seed 73,73,3319808,0.137184,43.06877541542053,,81899.7773657365,138528,reference checkpoint,1108,{},,,
final_only,seed73,seconds,Nature,Nature,Nature seed 73,73,6639616,0.753388,83.76909875869751,,81899.7773657365,138528,reference checkpoint,1107,{},,,
final_only,seed73,seconds,Nature,Nature,Nature seed 73,73,9959424,0.769371,123.08542084693909,,81899.7773657365,138528,reference checkpoint,1097,{},,,
final_only,seed73,seconds,Nature,Nature,Nature seed 73,73,13279232,0.770985,162.45772981643677,162.14002561569214,81899.7773657365,138528,reference checkpoint,1096,{},,,
final_only,seed73,seconds,IMPALA,IMPALA,IMPALA seed 73,73,3319808,0.829902,307.92807817459106,,10824.225231427836,270496,reference checkpoint,1117,{},,,
final_only,seed73,seconds,IMPALA,IMPALA,IMPALA seed 73,73,6639616,0.976722,613.9665832519531,,10824.225231427836,270496,reference checkpoint,1031,{},,,
final_only,seed73,seconds,IMPALA,IMPALA,IMPALA seed 73,73,9959424,0.986289,920.5610918998718,,10824.225231427836,270496,reference checkpoint,1094,{},,,
final_only,seed73,seconds,IMPALA,IMPALA,IMPALA seed 73,73,13279232,0.989908,1227.1115837097168,1226.806696653366,10824.225231427836,270496,reference checkpoint,1090,{},,,
final_only,seed73,seconds,Impoola,Impoola,Impoola seed 73,73,3319808,0.402946,308.8621790409088,,10851.26994331464,151712,reference checkpoint,1154,{},,,
final_only,seed73,seconds,Impoola,Impoola,Impoola seed 73,73,6639616,0.587807,614.1046938896179,,10851.26994331464,151712,reference checkpoint,1099,{},,,
final_only,seed73,seconds,Impoola,Impoola,Impoola seed 73,73,9959424,0.621719,919.0551979541779,,10851.26994331464,151712,reference checkpoint,1105,{},,,
final_only,seed73,seconds,Combined,Flex,wild-maple-6,73,2193408,0.0,26.48359179496765,26.28,83463.01369863014,62064,final,1203,"{""observation"": [1, 36, 44], ""policy.cnn_channels_1"": 16, ""policy.cnn_channels_2"": 16, ""policy.cnn_depth"": 2, ""policy.cnn_global_pool"": 1, ""policy.cnn_kernel_1"": 3, ""policy.cnn_kernel_2"": 3, ""policy.cnn_pool_1"": 1, ""policy.cnn_pool_2"": 0, ""policy.cnn_projection"": 32, ""policy.cnn_residual_1"": 1, ""policy.cnn_residual_2"": 1, ""policy.cnn_stride_1"": 8, ""policy.cnn_stride_2"": 2, ""policy.hidden_size"": 128, ""policy.num_layers"": 1, ""version"": ""connect4-flex-v1""}",0.0005,,
final_only,seed73,seconds,Combined,Flex,lucky-robin-7,73,2332672,0.001714,26.571832418441772,26.38,88425.77710386657,114096,final,1167,"{""observation"": [1, 36, 44], ""policy.cnn_channels_1"": 16, ""policy.cnn_depth"": 1, ""policy.cnn_global_pool"": 0, ""policy.cnn_kernel_1"": 1, ""policy.cnn_pool_1"": 0, ""policy.cnn_projection"": 128, ""policy.cnn_residual_1"": 1, ""policy.cnn_stride_1"": 8, ""policy.hidden_size"": 128, ""policy.num_layers"": 1, ""version"": ""connect4-flex-v1""}",0.0013,,
final_only,seed73,seconds,Combined,Flex,wild-maple-2,73,2414592,0.001717,27.090537071228027,26.9,89761.7843866171,54752,final,1165,"{""observation"": [1, 36, 44], ""policy.cnn_channels_1"": 16, ""policy.cnn_depth"": 1, ""policy.cnn_global_pool"": 0, ""policy.cnn_kernel_1"": 2, ""policy.cnn_pool_1"": 2, ""policy.cnn_projection"": 16, ""policy.cnn_residual_1"": 0, ""policy.cnn_stride_1"": 8, ""policy.hidden_size"": 128, ""policy.num_layers"": 1, ""version"": ""connect4-flex-v1""}",0.0007,,
final_only,seed73,seconds,Combined,Flex,wild-falcon-50,73,2791424,0.002542,34.60616755485535,34.41,81122.46439988376,77568,final,1180,"{""observation"": [1, 36, 44], ""policy.cnn_channels_1"": 32, ""policy.cnn_channels_2"": 32, ""policy.cnn_depth"": 2, ""policy.cnn_global_pool"": 0, ""policy.cnn_kernel_1"": 4, ""policy.cnn_kernel_2"": 2, ""policy.cnn_pool_1"": 0, ""policy.cnn_pool_2"": 0, ""policy.cnn_projection"": 32, ""policy.cnn_residual_1"": 0, ""policy.cnn_residual_2"": 1, ""policy.cnn_stride_1"": 4, ""policy.cnn_stride_2"": 4, ""policy.hidden_size"": 128, ""policy.num_layers"": 1, ""version"": ""connect4-flex-v1""}",0.0005,,
final_only,seed73,seconds,Combined,Nature,Nature seed 73,73,3319808,0.137184,43.06877541542053,,81899.7773657365,138528,reference checkpoint,1108,{},,,
final_only,seed73,seconds,Combined,Flex,happy-bear-34,73,7239680,0.157494,76.81128358840942,76.63,94475.79277045545,90320,final,1181,"{""observation"": [1, 36, 44], ""policy.cnn_channels_1"": 16, ""policy.cnn_depth"": 1, ""policy.cnn_global_pool"": 0, ""policy.cnn_kernel_1"": 8, ""policy.cnn_pool_1"": 0, ""policy.cnn_projection"": 64, ""policy.cnn_residual_1"": 0, ""policy.cnn_stride_1"": 8, ""policy.hidden_size"": 128, ""policy.num_layers"": 1, ""version"": ""connect4-flex-v1""}",0.1466,,
final_only,seed73,seconds,Combined,Nature,Nature seed 73,73,6639616,0.753388,83.76909875869751,,81899.7773657365,138528,reference checkpoint,1107,{},,,
final_only,seed73,seconds,Combined,Flex,cosmic-wolf-116,73,9484288,0.815534,103.7329204082489,103.54,91600.23179447556,261856,final,1030,"{""observation"": [1, 36, 44], ""policy.cnn_channels_1"": 32, ""policy.cnn_depth"": 1, ""policy.cnn_global_pool"": 0, ""policy.cnn_kernel_1"": 4, ""policy.cnn_pool_1"": 0, ""policy.cnn_projection"": 64, ""policy.cnn_residual_1"": 0, ""policy.cnn_stride_1"": 4, ""policy.hidden_size"": 128, ""policy.num_layers"": 1, ""version"": ""connect4-flex-v1""}",0.8128,,
final_only,seed73,seconds,Combined,Flex,gentle-tree-110,73,10854400,0.829428,115.6741669178009,115.45,94018.18969250757,253472,final,1067,"{""observation"": [1, 36, 44], ""policy.cnn_channels_1"": 16, ""policy.cnn_depth"": 1, ""policy.cnn_global_pool"": 0, ""policy.cnn_kernel_1"": 5, ""policy.cnn_pool_1"": 0, ""policy.cnn_projection"": 128, ""policy.cnn_residual_1"": 0, ""policy.cnn_stride_1"": 4, ""policy.hidden_size"": 128, ""policy.num_layers"": 1, ""version"": ""connect4-flex-v1""}",0.8359,,
final_only,seed73,seconds,Combined,Flex,silver-robin-80,73,11126784,0.856282,123.09410119056702,122.9,90535.26444263628,160736,final,1162,"{""observation"": [1, 36, 44], ""policy.cnn_channels_1"": 16, ""policy.cnn_depth"": 1, ""policy.cnn_global_pool"": 0, ""policy.cnn_kernel_1"": 7, ""policy.cnn_pool_1"": 0, ""policy.cnn_projection"": 64, ""policy.cnn_residual_1"": 0, ""policy.cnn_stride_1"": 4, ""policy.hidden_size"": 128, ""policy.num_layers"": 1, ""version"": ""connect4-flex-v1""}",0.8494,,
final_only,seed73,seconds,Combined,Flex,silver-owl-109,73,12013568,0.878049,127.17214703559875,126.98,94609.92282249173,253472,final,1066,"{""observation"": [1, 36, 44], ""policy.cnn_channels_1"": 16, ""policy.cnn_depth"": 1, ""policy.cnn_global_pool"": 0, ""policy.cnn_kernel_1"": 5, ""policy.cnn_pool_1"": 0, ""policy.cnn_projection"": 128, ""policy.cnn_residual_1"": 0, ""policy.cnn_stride_1"": 4, ""policy.hidden_size"": 128, ""policy.num_layers"": 1, ""version"": ""connect4-flex-v1""}",0.8669,,
final_only,seed73,seconds,Combined,Flex,calm-otter-91,73,12730368,0.882066,137.17614889144897,136.99,92929.17731221256,160528,final,1026,"{""observation"": [1, 36, 44], ""policy.cnn_channels_1"": 16, ""policy.cnn_depth"": 1, ""policy.cnn_global_pool"": 0, ""policy.cnn_kernel_1"": 6, ""policy.cnn_pool_1"": 0, ""policy.cnn_projection"": 64, ""policy.cnn_residual_1"": 0, ""policy.cnn_stride_1"": 4, ""policy.hidden_size"": 128, ""policy.num_layers"": 1, ""version"": ""connect4-flex-v1""}",0.8732,,
final_only,seed73,seconds,Combined,Flex,brave-comet-51,73,12662784,0.919965,137.574627161026,137.37,92180.12666521074,160736,final,1137,"{""observation"": [1, 36, 44], ""policy.cnn_channels_1"": 16, ""policy.cnn_depth"": 1, ""policy.cnn_global_pool"": 0, ""policy.cnn_kernel_1"": 7, ""policy.cnn_pool_1"": 0, ""policy.cnn_projection"": 64, ""policy.cnn_residual_1"": 0, ""policy.cnn_stride_1"": 4, ""policy.hidden_size"": 128, ""policy.num_layers"": 1, ""version"": ""connect4-flex-v1""}",0.902,,
final_only,seed73,seconds,Combined,IMPALA,IMPALA seed 73,73,6639616,0.976722,613.9665832519531,,10824.225231427836,270496,reference checkpoint,1031,{},,,
final_only,seed73,seconds,Combined,IMPALA,IMPALA seed 73,73,9959424,0.986289,920.5610918998718,,10824.225231427836,270496,reference checkpoint,1094,{},,,
final_only,seed73,seconds,Combined,IMPALA,IMPALA seed 73,73,13279232,0.989908,1227.1115837097168,1226.806696653366,10824.225231427836,270496,reference checkpoint,1090,{},,,
final_only,seed73,steps,Flex,Flex,swift-fox-11,73,2185216,0.0,26.91883158683777,26.71,81812.65443654062,64736,final,1196,"{""observation"": [1, 36, 44], ""policy.cnn_channels_1"": 16, ""policy.cnn_channels_2"": 16, ""policy.cnn_depth"": 2, ""policy.cnn_global_pool"": 0, ""policy.cnn_kernel_1"": 8, ""policy.cnn_kernel_2"": 2, ""policy.cnn_pool_1"": 2, ""policy.cnn_pool_2"": 1, ""policy.cnn_projection"": 64, ""policy.cnn_residual_1"": 0, ""policy.cnn_residual_2"": 0, ""policy.cnn_stride_1"": 4, ""policy.cnn_stride_2"": 2, ""policy.hidden_size"": 128, ""policy.num_layers"": 1, ""version"": ""connect4-flex-v1""}",0.0007,,
final_only,seed73,steps,Flex,Flex,swift-maple-8,73,2211840,0.000828,28.523082971572876,28.32,78101.69491525424,59856,final,1208,"{""observation"": [1, 36, 44], ""policy.cnn_channels_1"": 32, ""policy.cnn_channels_2"": 8, ""policy.cnn_channels_3"": 16, ""policy.cnn_depth"": 3, ""policy.cnn_global_pool"": 1, ""policy.cnn_kernel_1"": 7, ""policy.cnn_kernel_2"": 1, ""policy.cnn_kernel_3"": 1, ""policy.cnn_pool_1"": 2, ""policy.cnn_pool_2"": 1, ""policy.cnn_pool_3"": 1, ""policy.cnn_projection"": 32, ""policy.cnn_residual_1"": 0, ""policy.cnn_residual_2"": 1, ""policy.cnn_residual_3"": 1, ""policy.cnn_stride_1"": 4, ""policy.cnn_stride_2"": 2, ""policy.cnn_stride_3"": 1, ""policy.hidden_size"": 128, ""policy.num_layers"": 1, ""version"": ""connect4-flex-v1""}",0.0002,,
final_only,seed73,steps,Flex,Flex,lucky-robin-7,73,2332672,0.001714,26.571832418441772,26.38,88425.77710386657,114096,final,1167,"{""observation"": [1, 36, 44], ""policy.cnn_channels_1"": 16, ""policy.cnn_depth"": 1, ""policy.cnn_global_pool"": 0, ""policy.cnn_kernel_1"": 1, ""policy.cnn_pool_1"": 0, ""policy.cnn_projection"": 128, ""policy.cnn_residual_1"": 1, ""policy.cnn_stride_1"": 8, ""policy.hidden_size"": 128, ""policy.num_layers"": 1, ""version"": ""connect4-flex-v1""}",0.0013,,
final_only,seed73,steps,Flex,Flex,wild-maple-2,73,2414592,0.001717,27.090537071228027,26.9,89761.7843866171,54752,final,1165,"{""observation"": [1, 36, 44], ""policy.cnn_channels_1"": 16, ""policy.cnn_depth"": 1, ""policy.cnn_global_pool"": 0, ""policy.cnn_kernel_1"": 2, ""policy.cnn_pool_1"": 2, ""policy.cnn_projection"": 16, ""policy.cnn_residual_1"": 0, ""policy.cnn_stride_1"": 8, ""policy.hidden_size"": 128, ""policy.num_layers"": 1, ""version"": ""connect4-flex-v1""}",0.0007,,
final_only,seed73,steps,Flex,Flex,wild-falcon-50,73,2791424,0.002542,34.60616755485535,34.41,81122.46439988376,77568,final,1180,"{""observation"": [1, 36, 44], ""policy.cnn_channels_1"": 32, ""policy.cnn_channels_2"": 32, ""policy.cnn_depth"": 2, ""policy.cnn_global_pool"": 0, ""policy.cnn_kernel_1"": 4, ""policy.cnn_kernel_2"": 2, ""policy.cnn_pool_1"": 0, ""policy.cnn_pool_2"": 0, ""policy.cnn_projection"": 32, ""policy.cnn_residual_1"": 0, ""policy.cnn_residual_2"": 1, ""policy.cnn_stride_1"": 4, ""policy.cnn_stride_2"": 4, ""policy.hidden_size"": 128, ""policy.num_layers"": 1, ""version"": ""connect4-flex-v1""}",0.0005,,
final_only,seed73,steps,Flex,Flex,sunny-comet-19,73,4411392,0.003806,50.820653438568115,50.59,87198.89306186992,65560,final,1051,"{""observation"": [1, 36, 44], ""policy.cnn_channels_1"": 8, ""policy.cnn_depth"": 1, ""policy.cnn_global_pool"": 0, ""policy.cnn_kernel_1"": 8, ""policy.cnn_pool_1"": 0, ""policy.cnn_projection"": 16, ""policy.cnn_residual_1"": 0, ""policy.cnn_stride_1"": 4, ""policy.hidden_size"": 128, ""policy.num_layers"": 1, ""version"": ""connect4-flex-v1""}",0.0046,,
final_only,seed73,steps,Flex,Flex,lucky-falcon-25,73,5955584,0.073148,68.24216866493225,68.06,87504.90743461651,109768,final,1080,"{""observation"": [1, 36, 44], ""policy.cnn_channels_1"": 8, ""policy.cnn_depth"": 1, ""policy.cnn_global_pool"": 0, ""policy.cnn_kernel_1"": 8, ""policy.cnn_pool_1"": 0, ""policy.cnn_projection"": 64, ""policy.cnn_residual_1"": 0, ""policy.cnn_stride_1"": 4, ""policy.hidden_size"": 128, ""policy.num_layers"": 1, ""version"": ""connect4-flex-v1""}",0.059,,
final_only,seed73,steps,Flex,Flex,happy-bear-34,73,7239680,0.157494,76.81128358840942,76.63,94475.79277045545,90320,final,1181,"{""observation"": [1, 36, 44], ""policy.cnn_channels_1"": 16, ""policy.cnn_depth"": 1, ""policy.cnn_global_pool"": 0, ""policy.cnn_kernel_1"": 8, ""policy.cnn_pool_1"": 0, ""policy.cnn_projection"": 64, ""policy.cnn_residual_1"": 0, ""policy.cnn_stride_1"": 8, ""policy.hidden_size"": 128, ""policy.num_layers"": 1, ""version"": ""connect4-flex-v1""}",0.1466,,
final_only,seed73,steps,Flex,Flex,mystic-comet-67,73,7933952,0.440633,88.39209008216858,88.18,89974.5066908596,160352,final,1137,"{""observation"": [1, 36, 44], ""policy.cnn_channels_1"": 16, ""policy.cnn_depth"": 1, ""policy.cnn_global_pool"": 0, ""policy.cnn_kernel_1"": 5, ""policy.cnn_pool_1"": 0, ""policy.cnn_projection"": 64, ""policy.cnn_residual_1"": 0, ""policy.cnn_stride_1"": 4, ""policy.hidden_size"": 128, ""policy.num_layers"": 1, ""version"": ""connect4-flex-v1""}",0.4341,,
final_only,seed73,steps,Flex,Flex,golden-river-20,73,8321024,0.555659,93.30732774734497,93.11,89367.6726452583,160736,final,1069,"{""observation"": [1, 36, 44], ""policy.cnn_channels_1"": 16, ""policy.cnn_depth"": 1, ""policy.cnn_global_pool"": 0, ""policy.cnn_kernel_1"": 7, ""policy.cnn_pool_1"": 0, ""policy.cnn_projection"": 64, ""policy.cnn_residual_1"": 0, ""policy.cnn_stride_1"": 4, ""policy.hidden_size"": 128, ""policy.num_layers"": 1, ""version"": ""connect4-flex-v1""}",0.5616,,
final_only,seed73,steps,Flex,Flex,mystic-fox-122,73,8708096,0.65158,100.96033954620361,100.74,86441.29442128251,261632,final,1171,"{""observation"": [1, 36, 44], ""policy.cnn_channels_1"": 32, ""policy.cnn_depth"": 1, ""policy.cnn_global_pool"": 0, ""policy.cnn_kernel_1"": 3, ""policy.cnn_pool_1"": 0, ""policy.cnn_projection"": 64, ""policy.cnn_residual_1"": 0, ""policy.cnn_stride_1"": 4, ""policy.hidden_size"": 128, ""policy.num_layers"": 1, ""version"": ""connect4-flex-v1""}",0.6275,,
final_only,seed73,steps,Flex,Flex,cosmic-robin-49,73,9035776,0.677249,102.0407943725586,101.82,88742.64388135927,160736,final,1134,"{""observation"": [1, 36, 44], ""policy.cnn_channels_1"": 16, ""policy.cnn_depth"": 1, ""policy.cnn_global_pool"": 0, ""policy.cnn_kernel_1"": 7, ""policy.cnn_pool_1"": 0, ""policy.cnn_projection"": 64, ""policy.cnn_residual_1"": 0, ""policy.cnn_stride_1"": 4, ""policy.hidden_size"": 128, ""policy.num_layers"": 1, ""version"": ""connect4-flex-v1""}",0.6663,,
final_only,seed73,steps,Flex,Flex,cosmic-wolf-116,73,9484288,0.815534,103.7329204082489,103.54,91600.23179447556,261856,final,1030,"{""observation"": [1, 36, 44], ""policy.cnn_channels_1"": 32, ""policy.cnn_depth"": 1, ""policy.cnn_global_pool"": 0, ""policy.cnn_kernel_1"": 4, ""policy.cnn_pool_1"": 0, ""policy.cnn_projection"": 64, ""policy.cnn_residual_1"": 0, ""policy.cnn_stride_1"": 4, ""policy.hidden_size"": 128, ""policy.num_layers"": 1, ""version"": ""connect4-flex-v1""}",0.8128,,
final_only,seed73,steps,Flex,Flex,gentle-tree-110,73,10854400,0.829428,115.6741669178009,115.45,94018.18969250757,253472,final,1067,"{""observation"": [1, 36, 44], ""policy.cnn_channels_1"": 16, ""policy.cnn_depth"": 1, ""policy.cnn_global_pool"": 0, ""policy.cnn_kernel_1"": 5, ""policy.cnn_pool_1"": 0, ""policy.cnn_projection"": 128, ""policy.cnn_residual_1"": 0, ""policy.cnn_stride_1"": 4, ""policy.hidden_size"": 128, ""policy.num_layers"": 1, ""version"": ""connect4-flex-v1""}",0.8359,,
final_only,seed73,steps,Flex,Flex,silver-robin-80,73,11126784,0.856282,123.09410119056702,122.9,90535.26444263628,160736,final,1162,"{""observation"": [1, 36, 44], ""policy.cnn_channels_1"": 16, ""policy.cnn_depth"": 1, ""policy.cnn_global_pool"": 0, ""policy.cnn_kernel_1"": 7, ""policy.cnn_pool_1"": 0, ""policy.cnn_projection"": 64, ""policy.cnn_residual_1"": 0, ""policy.cnn_stride_1"": 4, ""policy.hidden_size"": 128, ""policy.num_layers"": 1, ""version"": ""connect4-flex-v1""}",0.8494,,
final_only,seed73,steps,Flex,Flex,silver-owl-109,73,12013568,0.878049,127.17214703559875,126.98,94609.92282249173,253472,final,1066,"{""observation"": [1, 36, 44], ""policy.cnn_channels_1"": 16, ""policy.cnn_depth"": 1, ""policy.cnn_global_pool"": 0, ""policy.cnn_kernel_1"": 5, ""policy.cnn_pool_1"": 0, ""policy.cnn_projection"": 128, ""policy.cnn_residual_1"": 0, ""policy.cnn_stride_1"": 4, ""policy.hidden_size"": 128, ""policy.num_layers"": 1, ""version"": ""connect4-flex-v1""}",0.8669,,
final_only,seed73,steps,Flex,Flex,brave-comet-51,73,12662784,0.919965,137.574627161026,137.37,92180.12666521074,160736,final,1137,"{""observation"": [1, 36, 44], ""policy.cnn_channels_1"": 16, ""policy.cnn_depth"": 1, ""policy.cnn_global_pool"": 0, ""policy.cnn_kernel_1"": 7, ""policy.cnn_pool_1"": 0, ""policy.cnn_projection"": 64, ""policy.cnn_residual_1"": 0, ""policy.cnn_stride_1"": 4, ""policy.hidden_size"": 128, ""policy.num_layers"": 1, ""version"": ""connect4-flex-v1""}",0.902,,
final_only,seed73,steps,Nature,Nature,Nature seed 73,73,3319808,0.137184,43.06877541542053,,81899.7773657365,138528,reference checkpoint,1108,{},,,
final_only,seed73,steps,Nature,Nature,Nature seed 73,73,6639616,0.753388,83.76909875869751,,81899.7773657365,138528,reference checkpoint,1107,{},,,
final_only,seed73,steps,Nature,Nature,Nature seed 73,73,9959424,0.769371,123.08542084693909,,81899.7773657365,138528,reference checkpoint,1097,{},,,
final_only,seed73,steps,Nature,Nature,Nature seed 73,73,13279232,0.770985,162.45772981643677,162.14002561569214,81899.7773657365,138528,reference checkpoint,1096,{},,,
final_only,seed73,steps,IMPALA,IMPALA,IMPALA seed 73,73,3319808,0.829902,307.92807817459106,,10824.225231427836,270496,reference checkpoint,1117,{},,,
final_only,seed73,steps,IMPALA,IMPALA,IMPALA seed 73,73,6639616,0.976722,613.9665832519531,,10824.225231427836,270496,reference checkpoint,1031,{},,,
final_only,seed73,steps,IMPALA,IMPALA,IMPALA seed 73,73,9959424,0.986289,920.5610918998718,,10824.225231427836,270496,reference checkpoint,1094,{},,,
final_only,seed73,steps,IMPALA,IMPALA,IMPALA seed 73,73,13279232,0.989908,1227.1115837097168,1226.806696653366,10824.225231427836,270496,reference checkpoint,1090,{},,,
final_only,seed73,steps,Impoola,Impoola,Impoola seed 73,73,3319808,0.402946,308.8621790409088,,10851.26994331464,151712,reference checkpoint,1154,{},,,
final_only,seed73,steps,Impoola,Impoola,Impoola seed 73,73,6639616,0.587807,614.1046938896179,,10851.26994331464,151712,reference checkpoint,1099,{},,,
final_only,seed73,steps,Impoola,Impoola,Impoola seed 73,73,9959424,0.621719,919.0551979541779,,10851.26994331464,151712,reference checkpoint,1105,{},,,
final_only,seed73,steps,Combined,Flex,swift-fox-11,73,2185216,0.0,26.91883158683777,26.71,81812.65443654062,64736,final,1196,"{""observation"": [1, 36, 44], ""policy.cnn_channels_1"": 16, ""policy.cnn_channels_2"": 16, ""policy.cnn_depth"": 2, ""policy.cnn_global_pool"": 0, ""policy.cnn_kernel_1"": 8, ""policy.cnn_kernel_2"": 2, ""policy.cnn_pool_1"": 2, ""policy.cnn_pool_2"": 1, ""policy.cnn_projection"": 64, ""policy.cnn_residual_1"": 0, ""policy.cnn_residual_2"": 0, ""policy.cnn_stride_1"": 4, ""policy.cnn_stride_2"": 2, ""policy.hidden_size"": 128, ""policy.num_layers"": 1, ""version"": ""connect4-flex-v1""}",0.0007,,
final_only,seed73,steps,Combined,Flex,swift-maple-8,73,2211840,0.000828,28.523082971572876,28.32,78101.69491525424,59856,final,1208,"{""observation"": [1, 36, 44], ""policy.cnn_channels_1"": 32, ""policy.cnn_channels_2"": 8, ""policy.cnn_channels_3"": 16, ""policy.cnn_depth"": 3, ""policy.cnn_global_pool"": 1, ""policy.cnn_kernel_1"": 7, ""policy.cnn_kernel_2"": 1, ""policy.cnn_kernel_3"": 1, ""policy.cnn_pool_1"": 2, ""policy.cnn_pool_2"": 1, ""policy.cnn_pool_3"": 1, ""policy.cnn_projection"": 32, ""policy.cnn_residual_1"": 0, ""policy.cnn_residual_2"": 1, ""policy.cnn_residual_3"": 1, ""policy.cnn_stride_1"": 4, ""policy.cnn_stride_2"": 2, ""policy.cnn_stride_3"": 1, ""policy.hidden_size"": 128, ""policy.num_layers"": 1, ""version"": ""connect4-flex-v1""}",0.0002,,
final_only,seed73,steps,Combined,Flex,lucky-robin-7,73,2332672,0.001714,26.571832418441772,26.38,88425.77710386657,114096,final,1167,"{""observation"": [1, 36, 44], ""policy.cnn_channels_1"": 16, ""policy.cnn_depth"": 1, ""policy.cnn_global_pool"": 0, ""policy.cnn_kernel_1"": 1, ""policy.cnn_pool_1"": 0, ""policy.cnn_projection"": 128, ""policy.cnn_residual_1"": 1, ""policy.cnn_stride_1"": 8, ""policy.hidden_size"": 128, ""policy.num_layers"": 1, ""version"": ""connect4-flex-v1""}",0.0013,,
final_only,seed73,steps,Combined,Flex,wild-maple-2,73,2414592,0.001717,27.090537071228027,26.9,89761.7843866171,54752,final,1165,"{""observation"": [1, 36, 44], ""policy.cnn_channels_1"": 16, ""policy.cnn_depth"": 1, ""policy.cnn_global_pool"": 0, ""policy.cnn_kernel_1"": 2, ""policy.cnn_pool_1"": 2, ""policy.cnn_projection"": 16, ""policy.cnn_residual_1"": 0, ""policy.cnn_stride_1"": 8, ""policy.hidden_size"": 128, ""policy.num_layers"": 1, ""version"": ""connect4-flex-v1""}",0.0007,,
final_only,seed73,steps,Combined,Flex,wild-falcon-50,73,2791424,0.002542,34.60616755485535,34.41,81122.46439988376,77568,final,1180,"{""observation"": [1, 36, 44], ""policy.cnn_channels_1"": 32, ""policy.cnn_channels_2"": 32, ""policy.cnn_depth"": 2, ""policy.cnn_global_pool"": 0, ""policy.cnn_kernel_1"": 4, ""policy.cnn_kernel_2"": 2, ""policy.cnn_pool_1"": 0, ""policy.cnn_pool_2"": 0, ""policy.cnn_projection"": 32, ""policy.cnn_residual_1"": 0, ""policy.cnn_residual_2"": 1, ""policy.cnn_stride_1"": 4, ""policy.cnn_stride_2"": 4, ""policy.hidden_size"": 128, ""policy.num_layers"": 1, ""version"": ""connect4-flex-v1""}",0.0005,,
final_only,seed73,steps,Combined,IMPALA,IMPALA seed 73,73,3319808,0.829902,307.92807817459106,,10824.225231427836,270496,reference checkpoint,1117,{},,,
final_only,seed73,steps,Combined,IMPALA,IMPALA seed 73,73,6639616,0.976722,613.9665832519531,,10824.225231427836,270496,reference checkpoint,1031,{},,,
final_only,seed73,steps,Combined,IMPALA,IMPALA seed 73,73,9959424,0.986289,920.5610918998718,,10824.225231427836,270496,reference checkpoint,1094,{},,,
final_only,seed73,steps,Combined,IMPALA,IMPALA seed 73,73,13279232,0.989908,1227.1115837097168,1226.806696653366,10824.225231427836,270496,reference checkpoint,1090,{},,,
final_only,mean,seconds,Flex,Flex,wild-maple-6,73,2193408,0.0,26.48359179496765,26.28,83463.01369863014,62064,final,1203,"{""observation"": [1, 36, 44], ""policy.cnn_channels_1"": 16, ""policy.cnn_channels_2"": 16, ""policy.cnn_depth"": 2, ""policy.cnn_global_pool"": 1, ""policy.cnn_kernel_1"": 3, ""policy.cnn_kernel_2"": 3, ""policy.cnn_pool_1"": 1, ""policy.cnn_pool_2"": 0, ""policy.cnn_projection"": 32, ""policy.cnn_residual_1"": 1, ""policy.cnn_residual_2"": 1, ""policy.cnn_stride_1"": 8, ""policy.cnn_stride_2"": 2, ""policy.hidden_size"": 128, ""policy.num_layers"": 1, ""version"": ""connect4-flex-v1""}",0.0005,,
final_only,mean,seconds,Flex,Flex,lucky-robin-7,73,2332672,0.001714,26.571832418441772,26.38,88425.77710386657,114096,final,1167,"{""observation"": [1, 36, 44], ""policy.cnn_channels_1"": 16, ""policy.cnn_depth"": 1, ""policy.cnn_global_pool"": 0, ""policy.cnn_kernel_1"": 1, ""policy.cnn_pool_1"": 0, ""policy.cnn_projection"": 128, ""policy.cnn_residual_1"": 1, ""policy.cnn_stride_1"": 8, ""policy.hidden_size"": 128, ""policy.num_layers"": 1, ""version"": ""connect4-flex-v1""}",0.0013,,
final_only,mean,seconds,Flex,Flex,wild-maple-2,73,2414592,0.001717,27.090537071228027,26.9,89761.7843866171,54752,final,1165,"{""observation"": [1, 36, 44], ""policy.cnn_channels_1"": 16, ""policy.cnn_depth"": 1, ""policy.cnn_global_pool"": 0, ""policy.cnn_kernel_1"": 2, ""policy.cnn_pool_1"": 2, ""policy.cnn_projection"": 16, ""policy.cnn_residual_1"": 0, ""policy.cnn_stride_1"": 8, ""policy.hidden_size"": 128, ""policy.num_layers"": 1, ""version"": ""connect4-flex-v1""}",0.0007,,
final_only,mean,seconds,Flex,Flex,wild-falcon-50,73,2791424,0.002542,34.60616755485535,34.41,81122.46439988376,77568,final,1180,"{""observation"": [1, 36, 44], ""policy.cnn_channels_1"": 32, ""policy.cnn_channels_2"": 32, ""policy.cnn_depth"": 2, ""policy.cnn_global_pool"": 0, ""policy.cnn_kernel_1"": 4, ""policy.cnn_kernel_2"": 2, ""policy.cnn_pool_1"": 0, ""policy.cnn_pool_2"": 0, ""policy.cnn_projection"": 32, ""policy.cnn_residual_1"": 0, ""policy.cnn_residual_2"": 1, ""policy.cnn_stride_1"": 4, ""policy.cnn_stride_2"": 4, ""policy.hidden_size"": 128, ""policy.num_layers"": 1, ""version"": ""connect4-flex-v1""}",0.0005,,
final_only,mean,seconds,Flex,Flex,sunny-comet-19,73,4411392,0.003806,50.820653438568115,50.59,87198.89306186992,65560,final,1051,"{""observation"": [1, 36, 44], ""policy.cnn_channels_1"": 8, ""policy.cnn_depth"": 1, ""policy.cnn_global_pool"": 0, ""policy.cnn_kernel_1"": 8, ""policy.cnn_pool_1"": 0, ""policy.cnn_projection"": 16, ""policy.cnn_residual_1"": 0, ""policy.cnn_stride_1"": 4, ""policy.hidden_size"": 128, ""policy.num_layers"": 1, ""version"": ""connect4-flex-v1""}",0.0046,,
final_only,mean,seconds,Flex,Flex,lucky-falcon-25,73,5955584,0.073148,68.24216866493225,68.06,87504.90743461651,109768,final,1080,"{""observation"": [1, 36, 44], ""policy.cnn_channels_1"": 8, ""policy.cnn_depth"": 1, ""policy.cnn_global_pool"": 0, ""policy.cnn_kernel_1"": 8, ""policy.cnn_pool_1"": 0, ""policy.cnn_projection"": 64, ""policy.cnn_residual_1"": 0, ""policy.cnn_stride_1"": 4, ""policy.hidden_size"": 128, ""policy.num_layers"": 1, ""version"": ""connect4-flex-v1""}",0.059,,
final_only,mean,seconds,Flex,Flex,happy-bear-34,73,7239680,0.157494,76.81128358840942,76.63,94475.79277045545,90320,final,1181,"{""observation"": [1, 36, 44], ""policy.cnn_channels_1"": 16, ""policy.cnn_depth"": 1, ""policy.cnn_global_pool"": 0, ""policy.cnn_kernel_1"": 8, ""policy.cnn_pool_1"": 0, ""policy.cnn_projection"": 64, ""policy.cnn_residual_1"": 0, ""policy.cnn_stride_1"": 8, ""policy.hidden_size"": 128, ""policy.num_layers"": 1, ""version"": ""connect4-flex-v1""}",0.1466,,
final_only,mean,seconds,Flex,Flex,mystic-comet-67,73,7933952,0.440633,88.39209008216858,88.18,89974.5066908596,160352,final,1137,"{""observation"": [1, 36, 44], ""policy.cnn_channels_1"": 16, ""policy.cnn_depth"": 1, ""policy.cnn_global_pool"": 0, ""policy.cnn_kernel_1"": 5, ""policy.cnn_pool_1"": 0, ""policy.cnn_projection"": 64, ""policy.cnn_residual_1"": 0, ""policy.cnn_stride_1"": 4, ""policy.hidden_size"": 128, ""policy.num_layers"": 1, ""version"": ""connect4-flex-v1""}",0.4341,,
final_only,mean,seconds,Flex,Flex,golden-river-20,73,8321024,0.555659,93.30732774734497,93.11,89367.6726452583,160736,final,1069,"{""observation"": [1, 36, 44], ""policy.cnn_channels_1"": 16, ""policy.cnn_depth"": 1, ""policy.cnn_global_pool"": 0, ""policy.cnn_kernel_1"": 7, ""policy.cnn_pool_1"": 0, ""policy.cnn_projection"": 64, ""policy.cnn_residual_1"": 0, ""policy.cnn_stride_1"": 4, ""policy.hidden_size"": 128, ""policy.num_layers"": 1, ""version"": ""connect4-flex-v1""}",0.5616,,
final_only,mean,seconds,Flex,Flex,lucky-owl-106,73,8896512,0.597507,98.82066106796265,98.61,90219.16641314268,253648,final,1123,"{""observation"": [1, 36, 44], ""policy.cnn_channels_1"": 16, ""policy.cnn_depth"": 1, ""policy.cnn_global_pool"": 0, ""policy.cnn_kernel_1"": 6, ""policy.cnn_pool_1"": 0, ""policy.cnn_projection"": 128, ""policy.cnn_residual_1"": 0, ""policy.cnn_stride_1"": 4, ""policy.hidden_size"": 128, ""policy.num_layers"": 1, ""version"": ""connect4-flex-v1""}",0.5801,,
final_only,mean,seconds,Flex,Flex,mystic-fox-122,73,8708096,0.65158,100.96033954620361,100.74,86441.29442128251,261632,final,1171,"{""observation"": [1, 36, 44], ""policy.cnn_channels_1"": 32, ""policy.cnn_depth"": 1, ""policy.cnn_global_pool"": 0, ""policy.cnn_kernel_1"": 3, ""policy.cnn_pool_1"": 0, ""policy.cnn_projection"": 64, ""policy.cnn_residual_1"": 0, ""policy.cnn_stride_1"": 4, ""policy.hidden_size"": 128, ""policy.num_layers"": 1, ""version"": ""connect4-flex-v1""}",0.6275,,
final_only,mean,seconds,Flex,Flex,cosmic-robin-49,73,9035776,0.677249,102.0407943725586,101.82,88742.64388135927,160736,final,1134,"{""observation"": [1, 36, 44], ""policy.cnn_channels_1"": 16, ""policy.cnn_depth"": 1, ""policy.cnn_global_pool"": 0, ""policy.cnn_kernel_1"": 7, ""policy.cnn_pool_1"": 0, ""policy.cnn_projection"": 64, ""policy.cnn_residual_1"": 0, ""policy.cnn_stride_1"": 4, ""policy.hidden_size"": 128, ""policy.num_layers"": 1, ""version"": ""connect4-flex-v1""}",0.6663,,
final_only,mean,seconds,Flex,Flex,cosmic-wolf-116,73,9484288,0.815534,103.7329204082489,103.54,91600.23179447556,261856,final,1030,"{""observation"": [1, 36, 44], ""policy.cnn_channels_1"": 32, ""policy.cnn_depth"": 1, ""policy.cnn_global_pool"": 0, ""policy.cnn_kernel_1"": 4, ""policy.cnn_pool_1"": 0, ""policy.cnn_projection"": 64, ""policy.cnn_residual_1"": 0, ""policy.cnn_stride_1"": 4, ""policy.hidden_size"": 128, ""policy.num_layers"": 1, ""version"": ""connect4-flex-v1""}",0.8128,,
final_only,mean,seconds,Flex,Flex,gentle-tree-110,73,10854400,0.829428,115.6741669178009,115.45,94018.18969250757,253472,final,1067,"{""observation"": [1, 36, 44], ""policy.cnn_channels_1"": 16, ""policy.cnn_depth"": 1, ""policy.cnn_global_pool"": 0, ""policy.cnn_kernel_1"": 5, ""policy.cnn_pool_1"": 0, ""policy.cnn_projection"": 128, ""policy.cnn_residual_1"": 0, ""policy.cnn_stride_1"": 4, ""policy.hidden_size"": 128, ""policy.num_layers"": 1, ""version"": ""connect4-flex-v1""}",0.8359,,
final_only,mean,seconds,Flex,Flex,silver-robin-80,73,11126784,0.856282,123.09410119056702,122.9,90535.26444263628,160736,final,1162,"{""observation"": [1, 36, 44], ""policy.cnn_channels_1"": 16, ""policy.cnn_depth"": 1, ""policy.cnn_global_pool"": 0, ""policy.cnn_kernel_1"": 7, ""policy.cnn_pool_1"": 0, ""policy.cnn_projection"": 64, ""policy.cnn_residual_1"": 0, ""policy.cnn_stride_1"": 4, ""policy.hidden_size"": 128, ""policy.num_layers"": 1, ""version"": ""connect4-flex-v1""}",0.8494,,
final_only,mean,seconds,Flex,Flex,silver-owl-109,73,12013568,0.878049,127.17214703559875,126.98,94609.92282249173,253472,final,1066,"{""observation"": [1, 36, 44], ""policy.cnn_channels_1"": 16, ""policy.cnn_depth"": 1, ""policy.cnn_global_pool"": 0, ""policy.cnn_kernel_1"": 5, ""policy.cnn_pool_1"": 0, ""policy.cnn_projection"": 128, ""policy.cnn_residual_1"": 0, ""policy.cnn_stride_1"": 4, ""policy.hidden_size"": 128, ""policy.num_layers"": 1, ""version"": ""connect4-flex-v1""}",0.8669,,
final_only,mean,seconds,Flex,Flex,calm-otter-91,73,12730368,0.882066,137.17614889144897,136.99,92929.17731221256,160528,final,1026,"{""observation"": [1, 36, 44], ""policy.cnn_channels_1"": 16, ""policy.cnn_depth"": 1, ""policy.cnn_global_pool"": 0, ""policy.cnn_kernel_1"": 6, ""policy.cnn_pool_1"": 0, ""policy.cnn_projection"": 64, ""policy.cnn_residual_1"": 0, ""policy.cnn_stride_1"": 4, ""policy.hidden_size"": 128, ""policy.num_layers"": 1, ""version"": ""connect4-flex-v1""}",0.8732,,
final_only,mean,seconds,Flex,Flex,brave-comet-51,73,12662784,0.919965,137.574627161026,137.37,92180.12666521074,160736,final,1137,"{""observation"": [1, 36, 44], ""policy.cnn_channels_1"": 16, ""policy.cnn_depth"": 1, ""policy.cnn_global_pool"": 0, ""policy.cnn_kernel_1"": 7, ""policy.cnn_pool_1"": 0, ""policy.cnn_projection"": 64, ""policy.cnn_residual_1"": 0, ""policy.cnn_stride_1"": 4, ""policy.hidden_size"": 128, ""policy.num_layers"": 1, ""version"": ""connect4-flex-v1""}",0.902,,
final_only,mean,seconds,Nature,Nature,Nature three-seed mean,mean,3319808,0.11162033333333334,43.01729814211527,,81014.6087817759,138528,reference checkpoint,1108,{},,0.044444,0.153233
final_only,mean,seconds,Nature,Nature,Nature three-seed mean,mean,6639616,0.644805,84.1896337668101,,81014.6087817759,138528,reference checkpoint,1107,{},,0.48791,0.753388
final_only,mean,seconds,Nature,Nature,Nature three-seed mean,mean,9959424,0.7678566666666666,124.24196306864421,,81014.6087817759,138528,reference checkpoint,1097,{},,0.648099,0.8861
final_only,mean,seconds,Nature,Nature,Nature three-seed mean,mean,13279232,0.7870503333333333,164.18494375546774,162.14002561569214,81014.6087817759,138528,reference checkpoint,1096,{},,0.706849,0.883317
final_only,mean,seconds,IMPALA,IMPALA,IMPALA three-seed mean,mean,3319808,0.848745,308.5680357615153,,10803.133148511883,270496,reference checkpoint,1117,{},,0.829902,0.869413
final_only,mean,seconds,IMPALA,IMPALA,IMPALA three-seed mean,mean,6639616,0.9852343333333333,615.3242156505585,,10803.133148511883,270496,reference checkpoint,1031,{},,0.976722,0.993981
final_only,mean,seconds,IMPALA,IMPALA,IMPALA three-seed mean,mean,9959424,0.9898513333333333,922.375411272049,,10803.133148511883,270496,reference checkpoint,1094,{},,0.986289,0.994854
final_only,mean,seconds,IMPALA,IMPALA,IMPALA three-seed mean,mean,13279232,0.9918963333333334,1229.4959301948547,1226.806696653366,10803.133148511883,270496,reference checkpoint,1090,{},,0.989908,0.995723
final_only,mean,seconds,Impoola,Impoola,Impoola three-seed mean,mean,3319808,0.6072473333333334,308.491557041804,,10836.674476843724,151712,reference checkpoint,1154,{},,0.402946,0.716241
final_only,mean,seconds,Impoola,Impoola,Impoola three-seed mean,mean,6639616,0.684357,614.4319295883179,,10836.674476843724,151712,reference checkpoint,1099,{},,0.587807,0.740707
final_only,mean,seconds,Impoola,Impoola,Impoola three-seed mean,mean,9959424,0.692139,920.0989464124044,,10836.674476843724,151712,reference checkpoint,1105,{},,0.621719,0.728452
final_only,mean,seconds,Impoola,Impoola,Impoola three-seed mean,mean,13279232,0.6949336666666667,1225.6939655145009,1223.7491159439087,10836.674476843724,151712,reference checkpoint,1098,{},,0.617486,0.735902
final_only,mean,seconds,Combined,Flex,wild-maple-6,73,2193408,0.0,26.48359179496765,26.28,83463.01369863014,62064,final,1203,"{""observation"": [1, 36, 44], ""policy.cnn_channels_1"": 16, ""policy.cnn_channels_2"": 16, ""policy.cnn_depth"": 2, ""policy.cnn_global_pool"": 1, ""policy.cnn_kernel_1"": 3, ""policy.cnn_kernel_2"": 3, ""policy.cnn_pool_1"": 1, ""policy.cnn_pool_2"": 0, ""policy.cnn_projection"": 32, ""policy.cnn_residual_1"": 1, ""policy.cnn_residual_2"": 1, ""policy.cnn_stride_1"": 8, ""policy.cnn_stride_2"": 2, ""policy.hidden_size"": 128, ""policy.num_layers"": 1, ""version"": ""connect4-flex-v1""}",0.0005,,
final_only,mean,seconds,Combined,Flex,lucky-robin-7,73,2332672,0.001714,26.571832418441772,26.38,88425.77710386657,114096,final,1167,"{""observation"": [1, 36, 44], ""policy.cnn_channels_1"": 16, ""policy.cnn_depth"": 1, ""policy.cnn_global_pool"": 0, ""policy.cnn_kernel_1"": 1, ""policy.cnn_pool_1"": 0, ""policy.cnn_projection"": 128, ""policy.cnn_residual_1"": 1, ""policy.cnn_stride_1"": 8, ""policy.hidden_size"": 128, ""policy.num_layers"": 1, ""version"": ""connect4-flex-v1""}",0.0013,,
final_only,mean,seconds,Combined,Flex,wild-maple-2,73,2414592,0.001717,27.090537071228027,26.9,89761.7843866171,54752,final,1165,"{""observation"": [1, 36, 44], ""policy.cnn_channels_1"": 16, ""policy.cnn_depth"": 1, ""policy.cnn_global_pool"": 0, ""policy.cnn_kernel_1"": 2, ""policy.cnn_pool_1"": 2, ""policy.cnn_projection"": 16, ""policy.cnn_residual_1"": 0, ""policy.cnn_stride_1"": 8, ""policy.hidden_size"": 128, ""policy.num_layers"": 1, ""version"": ""connect4-flex-v1""}",0.0007,,
final_only,mean,seconds,Combined,Flex,wild-falcon-50,73,2791424,0.002542,34.60616755485535,34.41,81122.46439988376,77568,final,1180,"{""observation"": [1, 36, 44], ""policy.cnn_channels_1"": 32, ""policy.cnn_channels_2"": 32, ""policy.cnn_depth"": 2, ""policy.cnn_global_pool"": 0, ""policy.cnn_kernel_1"": 4, ""policy.cnn_kernel_2"": 2, ""policy.cnn_pool_1"": 0, ""policy.cnn_pool_2"": 0, ""policy.cnn_projection"": 32, ""policy.cnn_residual_1"": 0, ""policy.cnn_residual_2"": 1, ""policy.cnn_stride_1"": 4, ""policy.cnn_stride_2"": 4, ""policy.hidden_size"": 128, ""policy.num_layers"": 1, ""version"": ""connect4-flex-v1""}",0.0005,,
final_only,mean,seconds,Combined,Nature,Nature three-seed mean,mean,3319808,0.11162033333333334,43.01729814211527,,81014.6087817759,138528,reference checkpoint,1108,{},,0.044444,0.153233
final_only,mean,seconds,Combined,Flex,happy-bear-34,73,7239680,0.157494,76.81128358840942,76.63,94475.79277045545,90320,final,1181,"{""observation"": [1, 36, 44], ""policy.cnn_channels_1"": 16, ""policy.cnn_depth"": 1, ""policy.cnn_global_pool"": 0, ""policy.cnn_kernel_1"": 8, ""policy.cnn_pool_1"": 0, ""policy.cnn_projection"": 64, ""policy.cnn_residual_1"": 0, ""policy.cnn_stride_1"": 8, ""policy.hidden_size"": 128, ""policy.num_layers"": 1, ""version"": ""connect4-flex-v1""}",0.1466,,
final_only,mean,seconds,Combined,Nature,Nature three-seed mean,mean,6639616,0.644805,84.1896337668101,,81014.6087817759,138528,reference checkpoint,1107,{},,0.48791,0.753388
final_only,mean,seconds,Combined,Flex,mystic-fox-122,73,8708096,0.65158,100.96033954620361,100.74,86441.29442128251,261632,final,1171,"{""observation"": [1, 36, 44], ""policy.cnn_channels_1"": 32, ""policy.cnn_depth"": 1, ""policy.cnn_global_pool"": 0, ""policy.cnn_kernel_1"": 3, ""policy.cnn_pool_1"": 0, ""policy.cnn_projection"": 64, ""policy.cnn_residual_1"": 0, ""policy.cnn_stride_1"": 4, ""policy.hidden_size"": 128, ""policy.num_layers"": 1, ""version"": ""connect4-flex-v1""}",0.6275,,
final_only,mean,seconds,Combined,Flex,cosmic-robin-49,73,9035776,0.677249,102.0407943725586,101.82,88742.64388135927,160736,final,1134,"{""observation"": [1, 36, 44], ""policy.cnn_channels_1"": 16, ""policy.cnn_depth"": 1, ""policy.cnn_global_pool"": 0, ""policy.cnn_kernel_1"": 7, ""policy.cnn_pool_1"": 0, ""policy.cnn_projection"": 64, ""policy.cnn_residual_1"": 0, ""policy.cnn_stride_1"": 4, ""policy.hidden_size"": 128, ""policy.num_layers"": 1, ""version"": ""connect4-flex-v1""}",0.6663,,
final_only,mean,seconds,Combined,Flex,cosmic-wolf-116,73,9484288,0.815534,103.7329204082489,103.54,91600.23179447556,261856,final,1030,"{""observation"": [1, 36, 44], ""policy.cnn_channels_1"": 32, ""policy.cnn_depth"": 1, ""policy.cnn_global_pool"": 0, ""policy.cnn_kernel_1"": 4, ""policy.cnn_pool_1"": 0, ""policy.cnn_projection"": 64, ""policy.cnn_residual_1"": 0, ""policy.cnn_stride_1"": 4, ""policy.hidden_size"": 128, ""policy.num_layers"": 1, ""version"": ""connect4-flex-v1""}",0.8128,,
final_only,mean,seconds,Combined,Flex,gentle-tree-110,73,10854400,0.829428,115.6741669178009,115.45,94018.18969250757,253472,final,1067,"{""observation"": [1, 36, 44], ""policy.cnn_channels_1"": 16, ""policy.cnn_depth"": 1, ""policy.cnn_global_pool"": 0, ""policy.cnn_kernel_1"": 5, ""policy.cnn_pool_1"": 0, ""policy.cnn_projection"": 128, ""policy.cnn_residual_1"": 0, ""policy.cnn_stride_1"": 4, ""policy.hidden_size"": 128, ""policy.num_layers"": 1, ""version"": ""connect4-flex-v1""}",0.8359,,
final_only,mean,seconds,Combined,Flex,silver-robin-80,73,11126784,0.856282,123.09410119056702,122.9,90535.26444263628,160736,final,1162,"{""observation"": [1, 36, 44], ""policy.cnn_channels_1"": 16, ""policy.cnn_depth"": 1, ""policy.cnn_global_pool"": 0, ""policy.cnn_kernel_1"": 7, ""policy.cnn_pool_1"": 0, ""policy.cnn_projection"": 64, ""policy.cnn_residual_1"": 0, ""policy.cnn_stride_1"": 4, ""policy.hidden_size"": 128, ""policy.num_layers"": 1, ""version"": ""connect4-flex-v1""}",0.8494,,
final_only,mean,seconds,Combined,Flex,silver-owl-109,73,12013568,0.878049,127.17214703559875,126.98,94609.92282249173,253472,final,1066,"{""observation"": [1, 36, 44], ""policy.cnn_channels_1"": 16, ""policy.cnn_depth"": 1, ""policy.cnn_global_pool"": 0, ""policy.cnn_kernel_1"": 5, ""policy.cnn_pool_1"": 0, ""policy.cnn_projection"": 128, ""policy.cnn_residual_1"": 0, ""policy.cnn_stride_1"": 4, ""policy.hidden_size"": 128, ""policy.num_layers"": 1, ""version"": ""connect4-flex-v1""}",0.8669,,
final_only,mean,seconds,Combined,Flex,calm-otter-91,73,12730368,0.882066,137.17614889144897,136.99,92929.17731221256,160528,final,1026,"{""observation"": [1, 36, 44], ""policy.cnn_channels_1"": 16, ""policy.cnn_depth"": 1, ""policy.cnn_global_pool"": 0, ""policy.cnn_kernel_1"": 6, ""policy.cnn_pool_1"": 0, ""policy.cnn_projection"": 64, ""policy.cnn_residual_1"": 0, ""policy.cnn_stride_1"": 4, ""policy.hidden_size"": 128, ""policy.num_layers"": 1, ""version"": ""connect4-flex-v1""}",0.8732,,
final_only,mean,seconds,Combined,Flex,brave-comet-51,73,12662784,0.919965,137.574627161026,137.37,92180.12666521074,160736,final,1137,"{""observation"": [1, 36, 44], ""policy.cnn_channels_1"": 16, ""policy.cnn_depth"": 1, ""policy.cnn_global_pool"": 0, ""policy.cnn_kernel_1"": 7, ""policy.cnn_pool_1"": 0, ""policy.cnn_projection"": 64, ""policy.cnn_residual_1"": 0, ""policy.cnn_stride_1"": 4, ""policy.hidden_size"": 128, ""policy.num_layers"": 1, ""version"": ""connect4-flex-v1""}",0.902,,
final_only,mean,seconds,Combined,IMPALA,IMPALA three-seed mean,mean,6639616,0.9852343333333333,615.3242156505585,,10803.133148511883,270496,reference checkpoint,1031,{},,0.976722,0.993981
final_only,mean,seconds,Combined,IMPALA,IMPALA three-seed mean,mean,9959424,0.9898513333333333,922.375411272049,,10803.133148511883,270496,reference checkpoint,1094,{},,0.986289,0.994854
final_only,mean,seconds,Combined,IMPALA,IMPALA three-seed mean,mean,13279232,0.9918963333333334,1229.4959301948547,1226.806696653366,10803.133148511883,270496,reference checkpoint,1090,{},,0.989908,0.995723
final_only,mean,steps,Flex,Flex,swift-fox-11,73,2185216,0.0,26.91883158683777,26.71,81812.65443654062,64736,final,1196,"{""observation"": [1, 36, 44], ""policy.cnn_channels_1"": 16, ""policy.cnn_channels_2"": 16, ""policy.cnn_depth"": 2, ""policy.cnn_global_pool"": 0, ""policy.cnn_kernel_1"": 8, ""policy.cnn_kernel_2"": 2, ""policy.cnn_pool_1"": 2, ""policy.cnn_pool_2"": 1, ""policy.cnn_projection"": 64, ""policy.cnn_residual_1"": 0, ""policy.cnn_residual_2"": 0, ""policy.cnn_stride_1"": 4, ""policy.cnn_stride_2"": 2, ""policy.hidden_size"": 128, ""policy.num_layers"": 1, ""version"": ""connect4-flex-v1""}",0.0007,,
final_only,mean,steps,Flex,Flex,swift-maple-8,73,2211840,0.000828,28.523082971572876,28.32,78101.69491525424,59856,final,1208,"{""observation"": [1, 36, 44], ""policy.cnn_channels_1"": 32, ""policy.cnn_channels_2"": 8, ""policy.cnn_channels_3"": 16, ""policy.cnn_depth"": 3, ""policy.cnn_global_pool"": 1, ""policy.cnn_kernel_1"": 7, ""policy.cnn_kernel_2"": 1, ""policy.cnn_kernel_3"": 1, ""policy.cnn_pool_1"": 2, ""policy.cnn_pool_2"": 1, ""policy.cnn_pool_3"": 1, ""policy.cnn_projection"": 32, ""policy.cnn_residual_1"": 0, ""policy.cnn_residual_2"": 1, ""policy.cnn_residual_3"": 1, ""policy.cnn_stride_1"": 4, ""policy.cnn_stride_2"": 2, ""policy.cnn_stride_3"": 1, ""policy.hidden_size"": 128, ""policy.num_layers"": 1, ""version"": ""connect4-flex-v1""}",0.0002,,
final_only,mean,steps,Flex,Flex,lucky-robin-7,73,2332672,0.001714,26.571832418441772,26.38,88425.77710386657,114096,final,1167,"{""observation"": [1, 36, 44], ""policy.cnn_channels_1"": 16, ""policy.cnn_depth"": 1, ""policy.cnn_global_pool"": 0, ""policy.cnn_kernel_1"": 1, ""policy.cnn_pool_1"": 0, ""policy.cnn_projection"": 128, ""policy.cnn_residual_1"": 1, ""policy.cnn_stride_1"": 8, ""policy.hidden_size"": 128, ""policy.num_layers"": 1, ""version"": ""connect4-flex-v1""}",0.0013,,
final_only,mean,steps,Flex,Flex,wild-maple-2,73,2414592,0.001717,27.090537071228027,26.9,89761.7843866171,54752,final,1165,"{""observation"": [1, 36, 44], ""policy.cnn_channels_1"": 16, ""policy.cnn_depth"": 1, ""policy.cnn_global_pool"": 0, ""policy.cnn_kernel_1"": 2, ""policy.cnn_pool_1"": 2, ""policy.cnn_projection"": 16, ""policy.cnn_residual_1"": 0, ""policy.cnn_stride_1"": 8, ""policy.hidden_size"": 128, ""policy.num_layers"": 1, ""version"": ""connect4-flex-v1""}",0.0007,,
final_only,mean,steps,Flex,Flex,wild-falcon-50,73,2791424,0.002542,34.60616755485535,34.41,81122.46439988376,77568,final,1180,"{""observation"": [1, 36, 44], ""policy.cnn_channels_1"": 32, ""policy.cnn_channels_2"": 32, ""policy.cnn_depth"": 2, ""policy.cnn_global_pool"": 0, ""policy.cnn_kernel_1"": 4, ""policy.cnn_kernel_2"": 2, ""policy.cnn_pool_1"": 0, ""policy.cnn_pool_2"": 0, ""policy.cnn_projection"": 32, ""policy.cnn_residual_1"": 0, ""policy.cnn_residual_2"": 1, ""policy.cnn_stride_1"": 4, ""policy.cnn_stride_2"": 4, ""policy.hidden_size"": 128, ""policy.num_layers"": 1, ""version"": ""connect4-flex-v1""}",0.0005,,
final_only,mean,steps,Flex,Flex,sunny-comet-19,73,4411392,0.003806,50.820653438568115,50.59,87198.89306186992,65560,final,1051,"{""observation"": [1, 36, 44], ""policy.cnn_channels_1"": 8, ""policy.cnn_depth"": 1, ""policy.cnn_global_pool"": 0, ""policy.cnn_kernel_1"": 8, ""policy.cnn_pool_1"": 0, ""policy.cnn_projection"": 16, ""policy.cnn_residual_1"": 0, ""policy.cnn_stride_1"": 4, ""policy.hidden_size"": 128, ""policy.num_layers"": 1, ""version"": ""connect4-flex-v1""}",0.0046,,
final_only,mean,steps,Flex,Flex,lucky-falcon-25,73,5955584,0.073148,68.24216866493225,68.06,87504.90743461651,109768,final,1080,"{""observation"": [1, 36, 44], ""policy.cnn_channels_1"": 8, ""policy.cnn_depth"": 1, ""policy.cnn_global_pool"": 0, ""policy.cnn_kernel_1"": 8, ""policy.cnn_pool_1"": 0, ""policy.cnn_projection"": 64, ""policy.cnn_residual_1"": 0, ""policy.cnn_stride_1"": 4, ""policy.hidden_size"": 128, ""policy.num_layers"": 1, ""version"": ""connect4-flex-v1""}",0.059,,
final_only,mean,steps,Flex,Flex,happy-bear-34,73,7239680,0.157494,76.81128358840942,76.63,94475.79277045545,90320,final,1181,"{""observation"": [1, 36, 44], ""policy.cnn_channels_1"": 16, ""policy.cnn_depth"": 1, ""policy.cnn_global_pool"": 0, ""policy.cnn_kernel_1"": 8, ""policy.cnn_pool_1"": 0, ""policy.cnn_projection"": 64, ""policy.cnn_residual_1"": 0, ""policy.cnn_stride_1"": 8, ""policy.hidden_size"": 128, ""policy.num_layers"": 1, ""version"": ""connect4-flex-v1""}",0.1466,,
final_only,mean,steps,Flex,Flex,mystic-comet-67,73,7933952,0.440633,88.39209008216858,88.18,89974.5066908596,160352,final,1137,"{""observation"": [1, 36, 44], ""policy.cnn_channels_1"": 16, ""policy.cnn_depth"": 1, ""policy.cnn_global_pool"": 0, ""policy.cnn_kernel_1"": 5, ""policy.cnn_pool_1"": 0, ""policy.cnn_projection"": 64, ""policy.cnn_residual_1"": 0, ""policy.cnn_stride_1"": 4, ""policy.hidden_size"": 128, ""policy.num_layers"": 1, ""version"": ""connect4-flex-v1""}",0.4341,,
final_only,mean,steps,Flex,Flex,golden-river-20,73,8321024,0.555659,93.30732774734497,93.11,89367.6726452583,160736,final,1069,"{""observation"": [1, 36, 44], ""policy.cnn_channels_1"": 16, ""policy.cnn_depth"": 1, ""policy.cnn_global_pool"": 0, ""policy.cnn_kernel_1"": 7, ""policy.cnn_pool_1"": 0, ""policy.cnn_projection"": 64, ""policy.cnn_residual_1"": 0, ""policy.cnn_stride_1"": 4, ""policy.hidden_size"": 128, ""policy.num_layers"": 1, ""version"": ""connect4-flex-v1""}",0.5616,,
final_only,mean,steps,Flex,Flex,mystic-fox-122,73,8708096,0.65158,100.96033954620361,100.74,86441.29442128251,261632,final,1171,"{""observation"": [1, 36, 44], ""policy.cnn_channels_1"": 32, ""policy.cnn_depth"": 1, ""policy.cnn_global_pool"": 0, ""policy.cnn_kernel_1"": 3, ""policy.cnn_pool_1"": 0, ""policy.cnn_projection"": 64, ""policy.cnn_residual_1"": 0, ""policy.cnn_stride_1"": 4, ""policy.hidden_size"": 128, ""policy.num_layers"": 1, ""version"": ""connect4-flex-v1""}",0.6275,,
final_only,mean,steps,Flex,Flex,cosmic-robin-49,73,9035776,0.677249,102.0407943725586,101.82,88742.64388135927,160736,final,1134,"{""observation"": [1, 36, 44], ""policy.cnn_channels_1"": 16, ""policy.cnn_depth"": 1, ""policy.cnn_global_pool"": 0, ""policy.cnn_kernel_1"": 7, ""policy.cnn_pool_1"": 0, ""policy.cnn_projection"": 64, ""policy.cnn_residual_1"": 0, ""policy.cnn_stride_1"": 4, ""policy.hidden_size"": 128, ""policy.num_layers"": 1, ""version"": ""connect4-flex-v1""}",0.6663,,
final_only,mean,steps,Flex,Flex,cosmic-wolf-116,73,9484288,0.815534,103.7329204082489,103.54,91600.23179447556,261856,final,1030,"{""observation"": [1, 36, 44], ""policy.cnn_channels_1"": 32, ""policy.cnn_depth"": 1, ""policy.cnn_global_pool"": 0, ""policy.cnn_kernel_1"": 4, ""policy.cnn_pool_1"": 0, ""policy.cnn_projection"": 64, ""policy.cnn_residual_1"": 0, ""policy.cnn_stride_1"": 4, ""policy.hidden_size"": 128, ""policy.num_layers"": 1, ""version"": ""connect4-flex-v1""}",0.8128,,
final_only,mean,steps,Flex,Flex,gentle-tree-110,73,10854400,0.829428,115.6741669178009,115.45,94018.18969250757,253472,final,1067,"{""observation"": [1, 36, 44], ""policy.cnn_channels_1"": 16, ""policy.cnn_depth"": 1, ""policy.cnn_global_pool"": 0, ""policy.cnn_kernel_1"": 5, ""policy.cnn_pool_1"": 0, ""policy.cnn_projection"": 128, ""policy.cnn_residual_1"": 0, ""policy.cnn_stride_1"": 4, ""policy.hidden_size"": 128, ""policy.num_layers"": 1, ""version"": ""connect4-flex-v1""}",0.8359,,
final_only,mean,steps,Flex,Flex,silver-robin-80,73,11126784,0.856282,123.09410119056702,122.9,90535.26444263628,160736,final,1162,"{""observation"": [1, 36, 44], ""policy.cnn_channels_1"": 16, ""policy.cnn_depth"": 1, ""policy.cnn_global_pool"": 0, ""policy.cnn_kernel_1"": 7, ""policy.cnn_pool_1"": 0, ""policy.cnn_projection"": 64, ""policy.cnn_residual_1"": 0, ""policy.cnn_stride_1"": 4, ""policy.hidden_size"": 128, ""policy.num_layers"": 1, ""version"": ""connect4-flex-v1""}",0.8494,,
final_only,mean,steps,Flex,Flex,silver-owl-109,73,12013568,0.878049,127.17214703559875,126.98,94609.92282249173,253472,final,1066,"{""observation"": [1, 36, 44], ""policy.cnn_channels_1"": 16, ""policy.cnn_depth"": 1, ""policy.cnn_global_pool"": 0, ""policy.cnn_kernel_1"": 5, ""policy.cnn_pool_1"": 0, ""policy.cnn_projection"": 128, ""policy.cnn_residual_1"": 0, ""policy.cnn_stride_1"": 4, ""policy.hidden_size"": 128, ""policy.num_layers"": 1, ""version"": ""connect4-flex-v1""}",0.8669,,
final_only,mean,steps,Flex,Flex,brave-comet-51,73,12662784,0.919965,137.574627161026,137.37,92180.12666521074,160736,final,1137,"{""observation"": [1, 36, 44], ""policy.cnn_channels_1"": 16, ""policy.cnn_depth"": 1, ""policy.cnn_global_pool"": 0, ""policy.cnn_kernel_1"": 7, ""policy.cnn_pool_1"": 0, ""policy.cnn_projection"": 64, ""policy.cnn_residual_1"": 0, ""policy.cnn_stride_1"": 4, ""policy.hidden_size"": 128, ""policy.num_layers"": 1, ""version"": ""connect4-flex-v1""}",0.902,,
final_only,mean,steps,Nature,Nature,Nature three-seed mean,mean,3319808,0.11162033333333334,43.01729814211527,,81014.6087817759,138528,reference checkpoint,1108,{},,0.044444,0.153233
final_only,mean,steps,Nature,Nature,Nature three-seed mean,mean,6639616,0.644805,84.1896337668101,,81014.6087817759,138528,reference checkpoint,1107,{},,0.48791,0.753388
final_only,mean,steps,Nature,Nature,Nature three-seed mean,mean,9959424,0.7678566666666666,124.24196306864421,,81014.6087817759,138528,reference checkpoint,1097,{},,0.648099,0.8861
final_only,mean,steps,Nature,Nature,Nature three-seed mean,mean,13279232,0.7870503333333333,164.18494375546774,162.14002561569214,81014.6087817759,138528,reference checkpoint,1096,{},,0.706849,0.883317
final_only,mean,steps,IMPALA,IMPALA,IMPALA three-seed mean,mean,3319808,0.848745,308.5680357615153,,10803.133148511883,270496,reference checkpoint,1117,{},,0.829902,0.869413
final_only,mean,steps,IMPALA,IMPALA,IMPALA three-seed mean,mean,6639616,0.9852343333333333,615.3242156505585,,10803.133148511883,270496,reference checkpoint,1031,{},,0.976722,0.993981
final_only,mean,steps,IMPALA,IMPALA,IMPALA three-seed mean,mean,9959424,0.9898513333333333,922.375411272049,,10803.133148511883,270496,reference checkpoint,1094,{},,0.986289,0.994854
final_only,mean,steps,IMPALA,IMPALA,IMPALA three-seed mean,mean,13279232,0.9918963333333334,1229.4959301948547,1226.806696653366,10803.133148511883,270496,reference checkpoint,1090,{},,0.989908,0.995723
final_only,mean,steps,Impoola,Impoola,Impoola three-seed mean,mean,3319808,0.6072473333333334,308.491557041804,,10836.674476843724,151712,reference checkpoint,1154,{},,0.402946,0.716241
final_only,mean,steps,Impoola,Impoola,Impoola three-seed mean,mean,6639616,0.684357,614.4319295883179,,10836.674476843724,151712,reference checkpoint,1099,{},,0.587807,0.740707
final_only,mean,steps,Impoola,Impoola,Impoola three-seed mean,mean,9959424,0.692139,920.0989464124044,,10836.674476843724,151712,reference checkpoint,1105,{},,0.621719,0.728452
final_only,mean,steps,Impoola,Impoola,Impoola three-seed mean,mean,13279232,0.6949336666666667,1225.6939655145009,1223.7491159439087,10836.674476843724,151712,reference checkpoint,1098,{},,0.617486,0.735902
final_only,mean,steps,Combined,Flex,swift-fox-11,73,2185216,0.0,26.91883158683777,26.71,81812.65443654062,64736,final,1196,"{""observation"": [1, 36, 44], ""policy.cnn_channels_1"": 16, ""policy.cnn_channels_2"": 16, ""policy.cnn_depth"": 2, ""policy.cnn_global_pool"": 0, ""policy.cnn_kernel_1"": 8, ""policy.cnn_kernel_2"": 2, ""policy.cnn_pool_1"": 2, ""policy.cnn_pool_2"": 1, ""policy.cnn_projection"": 64, ""policy.cnn_residual_1"": 0, ""policy.cnn_residual_2"": 0, ""policy.cnn_stride_1"": 4, ""policy.cnn_stride_2"": 2, ""policy.hidden_size"": 128, ""policy.num_layers"": 1, ""version"": ""connect4-flex-v1""}",0.0007,,
final_only,mean,steps,Combined,Flex,swift-maple-8,73,2211840,0.000828,28.523082971572876,28.32,78101.69491525424,59856,final,1208,"{""observation"": [1, 36, 44], ""policy.cnn_channels_1"": 32, ""policy.cnn_channels_2"": 8, ""policy.cnn_channels_3"": 16, ""policy.cnn_depth"": 3, ""policy.cnn_global_pool"": 1, ""policy.cnn_kernel_1"": 7, ""policy.cnn_kernel_2"": 1, ""policy.cnn_kernel_3"": 1, ""policy.cnn_pool_1"": 2, ""policy.cnn_pool_2"": 1, ""policy.cnn_pool_3"": 1, ""policy.cnn_projection"": 32, ""policy.cnn_residual_1"": 0, ""policy.cnn_residual_2"": 1, ""policy.cnn_residual_3"": 1, ""policy.cnn_stride_1"": 4, ""policy.cnn_stride_2"": 2, ""policy.cnn_stride_3"": 1, ""policy.hidden_size"": 128, ""policy.num_layers"": 1, ""version"": ""connect4-flex-v1""}",0.0002,,
final_only,mean,steps,Combined,Flex,lucky-robin-7,73,2332672,0.001714,26.571832418441772,26.38,88425.77710386657,114096,final,1167,"{""observation"": [1, 36, 44], ""policy.cnn_channels_1"": 16, ""policy.cnn_depth"": 1, ""policy.cnn_global_pool"": 0, ""policy.cnn_kernel_1"": 1, ""policy.cnn_pool_1"": 0, ""policy.cnn_projection"": 128, ""policy.cnn_residual_1"": 1, ""policy.cnn_stride_1"": 8, ""policy.hidden_size"": 128, ""policy.num_layers"": 1, ""version"": ""connect4-flex-v1""}",0.0013,,
final_only,mean,steps,Combined,Flex,wild-maple-2,73,2414592,0.001717,27.090537071228027,26.9,89761.7843866171,54752,final,1165,"{""observation"": [1, 36, 44], ""policy.cnn_channels_1"": 16, ""policy.cnn_depth"": 1, ""policy.cnn_global_pool"": 0, ""policy.cnn_kernel_1"": 2, ""policy.cnn_pool_1"": 2, ""policy.cnn_projection"": 16, ""policy.cnn_residual_1"": 0, ""policy.cnn_stride_1"": 8, ""policy.hidden_size"": 128, ""policy.num_layers"": 1, ""version"": ""connect4-flex-v1""}",0.0007,,
final_only,mean,steps,Combined,Flex,wild-falcon-50,73,2791424,0.002542,34.60616755485535,34.41,81122.46439988376,77568,final,1180,"{""observation"": [1, 36, 44], ""policy.cnn_channels_1"": 32, ""policy.cnn_channels_2"": 32, ""policy.cnn_depth"": 2, ""policy.cnn_global_pool"": 0, ""policy.cnn_kernel_1"": 4, ""policy.cnn_kernel_2"": 2, ""policy.cnn_pool_1"": 0, ""policy.cnn_pool_2"": 0, ""policy.cnn_projection"": 32, ""policy.cnn_residual_1"": 0, ""policy.cnn_residual_2"": 1, ""policy.cnn_stride_1"": 4, ""policy.cnn_stride_2"": 4, ""policy.hidden_size"": 128, ""policy.num_layers"": 1, ""version"": ""connect4-flex-v1""}",0.0005,,
final_only,mean,steps,Combined,IMPALA,IMPALA three-seed mean,mean,3319808,0.848745,308.5680357615153,,10803.133148511883,270496,reference checkpoint,1117,{},,0.829902,0.869413
final_only,mean,steps,Combined,IMPALA,IMPALA three-seed mean,mean,6639616,0.9852343333333333,615.3242156505585,,10803.133148511883,270496,reference checkpoint,1031,{},,0.976722,0.993981
final_only,mean,steps,Combined,IMPALA,IMPALA three-seed mean,mean,9959424,0.9898513333333333,922.375411272049,,10803.133148511883,270496,reference checkpoint,1094,{},,0.986289,0.994854
final_only,mean,steps,Combined,IMPALA,IMPALA three-seed mean,mean,13279232,0.9918963333333334,1229.4959301948547,1226.806696653366,10803.133148511883,270496,reference checkpoint,1090,{},,0.989908,0.995723
with_winner_curve,seed73,seconds,Flex,Flex,brave-comet-51,73,1024000,0.0,12.2173011302948,,,160736,winner checkpoint,1177,"{""observation"": [1, 36, 44], ""policy.cnn_channels_1"": 16, ""policy.cnn_depth"": 1, ""policy.cnn_global_pool"": 0, ""policy.cnn_kernel_1"": 7, ""policy.cnn_pool_1"": 0, ""policy.cnn_projection"": 64, ""policy.cnn_residual_1"": 0, ""policy.cnn_stride_1"": 4, ""policy.hidden_size"": 128, ""policy.num_layers"": 1, ""version"": ""connect4-flex-v1""}",,,
with_winner_curve,seed73,seconds,Flex,Flex,brave-comet-51,73,2048000,0.003575,24.037423849105835,,,160736,winner checkpoint,1119,"{""observation"": [1, 36, 44], ""policy.cnn_channels_1"": 16, ""policy.cnn_depth"": 1, ""policy.cnn_global_pool"": 0, ""policy.cnn_kernel_1"": 7, ""policy.cnn_pool_1"": 0, ""policy.cnn_projection"": 64, ""policy.cnn_residual_1"": 0, ""policy.cnn_stride_1"": 4, ""policy.hidden_size"": 128, ""policy.num_layers"": 1, ""version"": ""connect4-flex-v1""}",,,
with_winner_curve,seed73,seconds,Flex,Flex,brave-comet-51,73,3072000,0.077748,35.71754455566406,,,160736,winner checkpoint,1119,"{""observation"": [1, 36, 44], ""policy.cnn_channels_1"": 16, ""policy.cnn_depth"": 1, ""policy.cnn_global_pool"": 0, ""policy.cnn_kernel_1"": 7, ""policy.cnn_pool_1"": 0, ""policy.cnn_projection"": 64, ""policy.cnn_residual_1"": 0, ""policy.cnn_stride_1"": 4, ""policy.hidden_size"": 128, ""policy.num_layers"": 1, ""version"": ""connect4-flex-v1""}",,,
with_winner_curve,seed73,seconds,Flex,Flex,brave-comet-51,73,4096000,0.345148,47.14166474342346,,,160736,winner checkpoint,1185,"{""observation"": [1, 36, 44], ""policy.cnn_channels_1"": 16, ""policy.cnn_depth"": 1, ""policy.cnn_global_pool"": 0, ""policy.cnn_kernel_1"": 7, ""policy.cnn_pool_1"": 0, ""policy.cnn_projection"": 64, ""policy.cnn_residual_1"": 0, ""policy.cnn_stride_1"": 4, ""policy.hidden_size"": 128, ""policy.num_layers"": 1, ""version"": ""connect4-flex-v1""}",,,
with_winner_curve,seed73,seconds,Flex,Flex,brave-comet-51,73,5120000,0.708054,58.20978283882141,,,160736,winner checkpoint,1192,"{""observation"": [1, 36, 44], ""policy.cnn_channels_1"": 16, ""policy.cnn_depth"": 1, ""policy.cnn_global_pool"": 0, ""policy.cnn_kernel_1"": 7, ""policy.cnn_pool_1"": 0, ""policy.cnn_projection"": 64, ""policy.cnn_residual_1"": 0, ""policy.cnn_stride_1"": 4, ""policy.hidden_size"": 128, ""policy.num_layers"": 1, ""version"": ""connect4-flex-v1""}",,,
with_winner_curve,seed73,seconds,Flex,Flex,brave-comet-51,73,6144000,0.848246,69.02589416503906,,,160736,winner checkpoint,1140,"{""observation"": [1, 36, 44], ""policy.cnn_channels_1"": 16, ""policy.cnn_depth"": 1, ""policy.cnn_global_pool"": 0, ""policy.cnn_kernel_1"": 7, ""policy.cnn_pool_1"": 0, ""policy.cnn_projection"": 64, ""policy.cnn_residual_1"": 0, ""policy.cnn_stride_1"": 4, ""policy.hidden_size"": 128, ""policy.num_layers"": 1, ""version"": ""connect4-flex-v1""}",,,
with_winner_curve,seed73,seconds,Flex,Flex,brave-comet-51,73,7168000,0.882405,79.80200529098511,,,160736,winner checkpoint,1131,"{""observation"": [1, 36, 44], ""policy.cnn_channels_1"": 16, ""policy.cnn_depth"": 1, ""policy.cnn_global_pool"": 0, ""policy.cnn_kernel_1"": 7, ""policy.cnn_pool_1"": 0, ""policy.cnn_projection"": 64, ""policy.cnn_residual_1"": 0, ""policy.cnn_stride_1"": 4, ""policy.hidden_size"": 128, ""policy.num_layers"": 1, ""version"": ""connect4-flex-v1""}",,,
with_winner_curve,seed73,seconds,Flex,Flex,brave-comet-51,73,8192000,0.905273,90.56212449073792,,,160736,winner checkpoint,1119,"{""observation"": [1, 36, 44], ""policy.cnn_channels_1"": 16, ""policy.cnn_depth"": 1, ""policy.cnn_global_pool"": 0, ""policy.cnn_kernel_1"": 7, ""policy.cnn_pool_1"": 0, ""policy.cnn_projection"": 64, ""policy.cnn_residual_1"": 0, ""policy.cnn_stride_1"": 4, ""policy.hidden_size"": 128, ""policy.num_layers"": 1, ""version"": ""connect4-flex-v1""}",,,
with_winner_curve,seed73,seconds,Flex,Flex,brave-comet-51,73,9216000,0.91117,101.3102355003357,,,160736,winner checkpoint,1137,"{""observation"": [1, 36, 44], ""policy.cnn_channels_1"": 16, ""policy.cnn_depth"": 1, ""policy.cnn_global_pool"": 0, ""policy.cnn_kernel_1"": 7, ""policy.cnn_pool_1"": 0, ""policy.cnn_projection"": 64, ""policy.cnn_residual_1"": 0, ""policy.cnn_stride_1"": 4, ""policy.hidden_size"": 128, ""policy.num_layers"": 1, ""version"": ""connect4-flex-v1""}",,,
with_winner_curve,seed73,seconds,Flex,Flex,brave-comet-51,73,10240000,0.920455,112.11035370826721,,,160736,winner checkpoint,1144,"{""observation"": [1, 36, 44], ""policy.cnn_channels_1"": 16, ""policy.cnn_depth"": 1, ""policy.cnn_global_pool"": 0, ""policy.cnn_kernel_1"": 7, ""policy.cnn_pool_1"": 0, ""policy.cnn_projection"": 64, ""policy.cnn_residual_1"": 0, ""policy.cnn_stride_1"": 4, ""policy.hidden_size"": 128, ""policy.num_layers"": 1, ""version"": ""connect4-flex-v1""}",,,
with_winner_curve,seed73,seconds,Nature,Nature,Nature seed 73,73,3319808,0.137184,43.06877541542053,,81899.7773657365,138528,reference checkpoint,1108,{},,,
with_winner_curve,seed73,seconds,Nature,Nature,Nature seed 73,73,6639616,0.753388,83.76909875869751,,81899.7773657365,138528,reference checkpoint,1107,{},,,
with_winner_curve,seed73,seconds,Nature,Nature,Nature seed 73,73,9959424,0.769371,123.08542084693909,,81899.7773657365,138528,reference checkpoint,1097,{},,,
with_winner_curve,seed73,seconds,Nature,Nature,Nature seed 73,73,13279232,0.770985,162.45772981643677,162.14002561569214,81899.7773657365,138528,reference checkpoint,1096,{},,,
with_winner_curve,seed73,seconds,IMPALA,IMPALA,IMPALA seed 73,73,3319808,0.829902,307.92807817459106,,10824.225231427836,270496,reference checkpoint,1117,{},,,
with_winner_curve,seed73,seconds,IMPALA,IMPALA,IMPALA seed 73,73,6639616,0.976722,613.9665832519531,,10824.225231427836,270496,reference checkpoint,1031,{},,,
with_winner_curve,seed73,seconds,IMPALA,IMPALA,IMPALA seed 73,73,9959424,0.986289,920.5610918998718,,10824.225231427836,270496,reference checkpoint,1094,{},,,
with_winner_curve,seed73,seconds,IMPALA,IMPALA,IMPALA seed 73,73,13279232,0.989908,1227.1115837097168,1226.806696653366,10824.225231427836,270496,reference checkpoint,1090,{},,,
with_winner_curve,seed73,seconds,Impoola,Impoola,Impoola seed 73,73,3319808,0.402946,308.8621790409088,,10851.26994331464,151712,reference checkpoint,1154,{},,,
with_winner_curve,seed73,seconds,Impoola,Impoola,Impoola seed 73,73,6639616,0.587807,614.1046938896179,,10851.26994331464,151712,reference checkpoint,1099,{},,,
with_winner_curve,seed73,seconds,Impoola,Impoola,Impoola seed 73,73,9959424,0.621719,919.0551979541779,,10851.26994331464,151712,reference checkpoint,1105,{},,,
with_winner_curve,seed73,seconds,Combined,Flex,brave-comet-51,73,1024000,0.0,12.2173011302948,,,160736,winner checkpoint,1177,"{""observation"": [1, 36, 44], ""policy.cnn_channels_1"": 16, ""policy.cnn_depth"": 1, ""policy.cnn_global_pool"": 0, ""policy.cnn_kernel_1"": 7, ""policy.cnn_pool_1"": 0, ""policy.cnn_projection"": 64, ""policy.cnn_residual_1"": 0, ""policy.cnn_stride_1"": 4, ""policy.hidden_size"": 128, ""policy.num_layers"": 1, ""version"": ""connect4-flex-v1""}",,,
with_winner_curve,seed73,seconds,Combined,Flex,brave-comet-51,73,2048000,0.003575,24.037423849105835,,,160736,winner checkpoint,1119,"{""observation"": [1, 36, 44], ""policy.cnn_channels_1"": 16, ""policy.cnn_depth"": 1, ""policy.cnn_global_pool"": 0, ""policy.cnn_kernel_1"": 7, ""policy.cnn_pool_1"": 0, ""policy.cnn_projection"": 64, ""policy.cnn_residual_1"": 0, ""policy.cnn_stride_1"": 4, ""policy.hidden_size"": 128, ""policy.num_layers"": 1, ""version"": ""connect4-flex-v1""}",,,
with_winner_curve,seed73,seconds,Combined,Flex,brave-comet-51,73,3072000,0.077748,35.71754455566406,,,160736,winner checkpoint,1119,"{""observation"": [1, 36, 44], ""policy.cnn_channels_1"": 16, ""policy.cnn_depth"": 1, ""policy.cnn_global_pool"": 0, ""policy.cnn_kernel_1"": 7, ""policy.cnn_pool_1"": 0, ""policy.cnn_projection"": 64, ""policy.cnn_residual_1"": 0, ""policy.cnn_stride_1"": 4, ""policy.hidden_size"": 128, ""policy.num_layers"": 1, ""version"": ""connect4-flex-v1""}",,,
with_winner_curve,seed73,seconds,Combined,Nature,Nature seed 73,73,3319808,0.137184,43.06877541542053,,81899.7773657365,138528,reference checkpoint,1108,{},,,
with_winner_curve,seed73,seconds,Combined,Flex,brave-comet-51,73,4096000,0.345148,47.14166474342346,,,160736,winner checkpoint,1185,"{""observation"": [1, 36, 44], ""policy.cnn_channels_1"": 16, ""policy.cnn_depth"": 1, ""policy.cnn_global_pool"": 0, ""policy.cnn_kernel_1"": 7, ""policy.cnn_pool_1"": 0, ""policy.cnn_projection"": 64, ""policy.cnn_residual_1"": 0, ""policy.cnn_stride_1"": 4, ""policy.hidden_size"": 128, ""policy.num_layers"": 1, ""version"": ""connect4-flex-v1""}",,,
with_winner_curve,seed73,seconds,Combined,Flex,brave-comet-51,73,5120000,0.708054,58.20978283882141,,,160736,winner checkpoint,1192,"{""observation"": [1, 36, 44], ""policy.cnn_channels_1"": 16, ""policy.cnn_depth"": 1, ""policy.cnn_global_pool"": 0, ""policy.cnn_kernel_1"": 7, ""policy.cnn_pool_1"": 0, ""policy.cnn_projection"": 64, ""policy.cnn_residual_1"": 0, ""policy.cnn_stride_1"": 4, ""policy.hidden_size"": 128, ""policy.num_layers"": 1, ""version"": ""connect4-flex-v1""}",,,
with_winner_curve,seed73,seconds,Combined,Flex,brave-comet-51,73,6144000,0.848246,69.02589416503906,,,160736,winner checkpoint,1140,"{""observation"": [1, 36, 44], ""policy.cnn_channels_1"": 16, ""policy.cnn_depth"": 1, ""policy.cnn_global_pool"": 0, ""policy.cnn_kernel_1"": 7, ""policy.cnn_pool_1"": 0, ""policy.cnn_projection"": 64, ""policy.cnn_residual_1"": 0, ""policy.cnn_stride_1"": 4, ""policy.hidden_size"": 128, ""policy.num_layers"": 1, ""version"": ""connect4-flex-v1""}",,,
with_winner_curve,seed73,seconds,Combined,Flex,brave-comet-51,73,7168000,0.882405,79.80200529098511,,,160736,winner checkpoint,1131,"{""observation"": [1, 36, 44], ""policy.cnn_channels_1"": 16, ""policy.cnn_depth"": 1, ""policy.cnn_global_pool"": 0, ""policy.cnn_kernel_1"": 7, ""policy.cnn_pool_1"": 0, ""policy.cnn_projection"": 64, ""policy.cnn_residual_1"": 0, ""policy.cnn_stride_1"": 4, ""policy.hidden_size"": 128, ""policy.num_layers"": 1, ""version"": ""connect4-flex-v1""}",,,
with_winner_curve,seed73,seconds,Combined,Flex,brave-comet-51,73,8192000,0.905273,90.56212449073792,,,160736,winner checkpoint,1119,"{""observation"": [1, 36, 44], ""policy.cnn_channels_1"": 16, ""policy.cnn_depth"": 1, ""policy.cnn_global_pool"": 0, ""policy.cnn_kernel_1"": 7, ""policy.cnn_pool_1"": 0, ""policy.cnn_projection"": 64, ""policy.cnn_residual_1"": 0, ""policy.cnn_stride_1"": 4, ""policy.hidden_size"": 128, ""policy.num_layers"": 1, ""version"": ""connect4-flex-v1""}",,,
with_winner_curve,seed73,seconds,Combined,Flex,brave-comet-51,73,9216000,0.91117,101.3102355003357,,,160736,winner checkpoint,1137,"{""observation"": [1, 36, 44], ""policy.cnn_channels_1"": 16, ""policy.cnn_depth"": 1, ""policy.cnn_global_pool"": 0, ""policy.cnn_kernel_1"": 7, ""policy.cnn_pool_1"": 0, ""policy.cnn_projection"": 64, ""policy.cnn_residual_1"": 0, ""policy.cnn_stride_1"": 4, ""policy.hidden_size"": 128, ""policy.num_layers"": 1, ""version"": ""connect4-flex-v1""}",,,
with_winner_curve,seed73,seconds,Combined,Flex,brave-comet-51,73,10240000,0.920455,112.11035370826721,,,160736,winner checkpoint,1144,"{""observation"": [1, 36, 44], ""policy.cnn_channels_1"": 16, ""policy.cnn_depth"": 1, ""policy.cnn_global_pool"": 0, ""policy.cnn_kernel_1"": 7, ""policy.cnn_pool_1"": 0, ""policy.cnn_projection"": 64, ""policy.cnn_residual_1"": 0, ""policy.cnn_stride_1"": 4, ""policy.hidden_size"": 128, ""policy.num_layers"": 1, ""version"": ""connect4-flex-v1""}",,,
with_winner_curve,seed73,seconds,Combined,IMPALA,IMPALA seed 73,73,6639616,0.976722,613.9665832519531,,10824.225231427836,270496,reference checkpoint,1031,{},,,
with_winner_curve,seed73,seconds,Combined,IMPALA,IMPALA seed 73,73,9959424,0.986289,920.5610918998718,,10824.225231427836,270496,reference checkpoint,1094,{},,,
with_winner_curve,seed73,seconds,Combined,IMPALA,IMPALA seed 73,73,13279232,0.989908,1227.1115837097168,1226.806696653366,10824.225231427836,270496,reference checkpoint,1090,{},,,
with_winner_curve,seed73,steps,Flex,Flex,brave-comet-51,73,1024000,0.0,12.2173011302948,,,160736,winner checkpoint,1177,"{""observation"": [1, 36, 44], ""policy.cnn_channels_1"": 16, ""policy.cnn_depth"": 1, ""policy.cnn_global_pool"": 0, ""policy.cnn_kernel_1"": 7, ""policy.cnn_pool_1"": 0, ""policy.cnn_projection"": 64, ""policy.cnn_residual_1"": 0, ""policy.cnn_stride_1"": 4, ""policy.hidden_size"": 128, ""policy.num_layers"": 1, ""version"": ""connect4-flex-v1""}",,,
with_winner_curve,seed73,steps,Flex,Flex,brave-comet-51,73,2048000,0.003575,24.037423849105835,,,160736,winner checkpoint,1119,"{""observation"": [1, 36, 44], ""policy.cnn_channels_1"": 16, ""policy.cnn_depth"": 1, ""policy.cnn_global_pool"": 0, ""policy.cnn_kernel_1"": 7, ""policy.cnn_pool_1"": 0, ""policy.cnn_projection"": 64, ""policy.cnn_residual_1"": 0, ""policy.cnn_stride_1"": 4, ""policy.hidden_size"": 128, ""policy.num_layers"": 1, ""version"": ""connect4-flex-v1""}",,,
with_winner_curve,seed73,steps,Flex,Flex,brave-comet-51,73,3072000,0.077748,35.71754455566406,,,160736,winner checkpoint,1119,"{""observation"": [1, 36, 44], ""policy.cnn_channels_1"": 16, ""policy.cnn_depth"": 1, ""policy.cnn_global_pool"": 0, ""policy.cnn_kernel_1"": 7, ""policy.cnn_pool_1"": 0, ""policy.cnn_projection"": 64, ""policy.cnn_residual_1"": 0, ""policy.cnn_stride_1"": 4, ""policy.hidden_size"": 128, ""policy.num_layers"": 1, ""version"": ""connect4-flex-v1""}",,,
with_winner_curve,seed73,steps,Flex,Flex,brave-comet-51,73,4096000,0.345148,47.14166474342346,,,160736,winner checkpoint,1185,"{""observation"": [1, 36, 44], ""policy.cnn_channels_1"": 16, ""policy.cnn_depth"": 1, ""policy.cnn_global_pool"": 0, ""policy.cnn_kernel_1"": 7, ""policy.cnn_pool_1"": 0, ""policy.cnn_projection"": 64, ""policy.cnn_residual_1"": 0, ""policy.cnn_stride_1"": 4, ""policy.hidden_size"": 128, ""policy.num_layers"": 1, ""version"": ""connect4-flex-v1""}",,,
with_winner_curve,seed73,steps,Flex,Flex,brave-comet-51,73,5120000,0.708054,58.20978283882141,,,160736,winner checkpoint,1192,"{""observation"": [1, 36, 44], ""policy.cnn_channels_1"": 16, ""policy.cnn_depth"": 1, ""policy.cnn_global_pool"": 0, ""policy.cnn_kernel_1"": 7, ""policy.cnn_pool_1"": 0, ""policy.cnn_projection"": 64, ""policy.cnn_residual_1"": 0, ""policy.cnn_stride_1"": 4, ""policy.hidden_size"": 128, ""policy.num_layers"": 1, ""version"": ""connect4-flex-v1""}",,,
with_winner_curve,seed73,steps,Flex,Flex,brave-comet-51,73,6144000,0.848246,69.02589416503906,,,160736,winner checkpoint,1140,"{""observation"": [1, 36, 44], ""policy.cnn_channels_1"": 16, ""policy.cnn_depth"": 1, ""policy.cnn_global_pool"": 0, ""policy.cnn_kernel_1"": 7, ""policy.cnn_pool_1"": 0, ""policy.cnn_projection"": 64, ""policy.cnn_residual_1"": 0, ""policy.cnn_stride_1"": 4, ""policy.hidden_size"": 128, ""policy.num_layers"": 1, ""version"": ""connect4-flex-v1""}",,,
with_winner_curve,seed73,steps,Flex,Flex,brave-comet-51,73,7168000,0.882405,79.80200529098511,,,160736,winner checkpoint,1131,"{""observation"": [1, 36, 44], ""policy.cnn_channels_1"": 16, ""policy.cnn_depth"": 1, ""policy.cnn_global_pool"": 0, ""policy.cnn_kernel_1"": 7, ""policy.cnn_pool_1"": 0, ""policy.cnn_projection"": 64, ""policy.cnn_residual_1"": 0, ""policy.cnn_stride_1"": 4, ""policy.hidden_size"": 128, ""policy.num_layers"": 1, ""version"": ""connect4-flex-v1""}",,,
with_winner_curve,seed73,steps,Flex,Flex,brave-comet-51,73,8192000,0.905273,90.56212449073792,,,160736,winner checkpoint,1119,"{""observation"": [1, 36, 44], ""policy.cnn_channels_1"": 16, ""policy.cnn_depth"": 1, ""policy.cnn_global_pool"": 0, ""policy.cnn_kernel_1"": 7, ""policy.cnn_pool_1"": 0, ""policy.cnn_projection"": 64, ""policy.cnn_residual_1"": 0, ""policy.cnn_stride_1"": 4, ""policy.hidden_size"": 128, ""policy.num_layers"": 1, ""version"": ""connect4-flex-v1""}",,,
with_winner_curve,seed73,steps,Flex,Flex,brave-comet-51,73,9216000,0.91117,101.3102355003357,,,160736,winner checkpoint,1137,"{""observation"": [1, 36, 44], ""policy.cnn_channels_1"": 16, ""policy.cnn_depth"": 1, ""policy.cnn_global_pool"": 0, ""policy.cnn_kernel_1"": 7, ""policy.cnn_pool_1"": 0, ""policy.cnn_projection"": 64, ""policy.cnn_residual_1"": 0, ""policy.cnn_stride_1"": 4, ""policy.hidden_size"": 128, ""policy.num_layers"": 1, ""version"": ""connect4-flex-v1""}",,,
with_winner_curve,seed73,steps,Flex,Flex,brave-comet-51,73,10240000,0.920455,112.11035370826721,,,160736,winner checkpoint,1144,"{""observation"": [1, 36, 44], ""policy.cnn_channels_1"": 16, ""policy.cnn_depth"": 1, ""policy.cnn_global_pool"": 0, ""policy.cnn_kernel_1"": 7, ""policy.cnn_pool_1"": 0, ""policy.cnn_projection"": 64, ""policy.cnn_residual_1"": 0, ""policy.cnn_stride_1"": 4, ""policy.hidden_size"": 128, ""policy.num_layers"": 1, ""version"": ""connect4-flex-v1""}",,,
with_winner_curve,seed73,steps,Nature,Nature,Nature seed 73,73,3319808,0.137184,43.06877541542053,,81899.7773657365,138528,reference checkpoint,1108,{},,,
with_winner_curve,seed73,steps,Nature,Nature,Nature seed 73,73,6639616,0.753388,83.76909875869751,,81899.7773657365,138528,reference checkpoint,1107,{},,,
with_winner_curve,seed73,steps,Nature,Nature,Nature seed 73,73,9959424,0.769371,123.08542084693909,,81899.7773657365,138528,reference checkpoint,1097,{},,,
with_winner_curve,seed73,steps,Nature,Nature,Nature seed 73,73,13279232,0.770985,162.45772981643677,162.14002561569214,81899.7773657365,138528,reference checkpoint,1096,{},,,
with_winner_curve,seed73,steps,IMPALA,IMPALA,IMPALA seed 73,73,3319808,0.829902,307.92807817459106,,10824.225231427836,270496,reference checkpoint,1117,{},,,
with_winner_curve,seed73,steps,IMPALA,IMPALA,IMPALA seed 73,73,6639616,0.976722,613.9665832519531,,10824.225231427836,270496,reference checkpoint,1031,{},,,
with_winner_curve,seed73,steps,IMPALA,IMPALA,IMPALA seed 73,73,9959424,0.986289,920.5610918998718,,10824.225231427836,270496,reference checkpoint,1094,{},,,
with_winner_curve,seed73,steps,IMPALA,IMPALA,IMPALA seed 73,73,13279232,0.989908,1227.1115837097168,1226.806696653366,10824.225231427836,270496,reference checkpoint,1090,{},,,
with_winner_curve,seed73,steps,Impoola,Impoola,Impoola seed 73,73,3319808,0.402946,308.8621790409088,,10851.26994331464,151712,reference checkpoint,1154,{},,,
with_winner_curve,seed73,steps,Impoola,Impoola,Impoola seed 73,73,6639616,0.587807,614.1046938896179,,10851.26994331464,151712,reference checkpoint,1099,{},,,
with_winner_curve,seed73,steps,Impoola,Impoola,Impoola seed 73,73,9959424,0.621719,919.0551979541779,,10851.26994331464,151712,reference checkpoint,1105,{},,,
with_winner_curve,seed73,steps,Combined,Flex,brave-comet-51,73,1024000,0.0,12.2173011302948,,,160736,winner checkpoint,1177,"{""observation"": [1, 36, 44], ""policy.cnn_channels_1"": 16, ""policy.cnn_depth"": 1, ""policy.cnn_global_pool"": 0, ""policy.cnn_kernel_1"": 7, ""policy.cnn_pool_1"": 0, ""policy.cnn_projection"": 64, ""policy.cnn_residual_1"": 0, ""policy.cnn_stride_1"": 4, ""policy.hidden_size"": 128, ""policy.num_layers"": 1, ""version"": ""connect4-flex-v1""}",,,
with_winner_curve,seed73,steps,Combined,Flex,brave-comet-51,73,2048000,0.003575,24.037423849105835,,,160736,winner checkpoint,1119,"{""observation"": [1, 36, 44], ""policy.cnn_channels_1"": 16, ""policy.cnn_depth"": 1, ""policy.cnn_global_pool"": 0, ""policy.cnn_kernel_1"": 7, ""policy.cnn_pool_1"": 0, ""policy.cnn_projection"": 64, ""policy.cnn_residual_1"": 0, ""policy.cnn_stride_1"": 4, ""policy.hidden_size"": 128, ""policy.num_layers"": 1, ""version"": ""connect4-flex-v1""}",,,
with_winner_curve,seed73,steps,Combined,Flex,brave-comet-51,73,3072000,0.077748,35.71754455566406,,,160736,winner checkpoint,1119,"{""observation"": [1, 36, 44], ""policy.cnn_channels_1"": 16, ""policy.cnn_depth"": 1, ""policy.cnn_global_pool"": 0, ""policy.cnn_kernel_1"": 7, ""policy.cnn_pool_1"": 0, ""policy.cnn_projection"": 64, ""policy.cnn_residual_1"": 0, ""policy.cnn_stride_1"": 4, ""policy.hidden_size"": 128, ""policy.num_layers"": 1, ""version"": ""connect4-flex-v1""}",,,
with_winner_curve,seed73,steps,Combined,IMPALA,IMPALA seed 73,73,3319808,0.829902,307.92807817459106,,10824.225231427836,270496,reference checkpoint,1117,{},,,
with_winner_curve,seed73,steps,Combined,Flex,brave-comet-51,73,6144000,0.848246,69.02589416503906,,,160736,winner checkpoint,1140,"{""observation"": [1, 36, 44], ""policy.cnn_channels_1"": 16, ""policy.cnn_depth"": 1, ""policy.cnn_global_pool"": 0, ""policy.cnn_kernel_1"": 7, ""policy.cnn_pool_1"": 0, ""policy.cnn_projection"": 64, ""policy.cnn_residual_1"": 0, ""policy.cnn_stride_1"": 4, ""policy.hidden_size"": 128, ""policy.num_layers"": 1, ""version"": ""connect4-flex-v1""}",,,
with_winner_curve,seed73,steps,Combined,IMPALA,IMPALA seed 73,73,6639616,0.976722,613.9665832519531,,10824.225231427836,270496,reference checkpoint,1031,{},,,
with_winner_curve,seed73,steps,Combined,IMPALA,IMPALA seed 73,73,9959424,0.986289,920.5610918998718,,10824.225231427836,270496,reference checkpoint,1094,{},,,
with_winner_curve,seed73,steps,Combined,IMPALA,IMPALA seed 73,73,13279232,0.989908,1227.1115837097168,1226.806696653366,10824.225231427836,270496,reference checkpoint,1090,{},,,
with_winner_curve,mean,seconds,Flex,Flex,brave-comet-51,73,1024000,0.0,12.2173011302948,,,160736,winner checkpoint,1177,"{""observation"": [1, 36, 44], ""policy.cnn_channels_1"": 16, ""policy.cnn_depth"": 1, ""policy.cnn_global_pool"": 0, ""policy.cnn_kernel_1"": 7, ""policy.cnn_pool_1"": 0, ""policy.cnn_projection"": 64, ""policy.cnn_residual_1"": 0, ""policy.cnn_stride_1"": 4, ""policy.hidden_size"": 128, ""policy.num_layers"": 1, ""version"": ""connect4-flex-v1""}",,,
with_winner_curve,mean,seconds,Flex,Flex,brave-comet-51,73,2048000,0.003575,24.037423849105835,,,160736,winner checkpoint,1119,"{""observation"": [1, 36, 44], ""policy.cnn_channels_1"": 16, ""policy.cnn_depth"": 1, ""policy.cnn_global_pool"": 0, ""policy.cnn_kernel_1"": 7, ""policy.cnn_pool_1"": 0, ""policy.cnn_projection"": 64, ""policy.cnn_residual_1"": 0, ""policy.cnn_stride_1"": 4, ""policy.hidden_size"": 128, ""policy.num_layers"": 1, ""version"": ""connect4-flex-v1""}",,,
with_winner_curve,mean,seconds,Flex,Flex,brave-comet-51,73,3072000,0.077748,35.71754455566406,,,160736,winner checkpoint,1119,"{""observation"": [1, 36, 44], ""policy.cnn_channels_1"": 16, ""policy.cnn_depth"": 1, ""policy.cnn_global_pool"": 0, ""policy.cnn_kernel_1"": 7, ""policy.cnn_pool_1"": 0, ""policy.cnn_projection"": 64, ""policy.cnn_residual_1"": 0, ""policy.cnn_stride_1"": 4, ""policy.hidden_size"": 128, ""policy.num_layers"": 1, ""version"": ""connect4-flex-v1""}",,,
with_winner_curve,mean,seconds,Flex,Flex,brave-comet-51,73,4096000,0.345148,47.14166474342346,,,160736,winner checkpoint,1185,"{""observation"": [1, 36, 44], ""policy.cnn_channels_1"": 16, ""policy.cnn_depth"": 1, ""policy.cnn_global_pool"": 0, ""policy.cnn_kernel_1"": 7, ""policy.cnn_pool_1"": 0, ""policy.cnn_projection"": 64, ""policy.cnn_residual_1"": 0, ""policy.cnn_stride_1"": 4, ""policy.hidden_size"": 128, ""policy.num_layers"": 1, ""version"": ""connect4-flex-v1""}",,,
with_winner_curve,mean,seconds,Flex,Flex,brave-comet-51,73,5120000,0.708054,58.20978283882141,,,160736,winner checkpoint,1192,"{""observation"": [1, 36, 44], ""policy.cnn_channels_1"": 16, ""policy.cnn_depth"": 1, ""policy.cnn_global_pool"": 0, ""policy.cnn_kernel_1"": 7, ""policy.cnn_pool_1"": 0, ""policy.cnn_projection"": 64, ""policy.cnn_residual_1"": 0, ""policy.cnn_stride_1"": 4, ""policy.hidden_size"": 128, ""policy.num_layers"": 1, ""version"": ""connect4-flex-v1""}",,,
with_winner_curve,mean,seconds,Flex,Flex,brave-comet-51,73,6144000,0.848246,69.02589416503906,,,160736,winner checkpoint,1140,"{""observation"": [1, 36, 44], ""policy.cnn_channels_1"": 16, ""policy.cnn_depth"": 1, ""policy.cnn_global_pool"": 0, ""policy.cnn_kernel_1"": 7, ""policy.cnn_pool_1"": 0, ""policy.cnn_projection"": 64, ""policy.cnn_residual_1"": 0, ""policy.cnn_stride_1"": 4, ""policy.hidden_size"": 128, ""policy.num_layers"": 1, ""version"": ""connect4-flex-v1""}",,,
with_winner_curve,mean,seconds,Flex,Flex,brave-comet-51,73,7168000,0.882405,79.80200529098511,,,160736,winner checkpoint,1131,"{""observation"": [1, 36, 44], ""policy.cnn_channels_1"": 16, ""policy.cnn_depth"": 1, ""policy.cnn_global_pool"": 0, ""policy.cnn_kernel_1"": 7, ""policy.cnn_pool_1"": 0, ""policy.cnn_projection"": 64, ""policy.cnn_residual_1"": 0, ""policy.cnn_stride_1"": 4, ""policy.hidden_size"": 128, ""policy.num_layers"": 1, ""version"": ""connect4-flex-v1""}",,,
with_winner_curve,mean,seconds,Flex,Flex,brave-comet-51,73,8192000,0.905273,90.56212449073792,,,160736,winner checkpoint,1119,"{""observation"": [1, 36, 44], ""policy.cnn_channels_1"": 16, ""policy.cnn_depth"": 1, ""policy.cnn_global_pool"": 0, ""policy.cnn_kernel_1"": 7, ""policy.cnn_pool_1"": 0, ""policy.cnn_projection"": 64, ""policy.cnn_residual_1"": 0, ""policy.cnn_stride_1"": 4, ""policy.hidden_size"": 128, ""policy.num_layers"": 1, ""version"": ""connect4-flex-v1""}",,,
with_winner_curve,mean,seconds,Flex,Flex,brave-comet-51,73,9216000,0.91117,101.3102355003357,,,160736,winner checkpoint,1137,"{""observation"": [1, 36, 44], ""policy.cnn_channels_1"": 16, ""policy.cnn_depth"": 1, ""policy.cnn_global_pool"": 0, ""policy.cnn_kernel_1"": 7, ""policy.cnn_pool_1"": 0, ""policy.cnn_projection"": 64, ""policy.cnn_residual_1"": 0, ""policy.cnn_stride_1"": 4, ""policy.hidden_size"": 128, ""policy.num_layers"": 1, ""version"": ""connect4-flex-v1""}",,,
with_winner_curve,mean,seconds,Flex,Flex,brave-comet-51,73,10240000,0.920455,112.11035370826721,,,160736,winner checkpoint,1144,"{""observation"": [1, 36, 44], ""policy.cnn_channels_1"": 16, ""policy.cnn_depth"": 1, ""policy.cnn_global_pool"": 0, ""policy.cnn_kernel_1"": 7, ""policy.cnn_pool_1"": 0, ""policy.cnn_projection"": 64, ""policy.cnn_residual_1"": 0, ""policy.cnn_stride_1"": 4, ""policy.hidden_size"": 128, ""policy.num_layers"": 1, ""version"": ""connect4-flex-v1""}",,,
with_winner_curve,mean,seconds,Nature,Nature,Nature three-seed mean,mean,3319808,0.11162033333333334,43.01729814211527,,81014.6087817759,138528,reference checkpoint,1108,{},,0.044444,0.153233
with_winner_curve,mean,seconds,Nature,Nature,Nature three-seed mean,mean,6639616,0.644805,84.1896337668101,,81014.6087817759,138528,reference checkpoint,1107,{},,0.48791,0.753388
with_winner_curve,mean,seconds,Nature,Nature,Nature three-seed mean,mean,9959424,0.7678566666666666,124.24196306864421,,81014.6087817759,138528,reference checkpoint,1097,{},,0.648099,0.8861
with_winner_curve,mean,seconds,Nature,Nature,Nature three-seed mean,mean,13279232,0.7870503333333333,164.18494375546774,162.14002561569214,81014.6087817759,138528,reference checkpoint,1096,{},,0.706849,0.883317
with_winner_curve,mean,seconds,IMPALA,IMPALA,IMPALA three-seed mean,mean,3319808,0.848745,308.5680357615153,,10803.133148511883,270496,reference checkpoint,1117,{},,0.829902,0.869413
with_winner_curve,mean,seconds,IMPALA,IMPALA,IMPALA three-seed mean,mean,6639616,0.9852343333333333,615.3242156505585,,10803.133148511883,270496,reference checkpoint,1031,{},,0.976722,0.993981
with_winner_curve,mean,seconds,IMPALA,IMPALA,IMPALA three-seed mean,mean,9959424,0.9898513333333333,922.375411272049,,10803.133148511883,270496,reference checkpoint,1094,{},,0.986289,0.994854
with_winner_curve,mean,seconds,IMPALA,IMPALA,IMPALA three-seed mean,mean,13279232,0.9918963333333334,1229.4959301948547,1226.806696653366,10803.133148511883,270496,reference checkpoint,1090,{},,0.989908,0.995723
with_winner_curve,mean,seconds,Impoola,Impoola,Impoola three-seed mean,mean,3319808,0.6072473333333334,308.491557041804,,10836.674476843724,151712,reference checkpoint,1154,{},,0.402946,0.716241
with_winner_curve,mean,seconds,Impoola,Impoola,Impoola three-seed mean,mean,6639616,0.684357,614.4319295883179,,10836.674476843724,151712,reference checkpoint,1099,{},,0.587807,0.740707
with_winner_curve,mean,seconds,Impoola,Impoola,Impoola three-seed mean,mean,9959424,0.692139,920.0989464124044,,10836.674476843724,151712,reference checkpoint,1105,{},,0.621719,0.728452
with_winner_curve,mean,seconds,Impoola,Impoola,Impoola three-seed mean,mean,13279232,0.6949336666666667,1225.6939655145009,1223.7491159439087,10836.674476843724,151712,reference checkpoint,1098,{},,0.617486,0.735902
with_winner_curve,mean,seconds,Combined,Flex,brave-comet-51,73,1024000,0.0,12.2173011302948,,,160736,winner checkpoint,1177,"{""observation"": [1, 36, 44], ""policy.cnn_channels_1"": 16, ""policy.cnn_depth"": 1, ""policy.cnn_global_pool"": 0, ""policy.cnn_kernel_1"": 7, ""policy.cnn_pool_1"": 0, ""policy.cnn_projection"": 64, ""policy.cnn_residual_1"": 0, ""policy.cnn_stride_1"": 4, ""policy.hidden_size"": 128, ""policy.num_layers"": 1, ""version"": ""connect4-flex-v1""}",,,
with_winner_curve,mean,seconds,Combined,Flex,brave-comet-51,73,2048000,0.003575,24.037423849105835,,,160736,winner checkpoint,1119,"{""observation"": [1, 36, 44], ""policy.cnn_channels_1"": 16, ""policy.cnn_depth"": 1, ""policy.cnn_global_pool"": 0, ""policy.cnn_kernel_1"": 7, ""policy.cnn_pool_1"": 0, ""policy.cnn_projection"": 64, ""policy.cnn_residual_1"": 0, ""policy.cnn_stride_1"": 4, ""policy.hidden_size"": 128, ""policy.num_layers"": 1, ""version"": ""connect4-flex-v1""}",,,
with_winner_curve,mean,seconds,Combined,Flex,brave-comet-51,73,3072000,0.077748,35.71754455566406,,,160736,winner checkpoint,1119,"{""observation"": [1, 36, 44], ""policy.cnn_channels_1"": 16, ""policy.cnn_depth"": 1, ""policy.cnn_global_pool"": 0, ""policy.cnn_kernel_1"": 7, ""policy.cnn_pool_1"": 0, ""policy.cnn_projection"": 64, ""policy.cnn_residual_1"": 0, ""policy.cnn_stride_1"": 4, ""policy.hidden_size"": 128, ""policy.num_layers"": 1, ""version"": ""connect4-flex-v1""}",,,
with_winner_curve,mean,seconds,Combined,Nature,Nature three-seed mean,mean,3319808,0.11162033333333334,43.01729814211527,,81014.6087817759,138528,reference checkpoint,1108,{},,0.044444,0.153233
with_winner_curve,mean,seconds,Combined,Flex,brave-comet-51,73,4096000,0.345148,47.14166474342346,,,160736,winner checkpoint,1185,"{""observation"": [1, 36, 44], ""policy.cnn_channels_1"": 16, ""policy.cnn_depth"": 1, ""policy.cnn_global_pool"": 0, ""policy.cnn_kernel_1"": 7, ""policy.cnn_pool_1"": 0, ""policy.cnn_projection"": 64, ""policy.cnn_residual_1"": 0, ""policy.cnn_stride_1"": 4, ""policy.hidden_size"": 128, ""policy.num_layers"": 1, ""version"": ""connect4-flex-v1""}",,,
with_winner_curve,mean,seconds,Combined,Flex,brave-comet-51,73,5120000,0.708054,58.20978283882141,,,160736,winner checkpoint,1192,"{""observation"": [1, 36, 44], ""policy.cnn_channels_1"": 16, ""policy.cnn_depth"": 1, ""policy.cnn_global_pool"": 0, ""policy.cnn_kernel_1"": 7, ""policy.cnn_pool_1"": 0, ""policy.cnn_projection"": 64, ""policy.cnn_residual_1"": 0, ""policy.cnn_stride_1"": 4, ""policy.hidden_size"": 128, ""policy.num_layers"": 1, ""version"": ""connect4-flex-v1""}",,,
with_winner_curve,mean,seconds,Combined,Flex,brave-comet-51,73,6144000,0.848246,69.02589416503906,,,160736,winner checkpoint,1140,"{""observation"": [1, 36, 44], ""policy.cnn_channels_1"": 16, ""policy.cnn_depth"": 1, ""policy.cnn_global_pool"": 0, ""policy.cnn_kernel_1"": 7, ""policy.cnn_pool_1"": 0, ""policy.cnn_projection"": 64, ""policy.cnn_residual_1"": 0, ""policy.cnn_stride_1"": 4, ""policy.hidden_size"": 128, ""policy.num_layers"": 1, ""version"": ""connect4-flex-v1""}",,,
with_winner_curve,mean,seconds,Combined,Flex,brave-comet-51,73,7168000,0.882405,79.80200529098511,,,160736,winner checkpoint,1131,"{""observation"": [1, 36, 44], ""policy.cnn_channels_1"": 16, ""policy.cnn_depth"": 1, ""policy.cnn_global_pool"": 0, ""policy.cnn_kernel_1"": 7, ""policy.cnn_pool_1"": 0, ""policy.cnn_projection"": 64, ""policy.cnn_residual_1"": 0, ""policy.cnn_stride_1"": 4, ""policy.hidden_size"": 128, ""policy.num_layers"": 1, ""version"": ""connect4-flex-v1""}",,,
with_winner_curve,mean,seconds,Combined,Flex,brave-comet-51,73,8192000,0.905273,90.56212449073792,,,160736,winner checkpoint,1119,"{""observation"": [1, 36, 44], ""policy.cnn_channels_1"": 16, ""policy.cnn_depth"": 1, ""policy.cnn_global_pool"": 0, ""policy.cnn_kernel_1"": 7, ""policy.cnn_pool_1"": 0, ""policy.cnn_projection"": 64, ""policy.cnn_residual_1"": 0, ""policy.cnn_stride_1"": 4, ""policy.hidden_size"": 128, ""policy.num_layers"": 1, ""version"": ""connect4-flex-v1""}",,,
with_winner_curve,mean,seconds,Combined,Flex,brave-comet-51,73,9216000,0.91117,101.3102355003357,,,160736,winner checkpoint,1137,"{""observation"": [1, 36, 44], ""policy.cnn_channels_1"": 16, ""policy.cnn_depth"": 1, ""policy.cnn_global_pool"": 0, ""policy.cnn_kernel_1"": 7, ""policy.cnn_pool_1"": 0, ""policy.cnn_projection"": 64, ""policy.cnn_residual_1"": 0, ""policy.cnn_stride_1"": 4, ""policy.hidden_size"": 128, ""policy.num_layers"": 1, ""version"": ""connect4-flex-v1""}",,,
with_winner_curve,mean,seconds,Combined,Flex,brave-comet-51,73,10240000,0.920455,112.11035370826721,,,160736,winner checkpoint,1144,"{""observation"": [1, 36, 44], ""policy.cnn_channels_1"": 16, ""policy.cnn_depth"": 1, ""policy.cnn_global_pool"": 0, ""policy.cnn_kernel_1"": 7, ""policy.cnn_pool_1"": 0, ""policy.cnn_projection"": 64, ""policy.cnn_residual_1"": 0, ""policy.cnn_stride_1"": 4, ""policy.hidden_size"": 128, ""policy.num_layers"": 1, ""version"": ""connect4-flex-v1""}",,,
with_winner_curve,mean,seconds,Combined,IMPALA,IMPALA three-seed mean,mean,6639616,0.9852343333333333,615.3242156505585,,10803.133148511883,270496,reference checkpoint,1031,{},,0.976722,0.993981
with_winner_curve,mean,seconds,Combined,IMPALA,IMPALA three-seed mean,mean,9959424,0.9898513333333333,922.375411272049,,10803.133148511883,270496,reference checkpoint,1094,{},,0.986289,0.994854
with_winner_curve,mean,seconds,Combined,IMPALA,IMPALA three-seed mean,mean,13279232,0.9918963333333334,1229.4959301948547,1226.806696653366,10803.133148511883,270496,reference checkpoint,1090,{},,0.989908,0.995723
with_winner_curve,mean,steps,Flex,Flex,brave-comet-51,73,1024000,0.0,12.2173011302948,,,160736,winner checkpoint,1177,"{""observation"": [1, 36, 44], ""policy.cnn_channels_1"": 16, ""policy.cnn_depth"": 1, ""policy.cnn_global_pool"": 0, ""policy.cnn_kernel_1"": 7, ""policy.cnn_pool_1"": 0, ""policy.cnn_projection"": 64, ""policy.cnn_residual_1"": 0, ""policy.cnn_stride_1"": 4, ""policy.hidden_size"": 128, ""policy.num_layers"": 1, ""version"": ""connect4-flex-v1""}",,,
with_winner_curve,mean,steps,Flex,Flex,brave-comet-51,73,2048000,0.003575,24.037423849105835,,,160736,winner checkpoint,1119,"{""observation"": [1, 36, 44], ""policy.cnn_channels_1"": 16, ""policy.cnn_depth"": 1, ""policy.cnn_global_pool"": 0, ""policy.cnn_kernel_1"": 7, ""policy.cnn_pool_1"": 0, ""policy.cnn_projection"": 64, ""policy.cnn_residual_1"": 0, ""policy.cnn_stride_1"": 4, ""policy.hidden_size"": 128, ""policy.num_layers"": 1, ""version"": ""connect4-flex-v1""}",,,
with_winner_curve,mean,steps,Flex,Flex,brave-comet-51,73,3072000,0.077748,35.71754455566406,,,160736,winner checkpoint,1119,"{""observation"": [1, 36, 44], ""policy.cnn_channels_1"": 16, ""policy.cnn_depth"": 1, ""policy.cnn_global_pool"": 0, ""policy.cnn_kernel_1"": 7, ""policy.cnn_pool_1"": 0, ""policy.cnn_projection"": 64, ""policy.cnn_residual_1"": 0, ""policy.cnn_stride_1"": 4, ""policy.hidden_size"": 128, ""policy.num_layers"": 1, ""version"": ""connect4-flex-v1""}",,,
with_winner_curve,mean,steps,Flex,Flex,brave-comet-51,73,4096000,0.345148,47.14166474342346,,,160736,winner checkpoint,1185,"{""observation"": [1, 36, 44], ""policy.cnn_channels_1"": 16, ""policy.cnn_depth"": 1, ""policy.cnn_global_pool"": 0, ""policy.cnn_kernel_1"": 7, ""policy.cnn_pool_1"": 0, ""policy.cnn_projection"": 64, ""policy.cnn_residual_1"": 0, ""policy.cnn_stride_1"": 4, ""policy.hidden_size"": 128, ""policy.num_layers"": 1, ""version"": ""connect4-flex-v1""}",,,
with_winner_curve,mean,steps,Flex,Flex,brave-comet-51,73,5120000,0.708054,58.20978283882141,,,160736,winner checkpoint,1192,"{""observation"": [1, 36, 44], ""policy.cnn_channels_1"": 16, ""policy.cnn_depth"": 1, ""policy.cnn_global_pool"": 0, ""policy.cnn_kernel_1"": 7, ""policy.cnn_pool_1"": 0, ""policy.cnn_projection"": 64, ""policy.cnn_residual_1"": 0, ""policy.cnn_stride_1"": 4, ""policy.hidden_size"": 128, ""policy.num_layers"": 1, ""version"": ""connect4-flex-v1""}",,,
with_winner_curve,mean,steps,Flex,Flex,brave-comet-51,73,6144000,0.848246,69.02589416503906,,,160736,winner checkpoint,1140,"{""observation"": [1, 36, 44], ""policy.cnn_channels_1"": 16, ""policy.cnn_depth"": 1, ""policy.cnn_global_pool"": 0, ""policy.cnn_kernel_1"": 7, ""policy.cnn_pool_1"": 0, ""policy.cnn_projection"": 64, ""policy.cnn_residual_1"": 0, ""policy.cnn_stride_1"": 4, ""policy.hidden_size"": 128, ""policy.num_layers"": 1, ""version"": ""connect4-flex-v1""}",,,
with_winner_curve,mean,steps,Flex,Flex,brave-comet-51,73,7168000,0.882405,79.80200529098511,,,160736,winner checkpoint,1131,"{""observation"": [1, 36, 44], ""policy.cnn_channels_1"": 16, ""policy.cnn_depth"": 1, ""policy.cnn_global_pool"": 0, ""policy.cnn_kernel_1"": 7, ""policy.cnn_pool_1"": 0, ""policy.cnn_projection"": 64, ""policy.cnn_residual_1"": 0, ""policy.cnn_stride_1"": 4, ""policy.hidden_size"": 128, ""policy.num_layers"": 1, ""version"": ""connect4-flex-v1""}",,,
with_winner_curve,mean,steps,Flex,Flex,brave-comet-51,73,8192000,0.905273,90.56212449073792,,,160736,winner checkpoint,1119,"{""observation"": [1, 36, 44], ""policy.cnn_channels_1"": 16, ""policy.cnn_depth"": 1, ""policy.cnn_global_pool"": 0, ""policy.cnn_kernel_1"": 7, ""policy.cnn_pool_1"": 0, ""policy.cnn_projection"": 64, ""policy.cnn_residual_1"": 0, ""policy.cnn_stride_1"": 4, ""policy.hidden_size"": 128, ""policy.num_layers"": 1, ""version"": ""connect4-flex-v1""}",,,
with_winner_curve,mean,steps,Flex,Flex,brave-comet-51,73,9216000,0.91117,101.3102355003357,,,160736,winner checkpoint,1137,"{""observation"": [1, 36, 44], ""policy.cnn_channels_1"": 16, ""policy.cnn_depth"": 1, ""policy.cnn_global_pool"": 0, ""policy.cnn_kernel_1"": 7, ""policy.cnn_pool_1"": 0, ""policy.cnn_projection"": 64, ""policy.cnn_residual_1"": 0, ""policy.cnn_stride_1"": 4, ""policy.hidden_size"": 128, ""policy.num_layers"": 1, ""version"": ""connect4-flex-v1""}",,,
with_winner_curve,mean,steps,Flex,Flex,brave-comet-51,73,10240000,0.920455,112.11035370826721,,,160736,winner checkpoint,1144,"{""observation"": [1, 36, 44], ""policy.cnn_channels_1"": 16, ""policy.cnn_depth"": 1, ""policy.cnn_global_pool"": 0, ""policy.cnn_kernel_1"": 7, ""policy.cnn_pool_1"": 0, ""policy.cnn_projection"": 64, ""policy.cnn_residual_1"": 0, ""policy.cnn_stride_1"": 4, ""policy.hidden_size"": 128, ""policy.num_layers"": 1, ""version"": ""connect4-flex-v1""}",,,
with_winner_curve,mean,steps,Nature,Nature,Nature three-seed mean,mean,3319808,0.11162033333333334,43.01729814211527,,81014.6087817759,138528,reference checkpoint,1108,{},,0.044444,0.153233
with_winner_curve,mean,steps,Nature,Nature,Nature three-seed mean,mean,6639616,0.644805,84.1896337668101,,81014.6087817759,138528,reference checkpoint,1107,{},,0.48791,0.753388
with_winner_curve,mean,steps,Nature,Nature,Nature three-seed mean,mean,9959424,0.7678566666666666,124.24196306864421,,81014.6087817759,138528,reference checkpoint,1097,{},,0.648099,0.8861
with_winner_curve,mean,steps,Nature,Nature,Nature three-seed mean,mean,13279232,0.7870503333333333,164.18494375546774,162.14002561569214,81014.6087817759,138528,reference checkpoint,1096,{},,0.706849,0.883317
with_winner_curve,mean,steps,IMPALA,IMPALA,IMPALA three-seed mean,mean,3319808,0.848745,308.5680357615153,,10803.133148511883,270496,reference checkpoint,1117,{},,0.829902,0.869413
with_winner_curve,mean,steps,IMPALA,IMPALA,IMPALA three-seed mean,mean,6639616,0.9852343333333333,615.3242156505585,,10803.133148511883,270496,reference checkpoint,1031,{},,0.976722,0.993981
with_winner_curve,mean,steps,IMPALA,IMPALA,IMPALA three-seed mean,mean,9959424,0.9898513333333333,922.375411272049,,10803.133148511883,270496,reference checkpoint,1094,{},,0.986289,0.994854
with_winner_curve,mean,steps,IMPALA,IMPALA,IMPALA three-seed mean,mean,13279232,0.9918963333333334,1229.4959301948547,1226.806696653366,10803.133148511883,270496,reference checkpoint,1090,{},,0.989908,0.995723
with_winner_curve,mean,steps,Impoola,Impoola,Impoola three-seed mean,mean,3319808,0.6072473333333334,308.491557041804,,10836.674476843724,151712,reference checkpoint,1154,{},,0.402946,0.716241
with_winner_curve,mean,steps,Impoola,Impoola,Impoola three-seed mean,mean,6639616,0.684357,614.4319295883179,,10836.674476843724,151712,reference checkpoint,1099,{},,0.587807,0.740707
with_winner_curve,mean,steps,Impoola,Impoola,Impoola three-seed mean,mean,9959424,0.692139,920.0989464124044,,10836.674476843724,151712,reference checkpoint,1105,{},,0.621719,0.728452
with_winner_curve,mean,steps,Impoola,Impoola,Impoola three-seed mean,mean,13279232,0.6949336666666667,1225.6939655145009,1223.7491159439087,10836.674476843724,151712,reference checkpoint,1098,{},,0.617486,0.735902
with_winner_curve,mean,steps,Combined,Flex,brave-comet-51,73,1024000,0.0,12.2173011302948,,,160736,winner checkpoint,1177,"{""observation"": [1, 36, 44], ""policy.cnn_channels_1"": 16, ""policy.cnn_depth"": 1, ""policy.cnn_global_pool"": 0, ""policy.cnn_kernel_1"": 7, ""policy.cnn_pool_1"": 0, ""policy.cnn_projection"": 64, ""policy.cnn_residual_1"": 0, ""policy.cnn_stride_1"": 4, ""policy.hidden_size"": 128, ""policy.num_layers"": 1, ""version"": ""connect4-flex-v1""}",,,
with_winner_curve,mean,steps,Combined,Flex,brave-comet-51,73,2048000,0.003575,24.037423849105835,,,160736,winner checkpoint,1119,"{""observation"": [1, 36, 44], ""policy.cnn_channels_1"": 16, ""policy.cnn_depth"": 1, ""policy.cnn_global_pool"": 0, ""policy.cnn_kernel_1"": 7, ""policy.cnn_pool_1"": 0, ""policy.cnn_projection"": 64, ""policy.cnn_residual_1"": 0, ""policy.cnn_stride_1"": 4, ""policy.hidden_size"": 128, ""policy.num_layers"": 1, ""version"": ""connect4-flex-v1""}",,,
with_winner_curve,mean,steps,Combined,Flex,brave-comet-51,73,3072000,0.077748,35.71754455566406,,,160736,winner checkpoint,1119,"{""observation"": [1, 36, 44], ""policy.cnn_channels_1"": 16, ""policy.cnn_depth"": 1, ""policy.cnn_global_pool"": 0, ""policy.cnn_kernel_1"": 7, ""policy.cnn_pool_1"": 0, ""policy.cnn_projection"": 64, ""policy.cnn_residual_1"": 0, ""policy.cnn_stride_1"": 4, ""policy.hidden_size"": 128, ""policy.num_layers"": 1, ""version"": ""connect4-flex-v1""}",,,
with_winner_curve,mean,steps,Combined,IMPALA,IMPALA three-seed mean,mean,3319808,0.848745,308.5680357615153,,10803.133148511883,270496,reference checkpoint,1117,{},,0.829902,0.869413
with_winner_curve,mean,steps,Combined,IMPALA,IMPALA three-seed mean,mean,6639616,0.9852343333333333,615.3242156505585,,10803.133148511883,270496,reference checkpoint,1031,{},,0.976722,0.993981
with_winner_curve,mean,steps,Combined,IMPALA,IMPALA three-seed mean,mean,9959424,0.9898513333333333,922.375411272049,,10803.133148511883,270496,reference checkpoint,1094,{},,0.986289,0.994854
with_winner_curve,mean,steps,Combined,IMPALA,IMPALA three-seed mean,mean,13279232,0.9918963333333334,1229.4959301948547,1226.806696653366,10803.133148511883,270496,reference checkpoint,1090,{},,0.989908,0.995723
