stage,environment,candidate,seed,decisions,checkpoint_seconds,cumulative_checkpoint_sps,interval_decisions,interval_seconds,interval_checkpoint_sps,checkpoint_sha256
calibration,connect4cnn,quality-reference,63173,3328000,20.539067303,162032.6741669473,3328000,20.539067303,162032.6741669473,48ffa578cd7099606a58347af5300e1b69de887031b27cd8fd83d9a63c4bd281
calibration,connect4cnn,quality-reference,63173,6656000,39.867611909,166952.56327849993,3328000,19.328544605999998,172180.57892299438,ae412d83ece5d3a86de6f5909dbc8bb5f85ce18616b2140d021b27335b138922
calibration,connect4cnn,quality-reference,63173,9984000,58.535647428,170562.73294457907,3328000,18.668035519,178272.6413078023,b95de0b63ca16c421c17a3f6d325c0924b65d8fadcd3dda3fe2b0ee04c9b9906
calibration,connect4cnn,quality-reference,63173,13312000,76.795110557,173344.36923714526,3328000,18.259463129000004,182261.65668115462,aa6473d1356c9f516515bbb72e062cc222208e6253edad8c7e98ff1a47d8ae3b
calibration,connect4cnn,nature-cnn,63173,3328000,20.666676915,161032.17821073678,3328000,20.666676915,161032.17821073678,32b65c968eae6a88f632f245b5eeede066b5c9c2e89f54617fc1ba57dcc3fd5b
calibration,connect4cnn,nature-cnn,63173,6656000,40.589382176,163983.77218797902,3328000,19.922705261,167045.58725339262,5a1e6954f6117f9482a8ee4bdd7389af42320daa9c50529036432978bc75997f
calibration,connect4cnn,nature-cnn,63173,9984000,59.849353084,166818.84574403364,3328000,19.259970908,172793.61510445745,1d8e5ad4cc3f82c2c6c3b9ae07c52ecf4c194f112a6ff54db0ff4f1883fc0bd2
calibration,connect4cnn,nature-cnn,63173,13312000,78.830080552,168869.54709146573,3328000,18.980727467999998,175335.74546132356,b6be161772e182fe239a2eb909c1ac65e97630d4a853826d0bbb539decee0a98
calibration,pongcnn,nature-cnn,63173,2097152,5.638182531,371955.32221055013,2097152,5.638182531,371955.32221055013,c441ae9b146430b4ecd09f2a7167bb3db979e2cf88d746db79deab969589c196
calibration,pongcnn,nature-cnn,63173,4194304,11.256675385,372605.9299523809,2097152,5.618492853999999,373258.81771068997,dc92f5adaea2606c20827c84acdfd520adc73ea5409a29ba699bc08a8713003f
calibration,pongcnn,nature-cnn,63173,6291456,17.11763866,367542.2834284784,2097152,5.860963275000001,357816.94946723577,6dbf5f78f145315ea2c23e1c85eb5db9f828d3c858ffd1d213b4942c9d607555
calibration,pongcnn,nature-cnn,63173,8388608,23.03167308,364220.52235902956,2097152,5.91403442,354605.9848599934,7cc751cbe498d9eef31bba65a8d9cb088aa84789fa10dfee5676594a890312ff
calibration,pongcnn,quality-reference,63173,2097152,5.618465832,373260.61289821507,2097152,5.618465832,373260.61289821507,6dd6d4d29d17b8dd5321a3197725a0ad79e61fd097d98850b5ced3cf7cf8348c
calibration,pongcnn,quality-reference,63173,4194304,10.889037164,385185.93855723937,2097152,5.270571331999999,397898.4189564518,c205d7e7410b5cc954e24337cb208dad9959312789dc1725a1498d3f64731188
calibration,pongcnn,quality-reference,63173,6291456,16.077157329,391328.8817950088,2097152,5.188120164999999,404221.9403759705,a32fc8bd316be9e962063aef6e7b90288ce28e4e86a4491568ed34d92d33c581
calibration,pongcnn,quality-reference,63173,8388608,21.254739795,394669.9927125596,2097152,5.1775824660000005,405044.63497617224,503fef44aaa04a542a5d1ade15b013982431cf52ce0c733f25eca6cf67788c1a
calibration,flappycnn,quality-reference,63173,4980736,10.347529347,481345.4335786964,4980736,10.347529347,481345.4335786964,3c6205e00831d4f580437b1eb2d47972fb1f21284c9cff712a4688873d9cf9c1
calibration,flappycnn,quality-reference,63173,9961472,20.458505329,486911.0347899941,4980736,10.110975982000001,492606.84713987284,f77a6c201eb04dd0ee8e453bb1b34b87838dc058518cda53db64a4675f8f81c6
calibration,flappycnn,quality-reference,63173,14942208,30.489781194,490072.65434034786,4980736,10.031275864999998,496520.68859737227,627fb2f6364121aa596ba2dfa18f266df5ae463fb6c4b4f6ec9013245439104d
calibration,flappycnn,quality-reference,63173,19922944,40.549055259,491329.4248841478,4980736,10.059274065,495138.7115825639,181163560594b874b6581c8e313fccbb74bac676c17d68ff0c81a36b0cb29518
calibration,flappycnn,nature-cnn,63173,4980736,10.920174799,456104.0543468319,4980736,10.920174799,456104.0543468319,d60d077b1dac3bcea8386ecab77bae43a960a8fcd5a3ac97a26e4efd07f88530
calibration,flappycnn,nature-cnn,63173,9961472,22.098396537,450778.0455166153,4980736,11.178221738,445574.98649969976,6572218f86d80e92f3024db62aa4ae8b2f3a74a9b3ad485207fc863e0a02a0c3
calibration,flappycnn,nature-cnn,63173,14942208,32.694781343,457021.19378752616,4980736,10.596384806000003,470041.06506020355,570830c055dce1d2cf171053dd06f6ea81714ae64fe257905136fd10ea145f3c
calibration,flappycnn,nature-cnn,63173,19922944,43.464243682,458375.4901100639,4980736,10.769462339,462486.96947135497,ce88b3f990cb9c5c75118d980a3a1d1305a91fe09087861d5eef8f96d0ad614d
calibration,breakoutcnn,nature-cnn,63173,4194304,12.777223896,328264.1076136309,4194304,12.777223896,328264.1076136309,3d966875dc6be91eca54b4d73fd4ce3947f56e8645e90653a02968a0b4560afc
calibration,breakoutcnn,nature-cnn,63173,8388608,25.200358167,332876.5386749513,4194304,12.423134271,337620.43527058966,0f731d9600e033cd20402d3147dcad2aa26553b3f8b227233706aa61b4e57703
calibration,breakoutcnn,nature-cnn,63173,12582912,37.58907678,334749.1632647648,4194304,12.388718612999998,338558.3393264532,4daffb79daf926a2d4dbe015d87fde4b12a60420f9bc1fc9c2cf7edb9ba92fa7
calibration,breakoutcnn,nature-cnn,63173,16777216,50.00922702,335482.40994187637,4194304,12.420150239999998,337701.55102407205,b51ccfd005c493636dfef3c9303822fd3b8b4eabe2dcc2ff60cc025e97e976b4
calibration,breakoutcnn,quality-reference,63173,4194304,12.210157796,343509.40176825866,4194304,12.210157796,343509.40176825866,58e98b85a898bbc874646fb9e0c41626b7af1a9b66d9c390454d8a3a029b5c2a
calibration,breakoutcnn,quality-reference,63173,8388608,24.513924274,342197.6794183516,4194304,12.303766478,340895.9368255006,015c31161d6f90f436caf06178f6d6490c178c286f2d84bdbe4fe806c0aec58c
calibration,breakoutcnn,quality-reference,63173,12582912,36.571529143,344063.053825258,4194304,12.057604868999999,347855.4858588475,7354fc9a551beff04c033b058a937fb7cd243dc38a660fb43c4a66011fcea76a
calibration,breakoutcnn,quality-reference,63173,16777216,48.441603988,346338.98588816484,4194304,11.870074844999998,353351.0996998268,7bc9db66d8828bfeb43922b40a4e69e8277026a5340be5c5e6f35de93ec25981
calibration,snakecnn,quality-reference,63173,2097152,4.994030824,419931.7292800113,2097152,4.994030824,419931.7292800113,49fa83cedaba2a70d59bb11a10c54a8d9ec46916ef590311838ccc63e98f9595
calibration,snakecnn,quality-reference,63173,4194304,9.740513281,430604.0019658385,2097152,4.746482457,441832.87708293746,2be333b874f70e20fb223f5aaea8dd55bdb052e27dcddf2b28959ecb09bba591
calibration,snakecnn,quality-reference,63173,6291456,14.484415652,434360.360207647,2097152,4.743902370999999,442073.17857553787,ade6e343e17e64698059961023d3bbd67050db660ad6a3d73cf17433faa5b204
calibration,snakecnn,quality-reference,63173,8388608,19.272432875,435264.6110850704,2097152,4.788017223000001,438000.09530583926,1bdc4f51099d71f0896d947bae6183d80baad146013ae0ff7994f046547a71e4
calibration,snakecnn,nature-cnn,63173,2097152,4.94608277,424002.60924060515,2097152,4.94608277,424002.60924060515,1fe870c64c83d8c7be935ae4c89e2798cb262561e1024e81c2037453bedc1447
calibration,snakecnn,nature-cnn,63173,4194304,9.675459029,433499.22597248584,2097152,4.729376259,443430.9907166132,ba96910a8c451534ee18f1d5fdce2c543de1b8f82394c99aea7abfb75a37d98d
calibration,snakecnn,nature-cnn,63173,6291456,14.428749634,436036.1195245062,2097152,4.753290605,441200.0389359741,64d359b767a3c9fb1cbe72962164ee1db2826efece7f1c941179127be943bae0
calibration,snakecnn,nature-cnn,63173,8388608,19.165389928,437695.6603290665,2097152,4.736640293999999,442750.9521161035,a4e6f98107629035fdf65c1b2c7c2b9c3add41bc41cac0e2feb0970d45e8a2e1
calibration,mazecnn,nature-cnn,63173,8388608,28.957257338,289689.3135314927,8388608,28.957257338,289689.3135314927,87707d3d563688794871facb811eb442ef026a2b0172c0f6c70afd4d63c65d3d
calibration,mazecnn,nature-cnn,63173,16777216,57.728002803,290625.2630504675,8388608,28.770745465,291567.28004162613,27e88f6ec8c1f7a73314094fb326bd0a52209ddd0ef0a1f4796a187262c88216
calibration,mazecnn,nature-cnn,63173,25165824,86.267420976,291718.7475327592,8388608,28.539418172999994,293930.589234511,cbe1689c0b507ebdf770da0d8446597cc3b8d7d4f12f6b52d64db56292eb5450
calibration,mazecnn,nature-cnn,63173,33554432,115.044126018,291665.7561008375,8388608,28.776705042000003,291506.8972544532,99b3d3b698602991f2cc878774f8df89c5cba9143cdf35b0020d33d266dc0fff
calibration,mazecnn,quality-reference,63173,8388608,28.292574051,296495.044419739,8388608,28.292574051,296495.044419739,e20d380fda0afb23db1de8fcf63e7690b862e8c6d630dc329f809d4ac7b40ba9
calibration,mazecnn,quality-reference,63173,16777216,56.260133949,298207.8929141655,8388608,27.967559898,299940.6466132171,9ea9c0119145841bfdb69f89679c0c8f0bc210e343a1fd2bb505e01f84944ce6
calibration,mazecnn,quality-reference,63173,25165824,85.333108837,294912.77586136915,8388608,29.072974887999997,288536.27921862365,994a84994903ca59754120951cef35860b0dd69d9614aefc0a4de4aa085b0785
calibration,mazecnn,quality-reference,63173,33554432,114.5831698,292839.09721268684,8388608,29.250060962999996,286789.4193660386,89d35940931221c1bce5c2b74dfaf8f6b54e25198e2d7fb935b993d79e7f3937
calibration,connect4cnn,nature-cnn,63174,3328000,21.013385564,158375.24086083056,3328000,21.013385564,158375.24086083056,3603d7856d37e9eb9f67b24bc07f0a5ea9c7a0edc6f55fbbc7b7e229327f30ce
calibration,connect4cnn,nature-cnn,63174,6656000,40.642501252,163769.44811369013,3328000,19.629115688000002,169544.06163261487,612e4a27257743569cdb43783f44ad3401c595dc2c33749a5eb67a5998b473ba
calibration,connect4cnn,nature-cnn,63174,9984000,59.967276699,166490.8021438714,3328000,19.324775447,172214.16151133814,5c134fcef267f5a83032ab899709883622bbb8de32e6034b9dfa0e422d392757
calibration,connect4cnn,nature-cnn,63174,13312000,79.631212396,167170.63070445834,3328000,19.663935696999992,169243.8406675492,de76dadb950a31dd98aabca8dbae6d422de9ff757cac49f655c3c328d39cf2ef
calibration,connect4cnn,quality-reference,63174,3328000,20.913700784,159130.1336082078,3328000,20.913700784,159130.1336082078,cbcf6f96a3aa568d0cad36128cf645f0b5ce36a0b472be803e64589d6f83e7e9
calibration,connect4cnn,quality-reference,63174,6656000,40.513132306,164292.40646530423,3328000,19.599431522000003,169800.84326753972,7a3a11745bead607fdaab906d14c867c23d8f9b802e258f5c2603a93dca7156e
calibration,connect4cnn,quality-reference,63174,9984000,58.9233105,169440.58158443082,3328000,18.410178193999997,180769.57023070086,68ec1dcf387cb02b3712fd1a32b4716f547d8b44dd8f95e3a18fa13d05c5312e
calibration,connect4cnn,quality-reference,63174,13312000,77.036772908,172800.592463779,3328000,18.113462408000004,183730.74816055893,fc3da2cee2e2bb65c47fa2709298ec31ae92a6622ab3c0dfa21df7537a71148c
calibration,pongcnn,quality-reference,63174,2097152,5.504294064,381002.8998479759,2097152,5.504294064,381002.8998479759,3f7c5bf10cbc95d1094db258f558e5371a687e4ab270ce515f7fa653f98d8385
calibration,pongcnn,quality-reference,63174,4194304,10.980678642,381971.2912785923,2097152,5.476384578000001,382944.61795557255,5fc8ea1168f0ad03af68c54070bee4958f0fab33b8baad9d3f43add9dbdf6408
calibration,pongcnn,quality-reference,63174,6291456,16.342802001,384968.01219368825,2097152,5.362123358999998,391104.7657044402,7edb27157e28a64346ee71fb85c4c25d4b983232a476147560f58d9513478bec
calibration,pongcnn,quality-reference,63174,8388608,21.546224208,389330.7671459834,2097152,5.203422207000003,403033.2186342224,3fcebd15dad119db6af85d01ee2b7911aaad21fa0a31467ca3b0d5e97fc37aa5
calibration,pongcnn,nature-cnn,63174,2097152,5.580222733,375818.6904615802,2097152,5.580222733,375818.6904615802,ce1a137eea0ef05c4789a405f8755dfd74910e643ce220b270e8fc0223700bff
calibration,pongcnn,nature-cnn,63174,4194304,10.946398056,383167.50208996783,2097152,5.366175322999999,390809.4450457821,fd65cfe323e1eb6a6972037c9425187ca75a821877fa6fcdc4732b36be40dfbb
calibration,pongcnn,nature-cnn,63174,6291456,16.335836704,385132.15539547306,2097152,5.389438647999999,389122.5296308449,f9127094d57664e9b0317e3605de07f35dce04cbe1bd823afc4f356511ad6735
calibration,pongcnn,nature-cnn,63174,8388608,21.673179898,387050.1716628163,2097152,5.3373431940000025,392920.5831016305,0f456a6c30d07db86c60468379dd2ad78b9f94397898ae21afc4e2380c8bc97b
calibration,flappycnn,nature-cnn,63174,4980736,10.857195595,458749.7716531651,4980736,10.857195595,458749.7716531651,3a6afd0f1f9ae85355d82fdaca83b0a87477ebcaba30cef34695ef6506dbf062
calibration,flappycnn,nature-cnn,63174,9961472,21.811963536,456697.6275913393,4980736,10.954767941,454663.76164471597,2b33d8fbb3422a39613300a383f16f1339fe8d7f8475a7974b1723e219445eba
calibration,flappycnn,nature-cnn,63174,14942208,32.922530293,453859.6476947283,4980736,11.110566757,448288.20247733826,2747065286ed87480461041d00fe6b9723543457bf6e665c35185134a9896948
calibration,flappycnn,nature-cnn,63174,19922944,43.644718133,456480.07026390114,4980736,10.722187839999997,464526.0906005543,1e8021776e32432b616f692f6949a66d9e3b208e8bf452bad4a8fc5a55ed012d
calibration,flappycnn,quality-reference,63174,4980736,10.466232006,475886.2594623053,4980736,10.466232006,475886.2594623053,6c571924f33e0a2a5aad059083372849436b94dadf7deca8514b38cac5b9f593
calibration,flappycnn,quality-reference,63174,9961472,20.864582318,477434.52747703355,4980736,10.398350312,478992.9027734414,792b4a102ee0c5357c3e287a27f0802e38a88235d999986da9a63e6d82d8a9cf
calibration,flappycnn,quality-reference,63174,14942208,31.347571524,476662.37840976304,4980736,10.482989206,475125.5488414742,1ebc36a647a2a458fe20ee94c49ea682f372b072c354d81f8a207457f1364ed3
calibration,flappycnn,quality-reference,63174,19922944,41.758919631,477094.335199469,4980736,10.411348106999998,478394.915702726,3ace32bc6e29715c466e7e7b6e851d5fa9530255504cd367ccf8b6268481f4f5
calibration,breakoutcnn,quality-reference,63174,4194304,11.572650828,362432.43335847405,4194304,11.572650828,362432.43335847405,493fea56c6f2c0389c1278a1980a23d96765d727fd1f7888a5deee030ceed381
calibration,breakoutcnn,quality-reference,63174,8388608,22.900202417,366311.5219354002,4194304,11.327551588999999,370274.5440659057,041f318496a6cc59e01aaf233550371299766bce142487b5efd5ca2d7f536bad
calibration,breakoutcnn,quality-reference,63174,12582912,34.202758697,367891.72801735654,4194304,11.302556280000001,371093.3965816094,06a2c9c2370c48280c32aeffc05ba67290550cc7b66c8a5f9faabc617b8c20ba
calibration,breakoutcnn,quality-reference,63174,16777216,45.510555733,368644.4986175973,4194304,11.307797035999997,370921.40817940317,2246544ba9781df14cedebf88646056cb7e0fced987622728cd2c9a7fd0eb66a
calibration,breakoutcnn,nature-cnn,63174,4194304,11.863681904,353541.50877779635,4194304,11.863681904,353541.50877779635,c9efddf35448460f670425f1268c06f38486dda44cc0e74232e8d0841fde2dda
calibration,breakoutcnn,nature-cnn,63174,8388608,23.554622037,356134.26472405426,4194304,11.690940133000002,358765.33044256584,8432410c19436b4fa354521b4bb1ddf0c2a2143719ad5390ab092551689f143a
calibration,breakoutcnn,nature-cnn,63174,12582912,35.336716624,356086.0544540218,4194304,11.782094586999996,355989.6730610079,544acba7417c5d687377b0b41d72f42fb2b185c29e836ab5d8cd5325fcc45827
calibration,breakoutcnn,nature-cnn,63174,16777216,47.373659682,354146.50488517433,4194304,12.036943058000006,348452.5913090847,c086fd6dc4222f0436638279b73f73b8ad67287415807fd51f54e42ae0bfbda9
calibration,snakecnn,nature-cnn,63174,2097152,4.953306396,423384.26746496785,2097152,4.953306396,423384.26746496785,857f1514deaa98451e9c4c053fc1b9e31f69b10f1eca9b5f3a1b61e2d73d16fa
calibration,snakecnn,nature-cnn,63174,4194304,9.619496004,436021.1801383269,2097152,4.666189608,449435.6586805892,06f89b561c2c9a0aa83f72b9b90f7281e5e6cc1c212fa3e11808c2e1168865ce
calibration,snakecnn,nature-cnn,63174,6291456,14.33403809,438917.2095467761,2097152,4.714542086,444826.2337560985,09705a7dc9a37a852783e8e2f5beb294df76f5f9133815deb57b8e849f7f59c6
calibration,snakecnn,nature-cnn,63174,8388608,19.025093535,440923.351286956,2097152,4.691055445,447053.33897412504,b08a71574bd4df9ee3c4a1a804e9ec3c3343ec3aad232423f7d2c4b580791c64
calibration,snakecnn,quality-reference,63174,2097152,4.845242753,432827.02372373786,2097152,4.845242753,432827.02372373786,0ca87d7ea0326b957fd744636060d36d8f7ecf8313ecd4dddb4ccb3605a93025
calibration,snakecnn,quality-reference,63174,4194304,9.456290649,443546.43439851823,2097152,4.611047896,454810.2833239363,8e77a3f81c0b571d7b964b576bdc562d30a88fcccfb3bb220fd0f3ced0aa6d4e
calibration,snakecnn,quality-reference,63174,6291456,14.059913939,447474.71622486156,2097152,4.60362329,455543.7897265482,6d545c10b22359f50bf2a142c9a857ef3fe5ad8a1c26f5568842f3a82578909b
calibration,snakecnn,quality-reference,63174,8388608,18.673959435,449214.2134719165,2097152,4.614045496000001,454514.807410993,d0825f7b1caa44f70bf669345711cdef9d9006efff531ca37cb556c2a7e59a6a
calibration,mazecnn,quality-reference,63174,8388608,28.748923055,291788.59966168564,8388608,28.748923055,291788.59966168564,b0d15c5e017b21356a4d8e79604ea67d2484a5d3b71d062568663a6f853ba212
calibration,mazecnn,quality-reference,63174,16777216,57.00206932,294326.43762133515,8388608,28.253146264999998,296908.8087152902,7c02c61da3a7984404973b8891ae695dcd8bab10fa28f2db929169607a09edea
calibration,mazecnn,quality-reference,63174,25165824,85.522677119,294259.0766304377,8388608,28.520607798999997,294124.4471057214,90f563e01c2137f97f67acace7382fa187c8b85c42285bf45d7280a3bedde5cf
calibration,mazecnn,quality-reference,63174,33554432,114.014633644,294299.3449838252,8388608,28.491956525000006,294420.2161981924,f508f03330c065948927cff90c99cae80cd6c6cf044b8d538e6695cb0f84ee61
calibration,mazecnn,nature-cnn,63174,8388608,30.164050262,278099.5233444423,8388608,30.164050262,278099.5233444423,dd266a49c15609be1fa955251d0d0857ac78d6458bd13f2b6b9d07747d427b07
calibration,mazecnn,nature-cnn,63174,16777216,60.006721085,279588.9476486299,8388608,29.842670823000002,281094.4117486572,e2d8efcc7003dd8804a47cc50ae6c3098499fa23e7ab7ce67b72548419f478d2
calibration,mazecnn,nature-cnn,63174,25165824,89.098911458,282448.16449708055,8388608,29.092190373,288345.70008126076,1a88c8251808e9303fc512f930f49c7d1fb5a929d72cd989075f4654cdf4dad9
calibration,mazecnn,nature-cnn,63174,33554432,117.994197754,284373.5763173364,8388608,28.895286295999995,290310.6033997401,f20bbedebb732fc607065fb3c60248a0a03b3908bfe9982740d1ca153b02fcda
references,connect4cnn,quality-reference,64173,3328000,20.192156515,164816.47205575852,3328000,20.192156515,164816.47205575852,1270038823059bfa565738f9cbd08b9f8db25969a78985699d9daa5c13c584e0
references,connect4cnn,quality-reference,64173,6656000,39.077549564,170327.97793779286,3328000,18.885393049,176220.84916978842,61acdf4ea71a56259a362bb763c05c25936b492b62cc17a2e5f63d8dfe19cd15
references,connect4cnn,quality-reference,64173,9984000,57.334986948,174134.51247586388,3328000,18.257437384,182281.87943377587,75efbab3227f6921b8cfd8cfdfa1a8ac19e409a507deb3ee526b87a996cba9e4
references,connect4cnn,quality-reference,64173,13312000,75.611574119,176057.70221168964,3328000,18.276587170999996,182090.88867973318,55ebed50712158080c2bec50972184f492efd10d41e375522c52c4276721ec0b
references,connect4cnn,nature-cnn,64173,3328000,20.619620821,161399.6701923154,3328000,20.619620821,161399.6701923154,51c1f3f550acbbd4cf29f9803e410643235d0f61756293fc8d781d324720d358
references,connect4cnn,nature-cnn,64173,6656000,40.157084692,165749.083905137,3328000,19.537463870999996,170339.4064845767,74cc30432e45e625ef9f3f35b8581b61b4879208419fc371b078630853849a66
references,connect4cnn,nature-cnn,64173,9984000,59.036267727,169116.38191914116,3328000,18.879183035000004,176278.81428080023,3ae016f816b2b7e23631e203adaa844caadcb140fd52940ac55d574447849361
references,connect4cnn,nature-cnn,64173,13312000,78.299361335,170014.15813655563,3328000,19.263093608,172765.6038912605,7ec2def57f6d79c97adaec0db663b4739fd1cc0d36973175a5d42877ae627951
references,pongcnn,nature-cnn,64173,2097152,6.010736795,348900.9869379915,2097152,6.010736795,348900.9869379915,1de1d04a4560ce5162398a28735c0afb29f5c2f8fba86f659e40acb729b791c3
references,pongcnn,nature-cnn,64173,4194304,11.781095372,356019.8663673122,2097152,5.770358577,363435.29990649316,5baa336af30f24c007aa4050a2481ed8df68eadb8503574724243464343a34f3
references,pongcnn,nature-cnn,64173,6291456,17.609845097,357269.2414581096,2097152,5.8287497250000015,359794.48405635555,121d9d3e14bbb172e940d1ea8c9740b49b77bbf3233d6d3f9ba97240d6f154c3
references,pongcnn,nature-cnn,64173,8388608,23.419468411,358189.5136466853,2097152,5.8096233139999995,360978.9975446935,9dc708a286b052c4b378ffd868f4b3c2bb14b806c907519027ae847b63bea17f
references,pongcnn,quality-reference,64173,2097152,5.710813736,367224.72434705927,2097152,5.710813736,367224.72434705927,16c56b7cb8ab93f12ed1644ce75d3291cab8f572cd212cfd0d36578ad1293b13
references,pongcnn,quality-reference,64173,4194304,11.240724095,373134.6810536586,2097152,5.529910358999999,379237.973828429,0822fadb5ffe670476cb76173ff6bf5e6c69d1d5f8a97a923f848fbdc67dea02
references,pongcnn,quality-reference,64173,6291456,16.813199328,374197.4312718979,2097152,5.5724752330000005,376341.19710048067,d9d31d76d2ccc78e322ac99761f70dff3ccea92ad0346f6bde308d1e093ce248
references,pongcnn,quality-reference,64173,8388608,22.395908425,374559.8455223189,2097152,5.582709096999999,375651.3125727713,256c4a6f979d8673de177465f3d9e16db59d4cb8dd5197c901d9f2221b3ec443
references,flappycnn,quality-reference,64173,4980736,10.783221649,461896.8395648157,4980736,10.783221649,461896.8395648157,d6c47e8b0732c15e9a5d4fb86ed7bae75471180de4f3a236ae6cb88c1224fe7c
references,flappycnn,quality-reference,64173,9961472,21.381642488,465888.99826524867,4980736,10.598420839000001,469950.76678517234,145a83d237ac35eb56b478ccb9cb95ea517c0bdbb5459bda4fab8eeaf45598db
references,flappycnn,quality-reference,64173,14942208,31.949940594,467675.61135328223,4980736,10.568298106,471290.2635829565,9e2cdaeb9d12835f44015db95dbe368d3b5e6b103af6191297f344ee3b9242a3
references,flappycnn,quality-reference,64173,19922944,42.64470395,467184.48376049753,4980736,10.694763356,465717.27061222884,a00bc08f064240c64020bf687c2df22b108d266879241b620374c859c635d936
references,flappycnn,nature-cnn,64173,4980736,11.203899164,444553.80462579825,4980736,11.203899164,444553.80462579825,1969cff17eeed3bf8c952e68d481039fadd4ceeb607b78fce3edc7005f7bc21c
references,flappycnn,nature-cnn,64173,9961472,21.665118557,459793.09892959014,4980736,10.461219393,476114.28581000795,e3d0b2b66b130528cbacfaee831eec529d08b4d3c4f567733d6665e5458a6773
references,flappycnn,nature-cnn,64173,14942208,31.980108335,467234.4397172287,4980736,10.314989778000001,482863.88132182206,8161dca1dbca980925efc3412a7b210fa0e363f2afede1f1f36af55ed11d2f4f
references,flappycnn,nature-cnn,64173,19922944,42.302724968,470961.24457870645,4980736,10.322616632999999,482507.11782488035,c3aa5de099708d48e66130479a515ff0b4683c7cf483a25d5ac72abfb94dbfd6
references,breakoutcnn,nature-cnn,64173,4194304,12.062974338,347700.6484866154,4194304,12.062974338,347700.6484866154,888e459a8b28437a4677129f378771cb10e94bf82b0e12440d5c5d7c75832d3d
references,breakoutcnn,nature-cnn,64173,8388608,23.889227779,351146.05116595974,4194304,11.826253440999999,354660.41895051254,baa279f72762aba01de58d51e8a11a41935034846d4b641799342b12d1498557
references,breakoutcnn,nature-cnn,64173,12582912,35.659872343,352859.1431559068,4194304,11.770644564000005,356335.96590182435,4d63d1e942d1dcf2d1759de81167c6cf7c9ce33050874f406c50495d5505bed8
references,breakoutcnn,nature-cnn,64173,16777216,47.509261979,353135.68978225446,4194304,11.849389635999998,353967.93664858106,919109f49005fa73ffc002bf003f1df7a786be7c1c42ff25b881143759c5c0bd
references,breakoutcnn,quality-reference,64173,4194304,11.476324102,365474.51629298716,4194304,11.476324102,365474.51629298716,20ae8b505b1ac647c58845ce53617d9a525d5643de86dfa9f1eabc34693659b2
references,breakoutcnn,quality-reference,64173,8388608,22.667151119,370077.7374254378,4194304,11.190827017,374798.3945805281,899a62f8cba7a192d3aab6a545237ca77e4232c5251ab43af5992f49283fd8b1
references,breakoutcnn,quality-reference,64173,12582912,34.107622902,368917.8819689062,4194304,11.440471783000003,366619.8457158503,6b5bea2e713f692b9843708b79dcb1e2a0689d7187560fa810138b2856da2b98
references,breakoutcnn,quality-reference,64173,16777216,45.571983801,368147.58982758725,4194304,11.464360898999999,365855.8934903956,cc2d1940c8f7a390aafce3935bdad79bc8aa9dd76cfb2fa2c874763e923b5e1f
references,snakecnn,quality-reference,64173,2097152,4.81045839,435956.79038811935,2097152,4.81045839,435956.79038811935,2c98253ac266088ff3309a9db57bc21c6e5151eeb36722328feb45e7da4469b8
references,snakecnn,quality-reference,64173,4194304,9.371517231,447558.6926443117,2097152,4.561058841,459794.98908200994,81ce7516daf8b23feae50633684299e0979e417ca49246c4d88d8ec29ae4ad04
references,snakecnn,quality-reference,64173,6291456,13.943909195,451197.430506503,2097152,4.5723919639999995,458655.3419985847,16d69ab82649927b12bbe1971700574884d2c403f7292f4bf913732bf3fd11f9
references,snakecnn,quality-reference,64173,8388608,18.529839961,452708.0653505704,2097152,4.585930766000001,457301.27797572594,b255b2a2852a5d2060aa0c309f06ddb80ca7908f3042ea6466b271eec6dc828e
references,snakecnn,nature-cnn,64173,2097152,5.075240915,413212.30560736835,2097152,5.075240915,413212.30560736835,46081d3701043d89474291e962ac2498d2e8d23c1e9ff977b2bc3866b40c6427
references,snakecnn,nature-cnn,64173,4194304,9.885848322,424273.5538098417,2097152,4.810607406999999,435943.2858620717,d24b4806510928777e02c2a0cec163cb8792cff60828c71d63a02b6ccba97b7c
references,snakecnn,nature-cnn,64173,6291456,14.71708825,427493.25771013164,2097152,4.8312399280000005,434081.52591340314,915c688a998e831d0e2a3685379e60e735873bec5ea4cca6c4a77034b660a63b
references,snakecnn,nature-cnn,64173,8388608,19.550253028,429079.2547792492,2097152,4.833164778,433908.649162137,38049c2f107efe215830b30f690d058e9a82641f5094860719da552786b2d68d
references,mazecnn,nature-cnn,64173,8388608,29.806670786,281433.91324132966,8388608,29.806670786,281433.91324132966,5dedf814b259e50cd4c9ee77fb50ce8fe77507d38c500c5dd6aa5ce38cd052aa
references,mazecnn,nature-cnn,64173,16777216,59.117281121,283795.46017450886,8388608,29.310610334999996,286196.97454689664,0150f7f15552568363c2d778bba317270652764b9072e9fcbdfb9850d6e0f329
references,mazecnn,nature-cnn,64173,25165824,88.375462051,284760.31033905345,8388608,29.25818093,286709.8272469395,7e53bb13bd6d570e6c61a17384592218a371c0b0c68bceea8b4757280201cbf8
references,mazecnn,nature-cnn,64173,33554432,117.677460951,285138.98692946654,8388608,29.3019989,286281.08371132315,b66d34f4b8a3e3901f9fa14ae7e2bc90c740e16eeefe49073ac36f58f512494c
references,mazecnn,quality-reference,64173,8388608,27.978878283,299819.3106653932,8388608,27.978878283,299819.3106653932,acf8fbb92785af6d5294d4aec264c417f3d428ff8722f5e4357ae74ef6e36be3
references,mazecnn,quality-reference,64173,16777216,55.788195261,300730.5742999809,8388608,27.809316978,301647.39416779793,a535a7a9d4a137fe90e6daf139c8e43025e0a31be27c19240b65d24b6ecb069c
references,mazecnn,quality-reference,64173,25165824,83.538351769,301248.74943173956,8388608,27.750156508000003,302290.47528368625,5bf3fa50305563680be8a072c8f735bceb7dc8600167b7bd0e4dcf3e58a1f3ac
references,mazecnn,quality-reference,64173,33554432,111.332692702,301388.8480162236,8388608,27.794340933,301809.92671210534,747ba5fd98a08b7393396cea947a148d2a1fda7c067690218511cbb18c16c09a
references,connect4cnn,nature-cnn,64174,3328000,20.334853925,163659.89213763186,3328000,20.334853925,163659.89213763186,6cb4d0ce011fdf7015a2e97d2846c7e2587a0dfbcfaa3ce22137d23b883411f9
references,connect4cnn,nature-cnn,64174,6656000,39.747983453,167455.03599875415,3328000,19.413129528000002,171430.37114134274,d41b5b7c889523beef4c557a05e73f990eb50da6e942e2d4093e5d2bd7743b0a
references,connect4cnn,nature-cnn,64174,9984000,58.226881139,171467.1953005015,3328000,18.478897685999996,180097.32271646068,78b2c95a56019ed5de31677f33a071882adb3a0f5c834b36b9d5e9ccc87b2316
references,connect4cnn,nature-cnn,64174,13312000,76.715892182,173523.3681232403,3328000,18.489011043000005,179998.8107671119,a9129c312a16b1631a5ac041ca3c99a9f118671b69c63e62a75ce50632fda2de
references,connect4cnn,quality-reference,64174,3328000,19.657597553,169298.40948402695,3328000,19.657597553,169298.40948402695,5a06e740c64325b6a4a104412e3ecc057bc19af64e28229c7f400bf57a7bc3b0
references,connect4cnn,quality-reference,64174,6656000,38.199439765,174243.39312165824,3328000,18.541842212000002,179485.94114592174,f226ac7de518ba553917b5e81e9fd3029ebfc7ce913daa44b70b7b27941f6f4a
references,connect4cnn,quality-reference,64174,9984000,56.131731105,177867.30969198034,3328000,17.93229134,185586.99147255768,e8c752ef780bfe22d5bc5e5d5c389d44c3bec1ddd641deb94b0e65d7b4d60a6b
references,connect4cnn,quality-reference,64174,13312000,74.540743434,178586.89606157114,3328000,18.409012329000007,180781.0185860623,1e5ea2fd52fd5a455b5c382f8daa68c81f02e5978313e09a94705c80f6693379
references,pongcnn,quality-reference,64174,2097152,5.567537204,376674.9862925568,2097152,5.567537204,376674.9862925568,9cc1224a3503151b2b40a4e484d6306546f1c896fda9020cfbc0dfdab70186bf
references,pongcnn,quality-reference,64174,4194304,10.968917507,382380.85000852036,2097152,5.401380303000001,388262.2371239464,2beab7fad6aaf2a4b7fe62113d87e4e6a4d33d48d699823716c796f11f944b2d
references,pongcnn,quality-reference,64174,6291456,16.669776434,377416.9392678731,2097152,5.700858926999999,367865.97017295397,bf3e3e8b8337a65bc8809fdde4dcd3caae494c77429cc68d757f56e87f26986b
references,pongcnn,quality-reference,64174,8388608,22.347727517,375367.3832660952,2097152,5.677951083,369350.1351709338,550e47bc002b78587ed950df33155f79ec8b6bd7feeb6ee97983e29d1f74792c
references,pongcnn,nature-cnn,64174,2097152,6.139406957,341588.6932872041,2097152,6.139406957,341588.6932872041,77b886053b5afb3a77f9e7080cbf99f3c15993d54b37a0d61a5f6ee3b1e38b98
references,pongcnn,nature-cnn,64174,4194304,12.02489111,348801.82794436964,2097152,5.885484153,356326.1654406157,212edc3db6a473abfde2b77ae1a9921bb285dbb2a4d765c74a5a34fb91fe9fa9
references,pongcnn,nature-cnn,64174,6291456,17.701740402,355414.54439639003,2097152,5.676849291999998,369421.8204727357,70138753300de2abb525d98b831b6f08cb3a3be3962a21a36617ecf9f3218a55
references,pongcnn,nature-cnn,64174,8388608,23.420278622,358177.1222875249,2097152,5.718538220000003,366728.6847302035,4bfadb9822825e85d9b70d642a276f5ce6c2eda6d9e786351eb99025ef693154
references,flappycnn,nature-cnn,64174,4980736,10.948854877,454909.30841205263,4980736,10.948854877,454909.30841205263,1bac50a0c3a3845f4d79d13cce11389dd938bb779ca914ea41ce45ff73c03993
references,flappycnn,nature-cnn,64174,9961472,21.692544675,459211.77755970205,4980736,10.743689798,463596.4080913052,5293eaad6c90c8979fabf24bfe5ae219ad22d29527c6a6798f9264ec460169e2
references,flappycnn,nature-cnn,64174,14942208,32.465990438,460241.8653616928,4980736,10.773445762999998,462315.9673858193,617a9874df0a83cc6fb23a65586f0caf1c679bf7d26da9f4df2b582331746ff1
references,flappycnn,nature-cnn,64174,19922944,43.22716701,460889.4215850672,4980736,10.761176572000004,462843.0698702226,a38337ff2a9f70dca7577c4e29be69cf617d91b41ede377d4936b79833de3adb
references,flappycnn,quality-reference,64174,4980736,10.522236044,473353.3803245291,4980736,10.522236044,473353.3803245291,949b96635f1e725b5f9ee1cd35dfc613decaae7687fef6a02ef1dbf77c7c28be
references,flappycnn,quality-reference,64174,9961472,20.798557495,478950.13884471316,4980736,10.276321451000001,484680.82900572545,7ae19e9e1f5609ad38c31fbe968237df8c88de30a0a0aaa8f285ab867be6cc91
references,flappycnn,quality-reference,64174,14942208,30.895199896,483641.73238233576,4980736,10.096642401,493306.17072331824,93b510b835dabbf4e9736b36556d94e16a9e055e6371242312e2b51ea8a37380
references,flappycnn,quality-reference,64174,19922944,40.978141948,486184.6597457152,4980736,10.082942052,493976.4578942559,b1bdbca4a6750f13953a8fedfc2b1594a6b9c983e69f8ca2c67c6f7ad72d3580
references,breakoutcnn,quality-reference,64174,4194304,11.373495915,368778.78458357893,4194304,11.373495915,368778.78458357893,96f8d8775a9846ff43cca31465df8ee4b7ab4d9b0d314d944ec307051e43f92d
references,breakoutcnn,quality-reference,64174,8388608,22.497624382,372866.390582625,4194304,11.124128467000002,377045.62765905703,0606a9a36c737f6fb2d538b309621848bc17d1cc5da1cb8230be9297430c8c87
references,breakoutcnn,quality-reference,64174,12582912,33.622001853,374246.3656689514,4194304,11.124377470999999,377037.1880075158,938e94beba92edbcd172b9c57a37f5f5db1a0333da96d83a0baa4a694eb3dec5
references,breakoutcnn,quality-reference,64174,16777216,45.021642997,372647.79521968897,4194304,11.399641144,367932.98552275903,8535cfd71d0ec6121c02ffd5459cde7fd9af043168f11683197da1fc8e064b5a
references,breakoutcnn,nature-cnn,64174,4194304,12.544170796,334362.79433770553,4194304,12.544170796,334362.79433770553,dd26ae2e1bab6b97085ba63bc16efe41e237550a3ca811c7cdb8587c0f315b73
references,breakoutcnn,nature-cnn,64174,8388608,24.833368524,337795.8166204033,4194304,12.289197728000001,341300.06635368866,2c8bb5d544a83a42af8911ee6607b863ed97124f3e496f4fc2fa687664ae1cb3
references,breakoutcnn,nature-cnn,64174,12582912,37.097933198,339180.94393135526,4194304,12.264564673999999,341985.55851653055,a82383f8ddd26f1b77b0f5523a3cfac6df29ae358c66ee060fd0519cf793dd62
references,breakoutcnn,nature-cnn,64174,16777216,49.341830688,340020.13638460805,4194304,12.243897490000002,342562.81575581856,1a5dc9d14b42d89bdeab7b9780f379de8b94e7cc0131120470e15cca35a187ae
references,snakecnn,nature-cnn,64174,2097152,5.172505526,405442.19613850635,2097152,5.172505526,405442.19613850635,6ad6e7970edb2152830043f27a34fdb2cb029bf559c66f7d79792631c0aca85a
references,snakecnn,nature-cnn,64174,4194304,10.119408951,414481.1243729327,2097152,4.946903425,423932.2703171631,b1f69d3629e530a40ae89aa5d1ade44df8ee3bb3a35a6371093e240da0fa1e1b
references,snakecnn,nature-cnn,64174,6291456,15.089027801,416955.6901196142,2097152,4.96961885,421994.53585862025,aa0bc97f9e719389d30f52ee0098bec149f8dc46ccd45e0b9d4d2bfc1dfe0a73
references,snakecnn,nature-cnn,64174,8388608,20.072256609,417920.5240051941,2097152,4.983228808,420842.00441153016,0b19fe355ced3b66360d868ef8ff6f4c66d66b385e62169e9cbce40b8f1122ec
references,snakecnn,quality-reference,64174,2097152,4.929869089,425397.0971925741,2097152,4.929869089,425397.0971925741,a42817b831c78a36bb908671410271c5b14bd5f33d1e3752fa9a307b8de1efc2
references,snakecnn,quality-reference,64174,4194304,9.630286994,435532.606931984,2097152,4.700417905,446162.8821916421,db537347773637736f4c907144425f61c07a746c18624a72db2ddd3f4e680dbe
references,snakecnn,quality-reference,64174,6291456,14.33795762,438797.22389638366,2097152,4.707670625999999,445475.51572908205,38e8c2c5fac9c38403de3be0e21b7bf4605a99cac8c7df5598dbb7f41551019f
references,snakecnn,quality-reference,64174,8388608,19.051217112,440318.74450247985,2097152,4.713259492000001,444947.281930812,013822847e480f4436f2b94b1627cbc085cad37c075e24037710fe0aa5068e9b
references,mazecnn,quality-reference,64174,8388608,29.155852403,287716.0950072875,8388608,29.155852403,287716.0950072875,5bde5637084b1b2fa4ec8c58cdd2ce87f38f068a5ec55f31bed29a1620d7af1f
references,mazecnn,quality-reference,64174,16777216,57.811967007,290203.1684541814,8388608,28.656114604,292733.6143061441,e17b905068624e1f15102ad585d55a488db463034dbf8396fe3a89d843ec8557
references,mazecnn,quality-reference,64174,25165824,85.887409653,293009.4655511708,8388608,28.075442646000006,298788.09412806,d909f869b70404da0f57880c66f8560612d812e080e17d3aa9d466e8a47a26a4
references,mazecnn,quality-reference,64174,33554432,113.85875421,294702.2583622558,8388608,27.971344556999995,299900.06318451004,b97d3a86cac1aef6f00dea3f65018d7332b6e2b23cada842ccb07622b43b91b1
references,mazecnn,nature-cnn,64174,8388608,30.273598359,277093.19191341393,8388608,30.273598359,277093.19191341393,d1f63dbbd73f49942d3fe982fad6cbda83a2f8131f574b4988016bde1f99b0d0
references,mazecnn,nature-cnn,64174,16777216,61.457364517,272989.5128412019,8388608,31.183766158,269005.60879969125,ac08210995e79998bf4d69cb6263a76322917e6e974454ac16d21675ae18b235
references,mazecnn,nature-cnn,64174,25165824,92.442104025,272233.35368041997,8388608,30.984739508000004,270733.53312633565,9f88a02c71554de1345ae6b6587045214aa19173696fa374161851598f7149ca
references,mazecnn,nature-cnn,64174,33554432,123.440787852,271826.13286809437,8388608,30.998683826999994,270611.74747985543,1d1c4f804e6008feeb5d2163c7d2c283d8963b27516fb2a5b4d22e5d77387a0c
trial-0000,connect4cnn,happy-cat-1,64173,3328000,19.76375646,168389.04115903075,3328000,19.76375646,168389.04115903075,2d9d2382941daf19f96cbc8c25467cb2c8f3f661e477f7520e7fc7285ae8c074
trial-0000,connect4cnn,happy-cat-1,64173,6656000,38.261590241,173960.35967338402,3328000,18.497833781,179912.95842534525,6d51c7754df1c68fccc871a3b260787825de51f0241ade976bb32571303fb918
trial-0000,connect4cnn,happy-cat-1,64173,9984000,55.806080453,178905.2361132681,3328000,17.544490212,189689.18217548035,df9ec19af7ec7f7b50b2a565dcd4ef804f0fd61fbb3a14066f50f1a957e295e4
trial-0000,connect4cnn,happy-cat-1,64173,13312000,73.418788841,181315.98477917202,3328000,17.612708387999994,188954.47120826997,ac6c5d1d25aff9279c0bf00d8506b824a3e70daf157d69249d75b73ba4c62286
trial-0000,pongcnn,happy-cat-1,64173,2097152,5.142323859,407821.84426786023,2097152,5.142323859,407821.84426786023,7cd340a03c38eebb623af8a711e9648c9528c3aeadaab9db9f409f6ef8fa7a56
trial-0000,pongcnn,happy-cat-1,64173,4194304,10.106256981,415020.5172780971,2097152,4.963933121999999,422477.8917156411,5186d64c3fce63d6bd9295022b1f366f0fa70d1d5e915697f05d62dde3bb2d1b
trial-0000,pongcnn,happy-cat-1,64173,6291456,15.047682099,418101.336711393,2097152,4.941425118,424402.2624891672,ef8a3c5bb035c7404f34c317883543d3995e78987ad7a3cc0616589089747f90
trial-0000,pongcnn,happy-cat-1,64173,8388608,19.964235554,420181.7784262355,2097152,4.916553454999999,426549.21159603266,1f1d335c777edfbeb15e2204b762ddbc774e52dcd1ef7465ba03ca016159c862
trial-0000,flappycnn,happy-cat-1,64173,4980736,9.564867921,520732.3343236786,4980736,9.564867921,520732.3343236786,e0c1808082c789b900071421b90bb8dcfbcda22a9f8b39f65180820b5ca9f522
trial-0000,flappycnn,happy-cat-1,64173,9961472,18.923551732,526406.0437002957,4980736,9.358683811,532204.752354786,58cec28d7755c043d31ffe3cca4cad174107f8a230dd06b11b8658d41b36c855
trial-0000,flappycnn,happy-cat-1,64173,14942208,28.269931343,528554.8032892512,4980736,9.346379611,532905.382329864,308307cb3409b66f22e396bf374d57f0e6aecc4e5a7a57e4da9cc9db7fd1b485
trial-0000,flappycnn,happy-cat-1,64173,19922944,37.625392434,529507.9389523319,4980736,9.355461090999999,532388.0834469498,89e4e52cd73790bc4216f21721be11502142b9fca307f72b7e4f3d3cf233e039
trial-0000,breakoutcnn,happy-cat-1,64173,4194304,11.014444657,380800.3154597901,4194304,11.014444657,380800.3154597901,792653bf8c491ffea669a538d97bb0ff8c4ee2b0758cb2396313274da042056a
trial-0000,breakoutcnn,happy-cat-1,64173,8388608,21.866023952,383636.6418702623,4194304,10.851579294999999,386515.5371377674,9738143a234e39a12608ae00420e303349be3e6593452ed0ea616f50cd8018c8
trial-0000,breakoutcnn,happy-cat-1,64173,12582912,32.598000042,386002.57634787075,4194304,10.731976090000003,390823.08466082305,9396e9871e471a7b9d2cbfd8ccc1d211c67787af1d39dccb5ad7cdc4e964e19f
trial-0000,breakoutcnn,happy-cat-1,64173,16777216,43.332595386,387173.11646235763,4194304,10.734595343999999,390727.7233644738,5c408e3b035ccb51c98c981141035eea83830bd127b3592f397474b057462a26
trial-0000,snakecnn,happy-cat-1,64173,2097152,4.46672555,469505.4523777491,2097152,4.46672555,469505.4523777491,53fe5403d4f94c32ee58c8893d42dc6cdb0cff14fe6f3aacd0e370b83ed5f4a3
trial-0000,snakecnn,happy-cat-1,64173,4194304,8.686820092,482835.37077770074,2097152,4.220094542,496944.31703563477,7fb81607eff3b0d233ce718107efcdee275530230c8ecb50cf53c9212cc7a3d7
trial-0000,snakecnn,happy-cat-1,64173,6291456,12.913286971,487207.94435444905,2097152,4.226466879,496195.06316732214,f6ff4c3d7350fbed93d7cd4c8e4ea0635b2fbfb6cade94f653a291146fea11a4
trial-0000,snakecnn,happy-cat-1,64173,8388608,17.14921197,489154.1380836988,2097152,4.235924999,495087.1416503095,233e3a19ec0143b3a80003283a639c74b2c652225a631108b74d48330ff41900
trial-0000,mazecnn,happy-cat-1,64173,8388608,25.77083181,325507.8478586369,8388608,25.77083181,325507.8478586369,2f0a3686850f092da4b7a08fa0ca727f1233302c9a8bed0c878357181ea8820c
trial-0000,mazecnn,happy-cat-1,64173,16777216,51.190181306,327742.85169475543,8388608,25.419349496,330008.7597174757,58801e12727e50c4051c4a1ecf4d6e9f2ba96c9df1d1fc007ac7f86e813f5e6b
trial-0000,mazecnn,happy-cat-1,64173,25165824,76.597695717,328545.44466948934,8388608,25.407514410999994,330162.4812369767,083e4390ed291bf156be8aa8021aa84ce93d060a5501569652bd6796885198db
trial-0000,mazecnn,happy-cat-1,64173,33554432,101.855995856,329430.1107952244,8388608,25.258300139000013,332112.92738768243,a2cdac545e26a7d4629d82e89317e0afbbeddd5f384a32bd2263db6351dce1cd
trial-0000,connect4cnn,happy-cat-1,64174,3328000,19.410137454,171456.79714463704,3328000,19.410137454,171456.79714463704,dca40ddb13ca9c0c3487ca39ee4e7dfdf02c6e7730307877218674dbb3b236b8
trial-0000,connect4cnn,happy-cat-1,64174,6656000,37.598026108,177030.5701921877,3328000,18.187888653999998,182978.90773968888,c93e4a02e2dd00753aba41d3a85ddbdc75904566a0de89e05fdf64f8fa34c831
trial-0000,connect4cnn,happy-cat-1,64174,9984000,55.013956608,181481.22068624583,3328000,17.4159305,191089.41666941077,4b979d4d304954970ed01527f7294e3b53ec5f97dafffb2b85e3797405b6b0f9
trial-0000,connect4cnn,happy-cat-1,64174,13312000,72.303331282,184113.231907394,3328000,17.289374674,192488.16471105182,1285c7f7e3826c4836e7af268c93ea38694297fb84aa6b3396825542113a8d8e
trial-0000,pongcnn,happy-cat-1,64174,2097152,5.104970661,410805.8869018444,2097152,5.104970661,410805.8869018444,1b1e74e74b3864f6821aefbe8e28fa5897b4b7a2da8519049792c26bd23e2091
trial-0000,pongcnn,happy-cat-1,64174,4194304,9.977564306,420373.53720464214,2097152,4.872593644999999,430397.4746902992,7e7b35828b7a23201e7a3aa721e841888b80913017cf8f1091bdfd2d2b244645
trial-0000,pongcnn,happy-cat-1,64174,6291456,14.845388576,423798.6744362602,2097152,4.86782427,430819.16759497154,8b75ed46e648082fba381bbf5a668382c371ce357d021d6e03b75a86034f74b0
trial-0000,pongcnn,happy-cat-1,64174,8388608,19.739298102,424969.92327959527,2097152,4.893909526,428522.83820499876,777952fb79b05119f22d36e2aa2959f4865c1a9954efd1ef5bad48715cdb715d
trial-0000,flappycnn,happy-cat-1,64174,4980736,9.695264989,513728.71248501365,4980736,9.695264989,513728.71248501365,f2aefcc42241b7bd8e2afdb8aea97eca8e652416ab728364709839847414d056
trial-0000,flappycnn,happy-cat-1,64174,9961472,19.195697453,518942.95710746216,4980736,9.500432464000001,524264.13417215564,11a57a1512bc3816b0b4a156df73876f4ff8923d398613de776019df2085ea6a
trial-0000,flappycnn,happy-cat-1,64174,14942208,28.923066545,516619.07898846554,4980736,9.727369092,512033.2078378999,820296ce139aee1d3d679456fad2c84a20157deceacf850d1575eee505844c88
trial-0000,flappycnn,happy-cat-1,64174,19922944,38.746998912,514180.3122674834,4980736,9.823932367000001,507000.23309718695,4b72cd2a9d6d2c6ddf65f94d96ceb95ba3991add2762bb3aad39ca6319ae156c
trial-0000,breakoutcnn,happy-cat-1,64174,4194304,11.055030782,379402.29047839844,4194304,11.055030782,379402.29047839844,afead3cb4eff3826222228158073c2dad703ae6fc20bd346bb9d00106356a401
trial-0000,breakoutcnn,happy-cat-1,64174,8388608,21.93286672,382467.46798268054,4194304,10.877835938,385582.5757904531,e1787ef0836b2ecaab51142b9dfae947c0f9268649bfdff8fef4b8fbd5ce279b
trial-0000,breakoutcnn,happy-cat-1,64174,12582912,33.113756441,379990.4738207348,4194304,11.180889721,375131.5060484175,5981290d1666a25197c5cc572661da8e5a84f03bcfaf38dbce63a0820d268bf4
trial-0000,breakoutcnn,happy-cat-1,64174,16777216,44.125473157,380216.1155373013,4194304,11.011716716000002,380894.65141304303,7edbc16e23a7e2d7ff64abc7d24c75c5bed4d3a282f49505c678913dbeb1c8d2
trial-0000,snakecnn,happy-cat-1,64174,2097152,4.460389418,470172.4005390419,2097152,4.460389418,470172.4005390419,0b8046fe025180da9036eddc386866a8dc2d723c51e2e83281b6e7ce752d5abe
trial-0000,snakecnn,happy-cat-1,64174,4194304,8.691200875,482591.9985424339,2097152,4.230811457,495685.5254162181,f12de6335fe1e0cec9dc38ab396bda880628c4f33ba4bfc94a8cb36e768aa32d
trial-0000,snakecnn,happy-cat-1,64174,6291456,12.988309165,484393.766738613,2097152,4.297108290000001,488037.96843574534,b1d72589c30488d4c77ec3720038631f0f90cf6cbfaefdecd33a6a29ba9987da
trial-0000,snakecnn,happy-cat-1,64174,8388608,17.240843728,486554.3782162167,2097152,4.252534563000001,493153.42860389105,3017ec6b21e5b8303f4cd4175a14fc4b291ebf34209b273d8dce409bc0eed7f4
trial-0000,mazecnn,happy-cat-1,64174,8388608,27.371900032,306467.87362927047,8388608,27.371900032,306467.87362927047,20ff8877da770799deb66edf66065d8a145fb35561e0fde7aa48e03911b191b8
trial-0000,mazecnn,happy-cat-1,64174,16777216,53.880526414,311378.1010803322,8388608,26.508626382000003,316448.2338359134,35bdb76a34807f6844489682fed5dcae06120bb7ed748b0546b9b760ac668599
trial-0000,mazecnn,happy-cat-1,64174,25165824,79.453605642,316736.08512358164,8388608,25.573079227999997,328024.948627043,d570616dc72def3ae452d2a2d2dca53b0b60bdc7cb729558417805b99c346732
trial-0000,mazecnn,happy-cat-1,64174,33554432,105.052878941,319405.16374467855,8388608,25.599273299000004,327689.3020368546,2e8d4de5536a4b6ef96770f4741fac21f7e144ae444e50defcb7933923c3b7fa
trial-0001,connect4cnn,mystic-tree-2,64173,3328000,22.138574531,150325.84845695004,3328000,22.138574531,150325.84845695004,701ee36b3d0cbb1cbc2c9d6c964691f5209a950db9c58059498e1d9a29d519ab
trial-0001,connect4cnn,mystic-tree-2,64173,6656000,44.032884371,151159.75469423557,3328000,21.894309840000002,152002.96443781393,d4fa216e609164c7d66f6d898bc37809a3b7c7b396be81474764be3e63071038
trial-0001,connect4cnn,mystic-tree-2,64173,9984000,65.160204417,153222.35541353244,3328000,21.127320046,157521.161829992,56ee06e32a5f02cc84474968dae5abf7b3eae511a3394d702a283dbc2ed56a56
trial-0001,connect4cnn,mystic-tree-2,64173,13312000,86.853373917,153269.80864003504,3328000,21.693169499999996,153412.34483969715,d1749dd7a0a0d565daf8245d2739ac04390bd49230030b0ce22adfedf9ab5e9c
trial-0001,pongcnn,mystic-tree-2,64173,2097152,6.763168876,310084.22803724767,2097152,6.763168876,310084.22803724767,1fcf206b94feaea95fcd395115937434be4fd5f9516501250ca064856c84fd47
trial-0001,pongcnn,mystic-tree-2,64173,4194304,13.327552852,314709.23781559657,2097152,6.564383976,319474.30370730645,8cb31b32759c01f04cfbbab72966650c7042f9f962c038cb5c7d687461d6847d
trial-0001,pongcnn,mystic-tree-2,64173,6291456,19.853803888,316889.1984373166,2097152,6.5262510360000014,321340.9947658654,589296ee76b557f66cac2e9c2722f9fd11784e75655f2fa1308fd9f741327664
trial-0001,pongcnn,mystic-tree-2,64173,8388608,26.389189468,317880.47185655986,2097152,6.53538558,320891.8547082879,257c027c40716599c5d6babe038156252756304b0b4c0218fad70f7bcd4cc7d6
trial-0001,flappycnn,mystic-tree-2,64173,4980736,13.458005145,370094.67200645804,4980736,13.458005145,370094.67200645804,800e3b1266fca87a22d139fdc4e9869ba8aef04371ae1548a70beb1ee59b86d9
trial-0001,flappycnn,mystic-tree-2,64173,9961472,26.705962146,373005.54630989104,4980736,13.247957001000001,375962.5729177742,ffd86a85cfbc3953bdb608d9d15e25b69372feb8ed5dde1b5d55e7789b0d3055
trial-0001,flappycnn,mystic-tree-2,64173,14942208,39.932200004,374189.4510821653,4980736,13.226237858000001,376579.9506612804,26c1b4f725e7d34bb65f5ba7952b42fe7dbea9f2e5b7b0489f0ef8145c9b373b
trial-0001,flappycnn,mystic-tree-2,64173,19922944,53.178334835,374643.9985722806,4980736,13.246134830999999,376014.29122883134,465c3d281501572fb188d6a44d0827233a689c345e9b424569102bb911b101b2
trial-0001,breakoutcnn,mystic-tree-2,64173,4194304,14.891020562,281666.65827480843,4194304,14.891020562,281666.65827480843,8e0b8374a6a1013754fa3e58e8451a5d6862fa01f27463aa1538a25075a127f1
trial-0001,breakoutcnn,mystic-tree-2,64173,8388608,29.600791022,283391.3456490197,4194304,14.70977046,285137.2841884577,581b8e7053c16c5a2bbe34e5d39b3c82e4e952b2417fc4bf88b161bc940be84f
trial-0001,breakoutcnn,mystic-tree-2,64173,12582912,43.736044308,287701.19015309284,4194304,14.135253285999998,296726.4834337402,72fc9ed0fef981c8e9fc45cc48df3e0f763108cbc778c3405bd439530fdff1c4
trial-0001,breakoutcnn,mystic-tree-2,64173,16777216,57.759876243,290464.8882801797,4194304,14.023831935000004,299084.01779488375,31c061801c955c6b68ce75a7aaa9c85e9d5bf87df409c37d1eee8e455626a736
trial-0001,snakecnn,mystic-tree-2,64173,2097152,6.372083608,329115.58118400635,2097152,6.372083608,329115.58118400635,e95a990963c1fdb1de34921fcb8254c2028779ea3585980ae19d2853dc442cae
trial-0001,snakecnn,mystic-tree-2,64173,4194304,12.420200387,337700.1875420708,2097152,6.048116779,346744.6275643415,bbff9f8e5d8453b7f5b56a048f54b672b88e1370499fa0bd78eb75fb489c340b
trial-0001,snakecnn,mystic-tree-2,64173,6291456,18.40132999,341902.24312150385,2097152,5.981129603000001,350628.08185064496,a4ac568090a2c01f55282f515e2bbed4f13767f414dbcb24621ce4d8cc692754
trial-0001,snakecnn,mystic-tree-2,64173,8388608,24.291647006,345328.91071272467,2097152,5.890317016000001,356033.808418708,b21dba4539c0be6631ae106a11cd47c20cbefb71234a17e56399399ed42a52a3
trial-0001,mazecnn,mystic-tree-2,64173,8388608,37.332587748,224699.34462149354,8388608,37.332587748,224699.34462149354,340ce5f28e292f884946d685ec78fa538f04aeae1808dab795810189cbc2fa2b
trial-0001,mazecnn,mystic-tree-2,64173,16777216,74.5573498,225024.30739564728,8388608,37.224762051999996,225350.21146090308,e3bab76ebaea1ce60aa1dbda7c8a66818ec5af1ba8ee6fbbef41e4ef35123389
trial-0001,mazecnn,mystic-tree-2,64173,25165824,112.375982651,223943.0829108399,8388608,37.818632851000004,221811.50844479,dccb4605a661f59ec68643c41b236b5c944f642432020288a8157b2b72b97b4b
trial-0001,mazecnn,mystic-tree-2,64173,33554432,148.930296954,225302.9281903865,8388608,36.554314303,229483.39094714055,048295e66194bcab9a6b6314049fc91659c5addeb37c12380113b10f9ae49ecc
trial-0001,connect4cnn,mystic-tree-2,64174,3328000,21.995518281,151303.5499997637,3328000,21.995518281,151303.5499997637,5abac7dc247f3600596ad015445d75f119af58a953f23f61ff9ea9cba78b5ed9
trial-0001,connect4cnn,mystic-tree-2,64174,6656000,42.929122254,155046.26348095937,3328000,20.933603973,158978.83633856973,e20f2b6948e945552b65ab80f6fe850d94b80dfc8a9db449a4392f945e9cd796
trial-0001,connect4cnn,mystic-tree-2,64174,9984000,63.350322884,157599.828153703,3328000,20.42120063,162967.89108035906,8d733a284b286a4a61a16c7d11ec5a3cf9f82aba84772b3242e84083c5b4a879
trial-0001,connect4cnn,mystic-tree-2,64174,13312000,83.674381671,159092.89957279354,3328000,20.324058787000006,163746.8202034875,3ff75d0c87618194ab6da62cceea028c55e06e02236ec09f461f412f79f1e1d7
trial-0001,pongcnn,mystic-tree-2,64174,2097152,6.743363476,310994.9519203405,2097152,6.743363476,310994.9519203405,98913d4a37b0a63145d2c29e111a80268552c6636fb76a6861b939af3d0df0be
trial-0001,pongcnn,mystic-tree-2,64174,4194304,13.263341832,316232.82074209605,2097152,6.519978356,321650.14751469216,cace0c632d693466d30a68c5cdfc26e6b6d95060314582f95311ec79ff6bea62
trial-0001,pongcnn,mystic-tree-2,64174,6291456,20.005783405,314481.8612015759,2097152,6.742441572999999,311037.47467356815,fab6661756e92c4eb161132694bfa33fa09cf7e778a3ef7d9ab5817f23ae0472
trial-0001,pongcnn,mystic-tree-2,64174,8388608,26.708381438,314081.48110633553,2097152,6.702598033000001,312886.4344355349,6d669c5a8cab04e3a9e3671e6366907972129d65fbb72aa66ce663408cae2ec9
trial-0001,flappycnn,mystic-tree-2,64174,4980736,14.093076535,353417.22494945634,4980736,14.093076535,353417.22494945634,422a1435db73314ff3518a92b1cd615fb1fac3e58636e3c1b3e35ddcbcf9bb4e
trial-0001,flappycnn,mystic-tree-2,64174,9961472,28.050451152,355126.9798129342,4980736,13.957374617000001,356853.3579326224,edfcc062d556a8b3bef796f2e0fc0f18262701f4ed5166a56551a710502632f3
trial-0001,flappycnn,mystic-tree-2,64174,14942208,41.478582954,360239.11464311596,4980736,13.428131801999996,370918.01550966053,4d54078b8d9b9430aad591a53f0c69d32ceff7b6a1756fcd1c8984c6a1150b39
trial-0001,flappycnn,mystic-tree-2,64174,19922944,54.843277696,363270.4834024368,4980736,13.364694742000005,372678.62051106157,012b05f582aabf039e51a5dc90d998f3137b438902e9306d988e1194ce9d601f
trial-0001,breakoutcnn,mystic-tree-2,64174,4194304,14.305522933,293194.73462410615,4194304,14.305522933,293194.73462410615,6b12d1dd1580c1b86bc47e5977dca534dfd704d83b00806a03170ecaf0e3cda0
trial-0001,breakoutcnn,mystic-tree-2,64174,8388608,28.293464637,296485.7117226297,4194304,13.987941703999999,299851.40693005564,6a053a1e26df917cb8f0ede98f03095a3152cd21f6635b8d451a9fb56ec237f2
trial-0001,breakoutcnn,mystic-tree-2,64174,12582912,42.474889572,296243.54828917125,4194304,14.181424935000003,295760.4062514469,d843f7aa3ddbd638e7da8c23d089d5d93e9301111d37ea05a3eb3f9a31cb639a
trial-0001,breakoutcnn,mystic-tree-2,64174,16777216,56.581803869,296512.56857846293,4194304,14.106914296999996,297322.56903921004,65cbd9b75b4cbbc7bd1c89bb58aad4b79a3dcd9434acb5b73bd516a609ece7e3
trial-0001,snakecnn,mystic-tree-2,64174,2097152,6.131413402,342034.0242130684,2097152,6.131413402,342034.0242130684,9436cb978a579cd1e72a01dde535b46a341baf1bd21ab69d93a770f3a0c49ded
trial-0001,snakecnn,mystic-tree-2,64174,4194304,12.038489642,348407.82562680217,2097152,5.90707624,355023.6893505881,deb3c78a4503f2aedfb7c4171933694f37137d05d4cb60b2e7b08e039c23e871
trial-0001,snakecnn,mystic-tree-2,64174,6291456,17.890713609,351660.42772240547,2097152,5.852223966999999,358351.2886426755,4af4239dc5e05fece3402d6049b0340b0aa6160065e130cdeaf7d3b26ef652ab
trial-0001,snakecnn,mystic-tree-2,64174,8388608,24.066029608,348566.34586751566,2097152,6.175315999000002,339602.3782976615,506388a5857a59a5164f82558c5e55f7e39a8b1c60aceebe72b462cd0998b780
trial-0001,mazecnn,mystic-tree-2,64174,8388608,38.13987373,219943.25569572358,8388608,38.13987373,219943.25569572358,b05d16ee61777a7b9819525a3a0a1edb7b9edaf350fa373a85dac20475dd66c6
trial-0001,mazecnn,mystic-tree-2,64174,16777216,75.211614802,223066.82344432082,8388608,37.071741072,226280.3892514196,48e9554cd24152712c40e81aa60a72f152b0fbb6c2bd2e782d28a2cf03cf44ac
trial-0001,mazecnn,mystic-tree-2,64174,25165824,112.442258795,223811.08552685048,8388608,37.230643993,225314.60915844492,1b9afbbdd05b188a05da4abda7d6e5b4ae8889e094001231d923db00f0375b6a
trial-0001,mazecnn,mystic-tree-2,64174,33554432,149.678876428,224176.13494139691,8388608,37.236617632999994,225278.46333083196,9b4381e568bf33afaf693581891e442f67410c807911a25d212d39933b9377eb
trial-0002,connect4cnn,swift-fox-3,64173,3328000,19.442842908,171168.383952259,3328000,19.442842908,171168.383952259,b9bd056024021ee1cd19dc28cb7670b627183a994f0eccc228751582081b0fa1
trial-0002,connect4cnn,swift-fox-3,64173,6656000,38.28398642,173858.59264966275,3328000,18.841143512,176634.71422954684,d4fa2b63525fe8083ab95c19dbd4a8342241f74268b7023634b97a438f3c8fac
trial-0002,connect4cnn,swift-fox-3,64173,9984000,56.814110013,175730.9935457142,3328000,18.530123593,179599.44969051346,39d9c35c366206040ee7673d54102e74e9a8485cd39fb8fd01f07ed12619bafc
trial-0002,connect4cnn,swift-fox-3,64173,13312000,75.225624632,176960.9765970258,3328000,18.41151461900001,180756.44882391294,ec39b92f6ff1ffd64efef4ed882a1db7119fa003c73c87d8d58d5fe19c47e86e
trial-0002,pongcnn,swift-fox-3,64173,2097152,4.988811876,420371.0326478545,2097152,4.988811876,420371.0326478545,8c18d9e9a574d6a0728cf69599df5c6e88d8d6287cffd3c04a832c2bd1792b82
trial-0002,pongcnn,swift-fox-3,64173,4194304,9.752515909,430074.0484954589,2097152,4.763704033,440235.57833824813,9697c82f617824fb6c8abf7ffa36eb9f97f276c16138f4c311793f297437354f
trial-0002,pongcnn,swift-fox-3,64173,6291456,14.514625098,433456.3212980894,2097152,4.762109189,440383.0144937065,23cf2aef20fb62017d19875ab08f5fd7ce1eea8a5e10ba127f601fb60f667c1b
trial-0002,pongcnn,swift-fox-3,64173,8388608,19.270510507,435308.03176972625,2097152,4.755885409000001,440959.3208514582,d94c67a202de4319775665abb70d52934e1eb09ef84c7bea1288aab45143b0cf
trial-0002,flappycnn,swift-fox-3,64173,4980736,9.363835025,531911.9769519861,4980736,9.363835025,531911.9769519861,cf18876166c4391e29d416a3c9c95609802d1da3973d82128c6da21d88262ddc
trial-0002,flappycnn,swift-fox-3,64173,9961472,18.841410199,528700.9780472112,4980736,9.477575173999998,525528.514262144,212300f8f4a47719d6887563fd700b29e91815ea62f703062a78536efb3bc2d5
trial-0002,flappycnn,swift-fox-3,64173,14942208,28.107698287,531605.5355166122,4980736,9.266288088000003,537511.4557953508,9b99d6222e3d9a82c0235ef26d521bd925d5f0627cf6491b4aa30f774c2540b4
trial-0002,flappycnn,swift-fox-3,64173,19922944,37.122954723,536674.5225065958,4980736,9.015256435999998,552478.5717809171,daf4b59b33cad37a8e17ac256080f733f13e2709f4a9af8cc1b918a9df51019f
trial-0002,breakoutcnn,swift-fox-3,64173,4194304,10.987551575,381732.3606055519,4194304,10.987551575,381732.3606055519,ec8343ae9065a7deb5a175ede5d4be2fb4ac768906cb7b580579ffb93661eb32
trial-0002,breakoutcnn,swift-fox-3,64173,8388608,21.65383254,387395.9948893186,4194304,10.666280965,393230.2190203931,6562cec7d9b57a7d04c095932ef3ef1d9d81dcaeb89ec95f5790aaf86f26d9d3
trial-0002,breakoutcnn,swift-fox-3,64173,12582912,32.293866715,389637.825381729,4194304,10.640034175,394200.2376134285,62d57f518f43c7d33c3c0e57e55ca672a3cd23e40c9f5bda0638da6935f3c882
trial-0002,breakoutcnn,swift-fox-3,64173,16777216,43.15453196,388770.6629642242,4194304,10.860665245,386192.1811770196,9688a9e09b2919ebede04e3c9035049558caf7d585ecb6235055fe66e0fb15d3
trial-0002,snakecnn,swift-fox-3,64173,2097152,4.38249268,478529.49294600985,2097152,4.38249268,478529.49294600985,61be79b1a152cbc5c6224981d682598938d9d82a4861bd5393cc47ae0b4e10fa
trial-0002,snakecnn,swift-fox-3,64173,4194304,8.421000445,498076.6866590517,2097152,4.038507765,519288.83687561756,48e30683f48a8943869f81ef5f398bc33d3a7ee5777ef698bee37e5a9fc6b450
trial-0002,snakecnn,swift-fox-3,64173,6291456,12.498256461,503386.69394663814,2097152,4.077256016,514353.7692434176,5d8a38cb0efe01eb6a9da499a8215af3e5905db113e198972d1ee27590ceb29b
trial-0002,snakecnn,swift-fox-3,64173,8388608,16.611396999,504991.12148755405,2097152,4.113140538,509866.36139102915,c0d5235007469643536816118b55a90eeb8b7155bf775a17def14e838e9d5bc5
trial-0002,mazecnn,swift-fox-3,64173,8388608,23.222878042,361221.72216676536,8388608,23.222878042,361221.72216676536,eee4e26811c40352f0014ec2dd22a43612462d36db42bfb63441506c0ffa7829
trial-0002,mazecnn,swift-fox-3,64173,16777216,45.905452127,365473.2765420738,8388608,22.682574084999995,369826.10388771497,7d55acf43d08ec038010dfd5d466e1833b7124ff0a88fc6d2ce87c8a2cf94a81
trial-0002,mazecnn,swift-fox-3,64173,25165824,68.012916287,370015.36434352543,8388608,22.10746416,379446.8664197984,d46e6ade3a2a62f848ca5acf5d2ebbde8ef5d6df7e10e617c976934ab1a2a359
trial-0002,mazecnn,swift-fox-3,64173,33554432,90.845748473,369356.1070716767,8388608,22.832832186000005,367392.35551967536,5eff33e56fb720bdc5d79a8c5bda0e8dd35ab30039b15f8262c9f2dfbb3a0e37
trial-0002,connect4cnn,swift-fox-3,64174,3328000,19.498153691,170682.82734565507,3328000,19.498153691,170682.82734565507,c51a1bf889562a082dcb57ecfcb4eec3020179c16732320afcbeca8ec4d90139
trial-0002,connect4cnn,swift-fox-3,64174,6656000,38.716147382,171917.93218285253,3328000,19.217993691000004,173171.0423840205,ab06195c73fe6449b8bd992f8d9adff2c5433ab12e1f2ebcfec900de709dc0aa
trial-0002,connect4cnn,swift-fox-3,64174,9984000,57.467876122,173731.8424436761,3328000,18.751728739999997,177476.970051349,905a54b60cf310c265ee68ac190bcf1b10f3616ece021cc4d655da1172c4ad64
trial-0002,connect4cnn,swift-fox-3,64174,13312000,75.764094743,175703.2806259448,3328000,18.296218621,181895.50906328775,aef2cfc11f198192c868a75922bbef42a9f377e0837d43177e0c2e8f07a68bc5
trial-0002,pongcnn,swift-fox-3,64174,2097152,4.954392308,423291.4693924557,2097152,4.954392308,423291.4693924557,9705f54fe6c574416270e7b9adb8184bfa0e46c7a0de2b1a52372c39a015f647
trial-0002,pongcnn,swift-fox-3,64174,4194304,9.704297423,432210.99036589166,2097152,4.749905115,441514.50381130405,dae1f5875a9a6c6116467f185f75c26726decf9b23eac9a073ce4c5243c2df63
trial-0002,pongcnn,swift-fox-3,64174,6291456,14.420798896,436276.5229147676,2097152,4.716501473000001,444641.4385758848,de63b6cf244519ac58f2a0b5030729fec3fc08e8ef562a86cac285c8d2ed20c3
trial-0002,pongcnn,swift-fox-3,64174,8388608,19.103581593,439111.79477851326,2097152,4.682782697,447843.1171584215,ece6a221fc6cf1b15217a015c17a27178e1c253b33f9eaf674a6ae622c135033
trial-0002,flappycnn,swift-fox-3,64174,4980736,9.175189626,542848.2901199061,4980736,9.175189626,542848.2901199061,58e6fbf7720ee66605a8aceee757e6ca290fd59940361f169501ccaec3b42522
trial-0002,flappycnn,swift-fox-3,64174,9961472,18.349986742,542859.9017567617,4980736,9.174797115999999,542871.5138903788,db099930ffbed8b50da857cee2690c3577667102eeeb39d3c956dae1f4e8182a
trial-0002,flappycnn,swift-fox-3,64174,14942208,27.806854898,537356.9954175117,4980736,9.456868156000002,526679.2259168723,2b395aba92face692d7014bbfdc69b3d2a330e253f1b74700f92d39c6dc98851
trial-0002,flappycnn,swift-fox-3,64174,19922944,37.509312088,531146.6110937758,4980736,9.70245719,513347.8975958254,7f7ba7940f565dbd0ba0cbb466ffc0283bb5e46c5bde615a49ad8f89c38c2837
trial-0002,breakoutcnn,swift-fox-3,64174,4194304,11.36703093,368988.5270682553,4194304,11.36703093,368988.5270682553,a949674b27eccbb411d350f437908a1b90a0cc343913d17809de3c406624d5a2
trial-0002,breakoutcnn,swift-fox-3,64174,8388608,22.406334323,374385.5589706672,4194304,11.039303392999999,379942.8143862411,bce6c5b6f8b56b271f25a3e899976895f5d7fc88a69f785e1745e9a3cc214e19
trial-0002,breakoutcnn,swift-fox-3,64174,12582912,33.221615065,378756.781552637,4194304,10.815280742000002,387812.77158269804,c66142e67369b175dd46a4e5036cad449f41588edafd7e6e1b78927b7b29d4a5
trial-0002,breakoutcnn,swift-fox-3,64174,16777216,44.046194128,380900.4689768369,4194304,10.824579063000002,387479.6401401645,8475c03bf06fbca9a711a9cf017ac50e7d95cc3435e3ff2e6531a1dda8727954
trial-0002,snakecnn,swift-fox-3,64174,2097152,4.367366465,480186.86245052714,2097152,4.367366465,480186.86245052714,009e41f0a14a6cd3c9dd57b2901ca7457405ddadcba808ef6bd77956b6aaf7d3
trial-0002,snakecnn,swift-fox-3,64174,4194304,8.512545403,492720.3088422693,2097152,4.145178938000001,505925.56590858556,fda492a00c37c85c4256b7b7973a03a6f7154fc18ca32f6e11fad76db9a069a5
trial-0002,snakecnn,swift-fox-3,64174,6291456,12.616336512,498675.34795191104,2097152,4.103791108999999,511027.9603171683,074193998b53548288b8c03eff04a9d5423f8e057ef964a04a34df742f6cd891
trial-0002,snakecnn,swift-fox-3,64174,8388608,16.695255386,502454.60797409335,2097152,4.078918873999999,514144.0819938211,e0940733655e3642eb100ff85459b3c5003eef1ec36c7a4e3ef73dd158423594
trial-0002,mazecnn,swift-fox-3,64174,8388608,22.740136119,368889.96425096557,8388608,22.740136119,368889.96425096557,5443a14825fc5f7907c4fe086c1116979a04dfb2dfa93c6a76f6aca315927518
trial-0002,mazecnn,swift-fox-3,64174,16777216,44.865767504,373942.47180780384,8388608,22.125631385,379135.3048431888,ff62c0130bdaf13fc672854053b52c9eef56c264e2b7845e3b9d5c89fba902e8
trial-0002,mazecnn,swift-fox-3,64174,25165824,67.011391105,375545.4645101715,8388608,22.145623601000004,378793.0360931993,2f05d759a5a7411cf029a06d47d345104b43b79d1043eea9402d9963a842f27a
trial-0002,mazecnn,swift-fox-3,64174,33554432,89.185612798,376231.44526683644,8388608,22.174221692999993,378304.5067438888,3edeb01b6ffd36febb92dc067593ce684413d857504ef73ac75b52e621edabd4
trial-0003,connect4cnn,quiet-owl-4,64173,3328000,30.414760039,109420.5575099918,3328000,30.414760039,109420.5575099918,b95478fd13555ca3b0b38ab0788d744f8cfb80f33dcfd9f5b96217c152377334
trial-0003,connect4cnn,quiet-owl-4,64173,6656000,59.106902402,112609.52155352301,3328000,28.692142363000002,115989.94449057341,13cf83405e4cdc823de5467bec3f4ccb8e665e56c5d0ca6da4918e8bdf19dbd4
trial-0003,connect4cnn,quiet-owl-4,64173,9984000,87.769121116,113752.9904942839,3328000,28.66221871399999,116111.03917696526,91c25a6e2c02c236c6c7e8acc8b2cc779a795c55151e799bd26ecc3855681592
trial-0003,connect4cnn,quiet-owl-4,64173,13312000,116.939702898,113836.44451030732,3328000,29.170581782,114087.54288382332,792a3c3cb7d7f2f279e7283befc5df42e04b5d3eb5cfcfbcc1485112a653af5d
trial-0003,pongcnn,quiet-owl-4,64173,2097152,12.599326291,166449.5348055273,2097152,12.599326291,166449.5348055273,0028afe5c794f053c200a95db7546e8e0da30b66df18b2ac7f3ac3877c88b8b5
trial-0003,pongcnn,quiet-owl-4,64173,4194304,24.460888786,171469.81193915475,2097152,11.861562495000001,176802.33956394964,984f63b262d9272d0b14c14c9fa70aa55087742c5d676eeecf1bad9cfda1665a
trial-0003,pongcnn,quiet-owl-4,64173,6291456,36.599079922,171902.0263189227,2097152,12.138191136,172773.02495098888,9d293442204facfa5fbb3b6573f44d6e6238cb0194164a644caa19d1206612c5
trial-0003,pongcnn,quiet-owl-4,64173,8388608,48.938593525,171410.89262638346,2097152,12.339513603,169954.18680766618,e322ed06276d0b4bde15349af130316dd4ca139faefc843e7b84943f735f31dd
trial-0003,flappycnn,quiet-owl-4,64173,4980736,27.625534176,180294.6494452611,4980736,27.625534176,180294.6494452611,56868b9858a5dc3a823cd8de462f67bad801d149cc278e1c39be1d9f054b025a
trial-0003,flappycnn,quiet-owl-4,64173,9961472,56.687102425,175727.3096323727,4980736,29.061568249,171385.65810781342,0ecfe5c0f619cc261590278aa5316b4b61dfb932b156d8f428857645612921f3
trial-0003,flappycnn,quiet-owl-4,64173,14942208,84.140900206,177585.54951774198,4980736,27.453797781,181422.47712799237,1274c2ffe7efee8529608911096f9898ba3a3daf4c6e8326da98e090231141f1
trial-0003,flappycnn,quiet-owl-4,64173,19922944,112.951028763,176385.67986665625,4980736,28.810128557,172881.42224515794,6f630312448396d2ded349f07891b87e52f2e8aba3dc98454cd276ea1d202b81
trial-0003,breakoutcnn,quiet-owl-4,64173,4194304,27.693631589,151453.73717132828,4194304,27.693631589,151453.73717132828,b6efe2bd81e7acf139f9991fe2dd31ed85fb6e96781b82c91a8ef30155f65d21
trial-0003,breakoutcnn,quiet-owl-4,64173,8388608,55.280606366,151745.9476558738,4194304,27.586974777000002,152039.28788512552,04e6793e3c414a699532128d8573c9544ecc330dcb1ed443aafe37fb7cfc1828
trial-0003,breakoutcnn,quiet-owl-4,64173,12582912,83.996150331,149803.43682912923,4194304,28.715543964999995,146063.88808487265,079cb83a7107388d528f7ec43f863a31c0624c8ea42832c759f6d0dc3e30d863
trial-0003,breakoutcnn,quiet-owl-4,64173,16777216,112.740915159,148812.13245731482,4194304,28.744764828,145915.40494756,4bef2a56cff74ab7508ea5ea26ef307a6da2fa698da972bd9cb67434e20d55ba
trial-0003,snakecnn,quiet-owl-4,64173,2097152,13.502993496,155310.1540500068,2097152,13.502993496,155310.1540500068,44095a20894d970cbcff9c67b5d8aebab9bcc027e783dba77361c6451744cc2c
trial-0003,snakecnn,quiet-owl-4,64173,4194304,26.924862723,155778.1015691903,2097152,13.421869227,156248.87745004104,75e37905cc073f8fdc6e93d8253b5baf28ecea7b99ebf620378873d200f8ff96
trial-0003,snakecnn,quiet-owl-4,64173,6291456,39.638805848,158719.61491790097,2097152,12.713943124999997,164948.98391328147,5f9783bb2f9038ad8942383745d7cf237d0069ec76c88a49bc2b5fa31a013982
trial-0003,snakecnn,quiet-owl-4,64173,8388608,52.357499176,160217.8891662043,2097152,12.718693328,164887.3784371507,21f990d1db54dbd7517349de2198826f0a573d7db157c1deb185312bddd7e512
trial-0003,mazecnn,quiet-owl-4,64173,8388608,100.429218484,83527.56425498263,8388608,100.429218484,83527.56425498263,48d6b06a06fe995df8587173020f45081df50d4ad8b6bf4632c29853abb38a44
trial-0003,mazecnn,quiet-owl-4,64173,16777216,203.882035538,82288.83901285665,8388608,103.452817054,81086.31779085667,24c67ea2fe4aedcab0cd38bddadcf2f07a3d5830038aa794c43db95088ffbca6
trial-0003,mazecnn,quiet-owl-4,64173,25165824,306.851733993,82012.97634046967,8388608,102.96969845499999,81466.7628036806,1f0f678ee9f30be74eeecf5d1768889cc31b25ca6dc4fc6afe7c23d7a11e5cae
trial-0003,mazecnn,quiet-owl-4,64173,33554432,408.124382845,82216.19048118354,8388608,101.27264885200003,82831.92051448286,6fb3bc07a1e04d7564521f1eb39ba032bb4b5f1577f8c89b33589a867e63dfd0
trial-0003,connect4cnn,quiet-owl-4,64174,3328000,32.76801626,101562.44960310575,3328000,32.76801626,101562.44960310575,4c5aab06b2e1f9bcb2c77091a1ce0e8ae4db34c4d78ab05e1f6643fea1c54c0d
trial-0003,connect4cnn,quiet-owl-4,64174,6656000,64.433157486,103300.85098570891,3328000,31.665141225999996,105099.79968974229,3a5aebae98f215e331cf65954ff27af212c5fcccbffd95b4af2aa093949a7061
trial-0003,connect4cnn,quiet-owl-4,64174,9984000,95.660464031,104369.13620620276,3328000,31.227306545000005,106573.3925916472,786f79f78a107e9ba45194ea835024ca0ec0c5f50ca3f8606efc3dbd7798f111
trial-0003,connect4cnn,quiet-owl-4,64174,13312000,126.920370016,104884.6611329753,3328000,31.259905985000003,106462.25236879897,1a915132be0ee5b05e9677e59fd6b7356da198bc7025649fc8cc0df2c342e29b
trial-0003,pongcnn,quiet-owl-4,64174,2097152,13.333085774,157289.32038294707,2097152,13.333085774,157289.32038294707,e869f0b6fdb9eb45a944f7304be6463bd2b2f128c0309cad356215ff6acc9506
trial-0003,pongcnn,quiet-owl-4,64174,4194304,26.527600234,158110.9472022361,2097152,13.19451446,158941.2029034981,52a658537418a57f27463233fbf22e18c9214b2cdbef0593dd4301b47d00e606
trial-0003,pongcnn,quiet-owl-4,64174,6291456,39.698695113,158480.17125227267,2097152,13.171094878999998,159223.81694658508,3bce5e47cd80c82d7951cda22cb4496cb1c9a5acb8418d1a6336344aa43e208b
trial-0003,pongcnn,quiet-owl-4,64174,8388608,52.823877358,158803.3370429892,2097152,13.125182244999998,159780.79091426745,43f87fe773e4b8e3b4aed233faa16c76d080d1d75974f590cd37140f3f168e9f
trial-0003,flappycnn,quiet-owl-4,64174,4980736,29.892857095,166619.60361203138,4980736,29.892857095,166619.60361203138,9a9b3279ce0265d0abe7d130a49800c6ffaa84eacca10403bd13c9d93be00e73
trial-0003,flappycnn,quiet-owl-4,64174,9961472,59.578215834,167199.90453818196,4980736,29.685358738999998,167784.26172281403,ab2ea8ee95dbd6bba3e316ed6842c095314ba16dd0006a583c3b678a1c13dd41
trial-0003,flappycnn,quiet-owl-4,64174,14942208,89.280683857,167362.15891819095,4980736,29.702468023,167687.6142461692,5fb80c6f14641f7bf400ac3f0cd7b8ddc5f70be6d1fa0ad5f321790ca323f50f
trial-0003,flappycnn,quiet-owl-4,64174,19922944,118.885549787,167580.8711461967,4980736,29.604865930000003,168240.45113991838,800dedb6060143182cfbc7a7f78dc0201f406dc1908e0ad137c157d35015748b
trial-0003,breakoutcnn,quiet-owl-4,64174,4194304,28.141488066,149043.433316786,4194304,28.141488066,149043.433316786,b9fe23697087fbb548a5775cc163d14ff554a9519991f03f83b8a5eb4492c923
trial-0003,breakoutcnn,quiet-owl-4,64174,8388608,55.942502989,149950.53048751602,4194304,27.801014922999997,150868.7366852215,ef63d7e24afa9b793f7d00145bef3c6bfe16e5c22eac8a3d6087c21140a19a07
trial-0003,breakoutcnn,quiet-owl-4,64174,12582912,83.877033624,150016.17792548653,4194304,27.93453063500001,150147.64539286125,0ec29c351e1b2cc75f029ce39c87c2ade8fc98853d548a55c102be6f8885536e
trial-0003,breakoutcnn,quiet-owl-4,64174,16777216,111.809009383,150052.45187827316,4194304,27.931975758999997,150161.37906565913,70e5c7cdc4d0c027d886fd76610e66f8dfe16ac06af124d56afbc6e599f860a4
trial-0003,snakecnn,quiet-owl-4,64174,2097152,13.075618613,160386.44610779456,2097152,13.075618613,160386.44610779456,1f24618af0add76b94687d583e37caee32c342c2856a6034157cc4c4ef634844
trial-0003,snakecnn,quiet-owl-4,64174,4194304,25.877191987,162084.97437075494,2097152,12.801573374,163819.86328800148,e305b8bd928936c7e45c4c263559e66e7f0634ab96cd3c0069d37eb02fe1ff6f
trial-0003,snakecnn,quiet-owl-4,64174,6291456,38.776067215,162251.00820864667,2097152,12.898875227999998,162584.09845283607,83e21f06c0ebd76878a09679df06bfd4ef57d9a5263a552b8b4f77905c299423
trial-0003,snakecnn,quiet-owl-4,64174,8388608,51.676384801,162329.6217857266,2097152,12.900317586,162565.9202588875,a3da888ed47987a3b1efa047ff08e1e1eb61ae7dfa925feaf8f8528d3202c2c8
trial-0003,mazecnn,quiet-owl-4,64174,8388608,101.579716858,82581.52571666031,8388608,101.579716858,82581.52571666031,9d213a401be61b05248d2ac511de0c388e5b5b2610d36ddedacfa0d1eb51825b
trial-0003,mazecnn,quiet-owl-4,64174,16777216,202.696693195,82770.05280919823,8388608,101.116976337,82959.4426562229,858f63537747f58b9219e1f45453a5cb3587e1d7a3131d3c30415db4c1ebb119
trial-0003,mazecnn,quiet-owl-4,64174,25165824,304.440681544,82662.48739284488,8388608,101.74398834899998,82448.19311806004,64541fa4b46adc00b7a3d874127554e46dd8a630381174207f73234de43e9a4a
trial-0003,mazecnn,quiet-owl-4,64174,33554432,406.164852059,82612.84015566626,8388608,101.72417051500003,82464.25561919951,b65e1868cb660b2fd74a28dab6985b6edbd89041df46b3020ac2796dd0cd290a
trial-0004,connect4cnn,quiet-owl-5,64173,3328000,23.92469181,139103.15026958752,3328000,23.92469181,139103.15026958752,c36b28e8e2d3cb3d48ce7a3f0091db81aaa524db511eb057d64a18da3fb087af
trial-0004,connect4cnn,quiet-owl-5,64173,6656000,47.230630332,140925.4958744513,3328000,23.305938521999998,142796.22323977572,31a54efbd8fc58cd52494e69e31ff9c29d38355299994d95f0ed3f6633fe8b1d
trial-0004,connect4cnn,quiet-owl-5,64173,9984000,69.805188054,143026.61848395228,3328000,22.574557722,147422.60030001396,2dc622e675e78eb384cafd2ee0c76030dd63ac20a3eba7472e0749abc202085f
trial-0004,connect4cnn,quiet-owl-5,64173,13312000,92.617494547,143730.94484049818,3328000,22.81230649300001,145886.16898607783,c9f28e1c99bea645b28cd4e13134223ee676ee9cef2e69c55be05c836269fecc
trial-0004,pongcnn,quiet-owl-5,64173,2097152,7.572078414,276958.56874944404,2097152,7.572078414,276958.56874944404,965a2eee14d1969ba1d8e19027df9c724ef31f542871c3c10e96b0c574ad1585
trial-0004,pongcnn,quiet-owl-5,64173,4194304,15.013585039,279367.25233211636,2097152,7.441506625000001,281818.19968479837,1d6b68d40bbc2098f0a83c0a8bc2de2e69d5c49d406999e7d81531b8a89d5d05
trial-0004,pongcnn,quiet-owl-5,64173,6291456,22.623911085,278088.7874056105,2097152,7.610326045999999,275566.64291699656,5c922d1b06008973424fca6dba01bad0768d38bb21cec30daaa3181f16fdcafb
trial-0004,pongcnn,quiet-owl-5,64173,8388608,30.193555955,277827.75942331034,2097152,7.569644870000001,277047.6073866329,02a190517fc3798decd68fb3c0f57f15c3417747687e01bf33d0d2f65fbd6178
trial-0004,flappycnn,quiet-owl-5,64173,4980736,15.497944024,321380.4355136958,4980736,15.497944024,321380.4355136958,ba6e3feb6e9a6247846d46902b76235ebcd48dfa080cae90c3e951490a04f993
trial-0004,flappycnn,quiet-owl-5,64173,9961472,30.684255746,324644.4066448826,4980736,15.186311722000001,327975.3564378994,75da75075aa99a8f7720c6a1e34ce6f1165c701879754e7c165c2e2b0265e53c
trial-0004,flappycnn,quiet-owl-5,64173,14942208,46.019068306,324696.01297972875,4980736,15.33481256,324799.2748859527,0ffe7cadf7a9ed50c3c788a6b22702179ee6cb3164ba4668534076d27fb1dc80
trial-0004,flappycnn,quiet-owl-5,64173,19922944,61.443614525,324247.59112916136,4980736,15.424546219,322909.72643750877,eada246a5b1a5f9aecdbcde229b023597bed86174dd2a9d983d09ef1bfdd8d5a
trial-0004,breakoutcnn,quiet-owl-5,64173,4194304,16.240602044,258260.3765942016,4194304,16.240602044,258260.3765942016,ec59a32572515e7475e7e6c946e729d6be8054f251e4f4e34d8702733adaf899
trial-0004,breakoutcnn,quiet-owl-5,64173,8388608,32.296666248,259736.0339171066,4194304,16.056064204000002,261228.65147456777,76e4891e33d8f4032bc974928a243bdc481c2a6fe339097c99efb7eab4807f9b
trial-0004,breakoutcnn,quiet-owl-5,64173,12582912,48.538318456,259236.66909488043,4194304,16.241652207999998,258243.67781585985,618c0b34864cb511445941e36317d268dfbac20232556cda1638b40a12879ce1
trial-0004,breakoutcnn,quiet-owl-5,64173,16777216,64.296361578,260935.69819883222,4194304,15.758043122000004,266169.0901292356,644f2282a784868779d361ba479c2f491370f07e0e1fb36f17dc2a5b35c89c60
trial-0004,snakecnn,quiet-owl-5,64173,2097152,6.916451376,303212.13668574195,2097152,6.916451376,303212.13668574195,b51433115af84ffe5174f3fd85c6f4036244bf8957637c7ba669471870ff56f0
trial-0004,snakecnn,quiet-owl-5,64173,4194304,13.428557372,312342.11418313475,2097152,6.512105996,322038.98420697637,d26a2c8688209dea6d57a33cfbdcd7b5b97d08cd96ead4bcef0a9a5ed07a15fa
trial-0004,snakecnn,quiet-owl-5,64173,6291456,19.821291495,317408.98425246635,2097152,6.392734123,328052.4357261776,9e2980ce5644b7602b1d763ba11d6ac430f97278dda8374a061f79be9d98064d
trial-0004,snakecnn,quiet-owl-5,64173,8388608,26.376255318,318036.3512130301,2097152,6.554963822999998,319933.420935373,c51b622ad394165d14c448e1dacb436a3340b5e00a507a7c9aef3ed79e6095a2
trial-0004,mazecnn,quiet-owl-5,64173,8388608,46.196484017,181585.4210228001,8388608,46.196484017,181585.4210228001,9150ffdad98aa86e0c1c1f0cebeae1aa8c5c481e884035a1e82e78ecff65a246
trial-0004,mazecnn,quiet-owl-5,64173,16777216,92.044662539,182272.55700884742,8388608,45.848178522,182964.91312026218,5f0139e15287d7897d10d9aac64a45fff55dc09bdddf3fdd2b67c2882e86a535
trial-0004,mazecnn,quiet-owl-5,64173,25165824,138.448743641,181769.9701577316,8388608,46.40408110199999,180773.0656612109,049df2abca19aaba96f50dbe94d72c2a789a811203a35948a54a37dc491760c3
trial-0004,mazecnn,quiet-owl-5,64173,33554432,183.21299631,183144.38754784208,8388608,44.764252669,187395.24285209953,ef4d1d1a39c1ec989678c9c839675a65b7e4b2cd98bdba173be07b7a9f874efe
trial-0004,connect4cnn,quiet-owl-5,64174,3328000,23.255644595,143105.04215030553,3328000,23.255644595,143105.04215030553,d75f0a53f83373346cacd2bde7bdc746a66ec093e44755d93c87e2b35607f1a5
trial-0004,connect4cnn,quiet-owl-5,64174,6656000,45.311120212,146895.5075234987,3328000,22.055475617,150892.23455398224,e499e897677d7ff5e9a4c2063e5deebd70f7b29d2b3f6b9cb8eb8bf6da21ceb3
trial-0004,connect4cnn,quiet-owl-5,64174,9984000,66.446679916,150255.8143254334,3328000,21.135559703999995,157459.75250280037,e64babca77e0d6adce8d8a7f4031d79bec85321ce880d558a6935492cc39ea50
trial-0004,connect4cnn,quiet-owl-5,64174,13312000,88.170151567,150980.79977648996,3328000,21.72347165100001,153198.34939213318,08c379edaeb5bca38bf56b5d63051e501e51ef4bf375c0d15dac8874c6855456
trial-0004,pongcnn,quiet-owl-5,64174,2097152,7.41946507,282655.4179060243,2097152,7.41946507,282655.4179060243,9aae770d4237b1864dc765bb728f1004312887ec522e0a096e60619f0002a61a
trial-0004,pongcnn,quiet-owl-5,64174,4194304,14.744653678,284462.7002842515,2097152,7.325188608,286293.24270362867,fbe05ef94b1975ed267a0d715313c9a85d983137bedad49851105f2634ec6248
trial-0004,pongcnn,quiet-owl-5,64174,6291456,21.955613134,286553.41855414567,2097152,7.210959455999999,290828.4275894839,5453fd82b3cc8b11adfc2bafce0592240fc9d0b8ad75c7423628f9aa8a9e6d72
trial-0004,pongcnn,quiet-owl-5,64174,8388608,29.140785429,287864.8559572426,2097152,7.185172295000001,291872.19372030377,37a1905a9172eb510a2b7028533b7bad906efef7c565a877a9703b1d8447543b
trial-0004,flappycnn,quiet-owl-5,64174,4980736,15.222739856,327190.50887786516,4980736,15.222739856,327190.50887786516,1ed04e9cd57f08fe2a96c75ac74832b79f127c0515b4d76cb617d7738c0eb923
trial-0004,flappycnn,quiet-owl-5,64174,9961472,30.270395124,329082.98551088315,4980736,15.047655268,330997.4817533147,3ba92eb2eb9a57aed7fe4c31e80b2ca221b0f099786c148486e72ef11e25293c
trial-0004,flappycnn,quiet-owl-5,64174,14942208,45.087878025,331401.8901425113,4980736,14.817482901000002,336139.14274629334,cbce850cc6f6d9e647a25e0fc03f8d4ad15a58b1a3babaf246eaecfc393b4602
trial-0004,flappycnn,quiet-owl-5,64174,19922944,59.780252495,333269.6529119938,4980736,14.692374469999997,339001.4330338533,3a2041f6f4beca102930ba7c4843517fe0333564d051141073abdeffeda2b27f
trial-0004,breakoutcnn,quiet-owl-5,64174,4194304,15.369255746,272902.21916514135,4194304,15.369255746,272902.21916514135,24eade7c38167d3f2ffb44265c73a8aff660baf81b35cc01556d2f30ca4825d7
trial-0004,breakoutcnn,quiet-owl-5,64174,8388608,30.362135359,276285.1789182026,4194304,14.992879613,279753.06333836034,ca2f53dc0617cadd65bd169bf067212293114d9818bb1117aabd51b683b20019
trial-0004,breakoutcnn,quiet-owl-5,64174,12582912,45.136277836,278776.02237648546,4194304,14.774142476999998,283894.9202317213,f06c065428b4b3ea3d7ff4501e552aa3132edd9ac8add030a36cfd8a2182d4c6
trial-0004,breakoutcnn,quiet-owl-5,64174,16777216,59.940709357,279896.8544078586,4194304,14.804431521000005,283314.0870049892,da3544eaef2ec8887874e84293b901e784df92e3c6a109a35b0cbcaf21163910
trial-0004,snakecnn,quiet-owl-5,64174,2097152,6.947356654,301863.299157464,2097152,6.947356654,301863.299157464,6427ac8b155e32b35ba646d65a23f2bc83fc397c7dd50a1b95f78f560a7f2080
trial-0004,snakecnn,quiet-owl-5,64174,4194304,13.570836657,309067.45884650585,2097152,6.623480002999999,316623.8894131376,1c34df9569e9495192de3ca50878af9266f70d5dc7034d8a6bd3b09ad17962d9
trial-0004,snakecnn,quiet-owl-5,64174,6291456,20.21734982,311190.93531122373,2097152,6.646513163,315526.6451098729,211c4698b53da6c2a18451821d3ec51910aba937333d279f31f87a52b262c7ae
trial-0004,snakecnn,quiet-owl-5,64174,8388608,26.795574333,313059.4588401502,2097152,6.578224513000002,318802.13207311055,fe9431f0c0d84ca58f22ab6de9c62184856d220626e95786a7fc0bb369f3b7fa
trial-0004,mazecnn,quiet-owl-5,64174,8388608,46.138575442,181813.3290774262,8388608,46.138575442,181813.3290774262,aa91757cdc86bd7ecfef2b5cbbe77107762c1397c97919f73eaa3bd09d35ed07
trial-0004,mazecnn,quiet-owl-5,64174,16777216,90.949959448,184466.44838354498,8388608,44.811384006000004,187198.14587464673,83a96c7a25f970f5aae708d3f429d1e14a026384815d6a9cc091a6c33d01c378
trial-0004,mazecnn,quiet-owl-5,64174,25165824,135.904761113,185172.4972245491,8388608,44.954801665000005,186600.93447884193,f09db0a43bba89a3eb8504a1b46874230099d1af69530696ed709e862697ee25
trial-0004,mazecnn,quiet-owl-5,64174,33554432,180.590645221,185803.82144898677,8388608,44.68588410799998,187723.89016016386,0a4d3b0dd7ef619dc2fbd088cfeee7cd3af929df8adda80711aec2a8c3de6e5b
trial-0005,connect4cnn,quiet-owl-6,64173,3328000,20.347999697,163554.16009224055,3328000,20.347999697,163554.16009224055,2d9d2382941daf19f96cbc8c25467cb2c8f3f661e477f7520e7fc7285ae8c074
trial-0005,connect4cnn,quiet-owl-6,64173,6656000,39.501454396,168500.1249137298,3328000,19.153454699,173754.55510768792,6d51c7754df1c68fccc871a3b260787825de51f0241ade976bb32571303fb918
trial-0005,connect4cnn,quiet-owl-6,64173,9984000,57.809483521,172705.22744547942,3328000,18.308029124999997,181778.1683259148,df9ec19af7ec7f7b50b2a565dcd4ef804f0fd61fbb3a14066f50f1a957e295e4
trial-0005,connect4cnn,quiet-owl-6,64173,13312000,76.184838853,174732.92849888073,3328000,18.375355332000005,181112.14394882534,ac6c5d1d25aff9279c0bf00d8506b824a3e70daf157d69249d75b73ba4c62286
trial-0005,pongcnn,quiet-owl-6,64173,2097152,5.518529082,380020.1047848714,2097152,5.518529082,380020.1047848714,7cd340a03c38eebb623af8a711e9648c9528c3aeadaab9db9f409f6ef8fa7a56
trial-0005,pongcnn,quiet-owl-6,64173,4194304,10.752010614,390094.8530071829,2097152,5.233481532,400718.3339001033,5186d64c3fce63d6bd9295022b1f366f0fa70d1d5e915697f05d62dde3bb2d1b
trial-0005,pongcnn,quiet-owl-6,64173,6291456,15.964435623,394091.97722817614,2097152,5.212425009,402337.10727328755,ef8a3c5bb035c7404f34c317883543d3995e78987ad7a3cc0616589089747f90
trial-0005,pongcnn,quiet-owl-6,64173,8388608,21.290553195,394006.10792818805,2097152,5.326117572000001,393748.7244038629,1f1d335c777edfbeb15e2204b762ddbc774e52dcd1ef7465ba03ca016159c862
trial-0005,flappycnn,quiet-owl-6,64173,4980736,10.315445034,482842.57088117406,4980736,10.315445034,482842.57088117406,e0c1808082c789b900071421b90bb8dcfbcda22a9f8b39f65180820b5ca9f522
trial-0005,flappycnn,quiet-owl-6,64173,9961472,20.343747528,489657.6693300772,4980736,10.028302494000002,496667.9059571654,58cec28d7755c043d31ffe3cca4cad174107f8a230dd06b11b8658d41b36c855
trial-0005,flappycnn,quiet-owl-6,64173,14942208,30.43365046,490976.52677712985,4980736,10.089902931999998,493635.6705874404,308307cb3409b66f22e396bf374d57f0e6aecc4e5a7a57e4da9cc9db7fd1b485
trial-0005,flappycnn,quiet-owl-6,64173,19922944,40.456102853,492458.3090069593,4980736,10.022452392999998,496957.8107927662,89e4e52cd73790bc4216f21721be11502142b9fca307f72b7e4f3d3cf233e039
trial-0005,breakoutcnn,quiet-owl-6,64173,4194304,11.637890662,360400.70506034454,4194304,11.637890662,360400.70506034454,792653bf8c491ffea669a538d97bb0ff8c4ee2b0758cb2396313274da042056a
trial-0005,breakoutcnn,quiet-owl-6,64173,8388608,23.187630858,361770.81010869355,4194304,11.549740195999998,363151.3721367175,9738143a234e39a12608ae00420e303349be3e6593452ed0ea616f50cd8018c8
trial-0005,breakoutcnn,quiet-owl-6,64173,12582912,34.728395567,362323.4472702411,4194304,11.540764709000001,363433.80233106174,9396e9871e471a7b9d2cbfd8ccc1d211c67787af1d39dccb5ad7cdc4e964e19f
trial-0005,breakoutcnn,quiet-owl-6,64173,16777216,46.068552882,364179.3577274538,4194304,11.340157314999999,369862.9466499601,5c408e3b035ccb51c98c981141035eea83830bd127b3592f397474b057462a26
trial-0005,snakecnn,quiet-owl-6,64173,2097152,4.806627066,436304.2880597802,2097152,4.806627066,436304.2880597802,53fe5403d4f94c32ee58c8893d42dc6cdb0cff14fe6f3aacd0e370b83ed5f4a3
trial-0005,snakecnn,quiet-owl-6,64173,4194304,9.355551154,448322.49120958627,2097152,4.548924088000001,461021.54255162406,7fb81607eff3b0d233ce718107efcdee275530230c8ecb50cf53c9212cc7a3d7
trial-0005,snakecnn,quiet-owl-6,64173,6291456,13.92529008,451800.7139424703,2097152,4.569738925999999,458921.6219920219,f6ff4c3d7350fbed93d7cd4c8e4ea0635b2fbfb6cade94f653a291146fea11a4
trial-0005,snakecnn,quiet-owl-6,64173,8388608,18.540496131,452447.87090535916,2097152,4.615206051000001,454400.5136120843,233e3a19ec0143b3a80003283a639c74b2c652225a631108b74d48330ff41900
trial-0005,mazecnn,quiet-owl-6,64173,8388608,26.248599309,319583.0718907638,8388608,26.248599309,319583.0718907638,2f0a3686850f092da4b7a08fa0ca727f1233302c9a8bed0c878357181ea8820c
trial-0005,mazecnn,quiet-owl-6,64173,16777216,52.531942892,319371.70179469936,8388608,26.283343582999997,319160.61111135536,58801e12727e50c4051c4a1ecf4d6e9f2ba96c9df1d1fc007ac7f86e813f5e6b
trial-0005,mazecnn,quiet-owl-6,64173,25165824,77.923559665,322955.2667792644,8388608,25.391616773000003,330369.19527392864,083e4390ed291bf156be8aa8021aa84ce93d060a5501569652bd6796885198db
trial-0005,mazecnn,quiet-owl-6,64173,33554432,102.616602908,326988.33375026967,8388608,24.693043243000005,339715.4379656305,a2cdac545e26a7d4629d82e89317e0afbbeddd5f384a32bd2263db6351dce1cd
trial-0005,connect4cnn,quiet-owl-6,64174,3328000,19.043554657,174757.28979918666,3328000,19.043554657,174757.28979918666,dca40ddb13ca9c0c3487ca39ee4e7dfdf02c6e7730307877218674dbb3b236b8
trial-0005,connect4cnn,quiet-owl-6,64174,6656000,36.891589454,180420.5266975375,3328000,17.848034796999997,186463.10576217555,c93e4a02e2dd00753aba41d3a85ddbdc75904566a0de89e05fdf64f8fa34c831
trial-0005,connect4cnn,quiet-owl-6,64174,9984000,53.935995477,185108.29199875417,3328000,17.044406023,195254.6774296002,4b979d4d304954970ed01527f7294e3b53ec5f97dafffb2b85e3797405b6b0f9
trial-0005,connect4cnn,quiet-owl-6,64174,13312000,70.895455767,187769.43960626022,3328000,16.959460290000003,196232.65971278143,1285c7f7e3826c4836e7af268c93ea38694297fb84aa6b3396825542113a8d8e
trial-0005,pongcnn,quiet-owl-6,64174,2097152,5.012681566,418369.2844613461,2097152,5.012681566,418369.2844613461,1b1e74e74b3864f6821aefbe8e28fa5897b4b7a2da8519049792c26bd23e2091
trial-0005,pongcnn,quiet-owl-6,64174,4194304,9.795202017,428199.8464881687,2097152,4.782520450999999,438503.509077833,7e7b35828b7a23201e7a3aa721e841888b80913017cf8f1091bdfd2d2b244645
trial-0005,pongcnn,quiet-owl-6,64174,6291456,14.573154464,431715.45429932524,2097152,4.7779524470000005,438922.7442639719,8b75ed46e648082fba381bbf5a668382c371ce357d021d6e03b75a86034f74b0
trial-0005,pongcnn,quiet-owl-6,64174,8388608,19.344503989,433642.96157554997,2097152,4.771349525,439530.15577914513,777952fb79b05119f22d36e2aa2959f4865c1a9954efd1ef5bad48715cdb715d
trial-0005,flappycnn,quiet-owl-6,64174,4980736,9.353817849,532481.6112954863,4980736,9.353817849,532481.6112954863,f2aefcc42241b7bd8e2afdb8aea97eca8e652416ab728364709839847414d056
trial-0005,flappycnn,quiet-owl-6,64174,9961472,18.494084474,538630.1773415378,4980736,9.140266625,544922.3971625663,11a57a1512bc3816b0b4a156df73876f4ff8923d398613de776019df2085ea6a
trial-0005,flappycnn,quiet-owl-6,64174,14942208,27.629677814,540802.8316721362,4980736,9.13559334,545201.1505582187,820296ce139aee1d3d679456fad2c84a20157deceacf850d1575eee505844c88
trial-0005,flappycnn,quiet-owl-6,64174,19922944,36.767335282,541865.3227707143,4980736,9.137657467999997,545077.9937245949,4b72cd2a9d6d2c6ddf65f94d96ceb95ba3991add2762bb3aad39ca6319ae156c
trial-0005,breakoutcnn,quiet-owl-6,64174,4194304,10.699280578,392017.38560108264,4194304,10.699280578,392017.38560108264,afead3cb4eff3826222228158073c2dad703ae6fc20bd346bb9d00106356a401
trial-0005,breakoutcnn,quiet-owl-6,64174,8388608,21.190248475,395871.1484623117,4194304,10.490967897,399801.4331165196,e1787ef0836b2ecaab51142b9dfae947c0f9268649bfdff8fef4b8fbd5ce279b
trial-0005,breakoutcnn,quiet-owl-6,64174,12582912,31.658635488,397455.9170362687,4194304,10.468387013000001,400663.8266995068,5981290d1666a25197c5cc572661da8e5a84f03bcfaf38dbce63a0820d268bf4
trial-0005,breakoutcnn,quiet-owl-6,64174,16777216,42.122244314,398298.2453388369,4194304,10.463608825999998,400846.7890712795,7edbc16e23a7e2d7ff64abc7d24c75c5bed4d3a282f49505c678913dbeb1c8d2
trial-0005,snakecnn,quiet-owl-6,64174,2097152,4.36319574,480645.8671505762,2097152,4.36319574,480645.8671505762,0b8046fe025180da9036eddc386866a8dc2d723c51e2e83281b6e7ce752d5abe
trial-0005,snakecnn,quiet-owl-6,64174,4194304,8.62655835,486208.26867762394,2097152,4.26336261,491900.9223097728,f12de6335fe1e0cec9dc38ab396bda880628c4f33ba4bfc94a8cb36e768aa32d
trial-0005,snakecnn,quiet-owl-6,64174,6291456,12.828554875,490425.933497829,2097152,4.201996525,499084.6583339333,b1d72589c30488d4c77ec3720038631f0f90cf6cbfaefdecd33a6a29ba9987da
trial-0005,snakecnn,quiet-owl-6,64174,8388608,17.195207283,487845.7038603645,2097152,4.366652407999998,480265.38502535206,3017ec6b21e5b8303f4cd4175a14fc4b291ebf34209b273d8dce409bc0eed7f4
trial-0005,mazecnn,quiet-owl-6,64174,8388608,26.785720749,313174.62309888285,8388608,26.785720749,313174.62309888285,20ff8877da770799deb66edf66065d8a145fb35561e0fde7aa48e03911b191b8
trial-0005,mazecnn,quiet-owl-6,64174,16777216,53.604112974,312983.74451485794,8388608,26.818392225000004,312793.0984684522,35bdb76a34807f6844489682fed5dcae06120bb7ed748b0546b9b760ac668599
trial-0005,mazecnn,quiet-owl-6,64174,25165824,79.935090639,314828.2412495533,8388608,26.330977664999992,318583.2332823105,d570616dc72def3ae452d2a2d2dca53b0b60bdc7cb729558417805b99c346732
trial-0005,mazecnn,quiet-owl-6,64174,33554432,106.203849667,315943.6508677344,8388608,26.268759028000005,319337.81078346865,2e8d4de5536a4b6ef96770f4741fac21f7e144ae444e50defcb7933923c3b7fa
trial-0006,connect4cnn,quiet-owl-7,64173,3328000,22.21592653,149802.43995252356,3328000,22.21592653,149802.43995252356,7428377feea385b557abeb7fa0693cd63bc9daf9755bb232c5ad18a87a139dd0
trial-0006,connect4cnn,quiet-owl-7,64173,6656000,42.718150323,155811.98974376763,3328000,20.502223793000002,162323.85489501225,9e184dac82886b86eb41bf0ebb84aa2c941aa3bcb31f16ab1cc7a73e4d175960
trial-0006,connect4cnn,quiet-owl-7,64173,9984000,62.984096134,158516.2066747585,3328000,20.265945810999995,164216.36725159016,2aa21bd25c4cab519afec8c1ba5e7193b887d91dfd8e7ac6428bf8518fe494ed
trial-0006,connect4cnn,quiet-owl-7,64173,13312000,83.317315153,159774.71160171772,3328000,20.333219018999998,163673.05132011868,81de61d2bb597538246d3b1309045f0d5f1470f3995fc6bdd4a2b684a9433334
trial-0006,pongcnn,quiet-owl-7,64173,2097152,6.746114368,310868.1361744741,2097152,6.746114368,310868.1361744741,ce1fccbbdae1c01a4aa8f00fa9afa673fdaca03c5e942d5cdefd31cda2f4fc2d
trial-0006,pongcnn,quiet-owl-7,64173,4194304,13.185184311,318107.34693339246,2097152,6.439069943000001,325691.75650589756,c903d1213a5e72c3c77edf3771a42230b57cc0383756bfde6e98f20d3809d762
trial-0006,pongcnn,quiet-owl-7,64173,6291456,19.446057722,323533.75115626946,2097152,6.260873410999999,334961.5720253061,991d4824ce1f10ddb84cf85c11a5ffd2277a9f7be04b728b5f3bfbb62d303366
trial-0006,pongcnn,quiet-owl-7,64173,8388608,25.824388918,324832.77829482383,2097152,6.378331196000001,328793.21182242344,25518c68993f72db571283fb3ac4964f741e7c77474867b18cd2bb0b8700e72a
trial-0006,flappycnn,quiet-owl-7,64173,4980736,12.717213714,391653.08628232434,4980736,12.717213714,391653.08628232434,e0164f6e336a80a37c48190fbd5e21ac5fc3e3677e1b5f8b8eb4a2cf958f173a
trial-0006,flappycnn,quiet-owl-7,64173,9961472,25.52148394,390317.11570608616,4980736,12.804270226,388990.2284228783,ee6b7d7a53334cbfb135266dd79e65271c75c36a34c5d1ab9d69d74438a87236
trial-0006,flappycnn,quiet-owl-7,64173,14942208,38.076558406,392425.3825851406,4980736,12.555074465999997,396710.98833289876,f0fa6b736e23313f397dc5c1031c365549efac27bcb7f6da77b24d47759f4dc5
trial-0006,flappycnn,quiet-owl-7,64173,19922944,50.39176781,395361.0850708514,4980736,12.315209404,404437.7839310023,aedc4c43a9ef8645fc11af42ca8082e602b38de9e33b1b213e155e0cdd853f41
trial-0006,breakoutcnn,quiet-owl-7,64173,4194304,13.987271972,299865.76427456626,4194304,13.987271972,299865.76427456626,a67a2e90fc083910805386160486d796c60d0626db41e0bcc90b5fbf0355b35f
trial-0006,breakoutcnn,quiet-owl-7,64173,8388608,28.046449737,299096.9651653775,4194304,14.059177765,298332.09808624967,2bb8a1943862dd3f863cbcb80b3fbd8d551cc59cb1c116cf15db1afa99914dfe
trial-0006,breakoutcnn,quiet-owl-7,64173,12582912,41.827844482,300826.21172159305,4194304,13.781394745000004,304345.3930177659,6938480d9dc54dd3e67e4c9160a5895f6d27ad0e84dbd68eaba1980fb37a29ee
trial-0006,breakoutcnn,quiet-owl-7,64173,16777216,54.825264878,306012.49327902973,4194304,12.997420395999995,322702.8034955931,d1195e4e01105e6a7880c296dd71db5186aec7d411937a0d0a64241f069e252e
trial-0006,snakecnn,quiet-owl-7,64173,2097152,5.620525292,373123.8435996348,2097152,5.620525292,373123.8435996348,eb9c837ff89b7d59151e9ed05f9d373a42df6d08ed7b43bd7d962a48b99fd892
trial-0006,snakecnn,quiet-owl-7,64173,4194304,11.136090042,376640.6327697687,2097152,5.515564749999999,380224.34602005174,d864aebc14f1d06b36d7a064f29996dca448ef6ca40d274335b06adf4ec34abe
trial-0006,snakecnn,quiet-owl-7,64173,6291456,16.575180337,379570.8928702198,2097152,5.439090295,385570.35942717333,db4e238c460a47d1653dc2dd9ab504b218755a630ff6d01d9f04423bd96397ad
trial-0006,snakecnn,quiet-owl-7,64173,8388608,21.964515389,381916.370629378,2097152,5.389335052,389130.0095030722,fc6c1e535327b46deefcade7424ce24403ae3eceb2160f8b0be0ac3cccd4582f
trial-0006,mazecnn,quiet-owl-7,64173,8388608,36.839115731,227709.2659132698,8388608,36.839115731,227709.2659132698,b5b6bc94ef0fe8a697fc70faf054fae286f452bb9a79161240e8575ad020dd16
trial-0006,mazecnn,quiet-owl-7,64173,16777216,73.323785215,228810.0096142861,8388608,36.484669484,229921.4469704527,588a2b868330e6dc4061f543738878dbff1e890f4dbd79969f54f180b8de1973
trial-0006,mazecnn,quiet-owl-7,64173,25165824,109.701518415,229402.69527353198,8388608,36.377733199999994,230597.32594883072,fea20dd1176495a3c148e2c7ad704d3546b3d13a6880946b4af58d4340cb4bbd
trial-0006,mazecnn,quiet-owl-7,64173,33554432,147.574453884,227372.90307965668,8388608,37.87293546900001,221493.4727429907,387bc6d46dcbce446a7a1accb403fc5362e2bcd5acabb7c76a28d26e8f0697f8
trial-0006,connect4cnn,quiet-owl-7,64174,3328000,22.39396019,148611.49934017097,3328000,22.39396019,148611.49934017097,f714f6dd0c7b9bf46fb4c81d642e82fb3302c4705a5741a51428480cdd6dedd6
trial-0006,connect4cnn,quiet-owl-7,64174,6656000,43.39226228,153391.40321955117,3328000,20.998302089999996,158489.0047650515,95f45e57a4a78a709b47a9a04e25a7129d5d61f0b6633ffdfbe8486905591072
trial-0006,connect4cnn,quiet-owl-7,64174,9984000,63.777662608,156543.83669350168,3328000,20.385400328000003,163254.09098926967,706734ff17da87521254cb96b1eda826c32c049abfe71c15f0e86cbe823edfd7
trial-0006,connect4cnn,quiet-owl-7,64174,13312000,84.134124084,158223.55251133558,3328000,20.356461476000007,163486.1738580483,19b070f717f517a02c5f63b7788f7b792fec4640d210f8a3b061999c59374ddd
trial-0006,pongcnn,quiet-owl-7,64174,2097152,6.532229238,321046.90812138334,2097152,6.532229238,321046.90812138334,90c769f4eb26851c1fdb607286e381341e6d03f9caea7128528a431bd59fe406
trial-0006,pongcnn,quiet-owl-7,64174,4194304,12.949138006,323906.03900094074,2097152,6.416908768,326816.5523028985,9b0f964776519074556df2bafd5051d8238d7f548c37d91e14c06a8f2c5ad7f8
trial-0006,pongcnn,quiet-owl-7,64174,6291456,19.448330514,323495.9420023769,2097152,6.499192507999998,322678.8554760564,d2e87c70cf8be48dbd1ad10fe9985b24d421d642bba04f93da8b2c6515c5a6d6
trial-0006,pongcnn,quiet-owl-7,64174,8388608,25.870124945,324258.5034990831,2097152,6.421794431000002,326567.9122141304,6278b577c1a2205a89b14880f81c1a0771444ca1c1fd2a0ae2d71881351b8953
trial-0006,flappycnn,quiet-owl-7,64174,4980736,12.976412217,383829.97678471485,4980736,12.976412217,383829.97678471485,ba4ad26e8e3687b677c4097571cf197de04aca5ba83c79d7f419cd3f07599efb
trial-0006,flappycnn,quiet-owl-7,64174,9961472,25.744287313,386939.1247420468,4980736,12.767875096000001,390099.05427101144,cc7c5bbf0252da98dc08613aaaa79f5f369ceefa21a242f6b5b1d8fab75f79be
trial-0006,flappycnn,quiet-owl-7,64174,14942208,38.510825623,388000.1988603432,4980736,12.766538310000001,390139.9015971777,211f797638b4985a257b447486ace114cb2d3f377ceaf53e423246ddf0dcbecf
trial-0006,flappycnn,quiet-owl-7,64174,19922944,51.228781158,388901.3860890733,4980736,12.717955534999994,391630.24169198767,0845c3bb8e3fb2f11f06daed8abba3cf2c7483fb2a099cb9a7ff17fc42d4aedd
trial-0006,breakoutcnn,quiet-owl-7,64174,4194304,13.254088854,316453.5899979413,4194304,13.254088854,316453.5899979413,46a5f48a6c8b63cb7e62b8af3e1a741bff4cd2e1fcca84e0868dbbca6481359f
trial-0006,breakoutcnn,quiet-owl-7,64174,8388608,26.236312924,319732.731664685,4194304,12.98222407,323080.54285493476,1a08efa1f89c811d34caa70a7aaf8016c1ac20fac16066169570a466f2f1c189
trial-0006,breakoutcnn,quiet-owl-7,64174,12582912,39.187730655,321093.15312941023,4194304,12.951417731000003,323849.0246485278,3aaddc08193ae25fdf1cefe6996a0c5ab96338d5fbf2434e263f1cac274747d1
trial-0006,breakoutcnn,quiet-owl-7,64174,16777216,52.173009174,321568.87757896073,4194304,12.985278518999998,323004.5465611626,11998b4fd50373ffffc312f7ab73ef718869a66adcb4594f0a6b833a1ecf0f68
trial-0006,snakecnn,quiet-owl-7,64174,2097152,5.628879394,372570.0718042423,2097152,5.628879394,372570.0718042423,9f474ae03a12349e2b44e977d4c6ea1f406334dfbd91b4c7b83c80735797311b
trial-0006,snakecnn,quiet-owl-7,64174,4194304,11.015956876,380748.04097481107,2097152,5.3870774820000005,389293.08275354776,6651c60a60d472baf1938565b10cb9c9c9ddfb9ea33473083069098c7ee160f0
trial-0006,snakecnn,quiet-owl-7,64174,6291456,16.390170522,383855.43283733266,2097152,5.374213645999998,390224.90323973267,689bd3ed2d02bdadd8744d8ab61419034dd15291ab832038afd9b2ffdbed99fe
trial-0006,snakecnn,quiet-owl-7,64174,8388608,21.762855593,385455.2985545788,2097152,5.372685071000003,390335.9255728092,11b74598f5bdeed2051f06b4ec680e1c566a19d1a799cb5b543b5e775f2aeafd
trial-0006,mazecnn,quiet-owl-7,64174,8388608,36.753773726,228238.00523280178,8388608,36.753773726,228238.00523280178,2fb168c2a00883cbedf434fbee5b8e01a6201ef02fba7f923525b56b57cfdbce
trial-0006,mazecnn,quiet-owl-7,64174,16777216,72.707102317,230750.7171287342,8388608,35.953328590999995,233319.37066043657,0d442f14a6257218cd3810c30fcd29b54d60a7709623025cf4dce937b2937935
trial-0006,mazecnn,quiet-owl-7,64174,25165824,108.653676903,231615.02415115372,8388608,35.94657458600001,233363.20905711784,df75430cf61f8b7a12fde28b69fadd63291776ca25bd28260fc973b0ffad9863
trial-0006,mazecnn,quiet-owl-7,64174,33554432,144.646672067,231975.13997734885,8388608,35.99299516399999,233062.23785427678,95e46651d06a56265c893f667185d660a69ec18326b63677f1ebc0a1287f4192
trial-0007,connect4cnn,quiet-owl-8,64173,3328000,21.910000236,151894.11064139617,3328000,21.910000236,151894.11064139617,4b12efe79e58a32cd43dfcc8d8426b12445adb3a516a76cc5cce030dcf9b9052
trial-0007,connect4cnn,quiet-owl-8,64173,6656000,42.286250983,157403.4076152993,3328000,20.376250747000004,163327.39723916,d8c3abdb56be04edf506803786502019a157b613738f057c4d96a7bc27eb1b3f
trial-0007,connect4cnn,quiet-owl-8,64173,9984000,62.475331239,159807.07588097628,3328000,20.189080255999997,164841.58554032946,4e50723d8e5669eb59e3458e50b1b7a28ccf0fe122a865f8074c577744b1278f
trial-0007,connect4cnn,quiet-owl-8,64173,13312000,82.552449465,161255.0576787419,3328000,20.077118225999996,165760.8409004744,0c9e2f7ef34536399657781e2c345ae3a40ca700010d600c5c67cd8e1b2c22f8
trial-0007,pongcnn,quiet-owl-8,64173,2097152,6.74080921,311112.79590718454,2097152,6.74080921,311112.79590718454,727065560fc41986d5210d50f02423a484b55fa79d9b1d4074c016374633b779
trial-0007,pongcnn,quiet-owl-8,64173,4194304,13.271639229,316035.1127413848,2097152,6.530830019,321115.69186440343,0e454532613ee62163da3794003d69bf70865728772bff2dead5ff336d4c152b
trial-0007,pongcnn,quiet-owl-8,64173,6291456,19.778730417,318092.0042568777,2097152,6.507091187999999,322287.1693987394,8017016c6c8899b24e4c2a69930f4205fc7b6223304030bb6c339d4633fd05a7
trial-0007,pongcnn,quiet-owl-8,64173,8388608,26.306902418,318874.790604775,2097152,6.5281720010000015,321246.4376978353,a95bdec3edcb31527fd79209ec98be78b9663a566cd669a9dc1b282805c84405
trial-0007,flappycnn,quiet-owl-8,64173,4980736,13.607020682,366041.62780385494,4980736,13.607020682,366041.62780385494,2ef6354179f205e90e30aada7ae6ecee755f9f0a118576746ccaec2fb675f086
trial-0007,flappycnn,quiet-owl-8,64173,9961472,27.342064602,364327.7179321471,4980736,13.73504392,362629.78327629546,db97ef0199a34e8a55bb5c53f0cfd42cc50e845ba89cfc1b65b1acefa4a5cf18
trial-0007,flappycnn,quiet-owl-8,64173,14942208,40.585016771,368170.5513222049,4980736,13.242952168999999,376104.6582694186,08e9be6d1efe3ef7134b7560c3fb0cb9344978519ea8a98caa88e3d3819809fd
trial-0007,flappycnn,quiet-owl-8,64173,19922944,54.005264432,368907.442812093,4980736,13.420247660999998,371135.92280970357,1cd5ccb09c07535829264d522cfe271122550a9f6fce8527906ec50309a4d324
trial-0007,breakoutcnn,quiet-owl-8,64173,4194304,14.928923089,280951.54452838376,4194304,14.928923089,280951.54452838376,8c79a0ffb96b2f0c9d6e3c5afebdb0dfaec5779a8661bc94438cc849cfed55a7
trial-0007,breakoutcnn,quiet-owl-8,64173,8388608,29.824325398,281267.31746839563,4194304,14.895402309,281583.8010273644,a64b93c41d2ef9c719e16179edf9a87fe501764535e00f670f5c5a8638b1e150
trial-0007,breakoutcnn,quiet-owl-8,64173,12582912,44.456883989,283036.3010397535,4194304,14.632558590999999,286641.8729107141,d9db834271120734eed8a8f872f14c0abdb9b440fbb917d40aeaa6dcdc08fc17
trial-0007,breakoutcnn,quiet-owl-8,64173,16777216,59.290829895,282964.76925202936,4194304,14.833945906000004,282750.3906633161,bea887207d61fa5acb8a6b33872e5ef2e5a7d7b5e77271399d2d52b3a7f8c27b
trial-0007,snakecnn,quiet-owl-8,64173,2097152,6.451777851,325050.24947115156,2097152,6.451777851,325050.24947115156,5bc883e56bc5f6b07217705aa9cc2d8c2f58a4e871a6ac73376c6a58aa9a8290
trial-0007,snakecnn,quiet-owl-8,64173,4194304,12.63501467,331958.77563630877,2097152,6.183236819,339167.3425083478,6ecc42283c6b02a38af2d0602e48867c4328ad37b3148c6579b3c1d85424455e
trial-0007,snakecnn,quiet-owl-8,64173,6291456,18.774534665,335105.8288399927,2097152,6.139519995000001,341582.4041143138,5dba6b6b4e1f6c20aa859b5206088d84dc91b2ab413a33b1ed0aee704b75a8a7
trial-0007,snakecnn,quiet-owl-8,64173,8388608,24.923725214,336571.1958374506,2097152,6.149190549,341045.212908721,9d0ee07ff0d0547c4ad689817756988802d0db0ea82edc35ae9f3e9c81d65558
trial-0007,mazecnn,quiet-owl-8,64173,8388608,37.691043406,222562.37137400729,8388608,37.691043406,222562.37137400729,040fe7be1adba16aa74b2cc049690440b7553fd4150d7f89f7649ee33c17c316
trial-0007,mazecnn,quiet-owl-8,64173,16777216,74.007692574,226695.569291321,8388608,36.316649168000005,230985.1870197189,bf39251ce86f11aa4a3123b1334f64e8d6d3ada72c4b0275ea1aef2157f5cd0e
trial-0007,mazecnn,quiet-owl-8,64173,25165824,109.564177356,229690.2564989857,8388608,35.556484782,235923.43426048185,6f5b14c2a1783d5a3013c5705efdaf2981a32e5e684975aa249d7aa3cc8b62a8
trial-0007,mazecnn,quiet-owl-8,64173,33554432,145.276470355,230969.4881628514,8388608,35.712292998999985,234894.1301594635,30a14cc4e76d42e66de9281fa4e4f51392820014f4656ed75a0ce4a6ab5524c3
trial-0007,connect4cnn,quiet-owl-8,64174,3328000,21.794082187,152702.00283933617,3328000,21.794082187,152702.00283933617,70701c29762e8f68259f9c03b743802759e39ad1defc410d57f2e83ba1a6d9f6
trial-0007,connect4cnn,quiet-owl-8,64174,6656000,41.250633928,161355.09606028278,3328000,19.456551741,171047.7809378237,07e005e00de0acb61e2285e4d5299bc797b554919dc8fafce975570be2046935
trial-0007,connect4cnn,quiet-owl-8,64174,9984000,60.124155507,166056.38641922557,3328000,18.873521579,176331.69231665626,15a67fea5b58cce1381bad6265a24a7c706120775ba978098daeacd2cb310689
trial-0007,connect4cnn,quiet-owl-8,64174,13312000,79.145404898,168196.75150005321,3328000,19.021249390999998,174962.2189157911,2d59201e2f8f171f045da05aca780bfc53ee1981febfcc50bdbc2917096a6714
trial-0007,pongcnn,quiet-owl-8,64174,2097152,6.467395137,324265.3271642834,2097152,6.467395137,324265.3271642834,e4d6e5d95a3c2dfa15ed07fd25cc486071c471098aba4a2aa09f0c94873de871
trial-0007,pongcnn,quiet-owl-8,64174,4194304,12.79879339,327710.8921280899,2097152,6.331398253000001,331230.4669835464,8fafdd2bde89d4987fb936a8eeb30ed09dfac94f2c095cbbedef579a9c06d4e1
trial-0007,pongcnn,quiet-owl-8,64174,6291456,18.890864256,333042.25337396865,2097152,6.092070866,344242.8767045797,539fdada8c6afd8e9138a5c2c250e01cc159a7ea2f9440c3c42546517524db04
trial-0007,pongcnn,quiet-owl-8,64174,8388608,25.004861977,335479.0763378746,2097152,6.1139977210000005,343008.3058089514,c4cd8179cd630581ffd6f2d042842b9b4455993dc1210b23b879695610368374
trial-0007,flappycnn,quiet-owl-8,64174,4980736,12.468991408,399449.79004511953,4980736,12.468991408,399449.79004511953,14f9f8e53c458cceb91cb2cfb96c812a874790741cae701ae85f1f58ae28efb8
trial-0007,flappycnn,quiet-owl-8,64174,9961472,24.668725212,403809.7597014978,4980736,12.199733803999997,408265.95727580035,945315c086c00613ad77a33a0aab2f9edfe22c52786653ce80b992709363f5d8
trial-0007,flappycnn,quiet-owl-8,64174,14942208,36.836260584,405638.5681691647,4980736,12.167535372000003,409346.33413613867,dc975d48960f800b91f0430418246f7e4291e8870bb44708d12403ed91358ec1
trial-0007,flappycnn,quiet-owl-8,64174,19922944,49.15598972,405300.43466694746,4980736,12.319729136,404289.40807193413,510c483fbe1a82d4403308c8bda2c5ffdca62296cf76fc6ce26e8380dd0bcc3e
trial-0007,breakoutcnn,quiet-owl-8,64174,4194304,13.586543225,308710.1649433718,4194304,13.586543225,308710.1649433718,2ce22a83acecfeddaf6de45b65f98c876cf9473ce845112d93c7d976d66c1177
trial-0007,breakoutcnn,quiet-owl-8,64174,8388608,27.166837937,308781.16987531685,4194304,13.580294712,308852.2074777783,542130e4bba8513a707894ed5fc5ebc7884b1c0d930ee1a6c37da8ce87391b8e
trial-0007,breakoutcnn,quiet-owl-8,64174,12582912,40.495176468,310726.19253661577,4194304,13.328338530999996,314690.6863330782,041dde742d44a038eaeb039762c9f9c1adf7c922fd5820a45656a0dfd2d4ceee
trial-0007,breakoutcnn,quiet-owl-8,64174,16777216,53.727049325,312267.5860815105,4194304,13.231872857000006,316984.90798157145,b49295ed0fc70f8fb288ae0db0d7f3b9736b00c1a659b8cb5cb10a2ecda26d73
trial-0007,snakecnn,quiet-owl-8,64174,2097152,5.742862161,365175.40230058815,2097152,5.742862161,365175.40230058815,78c9be6b131d304ea6fbeae9ec41c279f927567296965bf8d34a473c3dfd9f97
trial-0007,snakecnn,quiet-owl-8,64174,4194304,11.207006026,374257.31638488546,2097152,5.4641438650000005,383802.4861375058,90cd09be8d54246fb578145a3cfeeb87bd3c12c0b8a54d6e50cf729e25b096b6
trial-0007,snakecnn,quiet-owl-8,64174,6291456,16.655400018,377742.71366647637,2097152,5.4483939920000015,384911.9581071588,b0f712458c2b6bdba47641040bf6f6f8921c93e53f6b024a2ee854dc5ecb0e78
trial-0007,snakecnn,quiet-owl-8,64174,8388608,22.122901185,379182.0941499179,2097152,5.467501166999998,383566.81342067296,b74e093bc623080a110eaba965f6ecd358609dfd805976440ca1c51ec07a2aa5
trial-0007,mazecnn,quiet-owl-8,64174,8388608,35.054536658,239301.63681355023,8388608,35.054536658,239301.63681355023,4f1b3659b997420986d457fc008e0d4619830dc8b16b40694ffce843afa52c25
trial-0007,mazecnn,quiet-owl-8,64174,16777216,71.367973804,235080.4584431074,8388608,36.313437146,231005.6182859579,226984db28491def3537d0ba1a184a1b6f1ec35db7460461c87402aa201f8f10
trial-0007,mazecnn,quiet-owl-8,64174,25165824,106.7249283,235800.80493715356,8388608,35.356954496,237254.8235439514,4eb085cada6316d98e53f4bc83f3502c825dc557ae61a0e426e6653196ddc0cc
trial-0007,mazecnn,quiet-owl-8,64174,33554432,141.609073266,236951.14462737142,8388608,34.884144965999994,240470.50624792435,67b31135d32221a3f31f72c948603e11907eacbfc24b38a8df010f830f2cef5b
trial-0008,connect4cnn,quiet-owl-9,64173,3328000,24.745669523,134488.17769536492,3328000,24.745669523,134488.17769536492,0b24aebe35af0e579b760979fc96fa7f9e48408dac22412db64b9c6ea080cfa9
trial-0008,connect4cnn,quiet-owl-9,64173,6656000,47.9268348,138878.35547195366,3328000,23.181165277,143564.8277484131,ab2e7b5ed5acab800dede0dfc9cb7392d0aa836cc31f97badef275af3652cc75
trial-0008,connect4cnn,quiet-owl-9,64173,9984000,71.845931198,138964.0280739785,3328000,23.919096398,139135.69077292868,a2004ef37383147de1e03a29c88bd5a66c6df55121bcc3993a3195d525d19c7b
trial-0008,connect4cnn,quiet-owl-9,64173,13312000,95.348443632,139614.23483091177,3328000,23.502512433999996,141601.88232410152,53f1e1ab27e3447eca95ea6ef49adbcb3d0bbb6dfe58fa8d10ec89c5892f5c2b
trial-0008,pongcnn,quiet-owl-9,64173,2097152,8.431994914,248713.62250444543,2097152,8.431994914,248713.62250444543,d90876f983b15195ebf97ccaac9f585e4849d01fa1c632f42953099d301e4b82
trial-0008,pongcnn,quiet-owl-9,64173,4194304,16.861576609,248749.21825289202,2097152,8.429581695,248784.8241916825,4f12f261ac051b2e96903539ce983e9b33151e381869b91d7550aae9ade4e214
trial-0008,pongcnn,quiet-owl-9,64173,6291456,25.220045552,249462.51532448462,2097152,8.358468942999998,250901.45268246892,33fb2594e59591935e595880c8440a99a82ccb7991067e48c4069a119f936e85
trial-0008,pongcnn,quiet-owl-9,64173,8388608,33.877056196,247619.1541398003,2097152,8.657010644,242248.98018965634,d70c739ffd9a5fa01df32de8c804e38d2e28ec16e3e398711231ebdf28b77b30
trial-0008,flappycnn,quiet-owl-9,64173,4980736,18.165511261,274186.3924685274,4980736,18.165511261,274186.3924685274,413b4f75ad511a943cd36c7911560c81356d8f99454f04ec5e9906755ecaee4c
trial-0008,flappycnn,quiet-owl-9,64173,9961472,35.988620303,276795.0512170542,4980736,17.823109042,279453.82527049235,38545396ee2a7c932c7d3939870d0e0b2ddfeaf3c647fb2df9120c0273bfced6
trial-0008,flappycnn,quiet-owl-9,64173,14942208,53.763169708,277926.4705030326,4980736,17.774549405000002,280217.2863295715,27ff932357dfef518ae1ba496fa083cc319c9deba4a5b07a94389b817d0c197c
trial-0008,flappycnn,quiet-owl-9,64173,19922944,71.909897533,277054.26768070704,4980736,18.146727825000006,274470.1991473219,2dbc330aa3c2bb0b9cffde9264a8e2606e94f8f8b401fe0496f7393eaae861e3
trial-0008,breakoutcnn,quiet-owl-9,64173,4194304,19.10134267,219581.6321638713,4194304,19.10134267,219581.6321638713,31da80372f82118bd29d9686992354b34fc7d30cbd9ed5ab99622b97ba424840
trial-0008,breakoutcnn,quiet-owl-9,64173,8388608,36.763499151,228177.62709542905,4194304,17.662156480999997,237474.0595528076,c24c5924ad496e4b92515be77ba3b98b6c104261e6668bfcfe8f8fe5dedc7af3
trial-0008,breakoutcnn,quiet-owl-9,64173,12582912,53.668440424,234456.4496488153,4194304,16.904941273000006,248111.12515954132,fa662e64b1a9581bf68d1fd82cd96cb86fd36e305100d8f2fbe5b1872db11840
trial-0008,breakoutcnn,quiet-owl-9,64173,16777216,70.772398068,237058.7468843433,4194304,17.103957643999998,245224.18070132122,d372f04fc3f19147f42000208feed9ab9bbc837afef36a9c83d7e0b582f98a4c
trial-0008,snakecnn,quiet-owl-9,64173,2097152,7.709833476,272010.02544714365,2097152,7.709833476,272010.02544714365,9934c683538ade6fa0cfde070041f1796e03d49459dafd85f80301b860cb4740
trial-0008,snakecnn,quiet-owl-9,64173,4194304,15.201526955,275913.335049571,2097152,7.491693479,279930.2995882755,589c7433d191dd766b4d2753de10874ea730f33eab7b963be7a11ea29c5d7edc
trial-0008,snakecnn,quiet-owl-9,64173,6291456,22.673235653,277483.81820252235,2097152,7.471708697999999,280679.0367190518,5ce853f63c37fbde9ec0a58fa9ade7c08e5fa7433cfa6dbc69176cd41f60fb1e
trial-0008,snakecnn,quiet-owl-9,64173,8388608,30.186883093,277889.173723445,2097152,7.51364744,279112.3774101384,5877d7b0b3668dd143d5fd9ad443a54c13480bc119983198a73af6c9b44997f7
trial-0008,mazecnn,quiet-owl-9,64173,8388608,56.282875528,149043.69972758013,8388608,56.282875528,149043.69972758013,085af6fc20c179576e40215b9703332a1c6ed852e8cd5c8836e67b08f782d24a
trial-0008,mazecnn,quiet-owl-9,64173,16777216,113.858655247,147351.2572549205,8388608,57.575779719,145696.81975547367,073dd7749f64566cb02feb98c0770415a438a268dbbbd3f239a36b8405a5b63f
trial-0008,mazecnn,quiet-owl-9,64173,25165824,169.907782151,148114.60476621782,8388608,56.04912690399999,149665.27514992104,1973347294102ba02c69c8148801d150e77b412c9541f327fe4aabc42b9582bd
trial-0008,mazecnn,quiet-owl-9,64173,33554432,227.437535273,147532.51682807598,8388608,57.52975312200002,145813.38428848746,9322874d9bb564450ddd4e4be45705c01164b593c57328d308fee71600967d89
trial-0008,connect4cnn,quiet-owl-9,64174,3328000,24.777808737,134313.7335235941,3328000,24.777808737,134313.7335235941,c09ee934f559505b00eb302f449b04d26650b4e6e3076dec4d67520bee54a997
trial-0008,connect4cnn,quiet-owl-9,64174,6656000,47.803699044,139236.08702066366,3328000,23.025890306999997,144532.9564081294,bee16bf7680724233b81b70d89c79a6160d77da6e54f0ddf6cad24dda6ff95d2
trial-0008,connect4cnn,quiet-owl-9,64174,9984000,70.660081404,141296.1859315777,3328000,22.856382359999998,145604.84452798593,e808f3d977ad4e24dba5f225bdb68b8a5b35454993a8e3abe62ef01e11f694eb
trial-0008,connect4cnn,quiet-owl-9,64174,13312000,93.742347276,142006.2585034944,3328000,23.082265872000008,144179.952629219,2bed38db5bd9ea79efee6bae0262a0662aff7ad0623554d884b5c8509a5bf0dd
trial-0008,pongcnn,quiet-owl-9,64174,2097152,8.77813873,238906.22653670455,2097152,8.77813873,238906.22653670455,149afe94a8414afd061de7a94c6e58f21981ba28755f685ab27fab1e5496c3fb
trial-0008,pongcnn,quiet-owl-9,64174,4194304,17.12337233,244946.14256863503,2097152,8.345233599999998,251299.37644885105,4f90b69f90a6d34e8ec6de57c6ebbdd4d80929d00d065548f562018b6b946e3d
trial-0008,pongcnn,quiet-owl-9,64174,6291456,25.424790917,247453.59836148305,2097152,8.301418587,252625.73836285458,19b9c488663c2ea74beaf5ef761e28d1f3eb2405950a2a9eda0a6b0c5b15013a
trial-0008,pongcnn,quiet-owl-9,64174,8388608,33.568530886,249894.9992327049,2097152,8.143739968999999,257517.06316545338,f8824c972dfed25ed4994d93979fa9b63c0b53b188d12ae5697ab3f341a31afe
trial-0008,flappycnn,quiet-owl-9,64174,4980736,17.48569136,284846.38653715776,4980736,17.48569136,284846.38653715776,a0b917b0c6f74380c2368cdd740bff0cbda93f5f18af82bb5c6d2ecd6911240e
trial-0008,flappycnn,quiet-owl-9,64174,9961472,34.823002823,286060.10948086926,4980736,17.337311463000002,287284.21996856405,f1920175c19ce8c0e49a9312d1827bd0cea0d87fd3b646030f27a57b6ea3446b
trial-0008,flappycnn,quiet-owl-9,64174,14942208,51.883736375,287994.06218554167,4980736,17.060733551999995,291941.4915436692,718d07cb075a1d0651fdd9dd672302b5d21a9dc6f51b8affdd751d9735bdc5e5
trial-0008,flappycnn,quiet-owl-9,64174,19922944,69.288672835,287535.3673961015,4980736,17.404936460000002,286168.0082226511,b27892932df95087350089879eda2cd683954ea94fa8e40553033c3c437178f7
trial-0008,breakoutcnn,quiet-owl-9,64174,4194304,17.422085774,240746.37528529484,4194304,17.422085774,240746.37528529484,e68adaaa439f941565c28a9b4385026e8b97ef7170d7a00c23f0ff9394705711
trial-0008,breakoutcnn,quiet-owl-9,64174,8388608,34.623866316,242278.1997666029,4194304,17.201780541999998,243829.64250469045,46507e39e701fe010fd673c70b075a450a448335f8b876975a3e6b8c731136fc
trial-0008,breakoutcnn,quiet-owl-9,64174,12582912,51.83207476,242763.03926213895,4194304,17.208208444,243738.56311941825,08bc0fcaf7a4dd903f1d6dd6f33e8364d4efa40a7313f581c7e51d5213d41eb8
trial-0008,breakoutcnn,quiet-owl-9,64174,16777216,68.953399069,243312.3852706876,4194304,17.121324309000002,244975.44257106446,9e3ccdc7e10c21fcede96c95f31a89e91a6e6148537cd691bbd9a51defea4625
trial-0008,snakecnn,quiet-owl-9,64174,2097152,7.684423809,272909.46623009193,2097152,7.684423809,272909.46623009193,18a3c9eb3049a215d41eb59c463d122fdccbaf2c5368f9584957ef13b870edee
trial-0008,snakecnn,quiet-owl-9,64174,4194304,15.113873251,277513.508969151,2097152,7.429449441999999,282275.55976684176,72e8e16b6243e4dec181b4f3e984e0291371fd4f3658eed399da651c5b021961
trial-0008,snakecnn,quiet-owl-9,64174,6291456,22.578325357,278650.24976484576,2097152,7.464452106000001,280951.89978033194,64632c919222a4a231034bf6e4ebe4608ba4b00b420b3130cffcb576ac22b651
trial-0008,snakecnn,quiet-owl-9,64174,8388608,30.035905733,279286.0010471921,2097152,7.457580375999999,281210.7807445239,02181f6d1b7d5b714bb41fb3fc8c8de30c7338ccf0d07b51c809ef9faeb70b39
trial-0008,mazecnn,quiet-owl-9,64174,8388608,55.540416392,151036.10208454053,8388608,55.540416392,151036.10208454053,42332dbfbf7fa3dbef53f943543f56e5410dc76881b3df0ea7db28500289db9d
trial-0008,mazecnn,quiet-owl-9,64174,16777216,110.689978601,151569.42129762442,8388608,55.14956220900001,152106.52023328372,9ba39a88dd84b093344d60fc84e350affe251ea3cc254ccfd9829557d8653118
trial-0008,mazecnn,quiet-owl-9,64174,25165824,165.926171565,151668.80403879823,8388608,55.236192964,151867.9610209061,254a846a057fd7b36ca83d88a35fb58b5a3b7d7b564adde30c3f0f6f4f14d8ed
trial-0008,mazecnn,quiet-owl-9,64174,33554432,221.710455005,151343.48084416354,8388608,55.784283439999996,150375.83137592062,1ba395d38e8c4e56e1369c2c53ec76c2944df0acf5da8cc3b58d92a8abf4397a
trial-0009,connect4cnn,quiet-owl-10,64173,3328000,24.311194307,136891.67047798051,3328000,24.311194307,136891.67047798051,84bd0e955585fb767456e67753be27ddfc56156c2319a28d4fafdceef5a34af2
trial-0009,connect4cnn,quiet-owl-10,64173,6656000,46.97169785,141702.35066348576,3328000,22.660503542999997,146863.46195638907,c2aa239323fcc7f22fd453206530ed4488ab76dc7478bdcfd4a4b294e87061f5
trial-0009,connect4cnn,quiet-owl-10,64173,9984000,68.825432137,145062.65620136485,3328000,21.85373428700001,152285.18642599706,1325748cb8153e06bb0524a0047d4ef28f74c9a7b8e2b16082bd2434fd783e4e
trial-0009,connect4cnn,quiet-owl-10,64173,13312000,90.3752672,147296.93656717622,3328000,21.54983506299999,154432.73650451333,de1013e754b63eb933c2db78a090a656417dc3e7d1ceee3bf538b00296baa8ad
trial-0009,pongcnn,quiet-owl-10,64173,2097152,8.17924266,256399.28868426554,2097152,8.17924266,256399.28868426554,0779ccb7a3a16327dbd73d5c9398f247c2c26890fef40dde73402937c3e3ca29
trial-0009,pongcnn,quiet-owl-10,64173,4194304,16.202434287,258868.7555033193,2097152,8.023191627,261386.2534384161,154d1ba7d38674b84bbb0cbf5b3940fc0e2aa16b6e7bf3e8ce7771bc817cf6d1
trial-0009,pongcnn,quiet-owl-10,64173,6291456,24.162316853,260382.9772730942,2097152,7.959882566000001,263465.1934386339,75230a37ae6b164be6c6f5508a05791b5ac41fccea6b6599d8cd8cdf2d86760b
trial-0009,pongcnn,quiet-owl-10,64173,8388608,32.293336682,259762.81369139938,2097152,8.131019829000003,257919.9219906366,0ba18521cd99a2f693208afee5614233a1466b5d198dd6554a0a3126cded6cce
trial-0009,flappycnn,quiet-owl-10,64173,4980736,16.282108451,305902.39679272607,4980736,16.282108451,305902.39679272607,e851f674b3e9e5ce739ece097a3bc0e450dc874f7af8bedd5b0aaa9f04a91f79
trial-0009,flappycnn,quiet-owl-10,64173,9961472,33.009566548,301775.30460797733,4980736,16.727458097000003,297758.0915831601,5b0b80c0e01b826a5338d38caa3aa0e837229fb6c8790f41994731e94ea6447a
trial-0009,flappycnn,quiet-owl-10,64173,14942208,50.559700492,295535.9279148477,4980736,17.550133943999995,283800.4550787377,106d06dae86492a9086e9029a09bda870fd5b49c501d6c30e6eb8835f639eba7
trial-0009,flappycnn,quiet-owl-10,64173,19922944,68.033446912,292840.4322328392,4980736,17.473746420000005,285041.10568407795,7a81cd19207b6d57d046adfd8ecaf6770d378325e217fec829887dda331d4594
trial-0009,breakoutcnn,quiet-owl-10,64173,4194304,17.731932984,236539.58109274568,4194304,17.731932984,236539.58109274568,e9e9b75c630a2ce2ce240b73a7fbc2b2e6d93c88a451ce96ad3cf6965db7bddb
trial-0009,breakoutcnn,quiet-owl-10,64173,8388608,34.94375608,240060.28375413272,4194304,17.211823096,243687.37562581326,4fd6984316ed1c7da3c1be06c48f1300443b52264c75f2ea0915130e60aa64f9
trial-0009,breakoutcnn,quiet-owl-10,64173,12582912,52.225482769,240934.33574670492,4194304,17.281726689000003,242701.6741718128,f7345f7fa08a8748facfb4bd39e5e1a45fefdb37d12c8e29ad33ed641d12a6fd
trial-0009,breakoutcnn,quiet-owl-10,64173,16777216,69.341019285,241952.25528836844,4194304,17.115536516,245058.28351212174,cde1d248c74c8defa9eb4348bc50e70a1424d34c6c5e66118b398d366eb72459
trial-0009,snakecnn,quiet-owl-10,64173,2097152,7.414199747,282856.15057087835,2097152,7.414199747,282856.15057087835,b4f86c6c290dd2684b446ef1df80d30b68237191891ee034c70a715f44575638
trial-0009,snakecnn,quiet-owl-10,64173,4194304,14.461238007,290037.6854298184,2097152,7.047038260000001,297593.38925456605,faab1b21453b974fd0daf9067ea9cd56659fb082cdff9056e2368208a0de7755
trial-0009,snakecnn,quiet-owl-10,64173,6291456,21.342827824,294780.8065492268,2097152,6.881589817,304748.18403434637,05ed02c0c1201cbeb0ac609389afda0bb4661e62396d66149aa39b5a8f8c1f44
trial-0009,snakecnn,quiet-owl-10,64173,8388608,28.462290829,294727.08470299636,2097152,7.119463005,294566.0365855079,d2f82c2a8d97766e1a3fcc9e381608db801457314219853b91c23b96d8110c22
trial-0009,mazecnn,quiet-owl-10,64173,8388608,51.065238065,164272.37623610595,8388608,51.065238065,164272.37623610595,3307ea545b51a99a2b884c39df4817d1179f56e20c751ffc9fce70c77c8194c5
trial-0009,mazecnn,quiet-owl-10,64173,16777216,100.390417213,167119.6959407341,8388608,49.325179148000004,170067.46138376943,c4773f40e203dad05e38f674aa1d1eccd8a20d681a2d7530860fa594ab51438f
trial-0009,mazecnn,quiet-owl-10,64173,25165824,149.100742897,168784.02824179592,8388608,48.710325684,172214.1636748577,12ab86eeaf08fd67ec019553d8c15d321002e66df56802fe8dcbdc05546aafb3
trial-0009,mazecnn,quiet-owl-10,64173,33554432,198.672307348,168893.35231419603,8388608,49.571564451,169222.1759168381,fd70d3c4c18974e801099e3bf9b7c1112bd285fd6dcdd640e4d77a8d4f1c591e
trial-0009,connect4cnn,quiet-owl-10,64174,3328000,23.208817341,143393.77793804492,3328000,23.208817341,143393.77793804492,a714cf341003da0a5af0246d293724c6235d08e8aa1c6e2c066a505a993cdaf9
trial-0009,connect4cnn,quiet-owl-10,64174,6656000,44.906179754,148220.13443276967,3328000,21.697362413,153382.6986272776,8b380d0470d5af5fc6d086b5a52f8258017a0bf573ba7ec1b3c3774cd0ae26ab
trial-0009,connect4cnn,quiet-owl-10,64174,9984000,66.36949677,150430.55147154463,3328000,21.463317015999998,155055.2506641502,7cea3995df8c3db5b44edcd744d19f32ec48beff4b2a806e0314c3d86ac6b79a
trial-0009,connect4cnn,quiet-owl-10,64174,13312000,87.860281073,151513.2872035719,3328000,21.490784302999998,154857.07515734682,6a1729f475886175d84b76d1e7a41ef1909233c3fad99d0d67ab3da67260af53
trial-0009,pongcnn,quiet-owl-10,64174,2097152,7.604783392,275767.48631738016,2097152,7.604783392,275767.48631738016,63ee36c0de988f75f4cc06208809eab11cee9db73afae817f4c4cc12352fb9a3
trial-0009,pongcnn,quiet-owl-10,64174,4194304,15.100125102,277766.17555602023,2097152,7.49534171,279794.04824226483,95ae877cbccb68f6234f94ba2a7495d8911eac2a7d36040edd7c1022468a77f8
trial-0009,pongcnn,quiet-owl-10,64174,6291456,22.942239366,274230.2483916992,2097152,7.842114263999999,267421.7601785253,5b4eb94c4d05e9e43877d9011203ac855c7e318f713e655f2c96a8d3787ad929
trial-0009,pongcnn,quiet-owl-10,64174,8388608,30.652371492,273669.1352637871,2097152,7.710132126000001,271999.4892082346,f673a0768e5604512662a5389451b30f6c6e63054a1cead2eb920c73d95daf73
trial-0009,flappycnn,quiet-owl-10,64174,4980736,17.855084135,278953.37609956326,4980736,17.855084135,278953.37609956326,658877ef2e6cb5c94927c587e1f2c8762fa5d0ec4fc07975d7cbd50ffa65a5e1
trial-0009,flappycnn,quiet-owl-10,64174,9961472,34.524515512,288533.2886579567,4980736,16.669431377000002,298794.5951697114,9cdda265915d58a816541777ec0f92ec3eecd4541c6bc1d6e1b774cfd0599c4d
trial-0009,flappycnn,quiet-owl-10,64174,14942208,51.133447991,292219.8401842563,4980736,16.608932478999996,299882.96998001187,4fde3ca835946078cb4e6e7969063858119afff0f4688ea914c5ad6b686bd725
trial-0009,flappycnn,quiet-owl-10,64174,19922944,67.995353694,293004.49100771465,4980736,16.861905703000005,295383.93155133387,d5bbe36f29575d20f7ab2fcbe48500f8be71209b6a9350e6e35302e30d5706be
trial-0009,breakoutcnn,quiet-owl-10,64174,4194304,17.267320994,242904.15412196398,4194304,17.267320994,242904.15412196398,69fc3f0fc170c5c934c9b7916020fe33d2fbd5b0aac7916be5963e9b894782d4
trial-0009,breakoutcnn,quiet-owl-10,64174,8388608,34.475726231,243319.25435865374,4194304,17.208405237000004,243735.7757581031,8f34e6f6d7e5c8758a273399a2c98916284b0dd46b4293a0f6c7a183c873df62
trial-0009,breakoutcnn,quiet-owl-10,64174,12582912,51.833200925,242757.7648196343,4194304,17.357474693999997,241642.5242693775,3a859e07c86680d93f903d97ba0d6a8722fdac7404007abaf60ddc400499d0df
trial-0009,breakoutcnn,quiet-owl-10,64174,16777216,69.019544075,243079.20640230627,4194304,17.18634315,244048.65906567217,111b010b8f332241f21df738c4ffdd8e1b4ab6f463ff8e66bd467cfd58632f22
trial-0009,snakecnn,quiet-owl-10,64174,2097152,7.990998969,262439.27800962277,2097152,7.990998969,262439.27800962277,16e03e8021de9a3bab793cedc68183b2ad2b0ae17044e397788f259544ae0317
trial-0009,snakecnn,quiet-owl-10,64174,4194304,15.545287149,269811.9346267471,2097152,7.55428818,277610.8019749916,10b4c6ca4faac929f6cddc8eea37b833c6835a2aff71250dbb3bde2a5bb9cfe1
trial-0009,snakecnn,quiet-owl-10,64174,6291456,23.308467517,269921.47790974827,2097152,7.763180368,270140.8315391597,0c6448d5151884e57f9e00d7f323bfcf9b69ec6e5a1ad714a9b5ad1011a295b4
trial-0009,snakecnn,quiet-owl-10,64174,8388608,30.741728147,272873.6640922583,2097152,7.4332606299999995,282130.8311908337,1eff6423e9cd4a90214017b37da008c8ed1a05d8a00b948d58e81b1a2ddf56bd
trial-0009,mazecnn,quiet-owl-10,64174,8388608,52.439640342,159966.92474035505,8388608,52.439640342,159966.92474035505,1c084fb69edaa69e0460aff27b0bc2c37f1ef99da29cf904b47737b4dff043c7
trial-0009,mazecnn,quiet-owl-10,64174,16777216,105.158559108,159542.08713310206,8388608,52.71891876600001,159119.50010268536,03a14ce9699984b6cf68ef963d9d151100d98609f409a8fedca01b4d6977b461
trial-0009,mazecnn,quiet-owl-10,64174,25165824,157.115290532,160174.25111704468,8388608,51.95673142399998,161453.7283252794,51e43fa47b3230c1539d2f224e027ceda050439e3ef2acd01103e071711b3da5
trial-0009,mazecnn,quiet-owl-10,64174,33554432,207.733188836,161526.58218947554,8388608,50.61789830400002,165724.14661746434,c66e46536a185b9643da87e0fdf3dfdf7542807f3b1dae92743a7461197ac681
trial-0010,connect4cnn,quiet-owl-11,64173,3328000,20.950402717,158851.3617115115,3328000,20.950402717,158851.3617115115,14093e20e1d5881310d1833d83dce193d5ae39cc1a30a756b7d51a260b41cc3a
trial-0010,connect4cnn,quiet-owl-11,64173,6656000,40.740873576,163374.01277327977,3328000,19.790470859,168161.73923858636,2c5d864c719a568d4a1ba6071ae4886e55636e510457b5e86516ac3cbfa80bf5
trial-0010,connect4cnn,quiet-owl-11,64173,9984000,59.690506811,167262.77817698324,3328000,18.949633235,175623.4518488294,5061ede7de237443cdb98329d6c13afad0dfc64862c4ca8946cac32fc9002b3f
trial-0010,connect4cnn,quiet-owl-11,64173,13312000,78.601038972,169361.6289823106,3328000,18.910532161,175986.58629308577,ee54d703ec42538419339d9515e7821ff5f36c50783895efb3b12149a68e2505
trial-0010,pongcnn,quiet-owl-11,64173,2097152,5.240541686,400178.4788016282,2097152,5.240541686,400178.4788016282,1b6cd39c54e4b36bd73243a90cc4e4f543701c82014b74cb5de847f83a5a1422
trial-0010,pongcnn,quiet-owl-11,64173,4194304,10.242039706,409518.4280083282,2097152,5.00149802,419304.7746123071,27565787ccd0f8a160451cbbe96c9deb5482f9ab7e4bf6312b25a82f5f167ba1
trial-0010,pongcnn,quiet-owl-11,64173,6291456,15.30231317,411144.1146253838,2097152,5.060273464,414434.5191855031,15050e86840eab2e886c2a108b63d40e8bc79602c8912e5736216ae26e47665a
trial-0010,pongcnn,quiet-owl-11,64173,8388608,20.15721614,416159.0539952408,2097152,4.8549029699999995,431965.7906571921,3f5a844116b69c8f054f0dd4a41c23e576ef85c3c96f4f8643313d1c104e0654
trial-0010,flappycnn,quiet-owl-11,64173,4980736,9.731318004,511825.4277532291,4980736,9.731318004,511825.4277532291,42311be7c7d03949c36669d202c0e1eff7ff5cf70de2136f66077eebea8c2191
trial-0010,flappycnn,quiet-owl-11,64173,9961472,19.261674134,517165.4307252751,4980736,9.53035613,522618.03568089753,5ffa519cb3e29c338043b162be0c221d8684f36bab84ee20ed5126d05d9492e7
trial-0010,flappycnn,quiet-owl-11,64173,14942208,28.802535138,518781.00064484676,4980736,9.540861004,522042.6120778648,f9dca70927a37e41ef889aad66df6dfbfc09e743ed328f0d7dfcada1b49febe2
trial-0010,flappycnn,quiet-owl-11,64173,19922944,38.304725678,520117.130389543,4980736,9.502190539999997,524167.1358865428,63331c921b805fe39f78fd196ebb1ba8f31006819a79603c8554d150dd02c518
trial-0010,breakoutcnn,quiet-owl-11,64173,4194304,10.934027593,383601.0074352846,4194304,10.934027593,383601.0074352846,6629099a5a98a4fceeaafc5f8f4656dfb1e563be61117812aeb818077bf532fc
trial-0010,breakoutcnn,quiet-owl-11,64173,8388608,21.824599196,384364.8135145345,4194304,10.890571603000001,385131.6673630431,74c2dd7285f70499e676c30e073e2dca2516529dbf8c8d5f09c5dda068b8a070
trial-0010,breakoutcnn,quiet-owl-11,64173,12582912,32.953949757,381833.1973188485,4194304,11.129350560999995,376868.71098282066,d3c2e985ff6ced50e77acd455db5b594e09f991aef9c58644f59e7efd6a6f6ff
trial-0010,breakoutcnn,quiet-owl-11,64173,16777216,44.032118212,381022.23288971215,4194304,11.078168455000004,378609.8773490801,be1582a31d5dce4d76796ef13ccafca0ff04a0c99f892f30308153cfdf4c0592
trial-0010,snakecnn,quiet-owl-11,64173,2097152,4.60021327,455881.4726431151,2097152,4.60021327,455881.4726431151,e6ba89bc9f68ae773a13eb9bf609113867a5d3a4c87643c9dc4d43a72c0d7076
trial-0010,snakecnn,quiet-owl-11,64173,4194304,8.916562616,470394.72279078537,2097152,4.316349346,485862.4341756419,7f1c0458a91b168e67d8001ec2367e2ca23b0102192ae8b205afbb65fe9f9937
trial-0010,snakecnn,quiet-owl-11,64173,6291456,13.01146957,483531.54623717116,2097152,4.094906953999999,512136.6672205955,02467d0598a6553d38d55dc7f409da94b03a932d54eb847e22126eeefe35b7cc
trial-0010,snakecnn,quiet-owl-11,64173,8388608,17.113872677,490164.21696731314,2097152,4.102403107000001,511200.8608860484,d0ca4caf9e3e47f5599dee56442a356e52c7fde5f33770b04834cbe50aaa9c38
trial-0010,mazecnn,quiet-owl-11,64173,8388608,25.59619366,327728.72839718935,8388608,25.59619366,327728.72839718935,7b2a705d357e58787a8c2609331ec95be387901eb467925f1c715f5e7b87d71a
trial-0010,mazecnn,quiet-owl-11,64173,16777216,50.921429457,329472.604734463,8388608,25.325235797,331235.13902262284,32082c1cd7d4c6a7e5b5c5589cb2783b0eee8926ce23fa5ec19f67b1d4799277
trial-0010,mazecnn,quiet-owl-11,64173,25165824,76.850587497,327464.3020911504,8388608,25.929158040000004,323520.26190203277,1132553472d908b15a985c28bd94afb40bd583800b5bebed9c237c7b6dab8776
trial-0010,mazecnn,quiet-owl-11,64173,33554432,103.995247848,322653.51248591027,8388608,27.144660351,309033.448624122,0595ba678bfb1e894f7c6117c5fc2cc061ea1575b87e9ac1afff3afdb5b2075e
trial-0010,connect4cnn,quiet-owl-11,64174,3328000,20.243574571,164397.8432923372,3328000,20.243574571,164397.8432923372,ea2e5dcafe06f09810041d90e7c2fd4f2603b511465f6b10ddbec327dc94e1fd
trial-0010,connect4cnn,quiet-owl-11,64174,6656000,40.123266759,165888.7856758822,3328000,19.879692188000003,167407.01860609712,43cc6cf7026644b7965736eb5998122a748c40ed8a596f9fe61b5df19206e137
trial-0010,connect4cnn,quiet-owl-11,64174,9984000,58.970569013,169304.79334189632,3328000,18.847302254,176576.99521923315,e139c7123c93684e486a322d4fccca042ed663c38935e38b031433d4019b2d9e
trial-0010,connect4cnn,quiet-owl-11,64174,13312000,77.909426989,170865.07390022927,3328000,18.938857975999994,175723.37277239008,3a36193b421155989c1810948de4c77370c8a545fa930f8c088765841226f7fa
trial-0010,pongcnn,quiet-owl-11,64174,2097152,5.50542321,380924.7572812845,2097152,5.50542321,380924.7572812845,c642b21a230320a9e55833bd7d7e34c5cff92784a200d9ea292dc5a219fa73c3
trial-0010,pongcnn,quiet-owl-11,64174,4194304,10.803434434,388238.0205687098,2097152,5.298011224,395837.59100016585,12f5f4befa6824aeac9b843d4504fb05c2b598c267aae6a09f3dcc156c9a04d5
trial-0010,pongcnn,quiet-owl-11,64174,6291456,16.090285589,391009.5917937656,2097152,5.286851155000001,396673.1686812544,6139ad1a8fed502445b0cb4e468dac3cb545078f1d7c82dab170bd0a90162f24
trial-0010,pongcnn,quiet-owl-11,64174,8388608,21.414607994,391723.6310069435,2097152,5.324322405,393881.48208879924,50e570d1d8029429158476921336c172726f74f8fc604bf1ea710c7af920e698
trial-0010,flappycnn,quiet-owl-11,64174,4980736,9.596800259,518999.6525486714,4980736,9.596800259,518999.6525486714,799c8a0e4f5caa96e344a88c8511f2d6468d6f4328a9efafa5c256c4f42eccfd
trial-0010,flappycnn,quiet-owl-11,64174,9961472,18.963378197,525300.4974385788,4980736,9.366577938,531756.211603521,b3ca11590c0626d7b04b3bf97bcfdf0ea2625cebf800ba2fd895995b53555f35
trial-0010,flappycnn,quiet-owl-11,64174,14942208,28.371834938,526656.3841447935,4980736,9.408456740999998,529389.2651166733,ca31a319369b428b7e5547a89834ead576175f7a79015cdc4ad349586895fe55
trial-0010,flappycnn,quiet-owl-11,64174,19922944,37.779208277,527352.0782628232,4980736,9.407373339000003,529450.2323354639,7c385532110cb5b60697788ac2b59160a010659d906bfee86f226087c7c6d5a5
trial-0010,breakoutcnn,quiet-owl-11,64174,4194304,11.153972908,376036.77493171114,4194304,11.153972908,376036.77493171114,0285c98e3e081db2f83f7b293eb1dd1f7841572db7bc0a8993e9cf3f1526bb20
trial-0010,breakoutcnn,quiet-owl-11,64174,8388608,22.04048895,380599.904976246,4194304,10.886516042,385275.14071705256,e6ba377949dfe844386616572af9f7f892f94fbfce158ee2bd171ae22ccd8189
trial-0010,breakoutcnn,quiet-owl-11,64174,12582912,32.863606701,382882.8684107005,4194304,10.823117751000002,387531.9567333052,a02e87137cf7740a81bcae500c48b7f982ef0c90b6154f7efb20f00f2f308471
trial-0010,breakoutcnn,quiet-owl-11,64174,16777216,43.717338746,383765.7204496479,4194304,10.853732045000001,386438.87490590796,b33735611ac33e6e8f98f0a718b9a2d6eb2e7d05d364a2c2a780d7e34e7899d3
trial-0010,snakecnn,quiet-owl-11,64174,2097152,4.490040676,467067.4836443286,2097152,4.490040676,467067.4836443286,849e586a414f86c72a2fab286b2a8ebfed70c16d6a3cbb8e5196f8a2f0add321
trial-0010,snakecnn,quiet-owl-11,64174,4194304,8.739902727,479902.8239802513,2097152,4.249862051000001,493463.54654183093,ee743468bf1b4e66ad3ce161dca4da649dbab23ac97dfe4d629123d6f39549f2
trial-0010,snakecnn,quiet-owl-11,64174,6291456,13.016347397,483350.3446174194,2097152,4.27644467,490396.1495659898,1b081b13cff8d5650332fc6395aae329322b6e70fc94965681a2c1b5163dcbd1
trial-0010,snakecnn,quiet-owl-11,64174,8388608,17.27877067,485486.39021898655,2097152,4.262423273,492009.3256069269,2f4f1fedac404153d88c66f81942d4ffb763cc73423a334d04269e836b65dd33
trial-0010,mazecnn,quiet-owl-11,64174,8388608,25.504151632,328911.4698281057,8388608,25.504151632,328911.4698281057,8186d9b1c2b6240fd398c57397b240046835c1408823156ad0aaf987fde359d2
trial-0010,mazecnn,quiet-owl-11,64174,16777216,50.759675444,330522.52311008686,8388608,25.255523812000003,332149.4363943545,b06e1cb86f66b0c120697e367cc0ea591e2115a1a3aa4ff85dd39bcc25eedeae
trial-0010,mazecnn,quiet-owl-11,64174,25165824,75.775360073,332110.9127789812,8388608,25.015684629,335333.9364646177,dc0a36621a4b012454e17bbe22ffb8af72a7a22627e0d1bb3563f7a62b8543c9
trial-0010,mazecnn,quiet-owl-11,64174,33554432,101.840164193,329481.32267746644,8388608,26.064804120000005,321836.6023922377,ee0fd0834c7bc68cea281f045326bf8f2cd382fef1133bc168b3d1cd8be891e0
trial-0011,connect4cnn,quiet-owl-12,64173,3328000,20.067106597,165843.54021907327,3328000,20.067106597,165843.54021907327,0271b39f54dcff5dea3cdeb31178b7e320d195aa9fe169f61f3a3c33881f37bc
trial-0011,connect4cnn,quiet-owl-12,64173,6656000,38.66289983,172154.70203389553,3328000,18.595793233000002,178965.2077919509,3ab8bb0bf17a8814637afdeee25691b5f526eb20195cc9ce427d475ea2d68e22
trial-0011,connect4cnn,quiet-owl-12,64173,9984000,57.067027525,174952.16472640345,3328000,18.404127695,180828.99962186988,e16b8ef9077d587b7b0e025a6d4e02b21673607f3494135d4f9cba82fa1212e0
trial-0011,connect4cnn,quiet-owl-12,64173,13312000,74.843484592,177864.51382600266,3328000,17.776457066999996,187213.90811772385,6f6959364f8284a7b92db30781f7005a2093c6f6869a435447ac33e912170ec8
trial-0011,pongcnn,quiet-owl-12,64173,2097152,5.288144171,396576.1772344841,2097152,5.288144171,396576.1772344841,a00ad65c52a31d06c4529266e62e882e53c25fb004597e0615d57298e0a70aaf
trial-0011,pongcnn,quiet-owl-12,64173,4194304,10.294011004,407450.895318666,2097152,5.005866833,418938.8311680644,28fed8f3eb05b3ec24182d2fc71f74a633d43a40c716c70b07ad6acb6ca24bc2
trial-0011,pongcnn,quiet-owl-12,64173,6291456,15.313175255,410852.4780284048,2097152,5.019164251000001,417828.9243238395,abade972ccf8f419114e37467bed6f9d7c88bf638328a9d2e52f93e74c252e8c
trial-0011,pongcnn,quiet-owl-12,64173,8388608,20.334180306,412537.30781194934,2097152,5.0210050509999995,417675.7399561517,3ab90c5b17d2f201b22450f174fe241d91e5a04ac3d49a2543fb5e0c7d1f3601
trial-0011,flappycnn,quiet-owl-12,64173,4980736,9.884304123,503903.55638797255,4980736,9.884304123,503903.55638797255,7d9d8a707370e1bfb5f706897293a75b79cfc4751436e6f979733f389700c305
trial-0011,flappycnn,quiet-owl-12,64173,9961472,19.578435556,508798.1606858885,4980736,9.694131432999999,513788.78390744433,71d37d47c46b45da3b1dbc8cc7eaba2440076c15da634f2fcfb365a708184dd8
trial-0011,flappycnn,quiet-owl-12,64173,14942208,29.213288242,511486.6863401416,4980736,9.634852686000002,516949.8862434396,3b371781f028d68bae1645f4be9ec6160d795e29159fe3659deef82716e4d552
trial-0011,flappycnn,quiet-owl-12,64173,19922944,38.778034702,513768.790840049,4980736,9.564746459999999,520738.9470102066,d1b6e9f137c8c33900a79e6c32dee62bb888f808721b2d86816c49be739de4ec
trial-0011,breakoutcnn,quiet-owl-12,64173,4194304,11.169727078,375506.3996381023,4194304,11.169727078,375506.3996381023,ccb391306ddbe9019c24c93211cef7bdd643fd638526e2fc8ded90e9730b8114
trial-0011,breakoutcnn,quiet-owl-12,64173,8388608,22.031888779,380748.4725501936,4194304,10.862161701,386138.97633413627,7738c9b6d4694c56a897f8dd91974d599304c9c9c4d58ef8089ae9b95a69679d
trial-0011,breakoutcnn,quiet-owl-12,64173,12582912,32.926259017,382154.3162101524,4194304,10.894370238,384997.3801487028,e7725be3c420a5153eac630197a2e723e59463718fa3d3dd0bf65f516168d21d
trial-0011,breakoutcnn,quiet-owl-12,64173,16777216,43.878549364,382355.75795413164,4194304,10.952290347000002,382961.3594154654,7b3d6fbcb2b15c727a902e139228f9f1f765bce24310e982181ed39f8265a9cb
trial-0011,snakecnn,quiet-owl-12,64173,2097152,4.54658457,461258.7685793338,2097152,4.54658457,461258.7685793338,2efc1aade7cc00e1dce817bc553cbb81af0a3d53b29bc3d35d443edbb234f10b
trial-0011,snakecnn,quiet-owl-12,64173,4194304,8.854860376,473672.51677600027,2097152,4.308275805999999,486772.92133418267,897cd6065238b7c087ccefcf896fd572c774499460436b766f2a099525770079
trial-0011,snakecnn,quiet-owl-12,64173,6291456,13.235114941,475360.8886697465,2097152,4.380254565000001,478774.0002047117,fded54e728741eb015894ad49ece1d47a964424e33d395137d08c6e011296a22
trial-0011,snakecnn,quiet-owl-12,64173,8388608,17.581318981,477131.8926108733,2097152,4.346204039999998,482524.9759788086,c34fa3063ffc76ae2516b24d48529b89982efb02524073293f5ab06a2569033d
trial-0011,mazecnn,quiet-owl-12,64173,8388608,26.180624007,320412.8365220443,8388608,26.180624007,320412.8365220443,c597c628bf685110f819e33d3588fa8125fc3c6ca5ee678298d9817b5522f779
trial-0011,mazecnn,quiet-owl-12,64173,16777216,51.930958987,323067.71003785776,8388608,25.750334979999998,325766.9465859508,74f65096d373c99d518a33adff777821b34f75fabc0a6d2304e53e35dd454098
trial-0011,mazecnn,quiet-owl-12,64173,25165824,77.187689394,326034.1668156762,8388608,25.256730407000006,332133.5685507045,cf319555b1f0b946486e1c635bb4ec62b21b754feda246985f17fd42e853efdd
trial-0011,mazecnn,quiet-owl-12,64173,33554432,103.282875993,324878.9470412709,8388608,26.095186599,321461.8898460554,616ded3bf2e79317a6dabbfb302d7d6d110d817d8dc319b5336ed7ee64263992
trial-0011,connect4cnn,quiet-owl-12,64174,3328000,19.678166234,169121.44965265467,3328000,19.678166234,169121.44965265467,0ab9d52292131b1aa81c78368568ce22a20a9f48bdbd462c3fd86f54890bcf1a
trial-0011,connect4cnn,quiet-owl-12,64174,6656000,38.354550486,173538.73049377915,3328000,18.676384252000002,178192.94972171145,6db3a6d731555c5f19da676c849a94373f945e54e3a7b7241631f1d3a359f04c
trial-0011,connect4cnn,quiet-owl-12,64174,9984000,56.376910216,177093.7776076721,3328000,18.022359729999998,184659.50351996443,8bd8bb3f52caedc332b64bd01fa12a945a35227cf8c8918ddbe8fd285dfca0a5
trial-0011,connect4cnn,quiet-owl-12,64174,13312000,74.212860413,179375.9184852564,3328000,17.835950197000003,186589.44229165697,f8186eb0b3c4d700c905350c3a5f55eafb2843413b5e774c50cdbb6c770f345e
trial-0011,pongcnn,quiet-owl-12,64174,2097152,5.352289434,391823.35444679164,2097152,5.352289434,391823.35444679164,f1ead7b68d8412a50147c54ca5c447a9d5fc02374920f0cae7d119fbe6e23caa
trial-0011,pongcnn,quiet-owl-12,64174,4194304,10.434305358,401972.51815945946,2097152,5.082015923999999,412661.438169866,01307812828e10aebfd535fbe0641631d76fb3aecf4d555f44ef88b6ee0ffbe5
trial-0011,pongcnn,quiet-owl-12,64174,6291456,15.493315469,406075.5112479534,2097152,5.059010111000001,414538.0131658724,a960c44f7f8b0f5afa7d90f44bbf6ec2c2adb43fae7699e10da75d4ddedda9a4
trial-0011,pongcnn,quiet-owl-12,64174,8388608,20.550881921,408187.2511479942,2097152,5.057566451999998,414656.3411283876,4cc6e8c4062295b6e52be56c39f7668fe8d4aa91bbf04177e63b712035f8751d
trial-0011,flappycnn,quiet-owl-12,64174,4980736,10.054916757,495353.28042696393,4980736,10.054916757,495353.28042696393,0b4467e9390f8d9015109dd9f386390c8dbd074127e13939ed674f7988dea41a
trial-0011,flappycnn,quiet-owl-12,64174,9961472,19.856587791,501670.8865012063,4980736,9.801671033999998,508151.72053039144,c16b1a00cf52e580c701b25ba9e3d92f21aa399687f884a1508191dc25a8d4b6
trial-0011,flappycnn,quiet-owl-12,64174,14942208,29.648114202,503985.10671522,4980736,9.791526411,508678.19693613244,4eef1e015b790c52167ad8311adada9042ba1d40ba536dd6458ab06cba85a160
trial-0011,flappycnn,quiet-owl-12,64174,19922944,39.477609156,504664.40156678064,4980736,9.829494954000001,506713.3177552674,f9b2a88d0d935bc3faf9e167fe71a378ae928155d2dfbef2713ea31ed041db7c
trial-0011,breakoutcnn,quiet-owl-12,64174,4194304,11.441245439,366595.05491445825,4194304,11.441245439,366595.05491445825,54d3921c795c4a3338db62529d1b957858e10da9a750cd088d03c0d0887e4aef
trial-0011,breakoutcnn,quiet-owl-12,64174,8388608,22.672087744,369997.15662356606,4194304,11.230842305,373462.99467963196,5eee89b040d8d154614695afa71a3311d161ada0059a2804dbb48588f559693c
trial-0011,breakoutcnn,quiet-owl-12,64174,12582912,33.849836706,371727.4062291011,4194304,11.177748961999999,375236.9116768504,0751e4e3eada588c8e5459394a8613882232ed589174fd41ae9d8a03e816fac1
trial-0011,breakoutcnn,quiet-owl-12,64174,16777216,45.049561867,372416.85167841235,4194304,11.199725161000003,374500.61851566884,74db39814ed38ee068e4354bd0344d525ed10cabbe2b1335ad9885ebc94698ad
trial-0011,snakecnn,quiet-owl-12,64174,2097152,4.702385073,445976.2370464636,2097152,4.702385073,445976.2370464636,611466629075a13dbba2415425bae6fd4af6ddd6ff43bff8e90c2156d6392955
trial-0011,snakecnn,quiet-owl-12,64174,4194304,9.150212869,458383.21578396054,2097152,4.447827796,471500.2684874628,47ab22d1c43a83c019f9ff99dd78d50d60e3f285997cdc721e2edd3a29b55423
trial-0011,snakecnn,quiet-owl-12,64174,6291456,13.630722055,461564.39656050195,2097152,4.480509185999999,468061.0870194967,47e5fdb8c098133a1291baf1f18f4730eaacdbb55832d0927e8f2e26fc57cbc6
trial-0011,snakecnn,quiet-owl-12,64174,8388608,18.102340186,463399.0917090149,2097152,4.471618131,468991.74718459434,6ebbed62fa93f0ee72f65e9a107eeec87757322cfa2e0f6f25000f014423f07b
trial-0011,mazecnn,quiet-owl-12,64174,8388608,27.021721859,310439.4325340169,8388608,27.021721859,310439.4325340169,03ae1669c862bbd49840030f87903001cac74272036e2e1475cf893cdad5f58c
trial-0011,mazecnn,quiet-owl-12,64174,16777216,53.587164733,313082.73321779736,8388608,26.565442874000002,315771.43433245964,8d6084f6767bf27c4e2b75c407e36c57cb8697ff3067227e9c1ee587313b9abb
trial-0011,mazecnn,quiet-owl-12,64174,25165824,80.208593901,313754.70851741545,8388608,26.621429168,315107.3500623113,8401c3fc711502454f86189a4b61eb3b49876c6c5a32cd05c34f1417d32879e8
trial-0011,mazecnn,quiet-owl-12,64174,33554432,107.024477333,313521.10130468075,8388608,26.815883431999993,312822.3622120048,e154cbb9ce1d7e9dfd266a51ad2dde728c65bcbfaa3ac8b88cc11d6d41691a66
