stage,environment,candidate,seed,decisions,checkpoint_seconds,cumulative_checkpoint_sps,interval_decisions,interval_seconds,interval_checkpoint_sps,checkpoint_sha256
calibration,connect4cnn,quality-reference,63173,3328000,20.539067303,162032.6741669473,3328000,20.539067303,162032.6741669473,48ffa578cd7099606a58347af5300e1b69de887031b27cd8fd83d9a63c4bd281
calibration,connect4cnn,quality-reference,63173,6656000,39.867611909,166952.56327849993,3328000,19.328544605999998,172180.57892299438,ae412d83ece5d3a86de6f5909dbc8bb5f85ce18616b2140d021b27335b138922
calibration,connect4cnn,quality-reference,63173,9984000,58.535647428,170562.73294457907,3328000,18.668035519,178272.6413078023,b95de0b63ca16c421c17a3f6d325c0924b65d8fadcd3dda3fe2b0ee04c9b9906
calibration,connect4cnn,quality-reference,63173,13312000,76.795110557,173344.36923714526,3328000,18.259463129000004,182261.65668115462,aa6473d1356c9f516515bbb72e062cc222208e6253edad8c7e98ff1a47d8ae3b
calibration,connect4cnn,nature-cnn,63173,3328000,20.666676915,161032.17821073678,3328000,20.666676915,161032.17821073678,32b65c968eae6a88f632f245b5eeede066b5c9c2e89f54617fc1ba57dcc3fd5b
calibration,connect4cnn,nature-cnn,63173,6656000,40.589382176,163983.77218797902,3328000,19.922705261,167045.58725339262,5a1e6954f6117f9482a8ee4bdd7389af42320daa9c50529036432978bc75997f
calibration,connect4cnn,nature-cnn,63173,9984000,59.849353084,166818.84574403364,3328000,19.259970908,172793.61510445745,1d8e5ad4cc3f82c2c6c3b9ae07c52ecf4c194f112a6ff54db0ff4f1883fc0bd2
calibration,connect4cnn,nature-cnn,63173,13312000,78.830080552,168869.54709146573,3328000,18.980727467999998,175335.74546132356,b6be161772e182fe239a2eb909c1ac65e97630d4a853826d0bbb539decee0a98
calibration,pongcnn,nature-cnn,63173,2097152,5.638182531,371955.32221055013,2097152,5.638182531,371955.32221055013,c441ae9b146430b4ecd09f2a7167bb3db979e2cf88d746db79deab969589c196
calibration,pongcnn,nature-cnn,63173,4194304,11.256675385,372605.9299523809,2097152,5.618492853999999,373258.81771068997,dc92f5adaea2606c20827c84acdfd520adc73ea5409a29ba699bc08a8713003f
calibration,pongcnn,nature-cnn,63173,6291456,17.11763866,367542.2834284784,2097152,5.860963275000001,357816.94946723577,6dbf5f78f145315ea2c23e1c85eb5db9f828d3c858ffd1d213b4942c9d607555
calibration,pongcnn,nature-cnn,63173,8388608,23.03167308,364220.52235902956,2097152,5.91403442,354605.9848599934,7cc751cbe498d9eef31bba65a8d9cb088aa84789fa10dfee5676594a890312ff
calibration,pongcnn,quality-reference,63173,2097152,5.618465832,373260.61289821507,2097152,5.618465832,373260.61289821507,6dd6d4d29d17b8dd5321a3197725a0ad79e61fd097d98850b5ced3cf7cf8348c
calibration,pongcnn,quality-reference,63173,4194304,10.889037164,385185.93855723937,2097152,5.270571331999999,397898.4189564518,c205d7e7410b5cc954e24337cb208dad9959312789dc1725a1498d3f64731188
calibration,pongcnn,quality-reference,63173,6291456,16.077157329,391328.8817950088,2097152,5.188120164999999,404221.9403759705,a32fc8bd316be9e962063aef6e7b90288ce28e4e86a4491568ed34d92d33c581
calibration,pongcnn,quality-reference,63173,8388608,21.254739795,394669.9927125596,2097152,5.1775824660000005,405044.63497617224,503fef44aaa04a542a5d1ade15b013982431cf52ce0c733f25eca6cf67788c1a
calibration,flappycnn,quality-reference,63173,4980736,10.347529347,481345.4335786964,4980736,10.347529347,481345.4335786964,3c6205e00831d4f580437b1eb2d47972fb1f21284c9cff712a4688873d9cf9c1
calibration,flappycnn,quality-reference,63173,9961472,20.458505329,486911.0347899941,4980736,10.110975982000001,492606.84713987284,f77a6c201eb04dd0ee8e453bb1b34b87838dc058518cda53db64a4675f8f81c6
calibration,flappycnn,quality-reference,63173,14942208,30.489781194,490072.65434034786,4980736,10.031275864999998,496520.68859737227,627fb2f6364121aa596ba2dfa18f266df5ae463fb6c4b4f6ec9013245439104d
calibration,flappycnn,quality-reference,63173,19922944,40.549055259,491329.4248841478,4980736,10.059274065,495138.7115825639,181163560594b874b6581c8e313fccbb74bac676c17d68ff0c81a36b0cb29518
calibration,flappycnn,nature-cnn,63173,4980736,10.920174799,456104.0543468319,4980736,10.920174799,456104.0543468319,d60d077b1dac3bcea8386ecab77bae43a960a8fcd5a3ac97a26e4efd07f88530
calibration,flappycnn,nature-cnn,63173,9961472,22.098396537,450778.0455166153,4980736,11.178221738,445574.98649969976,6572218f86d80e92f3024db62aa4ae8b2f3a74a9b3ad485207fc863e0a02a0c3
calibration,flappycnn,nature-cnn,63173,14942208,32.694781343,457021.19378752616,4980736,10.596384806000003,470041.06506020355,570830c055dce1d2cf171053dd06f6ea81714ae64fe257905136fd10ea145f3c
calibration,flappycnn,nature-cnn,63173,19922944,43.464243682,458375.4901100639,4980736,10.769462339,462486.96947135497,ce88b3f990cb9c5c75118d980a3a1d1305a91fe09087861d5eef8f96d0ad614d
calibration,breakoutcnn,nature-cnn,63173,4194304,12.777223896,328264.1076136309,4194304,12.777223896,328264.1076136309,3d966875dc6be91eca54b4d73fd4ce3947f56e8645e90653a02968a0b4560afc
calibration,breakoutcnn,nature-cnn,63173,8388608,25.200358167,332876.5386749513,4194304,12.423134271,337620.43527058966,0f731d9600e033cd20402d3147dcad2aa26553b3f8b227233706aa61b4e57703
calibration,breakoutcnn,nature-cnn,63173,12582912,37.58907678,334749.1632647648,4194304,12.388718612999998,338558.3393264532,4daffb79daf926a2d4dbe015d87fde4b12a60420f9bc1fc9c2cf7edb9ba92fa7
calibration,breakoutcnn,nature-cnn,63173,16777216,50.00922702,335482.40994187637,4194304,12.420150239999998,337701.55102407205,b51ccfd005c493636dfef3c9303822fd3b8b4eabe2dcc2ff60cc025e97e976b4
calibration,breakoutcnn,quality-reference,63173,4194304,12.210157796,343509.40176825866,4194304,12.210157796,343509.40176825866,58e98b85a898bbc874646fb9e0c41626b7af1a9b66d9c390454d8a3a029b5c2a
calibration,breakoutcnn,quality-reference,63173,8388608,24.513924274,342197.6794183516,4194304,12.303766478,340895.9368255006,015c31161d6f90f436caf06178f6d6490c178c286f2d84bdbe4fe806c0aec58c
calibration,breakoutcnn,quality-reference,63173,12582912,36.571529143,344063.053825258,4194304,12.057604868999999,347855.4858588475,7354fc9a551beff04c033b058a937fb7cd243dc38a660fb43c4a66011fcea76a
calibration,breakoutcnn,quality-reference,63173,16777216,48.441603988,346338.98588816484,4194304,11.870074844999998,353351.0996998268,7bc9db66d8828bfeb43922b40a4e69e8277026a5340be5c5e6f35de93ec25981
calibration,snakecnn,quality-reference,63173,2097152,4.994030824,419931.7292800113,2097152,4.994030824,419931.7292800113,49fa83cedaba2a70d59bb11a10c54a8d9ec46916ef590311838ccc63e98f9595
calibration,snakecnn,quality-reference,63173,4194304,9.740513281,430604.0019658385,2097152,4.746482457,441832.87708293746,2be333b874f70e20fb223f5aaea8dd55bdb052e27dcddf2b28959ecb09bba591
calibration,snakecnn,quality-reference,63173,6291456,14.484415652,434360.360207647,2097152,4.743902370999999,442073.17857553787,ade6e343e17e64698059961023d3bbd67050db660ad6a3d73cf17433faa5b204
calibration,snakecnn,quality-reference,63173,8388608,19.272432875,435264.6110850704,2097152,4.788017223000001,438000.09530583926,1bdc4f51099d71f0896d947bae6183d80baad146013ae0ff7994f046547a71e4
calibration,snakecnn,nature-cnn,63173,2097152,4.94608277,424002.60924060515,2097152,4.94608277,424002.60924060515,1fe870c64c83d8c7be935ae4c89e2798cb262561e1024e81c2037453bedc1447
calibration,snakecnn,nature-cnn,63173,4194304,9.675459029,433499.22597248584,2097152,4.729376259,443430.9907166132,ba96910a8c451534ee18f1d5fdce2c543de1b8f82394c99aea7abfb75a37d98d
calibration,snakecnn,nature-cnn,63173,6291456,14.428749634,436036.1195245062,2097152,4.753290605,441200.0389359741,64d359b767a3c9fb1cbe72962164ee1db2826efece7f1c941179127be943bae0
calibration,snakecnn,nature-cnn,63173,8388608,19.165389928,437695.6603290665,2097152,4.736640293999999,442750.9521161035,a4e6f98107629035fdf65c1b2c7c2b9c3add41bc41cac0e2feb0970d45e8a2e1
calibration,mazecnn,nature-cnn,63173,8388608,28.957257338,289689.3135314927,8388608,28.957257338,289689.3135314927,87707d3d563688794871facb811eb442ef026a2b0172c0f6c70afd4d63c65d3d
calibration,mazecnn,nature-cnn,63173,16777216,57.728002803,290625.2630504675,8388608,28.770745465,291567.28004162613,27e88f6ec8c1f7a73314094fb326bd0a52209ddd0ef0a1f4796a187262c88216
calibration,mazecnn,nature-cnn,63173,25165824,86.267420976,291718.7475327592,8388608,28.539418172999994,293930.589234511,cbe1689c0b507ebdf770da0d8446597cc3b8d7d4f12f6b52d64db56292eb5450
calibration,mazecnn,nature-cnn,63173,33554432,115.044126018,291665.7561008375,8388608,28.776705042000003,291506.8972544532,99b3d3b698602991f2cc878774f8df89c5cba9143cdf35b0020d33d266dc0fff
calibration,mazecnn,quality-reference,63173,8388608,28.292574051,296495.044419739,8388608,28.292574051,296495.044419739,e20d380fda0afb23db1de8fcf63e7690b862e8c6d630dc329f809d4ac7b40ba9
calibration,mazecnn,quality-reference,63173,16777216,56.260133949,298207.8929141655,8388608,27.967559898,299940.6466132171,9ea9c0119145841bfdb69f89679c0c8f0bc210e343a1fd2bb505e01f84944ce6
calibration,mazecnn,quality-reference,63173,25165824,85.333108837,294912.77586136915,8388608,29.072974887999997,288536.27921862365,994a84994903ca59754120951cef35860b0dd69d9614aefc0a4de4aa085b0785
calibration,mazecnn,quality-reference,63173,33554432,114.5831698,292839.09721268684,8388608,29.250060962999996,286789.4193660386,89d35940931221c1bce5c2b74dfaf8f6b54e25198e2d7fb935b993d79e7f3937
calibration,connect4cnn,nature-cnn,63174,3328000,21.013385564,158375.24086083056,3328000,21.013385564,158375.24086083056,3603d7856d37e9eb9f67b24bc07f0a5ea9c7a0edc6f55fbbc7b7e229327f30ce
calibration,connect4cnn,nature-cnn,63174,6656000,40.642501252,163769.44811369013,3328000,19.629115688000002,169544.06163261487,612e4a27257743569cdb43783f44ad3401c595dc2c33749a5eb67a5998b473ba
calibration,connect4cnn,nature-cnn,63174,9984000,59.967276699,166490.8021438714,3328000,19.324775447,172214.16151133814,5c134fcef267f5a83032ab899709883622bbb8de32e6034b9dfa0e422d392757
calibration,connect4cnn,nature-cnn,63174,13312000,79.631212396,167170.63070445834,3328000,19.663935696999992,169243.8406675492,de76dadb950a31dd98aabca8dbae6d422de9ff757cac49f655c3c328d39cf2ef
calibration,connect4cnn,quality-reference,63174,3328000,20.913700784,159130.1336082078,3328000,20.913700784,159130.1336082078,cbcf6f96a3aa568d0cad36128cf645f0b5ce36a0b472be803e64589d6f83e7e9
calibration,connect4cnn,quality-reference,63174,6656000,40.513132306,164292.40646530423,3328000,19.599431522000003,169800.84326753972,7a3a11745bead607fdaab906d14c867c23d8f9b802e258f5c2603a93dca7156e
calibration,connect4cnn,quality-reference,63174,9984000,58.9233105,169440.58158443082,3328000,18.410178193999997,180769.57023070086,68ec1dcf387cb02b3712fd1a32b4716f547d8b44dd8f95e3a18fa13d05c5312e
calibration,connect4cnn,quality-reference,63174,13312000,77.036772908,172800.592463779,3328000,18.113462408000004,183730.74816055893,fc3da2cee2e2bb65c47fa2709298ec31ae92a6622ab3c0dfa21df7537a71148c
calibration,pongcnn,quality-reference,63174,2097152,5.504294064,381002.8998479759,2097152,5.504294064,381002.8998479759,3f7c5bf10cbc95d1094db258f558e5371a687e4ab270ce515f7fa653f98d8385
calibration,pongcnn,quality-reference,63174,4194304,10.980678642,381971.2912785923,2097152,5.476384578000001,382944.61795557255,5fc8ea1168f0ad03af68c54070bee4958f0fab33b8baad9d3f43add9dbdf6408
calibration,pongcnn,quality-reference,63174,6291456,16.342802001,384968.01219368825,2097152,5.362123358999998,391104.7657044402,7edb27157e28a64346ee71fb85c4c25d4b983232a476147560f58d9513478bec
calibration,pongcnn,quality-reference,63174,8388608,21.546224208,389330.7671459834,2097152,5.203422207000003,403033.2186342224,3fcebd15dad119db6af85d01ee2b7911aaad21fa0a31467ca3b0d5e97fc37aa5
calibration,pongcnn,nature-cnn,63174,2097152,5.580222733,375818.6904615802,2097152,5.580222733,375818.6904615802,ce1a137eea0ef05c4789a405f8755dfd74910e643ce220b270e8fc0223700bff
calibration,pongcnn,nature-cnn,63174,4194304,10.946398056,383167.50208996783,2097152,5.366175322999999,390809.4450457821,fd65cfe323e1eb6a6972037c9425187ca75a821877fa6fcdc4732b36be40dfbb
calibration,pongcnn,nature-cnn,63174,6291456,16.335836704,385132.15539547306,2097152,5.389438647999999,389122.5296308449,f9127094d57664e9b0317e3605de07f35dce04cbe1bd823afc4f356511ad6735
calibration,pongcnn,nature-cnn,63174,8388608,21.673179898,387050.1716628163,2097152,5.3373431940000025,392920.5831016305,0f456a6c30d07db86c60468379dd2ad78b9f94397898ae21afc4e2380c8bc97b
calibration,flappycnn,nature-cnn,63174,4980736,10.857195595,458749.7716531651,4980736,10.857195595,458749.7716531651,3a6afd0f1f9ae85355d82fdaca83b0a87477ebcaba30cef34695ef6506dbf062
calibration,flappycnn,nature-cnn,63174,9961472,21.811963536,456697.6275913393,4980736,10.954767941,454663.76164471597,2b33d8fbb3422a39613300a383f16f1339fe8d7f8475a7974b1723e219445eba
calibration,flappycnn,nature-cnn,63174,14942208,32.922530293,453859.6476947283,4980736,11.110566757,448288.20247733826,2747065286ed87480461041d00fe6b9723543457bf6e665c35185134a9896948
calibration,flappycnn,nature-cnn,63174,19922944,43.644718133,456480.07026390114,4980736,10.722187839999997,464526.0906005543,1e8021776e32432b616f692f6949a66d9e3b208e8bf452bad4a8fc5a55ed012d
calibration,flappycnn,quality-reference,63174,4980736,10.466232006,475886.2594623053,4980736,10.466232006,475886.2594623053,6c571924f33e0a2a5aad059083372849436b94dadf7deca8514b38cac5b9f593
calibration,flappycnn,quality-reference,63174,9961472,20.864582318,477434.52747703355,4980736,10.398350312,478992.9027734414,792b4a102ee0c5357c3e287a27f0802e38a88235d999986da9a63e6d82d8a9cf
calibration,flappycnn,quality-reference,63174,14942208,31.347571524,476662.37840976304,4980736,10.482989206,475125.5488414742,1ebc36a647a2a458fe20ee94c49ea682f372b072c354d81f8a207457f1364ed3
calibration,flappycnn,quality-reference,63174,19922944,41.758919631,477094.335199469,4980736,10.411348106999998,478394.915702726,3ace32bc6e29715c466e7e7b6e851d5fa9530255504cd367ccf8b6268481f4f5
calibration,breakoutcnn,quality-reference,63174,4194304,11.572650828,362432.43335847405,4194304,11.572650828,362432.43335847405,493fea56c6f2c0389c1278a1980a23d96765d727fd1f7888a5deee030ceed381
calibration,breakoutcnn,quality-reference,63174,8388608,22.900202417,366311.5219354002,4194304,11.327551588999999,370274.5440659057,041f318496a6cc59e01aaf233550371299766bce142487b5efd5ca2d7f536bad
calibration,breakoutcnn,quality-reference,63174,12582912,34.202758697,367891.72801735654,4194304,11.302556280000001,371093.3965816094,06a2c9c2370c48280c32aeffc05ba67290550cc7b66c8a5f9faabc617b8c20ba
calibration,breakoutcnn,quality-reference,63174,16777216,45.510555733,368644.4986175973,4194304,11.307797035999997,370921.40817940317,2246544ba9781df14cedebf88646056cb7e0fced987622728cd2c9a7fd0eb66a
calibration,breakoutcnn,nature-cnn,63174,4194304,11.863681904,353541.50877779635,4194304,11.863681904,353541.50877779635,c9efddf35448460f670425f1268c06f38486dda44cc0e74232e8d0841fde2dda
calibration,breakoutcnn,nature-cnn,63174,8388608,23.554622037,356134.26472405426,4194304,11.690940133000002,358765.33044256584,8432410c19436b4fa354521b4bb1ddf0c2a2143719ad5390ab092551689f143a
calibration,breakoutcnn,nature-cnn,63174,12582912,35.336716624,356086.0544540218,4194304,11.782094586999996,355989.6730610079,544acba7417c5d687377b0b41d72f42fb2b185c29e836ab5d8cd5325fcc45827
calibration,breakoutcnn,nature-cnn,63174,16777216,47.373659682,354146.50488517433,4194304,12.036943058000006,348452.5913090847,c086fd6dc4222f0436638279b73f73b8ad67287415807fd51f54e42ae0bfbda9
calibration,snakecnn,nature-cnn,63174,2097152,4.953306396,423384.26746496785,2097152,4.953306396,423384.26746496785,857f1514deaa98451e9c4c053fc1b9e31f69b10f1eca9b5f3a1b61e2d73d16fa
calibration,snakecnn,nature-cnn,63174,4194304,9.619496004,436021.1801383269,2097152,4.666189608,449435.6586805892,06f89b561c2c9a0aa83f72b9b90f7281e5e6cc1c212fa3e11808c2e1168865ce
calibration,snakecnn,nature-cnn,63174,6291456,14.33403809,438917.2095467761,2097152,4.714542086,444826.2337560985,09705a7dc9a37a852783e8e2f5beb294df76f5f9133815deb57b8e849f7f59c6
calibration,snakecnn,nature-cnn,63174,8388608,19.025093535,440923.351286956,2097152,4.691055445,447053.33897412504,b08a71574bd4df9ee3c4a1a804e9ec3c3343ec3aad232423f7d2c4b580791c64
calibration,snakecnn,quality-reference,63174,2097152,4.845242753,432827.02372373786,2097152,4.845242753,432827.02372373786,0ca87d7ea0326b957fd744636060d36d8f7ecf8313ecd4dddb4ccb3605a93025
calibration,snakecnn,quality-reference,63174,4194304,9.456290649,443546.43439851823,2097152,4.611047896,454810.2833239363,8e77a3f81c0b571d7b964b576bdc562d30a88fcccfb3bb220fd0f3ced0aa6d4e
calibration,snakecnn,quality-reference,63174,6291456,14.059913939,447474.71622486156,2097152,4.60362329,455543.7897265482,6d545c10b22359f50bf2a142c9a857ef3fe5ad8a1c26f5568842f3a82578909b
calibration,snakecnn,quality-reference,63174,8388608,18.673959435,449214.2134719165,2097152,4.614045496000001,454514.807410993,d0825f7b1caa44f70bf669345711cdef9d9006efff531ca37cb556c2a7e59a6a
calibration,mazecnn,quality-reference,63174,8388608,28.748923055,291788.59966168564,8388608,28.748923055,291788.59966168564,b0d15c5e017b21356a4d8e79604ea67d2484a5d3b71d062568663a6f853ba212
calibration,mazecnn,quality-reference,63174,16777216,57.00206932,294326.43762133515,8388608,28.253146264999998,296908.8087152902,7c02c61da3a7984404973b8891ae695dcd8bab10fa28f2db929169607a09edea
calibration,mazecnn,quality-reference,63174,25165824,85.522677119,294259.0766304377,8388608,28.520607798999997,294124.4471057214,90f563e01c2137f97f67acace7382fa187c8b85c42285bf45d7280a3bedde5cf
calibration,mazecnn,quality-reference,63174,33554432,114.014633644,294299.3449838252,8388608,28.491956525000006,294420.2161981924,f508f03330c065948927cff90c99cae80cd6c6cf044b8d538e6695cb0f84ee61
calibration,mazecnn,nature-cnn,63174,8388608,30.164050262,278099.5233444423,8388608,30.164050262,278099.5233444423,dd266a49c15609be1fa955251d0d0857ac78d6458bd13f2b6b9d07747d427b07
calibration,mazecnn,nature-cnn,63174,16777216,60.006721085,279588.9476486299,8388608,29.842670823000002,281094.4117486572,e2d8efcc7003dd8804a47cc50ae6c3098499fa23e7ab7ce67b72548419f478d2
calibration,mazecnn,nature-cnn,63174,25165824,89.098911458,282448.16449708055,8388608,29.092190373,288345.70008126076,1a88c8251808e9303fc512f930f49c7d1fb5a929d72cd989075f4654cdf4dad9
calibration,mazecnn,nature-cnn,63174,33554432,117.994197754,284373.5763173364,8388608,28.895286295999995,290310.6033997401,f20bbedebb732fc607065fb3c60248a0a03b3908bfe9982740d1ca153b02fcda
references,connect4cnn,quality-reference,64173,3328000,20.192156515,164816.47205575852,3328000,20.192156515,164816.47205575852,1270038823059bfa565738f9cbd08b9f8db25969a78985699d9daa5c13c584e0
references,connect4cnn,quality-reference,64173,6656000,39.077549564,170327.97793779286,3328000,18.885393049,176220.84916978842,61acdf4ea71a56259a362bb763c05c25936b492b62cc17a2e5f63d8dfe19cd15
references,connect4cnn,quality-reference,64173,9984000,57.334986948,174134.51247586388,3328000,18.257437384,182281.87943377587,75efbab3227f6921b8cfd8cfdfa1a8ac19e409a507deb3ee526b87a996cba9e4
references,connect4cnn,quality-reference,64173,13312000,75.611574119,176057.70221168964,3328000,18.276587170999996,182090.88867973318,55ebed50712158080c2bec50972184f492efd10d41e375522c52c4276721ec0b
references,connect4cnn,nature-cnn,64173,3328000,20.619620821,161399.6701923154,3328000,20.619620821,161399.6701923154,51c1f3f550acbbd4cf29f9803e410643235d0f61756293fc8d781d324720d358
references,connect4cnn,nature-cnn,64173,6656000,40.157084692,165749.083905137,3328000,19.537463870999996,170339.4064845767,74cc30432e45e625ef9f3f35b8581b61b4879208419fc371b078630853849a66
references,connect4cnn,nature-cnn,64173,9984000,59.036267727,169116.38191914116,3328000,18.879183035000004,176278.81428080023,3ae016f816b2b7e23631e203adaa844caadcb140fd52940ac55d574447849361
references,connect4cnn,nature-cnn,64173,13312000,78.299361335,170014.15813655563,3328000,19.263093608,172765.6038912605,7ec2def57f6d79c97adaec0db663b4739fd1cc0d36973175a5d42877ae627951
references,pongcnn,nature-cnn,64173,2097152,6.010736795,348900.9869379915,2097152,6.010736795,348900.9869379915,1de1d04a4560ce5162398a28735c0afb29f5c2f8fba86f659e40acb729b791c3
references,pongcnn,nature-cnn,64173,4194304,11.781095372,356019.8663673122,2097152,5.770358577,363435.29990649316,5baa336af30f24c007aa4050a2481ed8df68eadb8503574724243464343a34f3
references,pongcnn,nature-cnn,64173,6291456,17.609845097,357269.2414581096,2097152,5.8287497250000015,359794.48405635555,121d9d3e14bbb172e940d1ea8c9740b49b77bbf3233d6d3f9ba97240d6f154c3
references,pongcnn,nature-cnn,64173,8388608,23.419468411,358189.5136466853,2097152,5.8096233139999995,360978.9975446935,9dc708a286b052c4b378ffd868f4b3c2bb14b806c907519027ae847b63bea17f
references,pongcnn,quality-reference,64173,2097152,5.710813736,367224.72434705927,2097152,5.710813736,367224.72434705927,16c56b7cb8ab93f12ed1644ce75d3291cab8f572cd212cfd0d36578ad1293b13
references,pongcnn,quality-reference,64173,4194304,11.240724095,373134.6810536586,2097152,5.529910358999999,379237.973828429,0822fadb5ffe670476cb76173ff6bf5e6c69d1d5f8a97a923f848fbdc67dea02
references,pongcnn,quality-reference,64173,6291456,16.813199328,374197.4312718979,2097152,5.5724752330000005,376341.19710048067,d9d31d76d2ccc78e322ac99761f70dff3ccea92ad0346f6bde308d1e093ce248
references,pongcnn,quality-reference,64173,8388608,22.395908425,374559.8455223189,2097152,5.582709096999999,375651.3125727713,256c4a6f979d8673de177465f3d9e16db59d4cb8dd5197c901d9f2221b3ec443
references,flappycnn,quality-reference,64173,4980736,10.783221649,461896.8395648157,4980736,10.783221649,461896.8395648157,d6c47e8b0732c15e9a5d4fb86ed7bae75471180de4f3a236ae6cb88c1224fe7c
references,flappycnn,quality-reference,64173,9961472,21.381642488,465888.99826524867,4980736,10.598420839000001,469950.76678517234,145a83d237ac35eb56b478ccb9cb95ea517c0bdbb5459bda4fab8eeaf45598db
references,flappycnn,quality-reference,64173,14942208,31.949940594,467675.61135328223,4980736,10.568298106,471290.2635829565,9e2cdaeb9d12835f44015db95dbe368d3b5e6b103af6191297f344ee3b9242a3
references,flappycnn,quality-reference,64173,19922944,42.64470395,467184.48376049753,4980736,10.694763356,465717.27061222884,a00bc08f064240c64020bf687c2df22b108d266879241b620374c859c635d936
references,flappycnn,nature-cnn,64173,4980736,11.203899164,444553.80462579825,4980736,11.203899164,444553.80462579825,1969cff17eeed3bf8c952e68d481039fadd4ceeb607b78fce3edc7005f7bc21c
references,flappycnn,nature-cnn,64173,9961472,21.665118557,459793.09892959014,4980736,10.461219393,476114.28581000795,e3d0b2b66b130528cbacfaee831eec529d08b4d3c4f567733d6665e5458a6773
references,flappycnn,nature-cnn,64173,14942208,31.980108335,467234.4397172287,4980736,10.314989778000001,482863.88132182206,8161dca1dbca980925efc3412a7b210fa0e363f2afede1f1f36af55ed11d2f4f
references,flappycnn,nature-cnn,64173,19922944,42.302724968,470961.24457870645,4980736,10.322616632999999,482507.11782488035,c3aa5de099708d48e66130479a515ff0b4683c7cf483a25d5ac72abfb94dbfd6
references,breakoutcnn,nature-cnn,64173,4194304,12.062974338,347700.6484866154,4194304,12.062974338,347700.6484866154,888e459a8b28437a4677129f378771cb10e94bf82b0e12440d5c5d7c75832d3d
references,breakoutcnn,nature-cnn,64173,8388608,23.889227779,351146.05116595974,4194304,11.826253440999999,354660.41895051254,baa279f72762aba01de58d51e8a11a41935034846d4b641799342b12d1498557
references,breakoutcnn,nature-cnn,64173,12582912,35.659872343,352859.1431559068,4194304,11.770644564000005,356335.96590182435,4d63d1e942d1dcf2d1759de81167c6cf7c9ce33050874f406c50495d5505bed8
references,breakoutcnn,nature-cnn,64173,16777216,47.509261979,353135.68978225446,4194304,11.849389635999998,353967.93664858106,919109f49005fa73ffc002bf003f1df7a786be7c1c42ff25b881143759c5c0bd
references,breakoutcnn,quality-reference,64173,4194304,11.476324102,365474.51629298716,4194304,11.476324102,365474.51629298716,20ae8b505b1ac647c58845ce53617d9a525d5643de86dfa9f1eabc34693659b2
references,breakoutcnn,quality-reference,64173,8388608,22.667151119,370077.7374254378,4194304,11.190827017,374798.3945805281,899a62f8cba7a192d3aab6a545237ca77e4232c5251ab43af5992f49283fd8b1
references,breakoutcnn,quality-reference,64173,12582912,34.107622902,368917.8819689062,4194304,11.440471783000003,366619.8457158503,6b5bea2e713f692b9843708b79dcb1e2a0689d7187560fa810138b2856da2b98
references,breakoutcnn,quality-reference,64173,16777216,45.571983801,368147.58982758725,4194304,11.464360898999999,365855.8934903956,cc2d1940c8f7a390aafce3935bdad79bc8aa9dd76cfb2fa2c874763e923b5e1f
references,snakecnn,quality-reference,64173,2097152,4.81045839,435956.79038811935,2097152,4.81045839,435956.79038811935,2c98253ac266088ff3309a9db57bc21c6e5151eeb36722328feb45e7da4469b8
references,snakecnn,quality-reference,64173,4194304,9.371517231,447558.6926443117,2097152,4.561058841,459794.98908200994,81ce7516daf8b23feae50633684299e0979e417ca49246c4d88d8ec29ae4ad04
references,snakecnn,quality-reference,64173,6291456,13.943909195,451197.430506503,2097152,4.5723919639999995,458655.3419985847,16d69ab82649927b12bbe1971700574884d2c403f7292f4bf913732bf3fd11f9
references,snakecnn,quality-reference,64173,8388608,18.529839961,452708.0653505704,2097152,4.585930766000001,457301.27797572594,b255b2a2852a5d2060aa0c309f06ddb80ca7908f3042ea6466b271eec6dc828e
references,snakecnn,nature-cnn,64173,2097152,5.075240915,413212.30560736835,2097152,5.075240915,413212.30560736835,46081d3701043d89474291e962ac2498d2e8d23c1e9ff977b2bc3866b40c6427
references,snakecnn,nature-cnn,64173,4194304,9.885848322,424273.5538098417,2097152,4.810607406999999,435943.2858620717,d24b4806510928777e02c2a0cec163cb8792cff60828c71d63a02b6ccba97b7c
references,snakecnn,nature-cnn,64173,6291456,14.71708825,427493.25771013164,2097152,4.8312399280000005,434081.52591340314,915c688a998e831d0e2a3685379e60e735873bec5ea4cca6c4a77034b660a63b
references,snakecnn,nature-cnn,64173,8388608,19.550253028,429079.2547792492,2097152,4.833164778,433908.649162137,38049c2f107efe215830b30f690d058e9a82641f5094860719da552786b2d68d
references,mazecnn,nature-cnn,64173,8388608,29.806670786,281433.91324132966,8388608,29.806670786,281433.91324132966,5dedf814b259e50cd4c9ee77fb50ce8fe77507d38c500c5dd6aa5ce38cd052aa
references,mazecnn,nature-cnn,64173,16777216,59.117281121,283795.46017450886,8388608,29.310610334999996,286196.97454689664,0150f7f15552568363c2d778bba317270652764b9072e9fcbdfb9850d6e0f329
references,mazecnn,nature-cnn,64173,25165824,88.375462051,284760.31033905345,8388608,29.25818093,286709.8272469395,7e53bb13bd6d570e6c61a17384592218a371c0b0c68bceea8b4757280201cbf8
references,mazecnn,nature-cnn,64173,33554432,117.677460951,285138.98692946654,8388608,29.3019989,286281.08371132315,b66d34f4b8a3e3901f9fa14ae7e2bc90c740e16eeefe49073ac36f58f512494c
references,mazecnn,quality-reference,64173,8388608,27.978878283,299819.3106653932,8388608,27.978878283,299819.3106653932,acf8fbb92785af6d5294d4aec264c417f3d428ff8722f5e4357ae74ef6e36be3
references,mazecnn,quality-reference,64173,16777216,55.788195261,300730.5742999809,8388608,27.809316978,301647.39416779793,a535a7a9d4a137fe90e6daf139c8e43025e0a31be27c19240b65d24b6ecb069c
references,mazecnn,quality-reference,64173,25165824,83.538351769,301248.74943173956,8388608,27.750156508000003,302290.47528368625,5bf3fa50305563680be8a072c8f735bceb7dc8600167b7bd0e4dcf3e58a1f3ac
references,mazecnn,quality-reference,64173,33554432,111.332692702,301388.8480162236,8388608,27.794340933,301809.92671210534,747ba5fd98a08b7393396cea947a148d2a1fda7c067690218511cbb18c16c09a
references,connect4cnn,nature-cnn,64174,3328000,20.334853925,163659.89213763186,3328000,20.334853925,163659.89213763186,6cb4d0ce011fdf7015a2e97d2846c7e2587a0dfbcfaa3ce22137d23b883411f9
references,connect4cnn,nature-cnn,64174,6656000,39.747983453,167455.03599875415,3328000,19.413129528000002,171430.37114134274,d41b5b7c889523beef4c557a05e73f990eb50da6e942e2d4093e5d2bd7743b0a
references,connect4cnn,nature-cnn,64174,9984000,58.226881139,171467.1953005015,3328000,18.478897685999996,180097.32271646068,78b2c95a56019ed5de31677f33a071882adb3a0f5c834b36b9d5e9ccc87b2316
references,connect4cnn,nature-cnn,64174,13312000,76.715892182,173523.3681232403,3328000,18.489011043000005,179998.8107671119,a9129c312a16b1631a5ac041ca3c99a9f118671b69c63e62a75ce50632fda2de
references,connect4cnn,quality-reference,64174,3328000,19.657597553,169298.40948402695,3328000,19.657597553,169298.40948402695,5a06e740c64325b6a4a104412e3ecc057bc19af64e28229c7f400bf57a7bc3b0
references,connect4cnn,quality-reference,64174,6656000,38.199439765,174243.39312165824,3328000,18.541842212000002,179485.94114592174,f226ac7de518ba553917b5e81e9fd3029ebfc7ce913daa44b70b7b27941f6f4a
references,connect4cnn,quality-reference,64174,9984000,56.131731105,177867.30969198034,3328000,17.93229134,185586.99147255768,e8c752ef780bfe22d5bc5e5d5c389d44c3bec1ddd641deb94b0e65d7b4d60a6b
references,connect4cnn,quality-reference,64174,13312000,74.540743434,178586.89606157114,3328000,18.409012329000007,180781.0185860623,1e5ea2fd52fd5a455b5c382f8daa68c81f02e5978313e09a94705c80f6693379
references,pongcnn,quality-reference,64174,2097152,5.567537204,376674.9862925568,2097152,5.567537204,376674.9862925568,9cc1224a3503151b2b40a4e484d6306546f1c896fda9020cfbc0dfdab70186bf
references,pongcnn,quality-reference,64174,4194304,10.968917507,382380.85000852036,2097152,5.401380303000001,388262.2371239464,2beab7fad6aaf2a4b7fe62113d87e4e6a4d33d48d699823716c796f11f944b2d
references,pongcnn,quality-reference,64174,6291456,16.669776434,377416.9392678731,2097152,5.700858926999999,367865.97017295397,bf3e3e8b8337a65bc8809fdde4dcd3caae494c77429cc68d757f56e87f26986b
references,pongcnn,quality-reference,64174,8388608,22.347727517,375367.3832660952,2097152,5.677951083,369350.1351709338,550e47bc002b78587ed950df33155f79ec8b6bd7feeb6ee97983e29d1f74792c
references,pongcnn,nature-cnn,64174,2097152,6.139406957,341588.6932872041,2097152,6.139406957,341588.6932872041,77b886053b5afb3a77f9e7080cbf99f3c15993d54b37a0d61a5f6ee3b1e38b98
references,pongcnn,nature-cnn,64174,4194304,12.02489111,348801.82794436964,2097152,5.885484153,356326.1654406157,212edc3db6a473abfde2b77ae1a9921bb285dbb2a4d765c74a5a34fb91fe9fa9
references,pongcnn,nature-cnn,64174,6291456,17.701740402,355414.54439639003,2097152,5.676849291999998,369421.8204727357,70138753300de2abb525d98b831b6f08cb3a3be3962a21a36617ecf9f3218a55
references,pongcnn,nature-cnn,64174,8388608,23.420278622,358177.1222875249,2097152,5.718538220000003,366728.6847302035,4bfadb9822825e85d9b70d642a276f5ce6c2eda6d9e786351eb99025ef693154
references,flappycnn,nature-cnn,64174,4980736,10.948854877,454909.30841205263,4980736,10.948854877,454909.30841205263,1bac50a0c3a3845f4d79d13cce11389dd938bb779ca914ea41ce45ff73c03993
references,flappycnn,nature-cnn,64174,9961472,21.692544675,459211.77755970205,4980736,10.743689798,463596.4080913052,5293eaad6c90c8979fabf24bfe5ae219ad22d29527c6a6798f9264ec460169e2
references,flappycnn,nature-cnn,64174,14942208,32.465990438,460241.8653616928,4980736,10.773445762999998,462315.9673858193,617a9874df0a83cc6fb23a65586f0caf1c679bf7d26da9f4df2b582331746ff1
references,flappycnn,nature-cnn,64174,19922944,43.22716701,460889.4215850672,4980736,10.761176572000004,462843.0698702226,a38337ff2a9f70dca7577c4e29be69cf617d91b41ede377d4936b79833de3adb
references,flappycnn,quality-reference,64174,4980736,10.522236044,473353.3803245291,4980736,10.522236044,473353.3803245291,949b96635f1e725b5f9ee1cd35dfc613decaae7687fef6a02ef1dbf77c7c28be
references,flappycnn,quality-reference,64174,9961472,20.798557495,478950.13884471316,4980736,10.276321451000001,484680.82900572545,7ae19e9e1f5609ad38c31fbe968237df8c88de30a0a0aaa8f285ab867be6cc91
references,flappycnn,quality-reference,64174,14942208,30.895199896,483641.73238233576,4980736,10.096642401,493306.17072331824,93b510b835dabbf4e9736b36556d94e16a9e055e6371242312e2b51ea8a37380
references,flappycnn,quality-reference,64174,19922944,40.978141948,486184.6597457152,4980736,10.082942052,493976.4578942559,b1bdbca4a6750f13953a8fedfc2b1594a6b9c983e69f8ca2c67c6f7ad72d3580
references,breakoutcnn,quality-reference,64174,4194304,11.373495915,368778.78458357893,4194304,11.373495915,368778.78458357893,96f8d8775a9846ff43cca31465df8ee4b7ab4d9b0d314d944ec307051e43f92d
references,breakoutcnn,quality-reference,64174,8388608,22.497624382,372866.390582625,4194304,11.124128467000002,377045.62765905703,0606a9a36c737f6fb2d538b309621848bc17d1cc5da1cb8230be9297430c8c87
references,breakoutcnn,quality-reference,64174,12582912,33.622001853,374246.3656689514,4194304,11.124377470999999,377037.1880075158,938e94beba92edbcd172b9c57a37f5f5db1a0333da96d83a0baa4a694eb3dec5
references,breakoutcnn,quality-reference,64174,16777216,45.021642997,372647.79521968897,4194304,11.399641144,367932.98552275903,8535cfd71d0ec6121c02ffd5459cde7fd9af043168f11683197da1fc8e064b5a
references,breakoutcnn,nature-cnn,64174,4194304,12.544170796,334362.79433770553,4194304,12.544170796,334362.79433770553,dd26ae2e1bab6b97085ba63bc16efe41e237550a3ca811c7cdb8587c0f315b73
references,breakoutcnn,nature-cnn,64174,8388608,24.833368524,337795.8166204033,4194304,12.289197728000001,341300.06635368866,2c8bb5d544a83a42af8911ee6607b863ed97124f3e496f4fc2fa687664ae1cb3
references,breakoutcnn,nature-cnn,64174,12582912,37.097933198,339180.94393135526,4194304,12.264564673999999,341985.55851653055,a82383f8ddd26f1b77b0f5523a3cfac6df29ae358c66ee060fd0519cf793dd62
references,breakoutcnn,nature-cnn,64174,16777216,49.341830688,340020.13638460805,4194304,12.243897490000002,342562.81575581856,1a5dc9d14b42d89bdeab7b9780f379de8b94e7cc0131120470e15cca35a187ae
references,snakecnn,nature-cnn,64174,2097152,5.172505526,405442.19613850635,2097152,5.172505526,405442.19613850635,6ad6e7970edb2152830043f27a34fdb2cb029bf559c66f7d79792631c0aca85a
references,snakecnn,nature-cnn,64174,4194304,10.119408951,414481.1243729327,2097152,4.946903425,423932.2703171631,b1f69d3629e530a40ae89aa5d1ade44df8ee3bb3a35a6371093e240da0fa1e1b
references,snakecnn,nature-cnn,64174,6291456,15.089027801,416955.6901196142,2097152,4.96961885,421994.53585862025,aa0bc97f9e719389d30f52ee0098bec149f8dc46ccd45e0b9d4d2bfc1dfe0a73
references,snakecnn,nature-cnn,64174,8388608,20.072256609,417920.5240051941,2097152,4.983228808,420842.00441153016,0b19fe355ced3b66360d868ef8ff6f4c66d66b385e62169e9cbce40b8f1122ec
references,snakecnn,quality-reference,64174,2097152,4.929869089,425397.0971925741,2097152,4.929869089,425397.0971925741,a42817b831c78a36bb908671410271c5b14bd5f33d1e3752fa9a307b8de1efc2
references,snakecnn,quality-reference,64174,4194304,9.630286994,435532.606931984,2097152,4.700417905,446162.8821916421,db537347773637736f4c907144425f61c07a746c18624a72db2ddd3f4e680dbe
references,snakecnn,quality-reference,64174,6291456,14.33795762,438797.22389638366,2097152,4.707670625999999,445475.51572908205,38e8c2c5fac9c38403de3be0e21b7bf4605a99cac8c7df5598dbb7f41551019f
references,snakecnn,quality-reference,64174,8388608,19.051217112,440318.74450247985,2097152,4.713259492000001,444947.281930812,013822847e480f4436f2b94b1627cbc085cad37c075e24037710fe0aa5068e9b
references,mazecnn,quality-reference,64174,8388608,29.155852403,287716.0950072875,8388608,29.155852403,287716.0950072875,5bde5637084b1b2fa4ec8c58cdd2ce87f38f068a5ec55f31bed29a1620d7af1f
references,mazecnn,quality-reference,64174,16777216,57.811967007,290203.1684541814,8388608,28.656114604,292733.6143061441,e17b905068624e1f15102ad585d55a488db463034dbf8396fe3a89d843ec8557
references,mazecnn,quality-reference,64174,25165824,85.887409653,293009.4655511708,8388608,28.075442646000006,298788.09412806,d909f869b70404da0f57880c66f8560612d812e080e17d3aa9d466e8a47a26a4
references,mazecnn,quality-reference,64174,33554432,113.85875421,294702.2583622558,8388608,27.971344556999995,299900.06318451004,b97d3a86cac1aef6f00dea3f65018d7332b6e2b23cada842ccb07622b43b91b1
references,mazecnn,nature-cnn,64174,8388608,30.273598359,277093.19191341393,8388608,30.273598359,277093.19191341393,d1f63dbbd73f49942d3fe982fad6cbda83a2f8131f574b4988016bde1f99b0d0
references,mazecnn,nature-cnn,64174,16777216,61.457364517,272989.5128412019,8388608,31.183766158,269005.60879969125,ac08210995e79998bf4d69cb6263a76322917e6e974454ac16d21675ae18b235
references,mazecnn,nature-cnn,64174,25165824,92.442104025,272233.35368041997,8388608,30.984739508000004,270733.53312633565,9f88a02c71554de1345ae6b6587045214aa19173696fa374161851598f7149ca
references,mazecnn,nature-cnn,64174,33554432,123.440787852,271826.13286809437,8388608,30.998683826999994,270611.74747985543,1d1c4f804e6008feeb5d2163c7d2c283d8963b27516fb2a5b4d22e5d77387a0c
trial-0000,connect4cnn,happy-cat-1,64173,3328000,19.76375646,168389.04115903075,3328000,19.76375646,168389.04115903075,2d9d2382941daf19f96cbc8c25467cb2c8f3f661e477f7520e7fc7285ae8c074
trial-0000,connect4cnn,happy-cat-1,64173,6656000,38.261590241,173960.35967338402,3328000,18.497833781,179912.95842534525,6d51c7754df1c68fccc871a3b260787825de51f0241ade976bb32571303fb918
trial-0000,connect4cnn,happy-cat-1,64173,9984000,55.806080453,178905.2361132681,3328000,17.544490212,189689.18217548035,df9ec19af7ec7f7b50b2a565dcd4ef804f0fd61fbb3a14066f50f1a957e295e4
trial-0000,connect4cnn,happy-cat-1,64173,13312000,73.418788841,181315.98477917202,3328000,17.612708387999994,188954.47120826997,ac6c5d1d25aff9279c0bf00d8506b824a3e70daf157d69249d75b73ba4c62286
trial-0000,pongcnn,happy-cat-1,64173,2097152,5.142323859,407821.84426786023,2097152,5.142323859,407821.84426786023,7cd340a03c38eebb623af8a711e9648c9528c3aeadaab9db9f409f6ef8fa7a56
trial-0000,pongcnn,happy-cat-1,64173,4194304,10.106256981,415020.5172780971,2097152,4.963933121999999,422477.8917156411,5186d64c3fce63d6bd9295022b1f366f0fa70d1d5e915697f05d62dde3bb2d1b
trial-0000,pongcnn,happy-cat-1,64173,6291456,15.047682099,418101.336711393,2097152,4.941425118,424402.2624891672,ef8a3c5bb035c7404f34c317883543d3995e78987ad7a3cc0616589089747f90
trial-0000,pongcnn,happy-cat-1,64173,8388608,19.964235554,420181.7784262355,2097152,4.916553454999999,426549.21159603266,1f1d335c777edfbeb15e2204b762ddbc774e52dcd1ef7465ba03ca016159c862
trial-0000,flappycnn,happy-cat-1,64173,4980736,9.564867921,520732.3343236786,4980736,9.564867921,520732.3343236786,e0c1808082c789b900071421b90bb8dcfbcda22a9f8b39f65180820b5ca9f522
trial-0000,flappycnn,happy-cat-1,64173,9961472,18.923551732,526406.0437002957,4980736,9.358683811,532204.752354786,58cec28d7755c043d31ffe3cca4cad174107f8a230dd06b11b8658d41b36c855
trial-0000,flappycnn,happy-cat-1,64173,14942208,28.269931343,528554.8032892512,4980736,9.346379611,532905.382329864,308307cb3409b66f22e396bf374d57f0e6aecc4e5a7a57e4da9cc9db7fd1b485
trial-0000,flappycnn,happy-cat-1,64173,19922944,37.625392434,529507.9389523319,4980736,9.355461090999999,532388.0834469498,89e4e52cd73790bc4216f21721be11502142b9fca307f72b7e4f3d3cf233e039
trial-0000,breakoutcnn,happy-cat-1,64173,4194304,11.014444657,380800.3154597901,4194304,11.014444657,380800.3154597901,792653bf8c491ffea669a538d97bb0ff8c4ee2b0758cb2396313274da042056a
trial-0000,breakoutcnn,happy-cat-1,64173,8388608,21.866023952,383636.6418702623,4194304,10.851579294999999,386515.5371377674,9738143a234e39a12608ae00420e303349be3e6593452ed0ea616f50cd8018c8
trial-0000,breakoutcnn,happy-cat-1,64173,12582912,32.598000042,386002.57634787075,4194304,10.731976090000003,390823.08466082305,9396e9871e471a7b9d2cbfd8ccc1d211c67787af1d39dccb5ad7cdc4e964e19f
trial-0000,breakoutcnn,happy-cat-1,64173,16777216,43.332595386,387173.11646235763,4194304,10.734595343999999,390727.7233644738,5c408e3b035ccb51c98c981141035eea83830bd127b3592f397474b057462a26
trial-0000,snakecnn,happy-cat-1,64173,2097152,4.46672555,469505.4523777491,2097152,4.46672555,469505.4523777491,53fe5403d4f94c32ee58c8893d42dc6cdb0cff14fe6f3aacd0e370b83ed5f4a3
trial-0000,snakecnn,happy-cat-1,64173,4194304,8.686820092,482835.37077770074,2097152,4.220094542,496944.31703563477,7fb81607eff3b0d233ce718107efcdee275530230c8ecb50cf53c9212cc7a3d7
trial-0000,snakecnn,happy-cat-1,64173,6291456,12.913286971,487207.94435444905,2097152,4.226466879,496195.06316732214,f6ff4c3d7350fbed93d7cd4c8e4ea0635b2fbfb6cade94f653a291146fea11a4
trial-0000,snakecnn,happy-cat-1,64173,8388608,17.14921197,489154.1380836988,2097152,4.235924999,495087.1416503095,233e3a19ec0143b3a80003283a639c74b2c652225a631108b74d48330ff41900
trial-0000,mazecnn,happy-cat-1,64173,8388608,25.77083181,325507.8478586369,8388608,25.77083181,325507.8478586369,2f0a3686850f092da4b7a08fa0ca727f1233302c9a8bed0c878357181ea8820c
trial-0000,mazecnn,happy-cat-1,64173,16777216,51.190181306,327742.85169475543,8388608,25.419349496,330008.7597174757,58801e12727e50c4051c4a1ecf4d6e9f2ba96c9df1d1fc007ac7f86e813f5e6b
trial-0000,mazecnn,happy-cat-1,64173,25165824,76.597695717,328545.44466948934,8388608,25.407514410999994,330162.4812369767,083e4390ed291bf156be8aa8021aa84ce93d060a5501569652bd6796885198db
trial-0000,mazecnn,happy-cat-1,64173,33554432,101.855995856,329430.1107952244,8388608,25.258300139000013,332112.92738768243,a2cdac545e26a7d4629d82e89317e0afbbeddd5f384a32bd2263db6351dce1cd
trial-0000,connect4cnn,happy-cat-1,64174,3328000,19.410137454,171456.79714463704,3328000,19.410137454,171456.79714463704,dca40ddb13ca9c0c3487ca39ee4e7dfdf02c6e7730307877218674dbb3b236b8
trial-0000,connect4cnn,happy-cat-1,64174,6656000,37.598026108,177030.5701921877,3328000,18.187888653999998,182978.90773968888,c93e4a02e2dd00753aba41d3a85ddbdc75904566a0de89e05fdf64f8fa34c831
trial-0000,connect4cnn,happy-cat-1,64174,9984000,55.013956608,181481.22068624583,3328000,17.4159305,191089.41666941077,4b979d4d304954970ed01527f7294e3b53ec5f97dafffb2b85e3797405b6b0f9
trial-0000,connect4cnn,happy-cat-1,64174,13312000,72.303331282,184113.231907394,3328000,17.289374674,192488.16471105182,1285c7f7e3826c4836e7af268c93ea38694297fb84aa6b3396825542113a8d8e
trial-0000,pongcnn,happy-cat-1,64174,2097152,5.104970661,410805.8869018444,2097152,5.104970661,410805.8869018444,1b1e74e74b3864f6821aefbe8e28fa5897b4b7a2da8519049792c26bd23e2091
trial-0000,pongcnn,happy-cat-1,64174,4194304,9.977564306,420373.53720464214,2097152,4.872593644999999,430397.4746902992,7e7b35828b7a23201e7a3aa721e841888b80913017cf8f1091bdfd2d2b244645
trial-0000,pongcnn,happy-cat-1,64174,6291456,14.845388576,423798.6744362602,2097152,4.86782427,430819.16759497154,8b75ed46e648082fba381bbf5a668382c371ce357d021d6e03b75a86034f74b0
trial-0000,pongcnn,happy-cat-1,64174,8388608,19.739298102,424969.92327959527,2097152,4.893909526,428522.83820499876,777952fb79b05119f22d36e2aa2959f4865c1a9954efd1ef5bad48715cdb715d
trial-0000,flappycnn,happy-cat-1,64174,4980736,9.695264989,513728.71248501365,4980736,9.695264989,513728.71248501365,f2aefcc42241b7bd8e2afdb8aea97eca8e652416ab728364709839847414d056
trial-0000,flappycnn,happy-cat-1,64174,9961472,19.195697453,518942.95710746216,4980736,9.500432464000001,524264.13417215564,11a57a1512bc3816b0b4a156df73876f4ff8923d398613de776019df2085ea6a
trial-0000,flappycnn,happy-cat-1,64174,14942208,28.923066545,516619.07898846554,4980736,9.727369092,512033.2078378999,820296ce139aee1d3d679456fad2c84a20157deceacf850d1575eee505844c88
trial-0000,flappycnn,happy-cat-1,64174,19922944,38.746998912,514180.3122674834,4980736,9.823932367000001,507000.23309718695,4b72cd2a9d6d2c6ddf65f94d96ceb95ba3991add2762bb3aad39ca6319ae156c
trial-0000,breakoutcnn,happy-cat-1,64174,4194304,11.055030782,379402.29047839844,4194304,11.055030782,379402.29047839844,afead3cb4eff3826222228158073c2dad703ae6fc20bd346bb9d00106356a401
trial-0000,breakoutcnn,happy-cat-1,64174,8388608,21.93286672,382467.46798268054,4194304,10.877835938,385582.5757904531,e1787ef0836b2ecaab51142b9dfae947c0f9268649bfdff8fef4b8fbd5ce279b
trial-0000,breakoutcnn,happy-cat-1,64174,12582912,33.113756441,379990.4738207348,4194304,11.180889721,375131.5060484175,5981290d1666a25197c5cc572661da8e5a84f03bcfaf38dbce63a0820d268bf4
trial-0000,breakoutcnn,happy-cat-1,64174,16777216,44.125473157,380216.1155373013,4194304,11.011716716000002,380894.65141304303,7edbc16e23a7e2d7ff64abc7d24c75c5bed4d3a282f49505c678913dbeb1c8d2
trial-0000,snakecnn,happy-cat-1,64174,2097152,4.460389418,470172.4005390419,2097152,4.460389418,470172.4005390419,0b8046fe025180da9036eddc386866a8dc2d723c51e2e83281b6e7ce752d5abe
trial-0000,snakecnn,happy-cat-1,64174,4194304,8.691200875,482591.9985424339,2097152,4.230811457,495685.5254162181,f12de6335fe1e0cec9dc38ab396bda880628c4f33ba4bfc94a8cb36e768aa32d
trial-0000,snakecnn,happy-cat-1,64174,6291456,12.988309165,484393.766738613,2097152,4.297108290000001,488037.96843574534,b1d72589c30488d4c77ec3720038631f0f90cf6cbfaefdecd33a6a29ba9987da
trial-0000,snakecnn,happy-cat-1,64174,8388608,17.240843728,486554.3782162167,2097152,4.252534563000001,493153.42860389105,3017ec6b21e5b8303f4cd4175a14fc4b291ebf34209b273d8dce409bc0eed7f4
trial-0000,mazecnn,happy-cat-1,64174,8388608,27.371900032,306467.87362927047,8388608,27.371900032,306467.87362927047,20ff8877da770799deb66edf66065d8a145fb35561e0fde7aa48e03911b191b8
trial-0000,mazecnn,happy-cat-1,64174,16777216,53.880526414,311378.1010803322,8388608,26.508626382000003,316448.2338359134,35bdb76a34807f6844489682fed5dcae06120bb7ed748b0546b9b760ac668599
trial-0000,mazecnn,happy-cat-1,64174,25165824,79.453605642,316736.08512358164,8388608,25.573079227999997,328024.948627043,d570616dc72def3ae452d2a2d2dca53b0b60bdc7cb729558417805b99c346732
trial-0000,mazecnn,happy-cat-1,64174,33554432,105.052878941,319405.16374467855,8388608,25.599273299000004,327689.3020368546,2e8d4de5536a4b6ef96770f4741fac21f7e144ae444e50defcb7933923c3b7fa
trial-0001,connect4cnn,mystic-tree-2,64173,3328000,22.138574531,150325.84845695004,3328000,22.138574531,150325.84845695004,701ee36b3d0cbb1cbc2c9d6c964691f5209a950db9c58059498e1d9a29d519ab
trial-0001,connect4cnn,mystic-tree-2,64173,6656000,44.032884371,151159.75469423557,3328000,21.894309840000002,152002.96443781393,d4fa216e609164c7d66f6d898bc37809a3b7c7b396be81474764be3e63071038
trial-0001,connect4cnn,mystic-tree-2,64173,9984000,65.160204417,153222.35541353244,3328000,21.127320046,157521.161829992,56ee06e32a5f02cc84474968dae5abf7b3eae511a3394d702a283dbc2ed56a56
trial-0001,connect4cnn,mystic-tree-2,64173,13312000,86.853373917,153269.80864003504,3328000,21.693169499999996,153412.34483969715,d1749dd7a0a0d565daf8245d2739ac04390bd49230030b0ce22adfedf9ab5e9c
trial-0001,pongcnn,mystic-tree-2,64173,2097152,6.763168876,310084.22803724767,2097152,6.763168876,310084.22803724767,1fcf206b94feaea95fcd395115937434be4fd5f9516501250ca064856c84fd47
trial-0001,pongcnn,mystic-tree-2,64173,4194304,13.327552852,314709.23781559657,2097152,6.564383976,319474.30370730645,8cb31b32759c01f04cfbbab72966650c7042f9f962c038cb5c7d687461d6847d
trial-0001,pongcnn,mystic-tree-2,64173,6291456,19.853803888,316889.1984373166,2097152,6.5262510360000014,321340.9947658654,589296ee76b557f66cac2e9c2722f9fd11784e75655f2fa1308fd9f741327664
trial-0001,pongcnn,mystic-tree-2,64173,8388608,26.389189468,317880.47185655986,2097152,6.53538558,320891.8547082879,257c027c40716599c5d6babe038156252756304b0b4c0218fad70f7bcd4cc7d6
trial-0001,flappycnn,mystic-tree-2,64173,4980736,13.458005145,370094.67200645804,4980736,13.458005145,370094.67200645804,800e3b1266fca87a22d139fdc4e9869ba8aef04371ae1548a70beb1ee59b86d9
trial-0001,flappycnn,mystic-tree-2,64173,9961472,26.705962146,373005.54630989104,4980736,13.247957001000001,375962.5729177742,ffd86a85cfbc3953bdb608d9d15e25b69372feb8ed5dde1b5d55e7789b0d3055
trial-0001,flappycnn,mystic-tree-2,64173,14942208,39.932200004,374189.4510821653,4980736,13.226237858000001,376579.9506612804,26c1b4f725e7d34bb65f5ba7952b42fe7dbea9f2e5b7b0489f0ef8145c9b373b
trial-0001,flappycnn,mystic-tree-2,64173,19922944,53.178334835,374643.9985722806,4980736,13.246134830999999,376014.29122883134,465c3d281501572fb188d6a44d0827233a689c345e9b424569102bb911b101b2
trial-0001,breakoutcnn,mystic-tree-2,64173,4194304,14.891020562,281666.65827480843,4194304,14.891020562,281666.65827480843,8e0b8374a6a1013754fa3e58e8451a5d6862fa01f27463aa1538a25075a127f1
trial-0001,breakoutcnn,mystic-tree-2,64173,8388608,29.600791022,283391.3456490197,4194304,14.70977046,285137.2841884577,581b8e7053c16c5a2bbe34e5d39b3c82e4e952b2417fc4bf88b161bc940be84f
trial-0001,breakoutcnn,mystic-tree-2,64173,12582912,43.736044308,287701.19015309284,4194304,14.135253285999998,296726.4834337402,72fc9ed0fef981c8e9fc45cc48df3e0f763108cbc778c3405bd439530fdff1c4
trial-0001,breakoutcnn,mystic-tree-2,64173,16777216,57.759876243,290464.8882801797,4194304,14.023831935000004,299084.01779488375,31c061801c955c6b68ce75a7aaa9c85e9d5bf87df409c37d1eee8e455626a736
trial-0001,snakecnn,mystic-tree-2,64173,2097152,6.372083608,329115.58118400635,2097152,6.372083608,329115.58118400635,e95a990963c1fdb1de34921fcb8254c2028779ea3585980ae19d2853dc442cae
trial-0001,snakecnn,mystic-tree-2,64173,4194304,12.420200387,337700.1875420708,2097152,6.048116779,346744.6275643415,bbff9f8e5d8453b7f5b56a048f54b672b88e1370499fa0bd78eb75fb489c340b
trial-0001,snakecnn,mystic-tree-2,64173,6291456,18.40132999,341902.24312150385,2097152,5.981129603000001,350628.08185064496,a4ac568090a2c01f55282f515e2bbed4f13767f414dbcb24621ce4d8cc692754
trial-0001,snakecnn,mystic-tree-2,64173,8388608,24.291647006,345328.91071272467,2097152,5.890317016000001,356033.808418708,b21dba4539c0be6631ae106a11cd47c20cbefb71234a17e56399399ed42a52a3
trial-0001,mazecnn,mystic-tree-2,64173,8388608,37.332587748,224699.34462149354,8388608,37.332587748,224699.34462149354,340ce5f28e292f884946d685ec78fa538f04aeae1808dab795810189cbc2fa2b
trial-0001,mazecnn,mystic-tree-2,64173,16777216,74.5573498,225024.30739564728,8388608,37.224762051999996,225350.21146090308,e3bab76ebaea1ce60aa1dbda7c8a66818ec5af1ba8ee6fbbef41e4ef35123389
trial-0001,mazecnn,mystic-tree-2,64173,25165824,112.375982651,223943.0829108399,8388608,37.818632851000004,221811.50844479,dccb4605a661f59ec68643c41b236b5c944f642432020288a8157b2b72b97b4b
trial-0001,mazecnn,mystic-tree-2,64173,33554432,148.930296954,225302.9281903865,8388608,36.554314303,229483.39094714055,048295e66194bcab9a6b6314049fc91659c5addeb37c12380113b10f9ae49ecc
trial-0001,connect4cnn,mystic-tree-2,64174,3328000,21.995518281,151303.5499997637,3328000,21.995518281,151303.5499997637,5abac7dc247f3600596ad015445d75f119af58a953f23f61ff9ea9cba78b5ed9
trial-0001,connect4cnn,mystic-tree-2,64174,6656000,42.929122254,155046.26348095937,3328000,20.933603973,158978.83633856973,e20f2b6948e945552b65ab80f6fe850d94b80dfc8a9db449a4392f945e9cd796
trial-0001,connect4cnn,mystic-tree-2,64174,9984000,63.350322884,157599.828153703,3328000,20.42120063,162967.89108035906,8d733a284b286a4a61a16c7d11ec5a3cf9f82aba84772b3242e84083c5b4a879
trial-0001,connect4cnn,mystic-tree-2,64174,13312000,83.674381671,159092.89957279354,3328000,20.324058787000006,163746.8202034875,3ff75d0c87618194ab6da62cceea028c55e06e02236ec09f461f412f79f1e1d7
trial-0001,pongcnn,mystic-tree-2,64174,2097152,6.743363476,310994.9519203405,2097152,6.743363476,310994.9519203405,98913d4a37b0a63145d2c29e111a80268552c6636fb76a6861b939af3d0df0be
trial-0001,pongcnn,mystic-tree-2,64174,4194304,13.263341832,316232.82074209605,2097152,6.519978356,321650.14751469216,cace0c632d693466d30a68c5cdfc26e6b6d95060314582f95311ec79ff6bea62
trial-0001,pongcnn,mystic-tree-2,64174,6291456,20.005783405,314481.8612015759,2097152,6.742441572999999,311037.47467356815,fab6661756e92c4eb161132694bfa33fa09cf7e778a3ef7d9ab5817f23ae0472
trial-0001,pongcnn,mystic-tree-2,64174,8388608,26.708381438,314081.48110633553,2097152,6.702598033000001,312886.4344355349,6d669c5a8cab04e3a9e3671e6366907972129d65fbb72aa66ce663408cae2ec9
trial-0001,flappycnn,mystic-tree-2,64174,4980736,14.093076535,353417.22494945634,4980736,14.093076535,353417.22494945634,422a1435db73314ff3518a92b1cd615fb1fac3e58636e3c1b3e35ddcbcf9bb4e
trial-0001,flappycnn,mystic-tree-2,64174,9961472,28.050451152,355126.9798129342,4980736,13.957374617000001,356853.3579326224,edfcc062d556a8b3bef796f2e0fc0f18262701f4ed5166a56551a710502632f3
trial-0001,flappycnn,mystic-tree-2,64174,14942208,41.478582954,360239.11464311596,4980736,13.428131801999996,370918.01550966053,4d54078b8d9b9430aad591a53f0c69d32ceff7b6a1756fcd1c8984c6a1150b39
trial-0001,flappycnn,mystic-tree-2,64174,19922944,54.843277696,363270.4834024368,4980736,13.364694742000005,372678.62051106157,012b05f582aabf039e51a5dc90d998f3137b438902e9306d988e1194ce9d601f
trial-0001,breakoutcnn,mystic-tree-2,64174,4194304,14.305522933,293194.73462410615,4194304,14.305522933,293194.73462410615,6b12d1dd1580c1b86bc47e5977dca534dfd704d83b00806a03170ecaf0e3cda0
trial-0001,breakoutcnn,mystic-tree-2,64174,8388608,28.293464637,296485.7117226297,4194304,13.987941703999999,299851.40693005564,6a053a1e26df917cb8f0ede98f03095a3152cd21f6635b8d451a9fb56ec237f2
trial-0001,breakoutcnn,mystic-tree-2,64174,12582912,42.474889572,296243.54828917125,4194304,14.181424935000003,295760.4062514469,d843f7aa3ddbd638e7da8c23d089d5d93e9301111d37ea05a3eb3f9a31cb639a
trial-0001,breakoutcnn,mystic-tree-2,64174,16777216,56.581803869,296512.56857846293,4194304,14.106914296999996,297322.56903921004,65cbd9b75b4cbbc7bd1c89bb58aad4b79a3dcd9434acb5b73bd516a609ece7e3
trial-0001,snakecnn,mystic-tree-2,64174,2097152,6.131413402,342034.0242130684,2097152,6.131413402,342034.0242130684,9436cb978a579cd1e72a01dde535b46a341baf1bd21ab69d93a770f3a0c49ded
trial-0001,snakecnn,mystic-tree-2,64174,4194304,12.038489642,348407.82562680217,2097152,5.90707624,355023.6893505881,deb3c78a4503f2aedfb7c4171933694f37137d05d4cb60b2e7b08e039c23e871
trial-0001,snakecnn,mystic-tree-2,64174,6291456,17.890713609,351660.42772240547,2097152,5.852223966999999,358351.2886426755,4af4239dc5e05fece3402d6049b0340b0aa6160065e130cdeaf7d3b26ef652ab
trial-0001,snakecnn,mystic-tree-2,64174,8388608,24.066029608,348566.34586751566,2097152,6.175315999000002,339602.3782976615,506388a5857a59a5164f82558c5e55f7e39a8b1c60aceebe72b462cd0998b780
trial-0001,mazecnn,mystic-tree-2,64174,8388608,38.13987373,219943.25569572358,8388608,38.13987373,219943.25569572358,b05d16ee61777a7b9819525a3a0a1edb7b9edaf350fa373a85dac20475dd66c6
trial-0001,mazecnn,mystic-tree-2,64174,16777216,75.211614802,223066.82344432082,8388608,37.071741072,226280.3892514196,48e9554cd24152712c40e81aa60a72f152b0fbb6c2bd2e782d28a2cf03cf44ac
trial-0001,mazecnn,mystic-tree-2,64174,25165824,112.442258795,223811.08552685048,8388608,37.230643993,225314.60915844492,1b9afbbdd05b188a05da4abda7d6e5b4ae8889e094001231d923db00f0375b6a
trial-0001,mazecnn,mystic-tree-2,64174,33554432,149.678876428,224176.13494139691,8388608,37.236617632999994,225278.46333083196,9b4381e568bf33afaf693581891e442f67410c807911a25d212d39933b9377eb
trial-0002,connect4cnn,swift-fox-3,64173,3328000,19.442842908,171168.383952259,3328000,19.442842908,171168.383952259,b9bd056024021ee1cd19dc28cb7670b627183a994f0eccc228751582081b0fa1
trial-0002,connect4cnn,swift-fox-3,64173,6656000,38.28398642,173858.59264966275,3328000,18.841143512,176634.71422954684,d4fa2b63525fe8083ab95c19dbd4a8342241f74268b7023634b97a438f3c8fac
trial-0002,connect4cnn,swift-fox-3,64173,9984000,56.814110013,175730.9935457142,3328000,18.530123593,179599.44969051346,39d9c35c366206040ee7673d54102e74e9a8485cd39fb8fd01f07ed12619bafc
trial-0002,connect4cnn,swift-fox-3,64173,13312000,75.225624632,176960.9765970258,3328000,18.41151461900001,180756.44882391294,ec39b92f6ff1ffd64efef4ed882a1db7119fa003c73c87d8d58d5fe19c47e86e
trial-0002,pongcnn,swift-fox-3,64173,2097152,4.988811876,420371.0326478545,2097152,4.988811876,420371.0326478545,8c18d9e9a574d6a0728cf69599df5c6e88d8d6287cffd3c04a832c2bd1792b82
trial-0002,pongcnn,swift-fox-3,64173,4194304,9.752515909,430074.0484954589,2097152,4.763704033,440235.57833824813,9697c82f617824fb6c8abf7ffa36eb9f97f276c16138f4c311793f297437354f
trial-0002,pongcnn,swift-fox-3,64173,6291456,14.514625098,433456.3212980894,2097152,4.762109189,440383.0144937065,23cf2aef20fb62017d19875ab08f5fd7ce1eea8a5e10ba127f601fb60f667c1b
trial-0002,pongcnn,swift-fox-3,64173,8388608,19.270510507,435308.03176972625,2097152,4.755885409000001,440959.3208514582,d94c67a202de4319775665abb70d52934e1eb09ef84c7bea1288aab45143b0cf
trial-0002,flappycnn,swift-fox-3,64173,4980736,9.363835025,531911.9769519861,4980736,9.363835025,531911.9769519861,cf18876166c4391e29d416a3c9c95609802d1da3973d82128c6da21d88262ddc
trial-0002,flappycnn,swift-fox-3,64173,9961472,18.841410199,528700.9780472112,4980736,9.477575173999998,525528.514262144,212300f8f4a47719d6887563fd700b29e91815ea62f703062a78536efb3bc2d5
trial-0002,flappycnn,swift-fox-3,64173,14942208,28.107698287,531605.5355166122,4980736,9.266288088000003,537511.4557953508,9b99d6222e3d9a82c0235ef26d521bd925d5f0627cf6491b4aa30f774c2540b4
trial-0002,flappycnn,swift-fox-3,64173,19922944,37.122954723,536674.5225065958,4980736,9.015256435999998,552478.5717809171,daf4b59b33cad37a8e17ac256080f733f13e2709f4a9af8cc1b918a9df51019f
trial-0002,breakoutcnn,swift-fox-3,64173,4194304,10.987551575,381732.3606055519,4194304,10.987551575,381732.3606055519,ec8343ae9065a7deb5a175ede5d4be2fb4ac768906cb7b580579ffb93661eb32
trial-0002,breakoutcnn,swift-fox-3,64173,8388608,21.65383254,387395.9948893186,4194304,10.666280965,393230.2190203931,6562cec7d9b57a7d04c095932ef3ef1d9d81dcaeb89ec95f5790aaf86f26d9d3
trial-0002,breakoutcnn,swift-fox-3,64173,12582912,32.293866715,389637.825381729,4194304,10.640034175,394200.2376134285,62d57f518f43c7d33c3c0e57e55ca672a3cd23e40c9f5bda0638da6935f3c882
trial-0002,breakoutcnn,swift-fox-3,64173,16777216,43.15453196,388770.6629642242,4194304,10.860665245,386192.1811770196,9688a9e09b2919ebede04e3c9035049558caf7d585ecb6235055fe66e0fb15d3
trial-0002,snakecnn,swift-fox-3,64173,2097152,4.38249268,478529.49294600985,2097152,4.38249268,478529.49294600985,61be79b1a152cbc5c6224981d682598938d9d82a4861bd5393cc47ae0b4e10fa
trial-0002,snakecnn,swift-fox-3,64173,4194304,8.421000445,498076.6866590517,2097152,4.038507765,519288.83687561756,48e30683f48a8943869f81ef5f398bc33d3a7ee5777ef698bee37e5a9fc6b450
trial-0002,snakecnn,swift-fox-3,64173,6291456,12.498256461,503386.69394663814,2097152,4.077256016,514353.7692434176,5d8a38cb0efe01eb6a9da499a8215af3e5905db113e198972d1ee27590ceb29b
trial-0002,snakecnn,swift-fox-3,64173,8388608,16.611396999,504991.12148755405,2097152,4.113140538,509866.36139102915,c0d5235007469643536816118b55a90eeb8b7155bf775a17def14e838e9d5bc5
trial-0002,mazecnn,swift-fox-3,64173,8388608,23.222878042,361221.72216676536,8388608,23.222878042,361221.72216676536,eee4e26811c40352f0014ec2dd22a43612462d36db42bfb63441506c0ffa7829
trial-0002,mazecnn,swift-fox-3,64173,16777216,45.905452127,365473.2765420738,8388608,22.682574084999995,369826.10388771497,7d55acf43d08ec038010dfd5d466e1833b7124ff0a88fc6d2ce87c8a2cf94a81
trial-0002,mazecnn,swift-fox-3,64173,25165824,68.012916287,370015.36434352543,8388608,22.10746416,379446.8664197984,d46e6ade3a2a62f848ca5acf5d2ebbde8ef5d6df7e10e617c976934ab1a2a359
trial-0002,mazecnn,swift-fox-3,64173,33554432,90.845748473,369356.1070716767,8388608,22.832832186000005,367392.35551967536,5eff33e56fb720bdc5d79a8c5bda0e8dd35ab30039b15f8262c9f2dfbb3a0e37
trial-0002,connect4cnn,swift-fox-3,64174,3328000,19.498153691,170682.82734565507,3328000,19.498153691,170682.82734565507,c51a1bf889562a082dcb57ecfcb4eec3020179c16732320afcbeca8ec4d90139
trial-0002,connect4cnn,swift-fox-3,64174,6656000,38.716147382,171917.93218285253,3328000,19.217993691000004,173171.0423840205,ab06195c73fe6449b8bd992f8d9adff2c5433ab12e1f2ebcfec900de709dc0aa
trial-0002,connect4cnn,swift-fox-3,64174,9984000,57.467876122,173731.8424436761,3328000,18.751728739999997,177476.970051349,905a54b60cf310c265ee68ac190bcf1b10f3616ece021cc4d655da1172c4ad64
trial-0002,connect4cnn,swift-fox-3,64174,13312000,75.764094743,175703.2806259448,3328000,18.296218621,181895.50906328775,aef2cfc11f198192c868a75922bbef42a9f377e0837d43177e0c2e8f07a68bc5
trial-0002,pongcnn,swift-fox-3,64174,2097152,4.954392308,423291.4693924557,2097152,4.954392308,423291.4693924557,9705f54fe6c574416270e7b9adb8184bfa0e46c7a0de2b1a52372c39a015f647
trial-0002,pongcnn,swift-fox-3,64174,4194304,9.704297423,432210.99036589166,2097152,4.749905115,441514.50381130405,dae1f5875a9a6c6116467f185f75c26726decf9b23eac9a073ce4c5243c2df63
trial-0002,pongcnn,swift-fox-3,64174,6291456,14.420798896,436276.5229147676,2097152,4.716501473000001,444641.4385758848,de63b6cf244519ac58f2a0b5030729fec3fc08e8ef562a86cac285c8d2ed20c3
trial-0002,pongcnn,swift-fox-3,64174,8388608,19.103581593,439111.79477851326,2097152,4.682782697,447843.1171584215,ece6a221fc6cf1b15217a015c17a27178e1c253b33f9eaf674a6ae622c135033
trial-0002,flappycnn,swift-fox-3,64174,4980736,9.175189626,542848.2901199061,4980736,9.175189626,542848.2901199061,58e6fbf7720ee66605a8aceee757e6ca290fd59940361f169501ccaec3b42522
trial-0002,flappycnn,swift-fox-3,64174,9961472,18.349986742,542859.9017567617,4980736,9.174797115999999,542871.5138903788,db099930ffbed8b50da857cee2690c3577667102eeeb39d3c956dae1f4e8182a
trial-0002,flappycnn,swift-fox-3,64174,14942208,27.806854898,537356.9954175117,4980736,9.456868156000002,526679.2259168723,2b395aba92face692d7014bbfdc69b3d2a330e253f1b74700f92d39c6dc98851
trial-0002,flappycnn,swift-fox-3,64174,19922944,37.509312088,531146.6110937758,4980736,9.70245719,513347.8975958254,7f7ba7940f565dbd0ba0cbb466ffc0283bb5e46c5bde615a49ad8f89c38c2837
trial-0002,breakoutcnn,swift-fox-3,64174,4194304,11.36703093,368988.5270682553,4194304,11.36703093,368988.5270682553,a949674b27eccbb411d350f437908a1b90a0cc343913d17809de3c406624d5a2
trial-0002,breakoutcnn,swift-fox-3,64174,8388608,22.406334323,374385.5589706672,4194304,11.039303392999999,379942.8143862411,bce6c5b6f8b56b271f25a3e899976895f5d7fc88a69f785e1745e9a3cc214e19
trial-0002,breakoutcnn,swift-fox-3,64174,12582912,33.221615065,378756.781552637,4194304,10.815280742000002,387812.77158269804,c66142e67369b175dd46a4e5036cad449f41588edafd7e6e1b78927b7b29d4a5
trial-0002,breakoutcnn,swift-fox-3,64174,16777216,44.046194128,380900.4689768369,4194304,10.824579063000002,387479.6401401645,8475c03bf06fbca9a711a9cf017ac50e7d95cc3435e3ff2e6531a1dda8727954
trial-0002,snakecnn,swift-fox-3,64174,2097152,4.367366465,480186.86245052714,2097152,4.367366465,480186.86245052714,009e41f0a14a6cd3c9dd57b2901ca7457405ddadcba808ef6bd77956b6aaf7d3
trial-0002,snakecnn,swift-fox-3,64174,4194304,8.512545403,492720.3088422693,2097152,4.145178938000001,505925.56590858556,fda492a00c37c85c4256b7b7973a03a6f7154fc18ca32f6e11fad76db9a069a5
trial-0002,snakecnn,swift-fox-3,64174,6291456,12.616336512,498675.34795191104,2097152,4.103791108999999,511027.9603171683,074193998b53548288b8c03eff04a9d5423f8e057ef964a04a34df742f6cd891
trial-0002,snakecnn,swift-fox-3,64174,8388608,16.695255386,502454.60797409335,2097152,4.078918873999999,514144.0819938211,e0940733655e3642eb100ff85459b3c5003eef1ec36c7a4e3ef73dd158423594
trial-0002,mazecnn,swift-fox-3,64174,8388608,22.740136119,368889.96425096557,8388608,22.740136119,368889.96425096557,5443a14825fc5f7907c4fe086c1116979a04dfb2dfa93c6a76f6aca315927518
trial-0002,mazecnn,swift-fox-3,64174,16777216,44.865767504,373942.47180780384,8388608,22.125631385,379135.3048431888,ff62c0130bdaf13fc672854053b52c9eef56c264e2b7845e3b9d5c89fba902e8
trial-0002,mazecnn,swift-fox-3,64174,25165824,67.011391105,375545.4645101715,8388608,22.145623601000004,378793.0360931993,2f05d759a5a7411cf029a06d47d345104b43b79d1043eea9402d9963a842f27a
trial-0002,mazecnn,swift-fox-3,64174,33554432,89.185612798,376231.44526683644,8388608,22.174221692999993,378304.5067438888,3edeb01b6ffd36febb92dc067593ce684413d857504ef73ac75b52e621edabd4
trial-0003,connect4cnn,quiet-owl-4,64173,3328000,30.414760039,109420.5575099918,3328000,30.414760039,109420.5575099918,b95478fd13555ca3b0b38ab0788d744f8cfb80f33dcfd9f5b96217c152377334
trial-0003,connect4cnn,quiet-owl-4,64173,6656000,59.106902402,112609.52155352301,3328000,28.692142363000002,115989.94449057341,13cf83405e4cdc823de5467bec3f4ccb8e665e56c5d0ca6da4918e8bdf19dbd4
trial-0003,connect4cnn,quiet-owl-4,64173,9984000,87.769121116,113752.9904942839,3328000,28.66221871399999,116111.03917696526,91c25a6e2c02c236c6c7e8acc8b2cc779a795c55151e799bd26ecc3855681592
trial-0003,connect4cnn,quiet-owl-4,64173,13312000,116.939702898,113836.44451030732,3328000,29.170581782,114087.54288382332,792a3c3cb7d7f2f279e7283befc5df42e04b5d3eb5cfcfbcc1485112a653af5d
trial-0003,pongcnn,quiet-owl-4,64173,2097152,12.599326291,166449.5348055273,2097152,12.599326291,166449.5348055273,0028afe5c794f053c200a95db7546e8e0da30b66df18b2ac7f3ac3877c88b8b5
trial-0003,pongcnn,quiet-owl-4,64173,4194304,24.460888786,171469.81193915475,2097152,11.861562495000001,176802.33956394964,984f63b262d9272d0b14c14c9fa70aa55087742c5d676eeecf1bad9cfda1665a
trial-0003,pongcnn,quiet-owl-4,64173,6291456,36.599079922,171902.0263189227,2097152,12.138191136,172773.02495098888,9d293442204facfa5fbb3b6573f44d6e6238cb0194164a644caa19d1206612c5
trial-0003,pongcnn,quiet-owl-4,64173,8388608,48.938593525,171410.89262638346,2097152,12.339513603,169954.18680766618,e322ed06276d0b4bde15349af130316dd4ca139faefc843e7b84943f735f31dd
trial-0003,flappycnn,quiet-owl-4,64173,4980736,27.625534176,180294.6494452611,4980736,27.625534176,180294.6494452611,56868b9858a5dc3a823cd8de462f67bad801d149cc278e1c39be1d9f054b025a
trial-0003,flappycnn,quiet-owl-4,64173,9961472,56.687102425,175727.3096323727,4980736,29.061568249,171385.65810781342,0ecfe5c0f619cc261590278aa5316b4b61dfb932b156d8f428857645612921f3
trial-0003,flappycnn,quiet-owl-4,64173,14942208,84.140900206,177585.54951774198,4980736,27.453797781,181422.47712799237,1274c2ffe7efee8529608911096f9898ba3a3daf4c6e8326da98e090231141f1
trial-0003,flappycnn,quiet-owl-4,64173,19922944,112.951028763,176385.67986665625,4980736,28.810128557,172881.42224515794,6f630312448396d2ded349f07891b87e52f2e8aba3dc98454cd276ea1d202b81
trial-0003,breakoutcnn,quiet-owl-4,64173,4194304,27.693631589,151453.73717132828,4194304,27.693631589,151453.73717132828,b6efe2bd81e7acf139f9991fe2dd31ed85fb6e96781b82c91a8ef30155f65d21
trial-0003,breakoutcnn,quiet-owl-4,64173,8388608,55.280606366,151745.9476558738,4194304,27.586974777000002,152039.28788512552,04e6793e3c414a699532128d8573c9544ecc330dcb1ed443aafe37fb7cfc1828
trial-0003,breakoutcnn,quiet-owl-4,64173,12582912,83.996150331,149803.43682912923,4194304,28.715543964999995,146063.88808487265,079cb83a7107388d528f7ec43f863a31c0624c8ea42832c759f6d0dc3e30d863
trial-0003,breakoutcnn,quiet-owl-4,64173,16777216,112.740915159,148812.13245731482,4194304,28.744764828,145915.40494756,4bef2a56cff74ab7508ea5ea26ef307a6da2fa698da972bd9cb67434e20d55ba
trial-0003,snakecnn,quiet-owl-4,64173,2097152,13.502993496,155310.1540500068,2097152,13.502993496,155310.1540500068,44095a20894d970cbcff9c67b5d8aebab9bcc027e783dba77361c6451744cc2c
trial-0003,snakecnn,quiet-owl-4,64173,4194304,26.924862723,155778.1015691903,2097152,13.421869227,156248.87745004104,75e37905cc073f8fdc6e93d8253b5baf28ecea7b99ebf620378873d200f8ff96
trial-0003,snakecnn,quiet-owl-4,64173,6291456,39.638805848,158719.61491790097,2097152,12.713943124999997,164948.98391328147,5f9783bb2f9038ad8942383745d7cf237d0069ec76c88a49bc2b5fa31a013982
trial-0003,snakecnn,quiet-owl-4,64173,8388608,52.357499176,160217.8891662043,2097152,12.718693328,164887.3784371507,21f990d1db54dbd7517349de2198826f0a573d7db157c1deb185312bddd7e512
trial-0003,mazecnn,quiet-owl-4,64173,8388608,100.429218484,83527.56425498263,8388608,100.429218484,83527.56425498263,48d6b06a06fe995df8587173020f45081df50d4ad8b6bf4632c29853abb38a44
trial-0003,mazecnn,quiet-owl-4,64173,16777216,203.882035538,82288.83901285665,8388608,103.452817054,81086.31779085667,24c67ea2fe4aedcab0cd38bddadcf2f07a3d5830038aa794c43db95088ffbca6
trial-0003,mazecnn,quiet-owl-4,64173,25165824,306.851733993,82012.97634046967,8388608,102.96969845499999,81466.7628036806,1f0f678ee9f30be74eeecf5d1768889cc31b25ca6dc4fc6afe7c23d7a11e5cae
trial-0003,mazecnn,quiet-owl-4,64173,33554432,408.124382845,82216.19048118354,8388608,101.27264885200003,82831.92051448286,6fb3bc07a1e04d7564521f1eb39ba032bb4b5f1577f8c89b33589a867e63dfd0
trial-0003,connect4cnn,quiet-owl-4,64174,3328000,32.76801626,101562.44960310575,3328000,32.76801626,101562.44960310575,4c5aab06b2e1f9bcb2c77091a1ce0e8ae4db34c4d78ab05e1f6643fea1c54c0d
trial-0003,connect4cnn,quiet-owl-4,64174,6656000,64.433157486,103300.85098570891,3328000,31.665141225999996,105099.79968974229,3a5aebae98f215e331cf65954ff27af212c5fcccbffd95b4af2aa093949a7061
trial-0003,connect4cnn,quiet-owl-4,64174,9984000,95.660464031,104369.13620620276,3328000,31.227306545000005,106573.3925916472,786f79f78a107e9ba45194ea835024ca0ec0c5f50ca3f8606efc3dbd7798f111
trial-0003,connect4cnn,quiet-owl-4,64174,13312000,126.920370016,104884.6611329753,3328000,31.259905985000003,106462.25236879897,1a915132be0ee5b05e9677e59fd6b7356da198bc7025649fc8cc0df2c342e29b
trial-0003,pongcnn,quiet-owl-4,64174,2097152,13.333085774,157289.32038294707,2097152,13.333085774,157289.32038294707,e869f0b6fdb9eb45a944f7304be6463bd2b2f128c0309cad356215ff6acc9506
trial-0003,pongcnn,quiet-owl-4,64174,4194304,26.527600234,158110.9472022361,2097152,13.19451446,158941.2029034981,52a658537418a57f27463233fbf22e18c9214b2cdbef0593dd4301b47d00e606
trial-0003,pongcnn,quiet-owl-4,64174,6291456,39.698695113,158480.17125227267,2097152,13.171094878999998,159223.81694658508,3bce5e47cd80c82d7951cda22cb4496cb1c9a5acb8418d1a6336344aa43e208b
trial-0003,pongcnn,quiet-owl-4,64174,8388608,52.823877358,158803.3370429892,2097152,13.125182244999998,159780.79091426745,43f87fe773e4b8e3b4aed233faa16c76d080d1d75974f590cd37140f3f168e9f
trial-0003,flappycnn,quiet-owl-4,64174,4980736,29.892857095,166619.60361203138,4980736,29.892857095,166619.60361203138,9a9b3279ce0265d0abe7d130a49800c6ffaa84eacca10403bd13c9d93be00e73
trial-0003,flappycnn,quiet-owl-4,64174,9961472,59.578215834,167199.90453818196,4980736,29.685358738999998,167784.26172281403,ab2ea8ee95dbd6bba3e316ed6842c095314ba16dd0006a583c3b678a1c13dd41
trial-0003,flappycnn,quiet-owl-4,64174,14942208,89.280683857,167362.15891819095,4980736,29.702468023,167687.6142461692,5fb80c6f14641f7bf400ac3f0cd7b8ddc5f70be6d1fa0ad5f321790ca323f50f
trial-0003,flappycnn,quiet-owl-4,64174,19922944,118.885549787,167580.8711461967,4980736,29.604865930000003,168240.45113991838,800dedb6060143182cfbc7a7f78dc0201f406dc1908e0ad137c157d35015748b
trial-0003,breakoutcnn,quiet-owl-4,64174,4194304,28.141488066,149043.433316786,4194304,28.141488066,149043.433316786,b9fe23697087fbb548a5775cc163d14ff554a9519991f03f83b8a5eb4492c923
trial-0003,breakoutcnn,quiet-owl-4,64174,8388608,55.942502989,149950.53048751602,4194304,27.801014922999997,150868.7366852215,ef63d7e24afa9b793f7d00145bef3c6bfe16e5c22eac8a3d6087c21140a19a07
trial-0003,breakoutcnn,quiet-owl-4,64174,12582912,83.877033624,150016.17792548653,4194304,27.93453063500001,150147.64539286125,0ec29c351e1b2cc75f029ce39c87c2ade8fc98853d548a55c102be6f8885536e
trial-0003,breakoutcnn,quiet-owl-4,64174,16777216,111.809009383,150052.45187827316,4194304,27.931975758999997,150161.37906565913,70e5c7cdc4d0c027d886fd76610e66f8dfe16ac06af124d56afbc6e599f860a4
trial-0003,snakecnn,quiet-owl-4,64174,2097152,13.075618613,160386.44610779456,2097152,13.075618613,160386.44610779456,1f24618af0add76b94687d583e37caee32c342c2856a6034157cc4c4ef634844
trial-0003,snakecnn,quiet-owl-4,64174,4194304,25.877191987,162084.97437075494,2097152,12.801573374,163819.86328800148,e305b8bd928936c7e45c4c263559e66e7f0634ab96cd3c0069d37eb02fe1ff6f
trial-0003,snakecnn,quiet-owl-4,64174,6291456,38.776067215,162251.00820864667,2097152,12.898875227999998,162584.09845283607,83e21f06c0ebd76878a09679df06bfd4ef57d9a5263a552b8b4f77905c299423
trial-0003,snakecnn,quiet-owl-4,64174,8388608,51.676384801,162329.6217857266,2097152,12.900317586,162565.9202588875,a3da888ed47987a3b1efa047ff08e1e1eb61ae7dfa925feaf8f8528d3202c2c8
trial-0003,mazecnn,quiet-owl-4,64174,8388608,101.579716858,82581.52571666031,8388608,101.579716858,82581.52571666031,9d213a401be61b05248d2ac511de0c388e5b5b2610d36ddedacfa0d1eb51825b
trial-0003,mazecnn,quiet-owl-4,64174,16777216,202.696693195,82770.05280919823,8388608,101.116976337,82959.4426562229,858f63537747f58b9219e1f45453a5cb3587e1d7a3131d3c30415db4c1ebb119
trial-0003,mazecnn,quiet-owl-4,64174,25165824,304.440681544,82662.48739284488,8388608,101.74398834899998,82448.19311806004,64541fa4b46adc00b7a3d874127554e46dd8a630381174207f73234de43e9a4a
trial-0003,mazecnn,quiet-owl-4,64174,33554432,406.164852059,82612.84015566626,8388608,101.72417051500003,82464.25561919951,b65e1868cb660b2fd74a28dab6985b6edbd89041df46b3020ac2796dd0cd290a
trial-0004,connect4cnn,quiet-owl-5,64173,3328000,23.92469181,139103.15026958752,3328000,23.92469181,139103.15026958752,c36b28e8e2d3cb3d48ce7a3f0091db81aaa524db511eb057d64a18da3fb087af
trial-0004,connect4cnn,quiet-owl-5,64173,6656000,47.230630332,140925.4958744513,3328000,23.305938521999998,142796.22323977572,31a54efbd8fc58cd52494e69e31ff9c29d38355299994d95f0ed3f6633fe8b1d
trial-0004,connect4cnn,quiet-owl-5,64173,9984000,69.805188054,143026.61848395228,3328000,22.574557722,147422.60030001396,2dc622e675e78eb384cafd2ee0c76030dd63ac20a3eba7472e0749abc202085f
trial-0004,connect4cnn,quiet-owl-5,64173,13312000,92.617494547,143730.94484049818,3328000,22.81230649300001,145886.16898607783,c9f28e1c99bea645b28cd4e13134223ee676ee9cef2e69c55be05c836269fecc
trial-0004,pongcnn,quiet-owl-5,64173,2097152,7.572078414,276958.56874944404,2097152,7.572078414,276958.56874944404,965a2eee14d1969ba1d8e19027df9c724ef31f542871c3c10e96b0c574ad1585
trial-0004,pongcnn,quiet-owl-5,64173,4194304,15.013585039,279367.25233211636,2097152,7.441506625000001,281818.19968479837,1d6b68d40bbc2098f0a83c0a8bc2de2e69d5c49d406999e7d81531b8a89d5d05
trial-0004,pongcnn,quiet-owl-5,64173,6291456,22.623911085,278088.7874056105,2097152,7.610326045999999,275566.64291699656,5c922d1b06008973424fca6dba01bad0768d38bb21cec30daaa3181f16fdcafb
trial-0004,pongcnn,quiet-owl-5,64173,8388608,30.193555955,277827.75942331034,2097152,7.569644870000001,277047.6073866329,02a190517fc3798decd68fb3c0f57f15c3417747687e01bf33d0d2f65fbd6178
trial-0004,flappycnn,quiet-owl-5,64173,4980736,15.497944024,321380.4355136958,4980736,15.497944024,321380.4355136958,ba6e3feb6e9a6247846d46902b76235ebcd48dfa080cae90c3e951490a04f993
trial-0004,flappycnn,quiet-owl-5,64173,9961472,30.684255746,324644.4066448826,4980736,15.186311722000001,327975.3564378994,75da75075aa99a8f7720c6a1e34ce6f1165c701879754e7c165c2e2b0265e53c
trial-0004,flappycnn,quiet-owl-5,64173,14942208,46.019068306,324696.01297972875,4980736,15.33481256,324799.2748859527,0ffe7cadf7a9ed50c3c788a6b22702179ee6cb3164ba4668534076d27fb1dc80
trial-0004,flappycnn,quiet-owl-5,64173,19922944,61.443614525,324247.59112916136,4980736,15.424546219,322909.72643750877,eada246a5b1a5f9aecdbcde229b023597bed86174dd2a9d983d09ef1bfdd8d5a
trial-0004,breakoutcnn,quiet-owl-5,64173,4194304,16.240602044,258260.3765942016,4194304,16.240602044,258260.3765942016,ec59a32572515e7475e7e6c946e729d6be8054f251e4f4e34d8702733adaf899
trial-0004,breakoutcnn,quiet-owl-5,64173,8388608,32.296666248,259736.0339171066,4194304,16.056064204000002,261228.65147456777,76e4891e33d8f4032bc974928a243bdc481c2a6fe339097c99efb7eab4807f9b
trial-0004,breakoutcnn,quiet-owl-5,64173,12582912,48.538318456,259236.66909488043,4194304,16.241652207999998,258243.67781585985,618c0b34864cb511445941e36317d268dfbac20232556cda1638b40a12879ce1
trial-0004,breakoutcnn,quiet-owl-5,64173,16777216,64.296361578,260935.69819883222,4194304,15.758043122000004,266169.0901292356,644f2282a784868779d361ba479c2f491370f07e0e1fb36f17dc2a5b35c89c60
trial-0004,snakecnn,quiet-owl-5,64173,2097152,6.916451376,303212.13668574195,2097152,6.916451376,303212.13668574195,b51433115af84ffe5174f3fd85c6f4036244bf8957637c7ba669471870ff56f0
trial-0004,snakecnn,quiet-owl-5,64173,4194304,13.428557372,312342.11418313475,2097152,6.512105996,322038.98420697637,d26a2c8688209dea6d57a33cfbdcd7b5b97d08cd96ead4bcef0a9a5ed07a15fa
trial-0004,snakecnn,quiet-owl-5,64173,6291456,19.821291495,317408.98425246635,2097152,6.392734123,328052.4357261776,9e2980ce5644b7602b1d763ba11d6ac430f97278dda8374a061f79be9d98064d
trial-0004,snakecnn,quiet-owl-5,64173,8388608,26.376255318,318036.3512130301,2097152,6.554963822999998,319933.420935373,c51b622ad394165d14c448e1dacb436a3340b5e00a507a7c9aef3ed79e6095a2
trial-0004,mazecnn,quiet-owl-5,64173,8388608,46.196484017,181585.4210228001,8388608,46.196484017,181585.4210228001,9150ffdad98aa86e0c1c1f0cebeae1aa8c5c481e884035a1e82e78ecff65a246
trial-0004,mazecnn,quiet-owl-5,64173,16777216,92.044662539,182272.55700884742,8388608,45.848178522,182964.91312026218,5f0139e15287d7897d10d9aac64a45fff55dc09bdddf3fdd2b67c2882e86a535
trial-0004,mazecnn,quiet-owl-5,64173,25165824,138.448743641,181769.9701577316,8388608,46.40408110199999,180773.0656612109,049df2abca19aaba96f50dbe94d72c2a789a811203a35948a54a37dc491760c3
trial-0004,mazecnn,quiet-owl-5,64173,33554432,183.21299631,183144.38754784208,8388608,44.764252669,187395.24285209953,ef4d1d1a39c1ec989678c9c839675a65b7e4b2cd98bdba173be07b7a9f874efe
trial-0004,connect4cnn,quiet-owl-5,64174,3328000,23.255644595,143105.04215030553,3328000,23.255644595,143105.04215030553,d75f0a53f83373346cacd2bde7bdc746a66ec093e44755d93c87e2b35607f1a5
trial-0004,connect4cnn,quiet-owl-5,64174,6656000,45.311120212,146895.5075234987,3328000,22.055475617,150892.23455398224,e499e897677d7ff5e9a4c2063e5deebd70f7b29d2b3f6b9cb8eb8bf6da21ceb3
trial-0004,connect4cnn,quiet-owl-5,64174,9984000,66.446679916,150255.8143254334,3328000,21.135559703999995,157459.75250280037,e64babca77e0d6adce8d8a7f4031d79bec85321ce880d558a6935492cc39ea50
trial-0004,connect4cnn,quiet-owl-5,64174,13312000,88.170151567,150980.79977648996,3328000,21.72347165100001,153198.34939213318,08c379edaeb5bca38bf56b5d63051e501e51ef4bf375c0d15dac8874c6855456
trial-0004,pongcnn,quiet-owl-5,64174,2097152,7.41946507,282655.4179060243,2097152,7.41946507,282655.4179060243,9aae770d4237b1864dc765bb728f1004312887ec522e0a096e60619f0002a61a
trial-0004,pongcnn,quiet-owl-5,64174,4194304,14.744653678,284462.7002842515,2097152,7.325188608,286293.24270362867,fbe05ef94b1975ed267a0d715313c9a85d983137bedad49851105f2634ec6248
trial-0004,pongcnn,quiet-owl-5,64174,6291456,21.955613134,286553.41855414567,2097152,7.210959455999999,290828.4275894839,5453fd82b3cc8b11adfc2bafce0592240fc9d0b8ad75c7423628f9aa8a9e6d72
trial-0004,pongcnn,quiet-owl-5,64174,8388608,29.140785429,287864.8559572426,2097152,7.185172295000001,291872.19372030377,37a1905a9172eb510a2b7028533b7bad906efef7c565a877a9703b1d8447543b
trial-0004,flappycnn,quiet-owl-5,64174,4980736,15.222739856,327190.50887786516,4980736,15.222739856,327190.50887786516,1ed04e9cd57f08fe2a96c75ac74832b79f127c0515b4d76cb617d7738c0eb923
trial-0004,flappycnn,quiet-owl-5,64174,9961472,30.270395124,329082.98551088315,4980736,15.047655268,330997.4817533147,3ba92eb2eb9a57aed7fe4c31e80b2ca221b0f099786c148486e72ef11e25293c
trial-0004,flappycnn,quiet-owl-5,64174,14942208,45.087878025,331401.8901425113,4980736,14.817482901000002,336139.14274629334,cbce850cc6f6d9e647a25e0fc03f8d4ad15a58b1a3babaf246eaecfc393b4602
trial-0004,flappycnn,quiet-owl-5,64174,19922944,59.780252495,333269.6529119938,4980736,14.692374469999997,339001.4330338533,3a2041f6f4beca102930ba7c4843517fe0333564d051141073abdeffeda2b27f
trial-0004,breakoutcnn,quiet-owl-5,64174,4194304,15.369255746,272902.21916514135,4194304,15.369255746,272902.21916514135,24eade7c38167d3f2ffb44265c73a8aff660baf81b35cc01556d2f30ca4825d7
trial-0004,breakoutcnn,quiet-owl-5,64174,8388608,30.362135359,276285.1789182026,4194304,14.992879613,279753.06333836034,ca2f53dc0617cadd65bd169bf067212293114d9818bb1117aabd51b683b20019
trial-0004,breakoutcnn,quiet-owl-5,64174,12582912,45.136277836,278776.02237648546,4194304,14.774142476999998,283894.9202317213,f06c065428b4b3ea3d7ff4501e552aa3132edd9ac8add030a36cfd8a2182d4c6
trial-0004,breakoutcnn,quiet-owl-5,64174,16777216,59.940709357,279896.8544078586,4194304,14.804431521000005,283314.0870049892,da3544eaef2ec8887874e84293b901e784df92e3c6a109a35b0cbcaf21163910
trial-0004,snakecnn,quiet-owl-5,64174,2097152,6.947356654,301863.299157464,2097152,6.947356654,301863.299157464,6427ac8b155e32b35ba646d65a23f2bc83fc397c7dd50a1b95f78f560a7f2080
trial-0004,snakecnn,quiet-owl-5,64174,4194304,13.570836657,309067.45884650585,2097152,6.623480002999999,316623.8894131376,1c34df9569e9495192de3ca50878af9266f70d5dc7034d8a6bd3b09ad17962d9
trial-0004,snakecnn,quiet-owl-5,64174,6291456,20.21734982,311190.93531122373,2097152,6.646513163,315526.6451098729,211c4698b53da6c2a18451821d3ec51910aba937333d279f31f87a52b262c7ae
trial-0004,snakecnn,quiet-owl-5,64174,8388608,26.795574333,313059.4588401502,2097152,6.578224513000002,318802.13207311055,fe9431f0c0d84ca58f22ab6de9c62184856d220626e95786a7fc0bb369f3b7fa
trial-0004,mazecnn,quiet-owl-5,64174,8388608,46.138575442,181813.3290774262,8388608,46.138575442,181813.3290774262,aa91757cdc86bd7ecfef2b5cbbe77107762c1397c97919f73eaa3bd09d35ed07
trial-0004,mazecnn,quiet-owl-5,64174,16777216,90.949959448,184466.44838354498,8388608,44.811384006000004,187198.14587464673,83a96c7a25f970f5aae708d3f429d1e14a026384815d6a9cc091a6c33d01c378
trial-0004,mazecnn,quiet-owl-5,64174,25165824,135.904761113,185172.4972245491,8388608,44.954801665000005,186600.93447884193,f09db0a43bba89a3eb8504a1b46874230099d1af69530696ed709e862697ee25
trial-0004,mazecnn,quiet-owl-5,64174,33554432,180.590645221,185803.82144898677,8388608,44.68588410799998,187723.89016016386,0a4d3b0dd7ef619dc2fbd088cfeee7cd3af929df8adda80711aec2a8c3de6e5b
trial-0005,connect4cnn,quiet-owl-6,64173,3328000,20.347999697,163554.16009224055,3328000,20.347999697,163554.16009224055,2d9d2382941daf19f96cbc8c25467cb2c8f3f661e477f7520e7fc7285ae8c074
trial-0005,connect4cnn,quiet-owl-6,64173,6656000,39.501454396,168500.1249137298,3328000,19.153454699,173754.55510768792,6d51c7754df1c68fccc871a3b260787825de51f0241ade976bb32571303fb918
trial-0005,connect4cnn,quiet-owl-6,64173,9984000,57.809483521,172705.22744547942,3328000,18.308029124999997,181778.1683259148,df9ec19af7ec7f7b50b2a565dcd4ef804f0fd61fbb3a14066f50f1a957e295e4
trial-0005,connect4cnn,quiet-owl-6,64173,13312000,76.184838853,174732.92849888073,3328000,18.375355332000005,181112.14394882534,ac6c5d1d25aff9279c0bf00d8506b824a3e70daf157d69249d75b73ba4c62286
trial-0005,pongcnn,quiet-owl-6,64173,2097152,5.518529082,380020.1047848714,2097152,5.518529082,380020.1047848714,7cd340a03c38eebb623af8a711e9648c9528c3aeadaab9db9f409f6ef8fa7a56
trial-0005,pongcnn,quiet-owl-6,64173,4194304,10.752010614,390094.8530071829,2097152,5.233481532,400718.3339001033,5186d64c3fce63d6bd9295022b1f366f0fa70d1d5e915697f05d62dde3bb2d1b
trial-0005,pongcnn,quiet-owl-6,64173,6291456,15.964435623,394091.97722817614,2097152,5.212425009,402337.10727328755,ef8a3c5bb035c7404f34c317883543d3995e78987ad7a3cc0616589089747f90
trial-0005,pongcnn,quiet-owl-6,64173,8388608,21.290553195,394006.10792818805,2097152,5.326117572000001,393748.7244038629,1f1d335c777edfbeb15e2204b762ddbc774e52dcd1ef7465ba03ca016159c862
trial-0005,flappycnn,quiet-owl-6,64173,4980736,10.315445034,482842.57088117406,4980736,10.315445034,482842.57088117406,e0c1808082c789b900071421b90bb8dcfbcda22a9f8b39f65180820b5ca9f522
trial-0005,flappycnn,quiet-owl-6,64173,9961472,20.343747528,489657.6693300772,4980736,10.028302494000002,496667.9059571654,58cec28d7755c043d31ffe3cca4cad174107f8a230dd06b11b8658d41b36c855
trial-0005,flappycnn,quiet-owl-6,64173,14942208,30.43365046,490976.52677712985,4980736,10.089902931999998,493635.6705874404,308307cb3409b66f22e396bf374d57f0e6aecc4e5a7a57e4da9cc9db7fd1b485
trial-0005,flappycnn,quiet-owl-6,64173,19922944,40.456102853,492458.3090069593,4980736,10.022452392999998,496957.8107927662,89e4e52cd73790bc4216f21721be11502142b9fca307f72b7e4f3d3cf233e039
trial-0005,breakoutcnn,quiet-owl-6,64173,4194304,11.637890662,360400.70506034454,4194304,11.637890662,360400.70506034454,792653bf8c491ffea669a538d97bb0ff8c4ee2b0758cb2396313274da042056a
trial-0005,breakoutcnn,quiet-owl-6,64173,8388608,23.187630858,361770.81010869355,4194304,11.549740195999998,363151.3721367175,9738143a234e39a12608ae00420e303349be3e6593452ed0ea616f50cd8018c8
trial-0005,breakoutcnn,quiet-owl-6,64173,12582912,34.728395567,362323.4472702411,4194304,11.540764709000001,363433.80233106174,9396e9871e471a7b9d2cbfd8ccc1d211c67787af1d39dccb5ad7cdc4e964e19f
trial-0005,breakoutcnn,quiet-owl-6,64173,16777216,46.068552882,364179.3577274538,4194304,11.340157314999999,369862.9466499601,5c408e3b035ccb51c98c981141035eea83830bd127b3592f397474b057462a26
trial-0005,snakecnn,quiet-owl-6,64173,2097152,4.806627066,436304.2880597802,2097152,4.806627066,436304.2880597802,53fe5403d4f94c32ee58c8893d42dc6cdb0cff14fe6f3aacd0e370b83ed5f4a3
trial-0005,snakecnn,quiet-owl-6,64173,4194304,9.355551154,448322.49120958627,2097152,4.548924088000001,461021.54255162406,7fb81607eff3b0d233ce718107efcdee275530230c8ecb50cf53c9212cc7a3d7
trial-0005,snakecnn,quiet-owl-6,64173,6291456,13.92529008,451800.7139424703,2097152,4.569738925999999,458921.6219920219,f6ff4c3d7350fbed93d7cd4c8e4ea0635b2fbfb6cade94f653a291146fea11a4
trial-0005,snakecnn,quiet-owl-6,64173,8388608,18.540496131,452447.87090535916,2097152,4.615206051000001,454400.5136120843,233e3a19ec0143b3a80003283a639c74b2c652225a631108b74d48330ff41900
trial-0005,mazecnn,quiet-owl-6,64173,8388608,26.248599309,319583.0718907638,8388608,26.248599309,319583.0718907638,2f0a3686850f092da4b7a08fa0ca727f1233302c9a8bed0c878357181ea8820c
trial-0005,mazecnn,quiet-owl-6,64173,16777216,52.531942892,319371.70179469936,8388608,26.283343582999997,319160.61111135536,58801e12727e50c4051c4a1ecf4d6e9f2ba96c9df1d1fc007ac7f86e813f5e6b
trial-0005,mazecnn,quiet-owl-6,64173,25165824,77.923559665,322955.2667792644,8388608,25.391616773000003,330369.19527392864,083e4390ed291bf156be8aa8021aa84ce93d060a5501569652bd6796885198db
trial-0005,mazecnn,quiet-owl-6,64173,33554432,102.616602908,326988.33375026967,8388608,24.693043243000005,339715.4379656305,a2cdac545e26a7d4629d82e89317e0afbbeddd5f384a32bd2263db6351dce1cd
trial-0005,connect4cnn,quiet-owl-6,64174,3328000,19.043554657,174757.28979918666,3328000,19.043554657,174757.28979918666,dca40ddb13ca9c0c3487ca39ee4e7dfdf02c6e7730307877218674dbb3b236b8
trial-0005,connect4cnn,quiet-owl-6,64174,6656000,36.891589454,180420.5266975375,3328000,17.848034796999997,186463.10576217555,c93e4a02e2dd00753aba41d3a85ddbdc75904566a0de89e05fdf64f8fa34c831
trial-0005,connect4cnn,quiet-owl-6,64174,9984000,53.935995477,185108.29199875417,3328000,17.044406023,195254.6774296002,4b979d4d304954970ed01527f7294e3b53ec5f97dafffb2b85e3797405b6b0f9
trial-0005,connect4cnn,quiet-owl-6,64174,13312000,70.895455767,187769.43960626022,3328000,16.959460290000003,196232.65971278143,1285c7f7e3826c4836e7af268c93ea38694297fb84aa6b3396825542113a8d8e
trial-0005,pongcnn,quiet-owl-6,64174,2097152,5.012681566,418369.2844613461,2097152,5.012681566,418369.2844613461,1b1e74e74b3864f6821aefbe8e28fa5897b4b7a2da8519049792c26bd23e2091
trial-0005,pongcnn,quiet-owl-6,64174,4194304,9.795202017,428199.8464881687,2097152,4.782520450999999,438503.509077833,7e7b35828b7a23201e7a3aa721e841888b80913017cf8f1091bdfd2d2b244645
trial-0005,pongcnn,quiet-owl-6,64174,6291456,14.573154464,431715.45429932524,2097152,4.7779524470000005,438922.7442639719,8b75ed46e648082fba381bbf5a668382c371ce357d021d6e03b75a86034f74b0
trial-0005,pongcnn,quiet-owl-6,64174,8388608,19.344503989,433642.96157554997,2097152,4.771349525,439530.15577914513,777952fb79b05119f22d36e2aa2959f4865c1a9954efd1ef5bad48715cdb715d
trial-0005,flappycnn,quiet-owl-6,64174,4980736,9.353817849,532481.6112954863,4980736,9.353817849,532481.6112954863,f2aefcc42241b7bd8e2afdb8aea97eca8e652416ab728364709839847414d056
trial-0005,flappycnn,quiet-owl-6,64174,9961472,18.494084474,538630.1773415378,4980736,9.140266625,544922.3971625663,11a57a1512bc3816b0b4a156df73876f4ff8923d398613de776019df2085ea6a
trial-0005,flappycnn,quiet-owl-6,64174,14942208,27.629677814,540802.8316721362,4980736,9.13559334,545201.1505582187,820296ce139aee1d3d679456fad2c84a20157deceacf850d1575eee505844c88
trial-0005,flappycnn,quiet-owl-6,64174,19922944,36.767335282,541865.3227707143,4980736,9.137657467999997,545077.9937245949,4b72cd2a9d6d2c6ddf65f94d96ceb95ba3991add2762bb3aad39ca6319ae156c
trial-0005,breakoutcnn,quiet-owl-6,64174,4194304,10.699280578,392017.38560108264,4194304,10.699280578,392017.38560108264,afead3cb4eff3826222228158073c2dad703ae6fc20bd346bb9d00106356a401
trial-0005,breakoutcnn,quiet-owl-6,64174,8388608,21.190248475,395871.1484623117,4194304,10.490967897,399801.4331165196,e1787ef0836b2ecaab51142b9dfae947c0f9268649bfdff8fef4b8fbd5ce279b
trial-0005,breakoutcnn,quiet-owl-6,64174,12582912,31.658635488,397455.9170362687,4194304,10.468387013000001,400663.8266995068,5981290d1666a25197c5cc572661da8e5a84f03bcfaf38dbce63a0820d268bf4
trial-0005,breakoutcnn,quiet-owl-6,64174,16777216,42.122244314,398298.2453388369,4194304,10.463608825999998,400846.7890712795,7edbc16e23a7e2d7ff64abc7d24c75c5bed4d3a282f49505c678913dbeb1c8d2
trial-0005,snakecnn,quiet-owl-6,64174,2097152,4.36319574,480645.8671505762,2097152,4.36319574,480645.8671505762,0b8046fe025180da9036eddc386866a8dc2d723c51e2e83281b6e7ce752d5abe
trial-0005,snakecnn,quiet-owl-6,64174,4194304,8.62655835,486208.26867762394,2097152,4.26336261,491900.9223097728,f12de6335fe1e0cec9dc38ab396bda880628c4f33ba4bfc94a8cb36e768aa32d
trial-0005,snakecnn,quiet-owl-6,64174,6291456,12.828554875,490425.933497829,2097152,4.201996525,499084.6583339333,b1d72589c30488d4c77ec3720038631f0f90cf6cbfaefdecd33a6a29ba9987da
trial-0005,snakecnn,quiet-owl-6,64174,8388608,17.195207283,487845.7038603645,2097152,4.366652407999998,480265.38502535206,3017ec6b21e5b8303f4cd4175a14fc4b291ebf34209b273d8dce409bc0eed7f4
trial-0005,mazecnn,quiet-owl-6,64174,8388608,26.785720749,313174.62309888285,8388608,26.785720749,313174.62309888285,20ff8877da770799deb66edf66065d8a145fb35561e0fde7aa48e03911b191b8
trial-0005,mazecnn,quiet-owl-6,64174,16777216,53.604112974,312983.74451485794,8388608,26.818392225000004,312793.0984684522,35bdb76a34807f6844489682fed5dcae06120bb7ed748b0546b9b760ac668599
trial-0005,mazecnn,quiet-owl-6,64174,25165824,79.935090639,314828.2412495533,8388608,26.330977664999992,318583.2332823105,d570616dc72def3ae452d2a2d2dca53b0b60bdc7cb729558417805b99c346732
trial-0005,mazecnn,quiet-owl-6,64174,33554432,106.203849667,315943.6508677344,8388608,26.268759028000005,319337.81078346865,2e8d4de5536a4b6ef96770f4741fac21f7e144ae444e50defcb7933923c3b7fa
trial-0006,connect4cnn,quiet-owl-7,64173,3328000,22.21592653,149802.43995252356,3328000,22.21592653,149802.43995252356,7428377feea385b557abeb7fa0693cd63bc9daf9755bb232c5ad18a87a139dd0
trial-0006,connect4cnn,quiet-owl-7,64173,6656000,42.718150323,155811.98974376763,3328000,20.502223793000002,162323.85489501225,9e184dac82886b86eb41bf0ebb84aa2c941aa3bcb31f16ab1cc7a73e4d175960
trial-0006,connect4cnn,quiet-owl-7,64173,9984000,62.984096134,158516.2066747585,3328000,20.265945810999995,164216.36725159016,2aa21bd25c4cab519afec8c1ba5e7193b887d91dfd8e7ac6428bf8518fe494ed
trial-0006,connect4cnn,quiet-owl-7,64173,13312000,83.317315153,159774.71160171772,3328000,20.333219018999998,163673.05132011868,81de61d2bb597538246d3b1309045f0d5f1470f3995fc6bdd4a2b684a9433334
trial-0006,pongcnn,quiet-owl-7,64173,2097152,6.746114368,310868.1361744741,2097152,6.746114368,310868.1361744741,ce1fccbbdae1c01a4aa8f00fa9afa673fdaca03c5e942d5cdefd31cda2f4fc2d
trial-0006,pongcnn,quiet-owl-7,64173,4194304,13.185184311,318107.34693339246,2097152,6.439069943000001,325691.75650589756,c903d1213a5e72c3c77edf3771a42230b57cc0383756bfde6e98f20d3809d762
trial-0006,pongcnn,quiet-owl-7,64173,6291456,19.446057722,323533.75115626946,2097152,6.260873410999999,334961.5720253061,991d4824ce1f10ddb84cf85c11a5ffd2277a9f7be04b728b5f3bfbb62d303366
trial-0006,pongcnn,quiet-owl-7,64173,8388608,25.824388918,324832.77829482383,2097152,6.378331196000001,328793.21182242344,25518c68993f72db571283fb3ac4964f741e7c77474867b18cd2bb0b8700e72a
trial-0006,flappycnn,quiet-owl-7,64173,4980736,12.717213714,391653.08628232434,4980736,12.717213714,391653.08628232434,e0164f6e336a80a37c48190fbd5e21ac5fc3e3677e1b5f8b8eb4a2cf958f173a
trial-0006,flappycnn,quiet-owl-7,64173,9961472,25.52148394,390317.11570608616,4980736,12.804270226,388990.2284228783,ee6b7d7a53334cbfb135266dd79e65271c75c36a34c5d1ab9d69d74438a87236
trial-0006,flappycnn,quiet-owl-7,64173,14942208,38.076558406,392425.3825851406,4980736,12.555074465999997,396710.98833289876,f0fa6b736e23313f397dc5c1031c365549efac27bcb7f6da77b24d47759f4dc5
trial-0006,flappycnn,quiet-owl-7,64173,19922944,50.39176781,395361.0850708514,4980736,12.315209404,404437.7839310023,aedc4c43a9ef8645fc11af42ca8082e602b38de9e33b1b213e155e0cdd853f41
trial-0006,breakoutcnn,quiet-owl-7,64173,4194304,13.987271972,299865.76427456626,4194304,13.987271972,299865.76427456626,a67a2e90fc083910805386160486d796c60d0626db41e0bcc90b5fbf0355b35f
trial-0006,breakoutcnn,quiet-owl-7,64173,8388608,28.046449737,299096.9651653775,4194304,14.059177765,298332.09808624967,2bb8a1943862dd3f863cbcb80b3fbd8d551cc59cb1c116cf15db1afa99914dfe
trial-0006,breakoutcnn,quiet-owl-7,64173,12582912,41.827844482,300826.21172159305,4194304,13.781394745000004,304345.3930177659,6938480d9dc54dd3e67e4c9160a5895f6d27ad0e84dbd68eaba1980fb37a29ee
trial-0006,breakoutcnn,quiet-owl-7,64173,16777216,54.825264878,306012.49327902973,4194304,12.997420395999995,322702.8034955931,d1195e4e01105e6a7880c296dd71db5186aec7d411937a0d0a64241f069e252e
trial-0006,snakecnn,quiet-owl-7,64173,2097152,5.620525292,373123.8435996348,2097152,5.620525292,373123.8435996348,eb9c837ff89b7d59151e9ed05f9d373a42df6d08ed7b43bd7d962a48b99fd892
trial-0006,snakecnn,quiet-owl-7,64173,4194304,11.136090042,376640.6327697687,2097152,5.515564749999999,380224.34602005174,d864aebc14f1d06b36d7a064f29996dca448ef6ca40d274335b06adf4ec34abe
trial-0006,snakecnn,quiet-owl-7,64173,6291456,16.575180337,379570.8928702198,2097152,5.439090295,385570.35942717333,db4e238c460a47d1653dc2dd9ab504b218755a630ff6d01d9f04423bd96397ad
trial-0006,snakecnn,quiet-owl-7,64173,8388608,21.964515389,381916.370629378,2097152,5.389335052,389130.0095030722,fc6c1e535327b46deefcade7424ce24403ae3eceb2160f8b0be0ac3cccd4582f
trial-0006,mazecnn,quiet-owl-7,64173,8388608,36.839115731,227709.2659132698,8388608,36.839115731,227709.2659132698,b5b6bc94ef0fe8a697fc70faf054fae286f452bb9a79161240e8575ad020dd16
trial-0006,mazecnn,quiet-owl-7,64173,16777216,73.323785215,228810.0096142861,8388608,36.484669484,229921.4469704527,588a2b868330e6dc4061f543738878dbff1e890f4dbd79969f54f180b8de1973
trial-0006,mazecnn,quiet-owl-7,64173,25165824,109.701518415,229402.69527353198,8388608,36.377733199999994,230597.32594883072,fea20dd1176495a3c148e2c7ad704d3546b3d13a6880946b4af58d4340cb4bbd
trial-0006,mazecnn,quiet-owl-7,64173,33554432,147.574453884,227372.90307965668,8388608,37.87293546900001,221493.4727429907,387bc6d46dcbce446a7a1accb403fc5362e2bcd5acabb7c76a28d26e8f0697f8
trial-0006,connect4cnn,quiet-owl-7,64174,3328000,22.39396019,148611.49934017097,3328000,22.39396019,148611.49934017097,f714f6dd0c7b9bf46fb4c81d642e82fb3302c4705a5741a51428480cdd6dedd6
trial-0006,connect4cnn,quiet-owl-7,64174,6656000,43.39226228,153391.40321955117,3328000,20.998302089999996,158489.0047650515,95f45e57a4a78a709b47a9a04e25a7129d5d61f0b6633ffdfbe8486905591072
trial-0006,connect4cnn,quiet-owl-7,64174,9984000,63.777662608,156543.83669350168,3328000,20.385400328000003,163254.09098926967,706734ff17da87521254cb96b1eda826c32c049abfe71c15f0e86cbe823edfd7
trial-0006,connect4cnn,quiet-owl-7,64174,13312000,84.134124084,158223.55251133558,3328000,20.356461476000007,163486.1738580483,19b070f717f517a02c5f63b7788f7b792fec4640d210f8a3b061999c59374ddd
trial-0006,pongcnn,quiet-owl-7,64174,2097152,6.532229238,321046.90812138334,2097152,6.532229238,321046.90812138334,90c769f4eb26851c1fdb607286e381341e6d03f9caea7128528a431bd59fe406
trial-0006,pongcnn,quiet-owl-7,64174,4194304,12.949138006,323906.03900094074,2097152,6.416908768,326816.5523028985,9b0f964776519074556df2bafd5051d8238d7f548c37d91e14c06a8f2c5ad7f8
trial-0006,pongcnn,quiet-owl-7,64174,6291456,19.448330514,323495.9420023769,2097152,6.499192507999998,322678.8554760564,d2e87c70cf8be48dbd1ad10fe9985b24d421d642bba04f93da8b2c6515c5a6d6
trial-0006,pongcnn,quiet-owl-7,64174,8388608,25.870124945,324258.5034990831,2097152,6.421794431000002,326567.9122141304,6278b577c1a2205a89b14880f81c1a0771444ca1c1fd2a0ae2d71881351b8953
trial-0006,flappycnn,quiet-owl-7,64174,4980736,12.976412217,383829.97678471485,4980736,12.976412217,383829.97678471485,ba4ad26e8e3687b677c4097571cf197de04aca5ba83c79d7f419cd3f07599efb
trial-0006,flappycnn,quiet-owl-7,64174,9961472,25.744287313,386939.1247420468,4980736,12.767875096000001,390099.05427101144,cc7c5bbf0252da98dc08613aaaa79f5f369ceefa21a242f6b5b1d8fab75f79be
trial-0006,flappycnn,quiet-owl-7,64174,14942208,38.510825623,388000.1988603432,4980736,12.766538310000001,390139.9015971777,211f797638b4985a257b447486ace114cb2d3f377ceaf53e423246ddf0dcbecf
trial-0006,flappycnn,quiet-owl-7,64174,19922944,51.228781158,388901.3860890733,4980736,12.717955534999994,391630.24169198767,0845c3bb8e3fb2f11f06daed8abba3cf2c7483fb2a099cb9a7ff17fc42d4aedd
trial-0006,breakoutcnn,quiet-owl-7,64174,4194304,13.254088854,316453.5899979413,4194304,13.254088854,316453.5899979413,46a5f48a6c8b63cb7e62b8af3e1a741bff4cd2e1fcca84e0868dbbca6481359f
trial-0006,breakoutcnn,quiet-owl-7,64174,8388608,26.236312924,319732.731664685,4194304,12.98222407,323080.54285493476,1a08efa1f89c811d34caa70a7aaf8016c1ac20fac16066169570a466f2f1c189
trial-0006,breakoutcnn,quiet-owl-7,64174,12582912,39.187730655,321093.15312941023,4194304,12.951417731000003,323849.0246485278,3aaddc08193ae25fdf1cefe6996a0c5ab96338d5fbf2434e263f1cac274747d1
trial-0006,breakoutcnn,quiet-owl-7,64174,16777216,52.173009174,321568.87757896073,4194304,12.985278518999998,323004.5465611626,11998b4fd50373ffffc312f7ab73ef718869a66adcb4594f0a6b833a1ecf0f68
trial-0006,snakecnn,quiet-owl-7,64174,2097152,5.628879394,372570.0718042423,2097152,5.628879394,372570.0718042423,9f474ae03a12349e2b44e977d4c6ea1f406334dfbd91b4c7b83c80735797311b
trial-0006,snakecnn,quiet-owl-7,64174,4194304,11.015956876,380748.04097481107,2097152,5.3870774820000005,389293.08275354776,6651c60a60d472baf1938565b10cb9c9c9ddfb9ea33473083069098c7ee160f0
trial-0006,snakecnn,quiet-owl-7,64174,6291456,16.390170522,383855.43283733266,2097152,5.374213645999998,390224.90323973267,689bd3ed2d02bdadd8744d8ab61419034dd15291ab832038afd9b2ffdbed99fe
trial-0006,snakecnn,quiet-owl-7,64174,8388608,21.762855593,385455.2985545788,2097152,5.372685071000003,390335.9255728092,11b74598f5bdeed2051f06b4ec680e1c566a19d1a799cb5b543b5e775f2aeafd
trial-0006,mazecnn,quiet-owl-7,64174,8388608,36.753773726,228238.00523280178,8388608,36.753773726,228238.00523280178,2fb168c2a00883cbedf434fbee5b8e01a6201ef02fba7f923525b56b57cfdbce
trial-0006,mazecnn,quiet-owl-7,64174,16777216,72.707102317,230750.7171287342,8388608,35.953328590999995,233319.37066043657,0d442f14a6257218cd3810c30fcd29b54d60a7709623025cf4dce937b2937935
trial-0006,mazecnn,quiet-owl-7,64174,25165824,108.653676903,231615.02415115372,8388608,35.94657458600001,233363.20905711784,df75430cf61f8b7a12fde28b69fadd63291776ca25bd28260fc973b0ffad9863
trial-0006,mazecnn,quiet-owl-7,64174,33554432,144.646672067,231975.13997734885,8388608,35.99299516399999,233062.23785427678,95e46651d06a56265c893f667185d660a69ec18326b63677f1ebc0a1287f4192
trial-0007,connect4cnn,quiet-owl-8,64173,3328000,21.910000236,151894.11064139617,3328000,21.910000236,151894.11064139617,4b12efe79e58a32cd43dfcc8d8426b12445adb3a516a76cc5cce030dcf9b9052
trial-0007,connect4cnn,quiet-owl-8,64173,6656000,42.286250983,157403.4076152993,3328000,20.376250747000004,163327.39723916,d8c3abdb56be04edf506803786502019a157b613738f057c4d96a7bc27eb1b3f
trial-0007,connect4cnn,quiet-owl-8,64173,9984000,62.475331239,159807.07588097628,3328000,20.189080255999997,164841.58554032946,4e50723d8e5669eb59e3458e50b1b7a28ccf0fe122a865f8074c577744b1278f
trial-0007,connect4cnn,quiet-owl-8,64173,13312000,82.552449465,161255.0576787419,3328000,20.077118225999996,165760.8409004744,0c9e2f7ef34536399657781e2c345ae3a40ca700010d600c5c67cd8e1b2c22f8
trial-0007,pongcnn,quiet-owl-8,64173,2097152,6.74080921,311112.79590718454,2097152,6.74080921,311112.79590718454,727065560fc41986d5210d50f02423a484b55fa79d9b1d4074c016374633b779
trial-0007,pongcnn,quiet-owl-8,64173,4194304,13.271639229,316035.1127413848,2097152,6.530830019,321115.69186440343,0e454532613ee62163da3794003d69bf70865728772bff2dead5ff336d4c152b
trial-0007,pongcnn,quiet-owl-8,64173,6291456,19.778730417,318092.0042568777,2097152,6.507091187999999,322287.1693987394,8017016c6c8899b24e4c2a69930f4205fc7b6223304030bb6c339d4633fd05a7
trial-0007,pongcnn,quiet-owl-8,64173,8388608,26.306902418,318874.790604775,2097152,6.5281720010000015,321246.4376978353,a95bdec3edcb31527fd79209ec98be78b9663a566cd669a9dc1b282805c84405
trial-0007,flappycnn,quiet-owl-8,64173,4980736,13.607020682,366041.62780385494,4980736,13.607020682,366041.62780385494,2ef6354179f205e90e30aada7ae6ecee755f9f0a118576746ccaec2fb675f086
trial-0007,flappycnn,quiet-owl-8,64173,9961472,27.342064602,364327.7179321471,4980736,13.73504392,362629.78327629546,db97ef0199a34e8a55bb5c53f0cfd42cc50e845ba89cfc1b65b1acefa4a5cf18
trial-0007,flappycnn,quiet-owl-8,64173,14942208,40.585016771,368170.5513222049,4980736,13.242952168999999,376104.6582694186,08e9be6d1efe3ef7134b7560c3fb0cb9344978519ea8a98caa88e3d3819809fd
trial-0007,flappycnn,quiet-owl-8,64173,19922944,54.005264432,368907.442812093,4980736,13.420247660999998,371135.92280970357,1cd5ccb09c07535829264d522cfe271122550a9f6fce8527906ec50309a4d324
trial-0007,breakoutcnn,quiet-owl-8,64173,4194304,14.928923089,280951.54452838376,4194304,14.928923089,280951.54452838376,8c79a0ffb96b2f0c9d6e3c5afebdb0dfaec5779a8661bc94438cc849cfed55a7
trial-0007,breakoutcnn,quiet-owl-8,64173,8388608,29.824325398,281267.31746839563,4194304,14.895402309,281583.8010273644,a64b93c41d2ef9c719e16179edf9a87fe501764535e00f670f5c5a8638b1e150
trial-0007,breakoutcnn,quiet-owl-8,64173,12582912,44.456883989,283036.3010397535,4194304,14.632558590999999,286641.8729107141,d9db834271120734eed8a8f872f14c0abdb9b440fbb917d40aeaa6dcdc08fc17
trial-0007,breakoutcnn,quiet-owl-8,64173,16777216,59.290829895,282964.76925202936,4194304,14.833945906000004,282750.3906633161,bea887207d61fa5acb8a6b33872e5ef2e5a7d7b5e77271399d2d52b3a7f8c27b
trial-0007,snakecnn,quiet-owl-8,64173,2097152,6.451777851,325050.24947115156,2097152,6.451777851,325050.24947115156,5bc883e56bc5f6b07217705aa9cc2d8c2f58a4e871a6ac73376c6a58aa9a8290
trial-0007,snakecnn,quiet-owl-8,64173,4194304,12.63501467,331958.77563630877,2097152,6.183236819,339167.3425083478,6ecc42283c6b02a38af2d0602e48867c4328ad37b3148c6579b3c1d85424455e
trial-0007,snakecnn,quiet-owl-8,64173,6291456,18.774534665,335105.8288399927,2097152,6.139519995000001,341582.4041143138,5dba6b6b4e1f6c20aa859b5206088d84dc91b2ab413a33b1ed0aee704b75a8a7
trial-0007,snakecnn,quiet-owl-8,64173,8388608,24.923725214,336571.1958374506,2097152,6.149190549,341045.212908721,9d0ee07ff0d0547c4ad689817756988802d0db0ea82edc35ae9f3e9c81d65558
trial-0007,mazecnn,quiet-owl-8,64173,8388608,37.691043406,222562.37137400729,8388608,37.691043406,222562.37137400729,040fe7be1adba16aa74b2cc049690440b7553fd4150d7f89f7649ee33c17c316
trial-0007,mazecnn,quiet-owl-8,64173,16777216,74.007692574,226695.569291321,8388608,36.316649168000005,230985.1870197189,bf39251ce86f11aa4a3123b1334f64e8d6d3ada72c4b0275ea1aef2157f5cd0e
trial-0007,mazecnn,quiet-owl-8,64173,25165824,109.564177356,229690.2564989857,8388608,35.556484782,235923.43426048185,6f5b14c2a1783d5a3013c5705efdaf2981a32e5e684975aa249d7aa3cc8b62a8
trial-0007,mazecnn,quiet-owl-8,64173,33554432,145.276470355,230969.4881628514,8388608,35.712292998999985,234894.1301594635,30a14cc4e76d42e66de9281fa4e4f51392820014f4656ed75a0ce4a6ab5524c3
trial-0007,connect4cnn,quiet-owl-8,64174,3328000,21.794082187,152702.00283933617,3328000,21.794082187,152702.00283933617,70701c29762e8f68259f9c03b743802759e39ad1defc410d57f2e83ba1a6d9f6
trial-0007,connect4cnn,quiet-owl-8,64174,6656000,41.250633928,161355.09606028278,3328000,19.456551741,171047.7809378237,07e005e00de0acb61e2285e4d5299bc797b554919dc8fafce975570be2046935
trial-0007,connect4cnn,quiet-owl-8,64174,9984000,60.124155507,166056.38641922557,3328000,18.873521579,176331.69231665626,15a67fea5b58cce1381bad6265a24a7c706120775ba978098daeacd2cb310689
trial-0007,connect4cnn,quiet-owl-8,64174,13312000,79.145404898,168196.75150005321,3328000,19.021249390999998,174962.2189157911,2d59201e2f8f171f045da05aca780bfc53ee1981febfcc50bdbc2917096a6714
trial-0007,pongcnn,quiet-owl-8,64174,2097152,6.467395137,324265.3271642834,2097152,6.467395137,324265.3271642834,e4d6e5d95a3c2dfa15ed07fd25cc486071c471098aba4a2aa09f0c94873de871
trial-0007,pongcnn,quiet-owl-8,64174,4194304,12.79879339,327710.8921280899,2097152,6.331398253000001,331230.4669835464,8fafdd2bde89d4987fb936a8eeb30ed09dfac94f2c095cbbedef579a9c06d4e1
trial-0007,pongcnn,quiet-owl-8,64174,6291456,18.890864256,333042.25337396865,2097152,6.092070866,344242.8767045797,539fdada8c6afd8e9138a5c2c250e01cc159a7ea2f9440c3c42546517524db04
trial-0007,pongcnn,quiet-owl-8,64174,8388608,25.004861977,335479.0763378746,2097152,6.1139977210000005,343008.3058089514,c4cd8179cd630581ffd6f2d042842b9b4455993dc1210b23b879695610368374
trial-0007,flappycnn,quiet-owl-8,64174,4980736,12.468991408,399449.79004511953,4980736,12.468991408,399449.79004511953,14f9f8e53c458cceb91cb2cfb96c812a874790741cae701ae85f1f58ae28efb8
trial-0007,flappycnn,quiet-owl-8,64174,9961472,24.668725212,403809.7597014978,4980736,12.199733803999997,408265.95727580035,945315c086c00613ad77a33a0aab2f9edfe22c52786653ce80b992709363f5d8
trial-0007,flappycnn,quiet-owl-8,64174,14942208,36.836260584,405638.5681691647,4980736,12.167535372000003,409346.33413613867,dc975d48960f800b91f0430418246f7e4291e8870bb44708d12403ed91358ec1
trial-0007,flappycnn,quiet-owl-8,64174,19922944,49.15598972,405300.43466694746,4980736,12.319729136,404289.40807193413,510c483fbe1a82d4403308c8bda2c5ffdca62296cf76fc6ce26e8380dd0bcc3e
trial-0007,breakoutcnn,quiet-owl-8,64174,4194304,13.586543225,308710.1649433718,4194304,13.586543225,308710.1649433718,2ce22a83acecfeddaf6de45b65f98c876cf9473ce845112d93c7d976d66c1177
trial-0007,breakoutcnn,quiet-owl-8,64174,8388608,27.166837937,308781.16987531685,4194304,13.580294712,308852.2074777783,542130e4bba8513a707894ed5fc5ebc7884b1c0d930ee1a6c37da8ce87391b8e
trial-0007,breakoutcnn,quiet-owl-8,64174,12582912,40.495176468,310726.19253661577,4194304,13.328338530999996,314690.6863330782,041dde742d44a038eaeb039762c9f9c1adf7c922fd5820a45656a0dfd2d4ceee
trial-0007,breakoutcnn,quiet-owl-8,64174,16777216,53.727049325,312267.5860815105,4194304,13.231872857000006,316984.90798157145,b49295ed0fc70f8fb288ae0db0d7f3b9736b00c1a659b8cb5cb10a2ecda26d73
trial-0007,snakecnn,quiet-owl-8,64174,2097152,5.742862161,365175.40230058815,2097152,5.742862161,365175.40230058815,78c9be6b131d304ea6fbeae9ec41c279f927567296965bf8d34a473c3dfd9f97
trial-0007,snakecnn,quiet-owl-8,64174,4194304,11.207006026,374257.31638488546,2097152,5.4641438650000005,383802.4861375058,90cd09be8d54246fb578145a3cfeeb87bd3c12c0b8a54d6e50cf729e25b096b6
trial-0007,snakecnn,quiet-owl-8,64174,6291456,16.655400018,377742.71366647637,2097152,5.4483939920000015,384911.9581071588,b0f712458c2b6bdba47641040bf6f6f8921c93e53f6b024a2ee854dc5ecb0e78
trial-0007,snakecnn,quiet-owl-8,64174,8388608,22.122901185,379182.0941499179,2097152,5.467501166999998,383566.81342067296,b74e093bc623080a110eaba965f6ecd358609dfd805976440ca1c51ec07a2aa5
trial-0007,mazecnn,quiet-owl-8,64174,8388608,35.054536658,239301.63681355023,8388608,35.054536658,239301.63681355023,4f1b3659b997420986d457fc008e0d4619830dc8b16b40694ffce843afa52c25
trial-0007,mazecnn,quiet-owl-8,64174,16777216,71.367973804,235080.4584431074,8388608,36.313437146,231005.6182859579,226984db28491def3537d0ba1a184a1b6f1ec35db7460461c87402aa201f8f10
trial-0007,mazecnn,quiet-owl-8,64174,25165824,106.7249283,235800.80493715356,8388608,35.356954496,237254.8235439514,4eb085cada6316d98e53f4bc83f3502c825dc557ae61a0e426e6653196ddc0cc
trial-0007,mazecnn,quiet-owl-8,64174,33554432,141.609073266,236951.14462737142,8388608,34.884144965999994,240470.50624792435,67b31135d32221a3f31f72c948603e11907eacbfc24b38a8df010f830f2cef5b
trial-0008,connect4cnn,quiet-owl-9,64173,3328000,24.745669523,134488.17769536492,3328000,24.745669523,134488.17769536492,0b24aebe35af0e579b760979fc96fa7f9e48408dac22412db64b9c6ea080cfa9
trial-0008,connect4cnn,quiet-owl-9,64173,6656000,47.9268348,138878.35547195366,3328000,23.181165277,143564.8277484131,ab2e7b5ed5acab800dede0dfc9cb7392d0aa836cc31f97badef275af3652cc75
trial-0008,connect4cnn,quiet-owl-9,64173,9984000,71.845931198,138964.0280739785,3328000,23.919096398,139135.69077292868,a2004ef37383147de1e03a29c88bd5a66c6df55121bcc3993a3195d525d19c7b
trial-0008,connect4cnn,quiet-owl-9,64173,13312000,95.348443632,139614.23483091177,3328000,23.502512433999996,141601.88232410152,53f1e1ab27e3447eca95ea6ef49adbcb3d0bbb6dfe58fa8d10ec89c5892f5c2b
trial-0008,pongcnn,quiet-owl-9,64173,2097152,8.431994914,248713.62250444543,2097152,8.431994914,248713.62250444543,d90876f983b15195ebf97ccaac9f585e4849d01fa1c632f42953099d301e4b82
trial-0008,pongcnn,quiet-owl-9,64173,4194304,16.861576609,248749.21825289202,2097152,8.429581695,248784.8241916825,4f12f261ac051b2e96903539ce983e9b33151e381869b91d7550aae9ade4e214
trial-0008,pongcnn,quiet-owl-9,64173,6291456,25.220045552,249462.51532448462,2097152,8.358468942999998,250901.45268246892,33fb2594e59591935e595880c8440a99a82ccb7991067e48c4069a119f936e85
trial-0008,pongcnn,quiet-owl-9,64173,8388608,33.877056196,247619.1541398003,2097152,8.657010644,242248.98018965634,d70c739ffd9a5fa01df32de8c804e38d2e28ec16e3e398711231ebdf28b77b30
trial-0008,flappycnn,quiet-owl-9,64173,4980736,18.165511261,274186.3924685274,4980736,18.165511261,274186.3924685274,413b4f75ad511a943cd36c7911560c81356d8f99454f04ec5e9906755ecaee4c
trial-0008,flappycnn,quiet-owl-9,64173,9961472,35.988620303,276795.0512170542,4980736,17.823109042,279453.82527049235,38545396ee2a7c932c7d3939870d0e0b2ddfeaf3c647fb2df9120c0273bfced6
trial-0008,flappycnn,quiet-owl-9,64173,14942208,53.763169708,277926.4705030326,4980736,17.774549405000002,280217.2863295715,27ff932357dfef518ae1ba496fa083cc319c9deba4a5b07a94389b817d0c197c
trial-0008,flappycnn,quiet-owl-9,64173,19922944,71.909897533,277054.26768070704,4980736,18.146727825000006,274470.1991473219,2dbc330aa3c2bb0b9cffde9264a8e2606e94f8f8b401fe0496f7393eaae861e3
trial-0008,breakoutcnn,quiet-owl-9,64173,4194304,19.10134267,219581.6321638713,4194304,19.10134267,219581.6321638713,31da80372f82118bd29d9686992354b34fc7d30cbd9ed5ab99622b97ba424840
trial-0008,breakoutcnn,quiet-owl-9,64173,8388608,36.763499151,228177.62709542905,4194304,17.662156480999997,237474.0595528076,c24c5924ad496e4b92515be77ba3b98b6c104261e6668bfcfe8f8fe5dedc7af3
trial-0008,breakoutcnn,quiet-owl-9,64173,12582912,53.668440424,234456.4496488153,4194304,16.904941273000006,248111.12515954132,fa662e64b1a9581bf68d1fd82cd96cb86fd36e305100d8f2fbe5b1872db11840
trial-0008,breakoutcnn,quiet-owl-9,64173,16777216,70.772398068,237058.7468843433,4194304,17.103957643999998,245224.18070132122,d372f04fc3f19147f42000208feed9ab9bbc837afef36a9c83d7e0b582f98a4c
trial-0008,snakecnn,quiet-owl-9,64173,2097152,7.709833476,272010.02544714365,2097152,7.709833476,272010.02544714365,9934c683538ade6fa0cfde070041f1796e03d49459dafd85f80301b860cb4740
trial-0008,snakecnn,quiet-owl-9,64173,4194304,15.201526955,275913.335049571,2097152,7.491693479,279930.2995882755,589c7433d191dd766b4d2753de10874ea730f33eab7b963be7a11ea29c5d7edc
trial-0008,snakecnn,quiet-owl-9,64173,6291456,22.673235653,277483.81820252235,2097152,7.471708697999999,280679.0367190518,5ce853f63c37fbde9ec0a58fa9ade7c08e5fa7433cfa6dbc69176cd41f60fb1e
trial-0008,snakecnn,quiet-owl-9,64173,8388608,30.186883093,277889.173723445,2097152,7.51364744,279112.3774101384,5877d7b0b3668dd143d5fd9ad443a54c13480bc119983198a73af6c9b44997f7
trial-0008,mazecnn,quiet-owl-9,64173,8388608,56.282875528,149043.69972758013,8388608,56.282875528,149043.69972758013,085af6fc20c179576e40215b9703332a1c6ed852e8cd5c8836e67b08f782d24a
trial-0008,mazecnn,quiet-owl-9,64173,16777216,113.858655247,147351.2572549205,8388608,57.575779719,145696.81975547367,073dd7749f64566cb02feb98c0770415a438a268dbbbd3f239a36b8405a5b63f
trial-0008,mazecnn,quiet-owl-9,64173,25165824,169.907782151,148114.60476621782,8388608,56.04912690399999,149665.27514992104,1973347294102ba02c69c8148801d150e77b412c9541f327fe4aabc42b9582bd
trial-0008,mazecnn,quiet-owl-9,64173,33554432,227.437535273,147532.51682807598,8388608,57.52975312200002,145813.38428848746,9322874d9bb564450ddd4e4be45705c01164b593c57328d308fee71600967d89
trial-0008,connect4cnn,quiet-owl-9,64174,3328000,24.777808737,134313.7335235941,3328000,24.777808737,134313.7335235941,c09ee934f559505b00eb302f449b04d26650b4e6e3076dec4d67520bee54a997
trial-0008,connect4cnn,quiet-owl-9,64174,6656000,47.803699044,139236.08702066366,3328000,23.025890306999997,144532.9564081294,bee16bf7680724233b81b70d89c79a6160d77da6e54f0ddf6cad24dda6ff95d2
trial-0008,connect4cnn,quiet-owl-9,64174,9984000,70.660081404,141296.1859315777,3328000,22.856382359999998,145604.84452798593,e808f3d977ad4e24dba5f225bdb68b8a5b35454993a8e3abe62ef01e11f694eb
trial-0008,connect4cnn,quiet-owl-9,64174,13312000,93.742347276,142006.2585034944,3328000,23.082265872000008,144179.952629219,2bed38db5bd9ea79efee6bae0262a0662aff7ad0623554d884b5c8509a5bf0dd
trial-0008,pongcnn,quiet-owl-9,64174,2097152,8.77813873,238906.22653670455,2097152,8.77813873,238906.22653670455,149afe94a8414afd061de7a94c6e58f21981ba28755f685ab27fab1e5496c3fb
trial-0008,pongcnn,quiet-owl-9,64174,4194304,17.12337233,244946.14256863503,2097152,8.345233599999998,251299.37644885105,4f90b69f90a6d34e8ec6de57c6ebbdd4d80929d00d065548f562018b6b946e3d
trial-0008,pongcnn,quiet-owl-9,64174,6291456,25.424790917,247453.59836148305,2097152,8.301418587,252625.73836285458,19b9c488663c2ea74beaf5ef761e28d1f3eb2405950a2a9eda0a6b0c5b15013a
trial-0008,pongcnn,quiet-owl-9,64174,8388608,33.568530886,249894.9992327049,2097152,8.143739968999999,257517.06316545338,f8824c972dfed25ed4994d93979fa9b63c0b53b188d12ae5697ab3f341a31afe
trial-0008,flappycnn,quiet-owl-9,64174,4980736,17.48569136,284846.38653715776,4980736,17.48569136,284846.38653715776,a0b917b0c6f74380c2368cdd740bff0cbda93f5f18af82bb5c6d2ecd6911240e
trial-0008,flappycnn,quiet-owl-9,64174,9961472,34.823002823,286060.10948086926,4980736,17.337311463000002,287284.21996856405,f1920175c19ce8c0e49a9312d1827bd0cea0d87fd3b646030f27a57b6ea3446b
trial-0008,flappycnn,quiet-owl-9,64174,14942208,51.883736375,287994.06218554167,4980736,17.060733551999995,291941.4915436692,718d07cb075a1d0651fdd9dd672302b5d21a9dc6f51b8affdd751d9735bdc5e5
trial-0008,flappycnn,quiet-owl-9,64174,19922944,69.288672835,287535.3673961015,4980736,17.404936460000002,286168.0082226511,b27892932df95087350089879eda2cd683954ea94fa8e40553033c3c437178f7
trial-0008,breakoutcnn,quiet-owl-9,64174,4194304,17.422085774,240746.37528529484,4194304,17.422085774,240746.37528529484,e68adaaa439f941565c28a9b4385026e8b97ef7170d7a00c23f0ff9394705711
trial-0008,breakoutcnn,quiet-owl-9,64174,8388608,34.623866316,242278.1997666029,4194304,17.201780541999998,243829.64250469045,46507e39e701fe010fd673c70b075a450a448335f8b876975a3e6b8c731136fc
trial-0008,breakoutcnn,quiet-owl-9,64174,12582912,51.83207476,242763.03926213895,4194304,17.208208444,243738.56311941825,08bc0fcaf7a4dd903f1d6dd6f33e8364d4efa40a7313f581c7e51d5213d41eb8
trial-0008,breakoutcnn,quiet-owl-9,64174,16777216,68.953399069,243312.3852706876,4194304,17.121324309000002,244975.44257106446,9e3ccdc7e10c21fcede96c95f31a89e91a6e6148537cd691bbd9a51defea4625
trial-0008,snakecnn,quiet-owl-9,64174,2097152,7.684423809,272909.46623009193,2097152,7.684423809,272909.46623009193,18a3c9eb3049a215d41eb59c463d122fdccbaf2c5368f9584957ef13b870edee
trial-0008,snakecnn,quiet-owl-9,64174,4194304,15.113873251,277513.508969151,2097152,7.429449441999999,282275.55976684176,72e8e16b6243e4dec181b4f3e984e0291371fd4f3658eed399da651c5b021961
trial-0008,snakecnn,quiet-owl-9,64174,6291456,22.578325357,278650.24976484576,2097152,7.464452106000001,280951.89978033194,64632c919222a4a231034bf6e4ebe4608ba4b00b420b3130cffcb576ac22b651
trial-0008,snakecnn,quiet-owl-9,64174,8388608,30.035905733,279286.0010471921,2097152,7.457580375999999,281210.7807445239,02181f6d1b7d5b714bb41fb3fc8c8de30c7338ccf0d07b51c809ef9faeb70b39
trial-0008,mazecnn,quiet-owl-9,64174,8388608,55.540416392,151036.10208454053,8388608,55.540416392,151036.10208454053,42332dbfbf7fa3dbef53f943543f56e5410dc76881b3df0ea7db28500289db9d
trial-0008,mazecnn,quiet-owl-9,64174,16777216,110.689978601,151569.42129762442,8388608,55.14956220900001,152106.52023328372,9ba39a88dd84b093344d60fc84e350affe251ea3cc254ccfd9829557d8653118
trial-0008,mazecnn,quiet-owl-9,64174,25165824,165.926171565,151668.80403879823,8388608,55.236192964,151867.9610209061,254a846a057fd7b36ca83d88a35fb58b5a3b7d7b564adde30c3f0f6f4f14d8ed
trial-0008,mazecnn,quiet-owl-9,64174,33554432,221.710455005,151343.48084416354,8388608,55.784283439999996,150375.83137592062,1ba395d38e8c4e56e1369c2c53ec76c2944df0acf5da8cc3b58d92a8abf4397a
trial-0009,connect4cnn,quiet-owl-10,64173,3328000,24.311194307,136891.67047798051,3328000,24.311194307,136891.67047798051,84bd0e955585fb767456e67753be27ddfc56156c2319a28d4fafdceef5a34af2
trial-0009,connect4cnn,quiet-owl-10,64173,6656000,46.97169785,141702.35066348576,3328000,22.660503542999997,146863.46195638907,c2aa239323fcc7f22fd453206530ed4488ab76dc7478bdcfd4a4b294e87061f5
trial-0009,connect4cnn,quiet-owl-10,64173,9984000,68.825432137,145062.65620136485,3328000,21.85373428700001,152285.18642599706,1325748cb8153e06bb0524a0047d4ef28f74c9a7b8e2b16082bd2434fd783e4e
trial-0009,connect4cnn,quiet-owl-10,64173,13312000,90.3752672,147296.93656717622,3328000,21.54983506299999,154432.73650451333,de1013e754b63eb933c2db78a090a656417dc3e7d1ceee3bf538b00296baa8ad
trial-0009,pongcnn,quiet-owl-10,64173,2097152,8.17924266,256399.28868426554,2097152,8.17924266,256399.28868426554,0779ccb7a3a16327dbd73d5c9398f247c2c26890fef40dde73402937c3e3ca29
trial-0009,pongcnn,quiet-owl-10,64173,4194304,16.202434287,258868.7555033193,2097152,8.023191627,261386.2534384161,154d1ba7d38674b84bbb0cbf5b3940fc0e2aa16b6e7bf3e8ce7771bc817cf6d1
trial-0009,pongcnn,quiet-owl-10,64173,6291456,24.162316853,260382.9772730942,2097152,7.959882566000001,263465.1934386339,75230a37ae6b164be6c6f5508a05791b5ac41fccea6b6599d8cd8cdf2d86760b
trial-0009,pongcnn,quiet-owl-10,64173,8388608,32.293336682,259762.81369139938,2097152,8.131019829000003,257919.9219906366,0ba18521cd99a2f693208afee5614233a1466b5d198dd6554a0a3126cded6cce
trial-0009,flappycnn,quiet-owl-10,64173,4980736,16.282108451,305902.39679272607,4980736,16.282108451,305902.39679272607,e851f674b3e9e5ce739ece097a3bc0e450dc874f7af8bedd5b0aaa9f04a91f79
trial-0009,flappycnn,quiet-owl-10,64173,9961472,33.009566548,301775.30460797733,4980736,16.727458097000003,297758.0915831601,5b0b80c0e01b826a5338d38caa3aa0e837229fb6c8790f41994731e94ea6447a
trial-0009,flappycnn,quiet-owl-10,64173,14942208,50.559700492,295535.9279148477,4980736,17.550133943999995,283800.4550787377,106d06dae86492a9086e9029a09bda870fd5b49c501d6c30e6eb8835f639eba7
trial-0009,flappycnn,quiet-owl-10,64173,19922944,68.033446912,292840.4322328392,4980736,17.473746420000005,285041.10568407795,7a81cd19207b6d57d046adfd8ecaf6770d378325e217fec829887dda331d4594
trial-0009,breakoutcnn,quiet-owl-10,64173,4194304,17.731932984,236539.58109274568,4194304,17.731932984,236539.58109274568,e9e9b75c630a2ce2ce240b73a7fbc2b2e6d93c88a451ce96ad3cf6965db7bddb
trial-0009,breakoutcnn,quiet-owl-10,64173,8388608,34.94375608,240060.28375413272,4194304,17.211823096,243687.37562581326,4fd6984316ed1c7da3c1be06c48f1300443b52264c75f2ea0915130e60aa64f9
trial-0009,breakoutcnn,quiet-owl-10,64173,12582912,52.225482769,240934.33574670492,4194304,17.281726689000003,242701.6741718128,f7345f7fa08a8748facfb4bd39e5e1a45fefdb37d12c8e29ad33ed641d12a6fd
trial-0009,breakoutcnn,quiet-owl-10,64173,16777216,69.341019285,241952.25528836844,4194304,17.115536516,245058.28351212174,cde1d248c74c8defa9eb4348bc50e70a1424d34c6c5e66118b398d366eb72459
trial-0009,snakecnn,quiet-owl-10,64173,2097152,7.414199747,282856.15057087835,2097152,7.414199747,282856.15057087835,b4f86c6c290dd2684b446ef1df80d30b68237191891ee034c70a715f44575638
trial-0009,snakecnn,quiet-owl-10,64173,4194304,14.461238007,290037.6854298184,2097152,7.047038260000001,297593.38925456605,faab1b21453b974fd0daf9067ea9cd56659fb082cdff9056e2368208a0de7755
trial-0009,snakecnn,quiet-owl-10,64173,6291456,21.342827824,294780.8065492268,2097152,6.881589817,304748.18403434637,05ed02c0c1201cbeb0ac609389afda0bb4661e62396d66149aa39b5a8f8c1f44
trial-0009,snakecnn,quiet-owl-10,64173,8388608,28.462290829,294727.08470299636,2097152,7.119463005,294566.0365855079,d2f82c2a8d97766e1a3fcc9e381608db801457314219853b91c23b96d8110c22
trial-0009,mazecnn,quiet-owl-10,64173,8388608,51.065238065,164272.37623610595,8388608,51.065238065,164272.37623610595,3307ea545b51a99a2b884c39df4817d1179f56e20c751ffc9fce70c77c8194c5
trial-0009,mazecnn,quiet-owl-10,64173,16777216,100.390417213,167119.6959407341,8388608,49.325179148000004,170067.46138376943,c4773f40e203dad05e38f674aa1d1eccd8a20d681a2d7530860fa594ab51438f
trial-0009,mazecnn,quiet-owl-10,64173,25165824,149.100742897,168784.02824179592,8388608,48.710325684,172214.1636748577,12ab86eeaf08fd67ec019553d8c15d321002e66df56802fe8dcbdc05546aafb3
trial-0009,mazecnn,quiet-owl-10,64173,33554432,198.672307348,168893.35231419603,8388608,49.571564451,169222.1759168381,fd70d3c4c18974e801099e3bf9b7c1112bd285fd6dcdd640e4d77a8d4f1c591e
trial-0009,connect4cnn,quiet-owl-10,64174,3328000,23.208817341,143393.77793804492,3328000,23.208817341,143393.77793804492,a714cf341003da0a5af0246d293724c6235d08e8aa1c6e2c066a505a993cdaf9
trial-0009,connect4cnn,quiet-owl-10,64174,6656000,44.906179754,148220.13443276967,3328000,21.697362413,153382.6986272776,8b380d0470d5af5fc6d086b5a52f8258017a0bf573ba7ec1b3c3774cd0ae26ab
trial-0009,connect4cnn,quiet-owl-10,64174,9984000,66.36949677,150430.55147154463,3328000,21.463317015999998,155055.2506641502,7cea3995df8c3db5b44edcd744d19f32ec48beff4b2a806e0314c3d86ac6b79a
trial-0009,connect4cnn,quiet-owl-10,64174,13312000,87.860281073,151513.2872035719,3328000,21.490784302999998,154857.07515734682,6a1729f475886175d84b76d1e7a41ef1909233c3fad99d0d67ab3da67260af53
trial-0009,pongcnn,quiet-owl-10,64174,2097152,7.604783392,275767.48631738016,2097152,7.604783392,275767.48631738016,63ee36c0de988f75f4cc06208809eab11cee9db73afae817f4c4cc12352fb9a3
trial-0009,pongcnn,quiet-owl-10,64174,4194304,15.100125102,277766.17555602023,2097152,7.49534171,279794.04824226483,95ae877cbccb68f6234f94ba2a7495d8911eac2a7d36040edd7c1022468a77f8
trial-0009,pongcnn,quiet-owl-10,64174,6291456,22.942239366,274230.2483916992,2097152,7.842114263999999,267421.7601785253,5b4eb94c4d05e9e43877d9011203ac855c7e318f713e655f2c96a8d3787ad929
trial-0009,pongcnn,quiet-owl-10,64174,8388608,30.652371492,273669.1352637871,2097152,7.710132126000001,271999.4892082346,f673a0768e5604512662a5389451b30f6c6e63054a1cead2eb920c73d95daf73
trial-0009,flappycnn,quiet-owl-10,64174,4980736,17.855084135,278953.37609956326,4980736,17.855084135,278953.37609956326,658877ef2e6cb5c94927c587e1f2c8762fa5d0ec4fc07975d7cbd50ffa65a5e1
trial-0009,flappycnn,quiet-owl-10,64174,9961472,34.524515512,288533.2886579567,4980736,16.669431377000002,298794.5951697114,9cdda265915d58a816541777ec0f92ec3eecd4541c6bc1d6e1b774cfd0599c4d
trial-0009,flappycnn,quiet-owl-10,64174,14942208,51.133447991,292219.8401842563,4980736,16.608932478999996,299882.96998001187,4fde3ca835946078cb4e6e7969063858119afff0f4688ea914c5ad6b686bd725
trial-0009,flappycnn,quiet-owl-10,64174,19922944,67.995353694,293004.49100771465,4980736,16.861905703000005,295383.93155133387,d5bbe36f29575d20f7ab2fcbe48500f8be71209b6a9350e6e35302e30d5706be
trial-0009,breakoutcnn,quiet-owl-10,64174,4194304,17.267320994,242904.15412196398,4194304,17.267320994,242904.15412196398,69fc3f0fc170c5c934c9b7916020fe33d2fbd5b0aac7916be5963e9b894782d4
trial-0009,breakoutcnn,quiet-owl-10,64174,8388608,34.475726231,243319.25435865374,4194304,17.208405237000004,243735.7757581031,8f34e6f6d7e5c8758a273399a2c98916284b0dd46b4293a0f6c7a183c873df62
trial-0009,breakoutcnn,quiet-owl-10,64174,12582912,51.833200925,242757.7648196343,4194304,17.357474693999997,241642.5242693775,3a859e07c86680d93f903d97ba0d6a8722fdac7404007abaf60ddc400499d0df
trial-0009,breakoutcnn,quiet-owl-10,64174,16777216,69.019544075,243079.20640230627,4194304,17.18634315,244048.65906567217,111b010b8f332241f21df738c4ffdd8e1b4ab6f463ff8e66bd467cfd58632f22
trial-0009,snakecnn,quiet-owl-10,64174,2097152,7.990998969,262439.27800962277,2097152,7.990998969,262439.27800962277,16e03e8021de9a3bab793cedc68183b2ad2b0ae17044e397788f259544ae0317
trial-0009,snakecnn,quiet-owl-10,64174,4194304,15.545287149,269811.9346267471,2097152,7.55428818,277610.8019749916,10b4c6ca4faac929f6cddc8eea37b833c6835a2aff71250dbb3bde2a5bb9cfe1
trial-0009,snakecnn,quiet-owl-10,64174,6291456,23.308467517,269921.47790974827,2097152,7.763180368,270140.8315391597,0c6448d5151884e57f9e00d7f323bfcf9b69ec6e5a1ad714a9b5ad1011a295b4
trial-0009,snakecnn,quiet-owl-10,64174,8388608,30.741728147,272873.6640922583,2097152,7.4332606299999995,282130.8311908337,1eff6423e9cd4a90214017b37da008c8ed1a05d8a00b948d58e81b1a2ddf56bd
trial-0009,mazecnn,quiet-owl-10,64174,8388608,52.439640342,159966.92474035505,8388608,52.439640342,159966.92474035505,1c084fb69edaa69e0460aff27b0bc2c37f1ef99da29cf904b47737b4dff043c7
trial-0009,mazecnn,quiet-owl-10,64174,16777216,105.158559108,159542.08713310206,8388608,52.71891876600001,159119.50010268536,03a14ce9699984b6cf68ef963d9d151100d98609f409a8fedca01b4d6977b461
trial-0009,mazecnn,quiet-owl-10,64174,25165824,157.115290532,160174.25111704468,8388608,51.95673142399998,161453.7283252794,51e43fa47b3230c1539d2f224e027ceda050439e3ef2acd01103e071711b3da5
trial-0009,mazecnn,quiet-owl-10,64174,33554432,207.733188836,161526.58218947554,8388608,50.61789830400002,165724.14661746434,c66e46536a185b9643da87e0fdf3dfdf7542807f3b1dae92743a7461197ac681
trial-0010,connect4cnn,quiet-owl-11,64173,3328000,20.950402717,158851.3617115115,3328000,20.950402717,158851.3617115115,14093e20e1d5881310d1833d83dce193d5ae39cc1a30a756b7d51a260b41cc3a
trial-0010,connect4cnn,quiet-owl-11,64173,6656000,40.740873576,163374.01277327977,3328000,19.790470859,168161.73923858636,2c5d864c719a568d4a1ba6071ae4886e55636e510457b5e86516ac3cbfa80bf5
trial-0010,connect4cnn,quiet-owl-11,64173,9984000,59.690506811,167262.77817698324,3328000,18.949633235,175623.4518488294,5061ede7de237443cdb98329d6c13afad0dfc64862c4ca8946cac32fc9002b3f
trial-0010,connect4cnn,quiet-owl-11,64173,13312000,78.601038972,169361.6289823106,3328000,18.910532161,175986.58629308577,ee54d703ec42538419339d9515e7821ff5f36c50783895efb3b12149a68e2505
trial-0010,pongcnn,quiet-owl-11,64173,2097152,5.240541686,400178.4788016282,2097152,5.240541686,400178.4788016282,1b6cd39c54e4b36bd73243a90cc4e4f543701c82014b74cb5de847f83a5a1422
trial-0010,pongcnn,quiet-owl-11,64173,4194304,10.242039706,409518.4280083282,2097152,5.00149802,419304.7746123071,27565787ccd0f8a160451cbbe96c9deb5482f9ab7e4bf6312b25a82f5f167ba1
trial-0010,pongcnn,quiet-owl-11,64173,6291456,15.30231317,411144.1146253838,2097152,5.060273464,414434.5191855031,15050e86840eab2e886c2a108b63d40e8bc79602c8912e5736216ae26e47665a
trial-0010,pongcnn,quiet-owl-11,64173,8388608,20.15721614,416159.0539952408,2097152,4.8549029699999995,431965.7906571921,3f5a844116b69c8f054f0dd4a41c23e576ef85c3c96f4f8643313d1c104e0654
trial-0010,flappycnn,quiet-owl-11,64173,4980736,9.731318004,511825.4277532291,4980736,9.731318004,511825.4277532291,42311be7c7d03949c36669d202c0e1eff7ff5cf70de2136f66077eebea8c2191
trial-0010,flappycnn,quiet-owl-11,64173,9961472,19.261674134,517165.4307252751,4980736,9.53035613,522618.03568089753,5ffa519cb3e29c338043b162be0c221d8684f36bab84ee20ed5126d05d9492e7
trial-0010,flappycnn,quiet-owl-11,64173,14942208,28.802535138,518781.00064484676,4980736,9.540861004,522042.6120778648,f9dca70927a37e41ef889aad66df6dfbfc09e743ed328f0d7dfcada1b49febe2
trial-0010,flappycnn,quiet-owl-11,64173,19922944,38.304725678,520117.130389543,4980736,9.502190539999997,524167.1358865428,63331c921b805fe39f78fd196ebb1ba8f31006819a79603c8554d150dd02c518
trial-0010,breakoutcnn,quiet-owl-11,64173,4194304,10.934027593,383601.0074352846,4194304,10.934027593,383601.0074352846,6629099a5a98a4fceeaafc5f8f4656dfb1e563be61117812aeb818077bf532fc
trial-0010,breakoutcnn,quiet-owl-11,64173,8388608,21.824599196,384364.8135145345,4194304,10.890571603000001,385131.6673630431,74c2dd7285f70499e676c30e073e2dca2516529dbf8c8d5f09c5dda068b8a070
trial-0010,breakoutcnn,quiet-owl-11,64173,12582912,32.953949757,381833.1973188485,4194304,11.129350560999995,376868.71098282066,d3c2e985ff6ced50e77acd455db5b594e09f991aef9c58644f59e7efd6a6f6ff
trial-0010,breakoutcnn,quiet-owl-11,64173,16777216,44.032118212,381022.23288971215,4194304,11.078168455000004,378609.8773490801,be1582a31d5dce4d76796ef13ccafca0ff04a0c99f892f30308153cfdf4c0592
trial-0010,snakecnn,quiet-owl-11,64173,2097152,4.60021327,455881.4726431151,2097152,4.60021327,455881.4726431151,e6ba89bc9f68ae773a13eb9bf609113867a5d3a4c87643c9dc4d43a72c0d7076
trial-0010,snakecnn,quiet-owl-11,64173,4194304,8.916562616,470394.72279078537,2097152,4.316349346,485862.4341756419,7f1c0458a91b168e67d8001ec2367e2ca23b0102192ae8b205afbb65fe9f9937
trial-0010,snakecnn,quiet-owl-11,64173,6291456,13.01146957,483531.54623717116,2097152,4.094906953999999,512136.6672205955,02467d0598a6553d38d55dc7f409da94b03a932d54eb847e22126eeefe35b7cc
trial-0010,snakecnn,quiet-owl-11,64173,8388608,17.113872677,490164.21696731314,2097152,4.102403107000001,511200.8608860484,d0ca4caf9e3e47f5599dee56442a356e52c7fde5f33770b04834cbe50aaa9c38
trial-0010,mazecnn,quiet-owl-11,64173,8388608,25.59619366,327728.72839718935,8388608,25.59619366,327728.72839718935,7b2a705d357e58787a8c2609331ec95be387901eb467925f1c715f5e7b87d71a
trial-0010,mazecnn,quiet-owl-11,64173,16777216,50.921429457,329472.604734463,8388608,25.325235797,331235.13902262284,32082c1cd7d4c6a7e5b5c5589cb2783b0eee8926ce23fa5ec19f67b1d4799277
trial-0010,mazecnn,quiet-owl-11,64173,25165824,76.850587497,327464.3020911504,8388608,25.929158040000004,323520.26190203277,1132553472d908b15a985c28bd94afb40bd583800b5bebed9c237c7b6dab8776
trial-0010,mazecnn,quiet-owl-11,64173,33554432,103.995247848,322653.51248591027,8388608,27.144660351,309033.448624122,0595ba678bfb1e894f7c6117c5fc2cc061ea1575b87e9ac1afff3afdb5b2075e
trial-0010,connect4cnn,quiet-owl-11,64174,3328000,20.243574571,164397.8432923372,3328000,20.243574571,164397.8432923372,ea2e5dcafe06f09810041d90e7c2fd4f2603b511465f6b10ddbec327dc94e1fd
trial-0010,connect4cnn,quiet-owl-11,64174,6656000,40.123266759,165888.7856758822,3328000,19.879692188000003,167407.01860609712,43cc6cf7026644b7965736eb5998122a748c40ed8a596f9fe61b5df19206e137
trial-0010,connect4cnn,quiet-owl-11,64174,9984000,58.970569013,169304.79334189632,3328000,18.847302254,176576.99521923315,e139c7123c93684e486a322d4fccca042ed663c38935e38b031433d4019b2d9e
trial-0010,connect4cnn,quiet-owl-11,64174,13312000,77.909426989,170865.07390022927,3328000,18.938857975999994,175723.37277239008,3a36193b421155989c1810948de4c77370c8a545fa930f8c088765841226f7fa
trial-0010,pongcnn,quiet-owl-11,64174,2097152,5.50542321,380924.7572812845,2097152,5.50542321,380924.7572812845,c642b21a230320a9e55833bd7d7e34c5cff92784a200d9ea292dc5a219fa73c3
trial-0010,pongcnn,quiet-owl-11,64174,4194304,10.803434434,388238.0205687098,2097152,5.298011224,395837.59100016585,12f5f4befa6824aeac9b843d4504fb05c2b598c267aae6a09f3dcc156c9a04d5
trial-0010,pongcnn,quiet-owl-11,64174,6291456,16.090285589,391009.5917937656,2097152,5.286851155000001,396673.1686812544,6139ad1a8fed502445b0cb4e468dac3cb545078f1d7c82dab170bd0a90162f24
trial-0010,pongcnn,quiet-owl-11,64174,8388608,21.414607994,391723.6310069435,2097152,5.324322405,393881.48208879924,50e570d1d8029429158476921336c172726f74f8fc604bf1ea710c7af920e698
trial-0010,flappycnn,quiet-owl-11,64174,4980736,9.596800259,518999.6525486714,4980736,9.596800259,518999.6525486714,799c8a0e4f5caa96e344a88c8511f2d6468d6f4328a9efafa5c256c4f42eccfd
trial-0010,flappycnn,quiet-owl-11,64174,9961472,18.963378197,525300.4974385788,4980736,9.366577938,531756.211603521,b3ca11590c0626d7b04b3bf97bcfdf0ea2625cebf800ba2fd895995b53555f35
trial-0010,flappycnn,quiet-owl-11,64174,14942208,28.371834938,526656.3841447935,4980736,9.408456740999998,529389.2651166733,ca31a319369b428b7e5547a89834ead576175f7a79015cdc4ad349586895fe55
trial-0010,flappycnn,quiet-owl-11,64174,19922944,37.779208277,527352.0782628232,4980736,9.407373339000003,529450.2323354639,7c385532110cb5b60697788ac2b59160a010659d906bfee86f226087c7c6d5a5
trial-0010,breakoutcnn,quiet-owl-11,64174,4194304,11.153972908,376036.77493171114,4194304,11.153972908,376036.77493171114,0285c98e3e081db2f83f7b293eb1dd1f7841572db7bc0a8993e9cf3f1526bb20
trial-0010,breakoutcnn,quiet-owl-11,64174,8388608,22.04048895,380599.904976246,4194304,10.886516042,385275.14071705256,e6ba377949dfe844386616572af9f7f892f94fbfce158ee2bd171ae22ccd8189
trial-0010,breakoutcnn,quiet-owl-11,64174,12582912,32.863606701,382882.8684107005,4194304,10.823117751000002,387531.9567333052,a02e87137cf7740a81bcae500c48b7f982ef0c90b6154f7efb20f00f2f308471
trial-0010,breakoutcnn,quiet-owl-11,64174,16777216,43.717338746,383765.7204496479,4194304,10.853732045000001,386438.87490590796,b33735611ac33e6e8f98f0a718b9a2d6eb2e7d05d364a2c2a780d7e34e7899d3
trial-0010,snakecnn,quiet-owl-11,64174,2097152,4.490040676,467067.4836443286,2097152,4.490040676,467067.4836443286,849e586a414f86c72a2fab286b2a8ebfed70c16d6a3cbb8e5196f8a2f0add321
trial-0010,snakecnn,quiet-owl-11,64174,4194304,8.739902727,479902.8239802513,2097152,4.249862051000001,493463.54654183093,ee743468bf1b4e66ad3ce161dca4da649dbab23ac97dfe4d629123d6f39549f2
trial-0010,snakecnn,quiet-owl-11,64174,6291456,13.016347397,483350.3446174194,2097152,4.27644467,490396.1495659898,1b081b13cff8d5650332fc6395aae329322b6e70fc94965681a2c1b5163dcbd1
trial-0010,snakecnn,quiet-owl-11,64174,8388608,17.27877067,485486.39021898655,2097152,4.262423273,492009.3256069269,2f4f1fedac404153d88c66f81942d4ffb763cc73423a334d04269e836b65dd33
trial-0010,mazecnn,quiet-owl-11,64174,8388608,25.504151632,328911.4698281057,8388608,25.504151632,328911.4698281057,8186d9b1c2b6240fd398c57397b240046835c1408823156ad0aaf987fde359d2
trial-0010,mazecnn,quiet-owl-11,64174,16777216,50.759675444,330522.52311008686,8388608,25.255523812000003,332149.4363943545,b06e1cb86f66b0c120697e367cc0ea591e2115a1a3aa4ff85dd39bcc25eedeae
trial-0010,mazecnn,quiet-owl-11,64174,25165824,75.775360073,332110.9127789812,8388608,25.015684629,335333.9364646177,dc0a36621a4b012454e17bbe22ffb8af72a7a22627e0d1bb3563f7a62b8543c9
trial-0010,mazecnn,quiet-owl-11,64174,33554432,101.840164193,329481.32267746644,8388608,26.064804120000005,321836.6023922377,ee0fd0834c7bc68cea281f045326bf8f2cd382fef1133bc168b3d1cd8be891e0
trial-0011,connect4cnn,quiet-owl-12,64173,3328000,20.067106597,165843.54021907327,3328000,20.067106597,165843.54021907327,0271b39f54dcff5dea3cdeb31178b7e320d195aa9fe169f61f3a3c33881f37bc
trial-0011,connect4cnn,quiet-owl-12,64173,6656000,38.66289983,172154.70203389553,3328000,18.595793233000002,178965.2077919509,3ab8bb0bf17a8814637afdeee25691b5f526eb20195cc9ce427d475ea2d68e22
trial-0011,connect4cnn,quiet-owl-12,64173,9984000,57.067027525,174952.16472640345,3328000,18.404127695,180828.99962186988,e16b8ef9077d587b7b0e025a6d4e02b21673607f3494135d4f9cba82fa1212e0
trial-0011,connect4cnn,quiet-owl-12,64173,13312000,74.843484592,177864.51382600266,3328000,17.776457066999996,187213.90811772385,6f6959364f8284a7b92db30781f7005a2093c6f6869a435447ac33e912170ec8
trial-0011,pongcnn,quiet-owl-12,64173,2097152,5.288144171,396576.1772344841,2097152,5.288144171,396576.1772344841,a00ad65c52a31d06c4529266e62e882e53c25fb004597e0615d57298e0a70aaf
trial-0011,pongcnn,quiet-owl-12,64173,4194304,10.294011004,407450.895318666,2097152,5.005866833,418938.8311680644,28fed8f3eb05b3ec24182d2fc71f74a633d43a40c716c70b07ad6acb6ca24bc2
trial-0011,pongcnn,quiet-owl-12,64173,6291456,15.313175255,410852.4780284048,2097152,5.019164251000001,417828.9243238395,abade972ccf8f419114e37467bed6f9d7c88bf638328a9d2e52f93e74c252e8c
trial-0011,pongcnn,quiet-owl-12,64173,8388608,20.334180306,412537.30781194934,2097152,5.0210050509999995,417675.7399561517,3ab90c5b17d2f201b22450f174fe241d91e5a04ac3d49a2543fb5e0c7d1f3601
trial-0011,flappycnn,quiet-owl-12,64173,4980736,9.884304123,503903.55638797255,4980736,9.884304123,503903.55638797255,7d9d8a707370e1bfb5f706897293a75b79cfc4751436e6f979733f389700c305
trial-0011,flappycnn,quiet-owl-12,64173,9961472,19.578435556,508798.1606858885,4980736,9.694131432999999,513788.78390744433,71d37d47c46b45da3b1dbc8cc7eaba2440076c15da634f2fcfb365a708184dd8
trial-0011,flappycnn,quiet-owl-12,64173,14942208,29.213288242,511486.6863401416,4980736,9.634852686000002,516949.8862434396,3b371781f028d68bae1645f4be9ec6160d795e29159fe3659deef82716e4d552
trial-0011,flappycnn,quiet-owl-12,64173,19922944,38.778034702,513768.790840049,4980736,9.564746459999999,520738.9470102066,d1b6e9f137c8c33900a79e6c32dee62bb888f808721b2d86816c49be739de4ec
trial-0011,breakoutcnn,quiet-owl-12,64173,4194304,11.169727078,375506.3996381023,4194304,11.169727078,375506.3996381023,ccb391306ddbe9019c24c93211cef7bdd643fd638526e2fc8ded90e9730b8114
trial-0011,breakoutcnn,quiet-owl-12,64173,8388608,22.031888779,380748.4725501936,4194304,10.862161701,386138.97633413627,7738c9b6d4694c56a897f8dd91974d599304c9c9c4d58ef8089ae9b95a69679d
trial-0011,breakoutcnn,quiet-owl-12,64173,12582912,32.926259017,382154.3162101524,4194304,10.894370238,384997.3801487028,e7725be3c420a5153eac630197a2e723e59463718fa3d3dd0bf65f516168d21d
trial-0011,breakoutcnn,quiet-owl-12,64173,16777216,43.878549364,382355.75795413164,4194304,10.952290347000002,382961.3594154654,7b3d6fbcb2b15c727a902e139228f9f1f765bce24310e982181ed39f8265a9cb
trial-0011,snakecnn,quiet-owl-12,64173,2097152,4.54658457,461258.7685793338,2097152,4.54658457,461258.7685793338,2efc1aade7cc00e1dce817bc553cbb81af0a3d53b29bc3d35d443edbb234f10b
trial-0011,snakecnn,quiet-owl-12,64173,4194304,8.854860376,473672.51677600027,2097152,4.308275805999999,486772.92133418267,897cd6065238b7c087ccefcf896fd572c774499460436b766f2a099525770079
trial-0011,snakecnn,quiet-owl-12,64173,6291456,13.235114941,475360.8886697465,2097152,4.380254565000001,478774.0002047117,fded54e728741eb015894ad49ece1d47a964424e33d395137d08c6e011296a22
trial-0011,snakecnn,quiet-owl-12,64173,8388608,17.581318981,477131.8926108733,2097152,4.346204039999998,482524.9759788086,c34fa3063ffc76ae2516b24d48529b89982efb02524073293f5ab06a2569033d
trial-0011,mazecnn,quiet-owl-12,64173,8388608,26.180624007,320412.8365220443,8388608,26.180624007,320412.8365220443,c597c628bf685110f819e33d3588fa8125fc3c6ca5ee678298d9817b5522f779
trial-0011,mazecnn,quiet-owl-12,64173,16777216,51.930958987,323067.71003785776,8388608,25.750334979999998,325766.9465859508,74f65096d373c99d518a33adff777821b34f75fabc0a6d2304e53e35dd454098
trial-0011,mazecnn,quiet-owl-12,64173,25165824,77.187689394,326034.1668156762,8388608,25.256730407000006,332133.5685507045,cf319555b1f0b946486e1c635bb4ec62b21b754feda246985f17fd42e853efdd
trial-0011,mazecnn,quiet-owl-12,64173,33554432,103.282875993,324878.9470412709,8388608,26.095186599,321461.8898460554,616ded3bf2e79317a6dabbfb302d7d6d110d817d8dc319b5336ed7ee64263992
trial-0011,connect4cnn,quiet-owl-12,64174,3328000,19.678166234,169121.44965265467,3328000,19.678166234,169121.44965265467,0ab9d52292131b1aa81c78368568ce22a20a9f48bdbd462c3fd86f54890bcf1a
trial-0011,connect4cnn,quiet-owl-12,64174,6656000,38.354550486,173538.73049377915,3328000,18.676384252000002,178192.94972171145,6db3a6d731555c5f19da676c849a94373f945e54e3a7b7241631f1d3a359f04c
trial-0011,connect4cnn,quiet-owl-12,64174,9984000,56.376910216,177093.7776076721,3328000,18.022359729999998,184659.50351996443,8bd8bb3f52caedc332b64bd01fa12a945a35227cf8c8918ddbe8fd285dfca0a5
trial-0011,connect4cnn,quiet-owl-12,64174,13312000,74.212860413,179375.9184852564,3328000,17.835950197000003,186589.44229165697,f8186eb0b3c4d700c905350c3a5f55eafb2843413b5e774c50cdbb6c770f345e
trial-0011,pongcnn,quiet-owl-12,64174,2097152,5.352289434,391823.35444679164,2097152,5.352289434,391823.35444679164,f1ead7b68d8412a50147c54ca5c447a9d5fc02374920f0cae7d119fbe6e23caa
trial-0011,pongcnn,quiet-owl-12,64174,4194304,10.434305358,401972.51815945946,2097152,5.082015923999999,412661.438169866,01307812828e10aebfd535fbe0641631d76fb3aecf4d555f44ef88b6ee0ffbe5
trial-0011,pongcnn,quiet-owl-12,64174,6291456,15.493315469,406075.5112479534,2097152,5.059010111000001,414538.0131658724,a960c44f7f8b0f5afa7d90f44bbf6ec2c2adb43fae7699e10da75d4ddedda9a4
trial-0011,pongcnn,quiet-owl-12,64174,8388608,20.550881921,408187.2511479942,2097152,5.057566451999998,414656.3411283876,4cc6e8c4062295b6e52be56c39f7668fe8d4aa91bbf04177e63b712035f8751d
trial-0011,flappycnn,quiet-owl-12,64174,4980736,10.054916757,495353.28042696393,4980736,10.054916757,495353.28042696393,0b4467e9390f8d9015109dd9f386390c8dbd074127e13939ed674f7988dea41a
trial-0011,flappycnn,quiet-owl-12,64174,9961472,19.856587791,501670.8865012063,4980736,9.801671033999998,508151.72053039144,c16b1a00cf52e580c701b25ba9e3d92f21aa399687f884a1508191dc25a8d4b6
trial-0011,flappycnn,quiet-owl-12,64174,14942208,29.648114202,503985.10671522,4980736,9.791526411,508678.19693613244,4eef1e015b790c52167ad8311adada9042ba1d40ba536dd6458ab06cba85a160
trial-0011,flappycnn,quiet-owl-12,64174,19922944,39.477609156,504664.40156678064,4980736,9.829494954000001,506713.3177552674,f9b2a88d0d935bc3faf9e167fe71a378ae928155d2dfbef2713ea31ed041db7c
trial-0011,breakoutcnn,quiet-owl-12,64174,4194304,11.441245439,366595.05491445825,4194304,11.441245439,366595.05491445825,54d3921c795c4a3338db62529d1b957858e10da9a750cd088d03c0d0887e4aef
trial-0011,breakoutcnn,quiet-owl-12,64174,8388608,22.672087744,369997.15662356606,4194304,11.230842305,373462.99467963196,5eee89b040d8d154614695afa71a3311d161ada0059a2804dbb48588f559693c
trial-0011,breakoutcnn,quiet-owl-12,64174,12582912,33.849836706,371727.4062291011,4194304,11.177748961999999,375236.9116768504,0751e4e3eada588c8e5459394a8613882232ed589174fd41ae9d8a03e816fac1
trial-0011,breakoutcnn,quiet-owl-12,64174,16777216,45.049561867,372416.85167841235,4194304,11.199725161000003,374500.61851566884,74db39814ed38ee068e4354bd0344d525ed10cabbe2b1335ad9885ebc94698ad
trial-0011,snakecnn,quiet-owl-12,64174,2097152,4.702385073,445976.2370464636,2097152,4.702385073,445976.2370464636,611466629075a13dbba2415425bae6fd4af6ddd6ff43bff8e90c2156d6392955
trial-0011,snakecnn,quiet-owl-12,64174,4194304,9.150212869,458383.21578396054,2097152,4.447827796,471500.2684874628,47ab22d1c43a83c019f9ff99dd78d50d60e3f285997cdc721e2edd3a29b55423
trial-0011,snakecnn,quiet-owl-12,64174,6291456,13.630722055,461564.39656050195,2097152,4.480509185999999,468061.0870194967,47e5fdb8c098133a1291baf1f18f4730eaacdbb55832d0927e8f2e26fc57cbc6
trial-0011,snakecnn,quiet-owl-12,64174,8388608,18.102340186,463399.0917090149,2097152,4.471618131,468991.74718459434,6ebbed62fa93f0ee72f65e9a107eeec87757322cfa2e0f6f25000f014423f07b
trial-0011,mazecnn,quiet-owl-12,64174,8388608,27.021721859,310439.4325340169,8388608,27.021721859,310439.4325340169,03ae1669c862bbd49840030f87903001cac74272036e2e1475cf893cdad5f58c
trial-0011,mazecnn,quiet-owl-12,64174,16777216,53.587164733,313082.73321779736,8388608,26.565442874000002,315771.43433245964,8d6084f6767bf27c4e2b75c407e36c57cb8697ff3067227e9c1ee587313b9abb
trial-0011,mazecnn,quiet-owl-12,64174,25165824,80.208593901,313754.70851741545,8388608,26.621429168,315107.3500623113,8401c3fc711502454f86189a4b61eb3b49876c6c5a32cd05c34f1417d32879e8
trial-0011,mazecnn,quiet-owl-12,64174,33554432,107.024477333,313521.10130468075,8388608,26.815883431999993,312822.3622120048,e154cbb9ce1d7e9dfd266a51ad2dde728c65bcbfaa3ac8b88cc11d6d41691a66
trial-0012,connect4cnn,quiet-owl-13,64173,3328000,25.799210026,128996.19781559585,3328000,25.799210026,128996.19781559585,0b24aebe35af0e579b760979fc96fa7f9e48408dac22412db64b9c6ea080cfa9
trial-0012,connect4cnn,quiet-owl-13,64173,6656000,50.204204834,132578.53643948823,3328000,24.404994808,136365.5278840328,ab2e7b5ed5acab800dede0dfc9cb7392d0aa836cc31f97badef275af3652cc75
trial-0012,connect4cnn,quiet-owl-13,64173,9984000,74.281525317,134407.5792384822,3328000,24.077320483,138221.36073446224,a2004ef37383147de1e03a29c88bd5a66c6df55121bcc3993a3195d525d19c7b
trial-0012,connect4cnn,quiet-owl-13,64173,13312000,98.1208733,135669.39991758103,3328000,23.839347982999996,139601.13348625222,53f1e1ab27e3447eca95ea6ef49adbcb3d0bbb6dfe58fa8d10ec89c5892f5c2b
trial-0012,pongcnn,quiet-owl-13,64173,2097152,8.872227925,236372.64706542128,2097152,8.872227925,236372.64706542128,d90876f983b15195ebf97ccaac9f585e4849d01fa1c632f42953099d301e4b82
trial-0012,pongcnn,quiet-owl-13,64173,4194304,17.581962992,238557.2078560544,2097152,8.709735067,240782.5248262514,4f12f261ac051b2e96903539ce983e9b33151e381869b91d7550aae9ade4e214
trial-0012,pongcnn,quiet-owl-13,64173,6291456,26.312481208,239105.38691756505,2097152,8.730518216,240209.33787832325,33fb2594e59591935e595880c8440a99a82ccb7991067e48c4069a119f936e85
trial-0012,pongcnn,quiet-owl-13,64173,8388608,34.97050201,239876.6822850079,2097152,8.658020801999996,242220.71625371467,d70c739ffd9a5fa01df32de8c804e38d2e28ec16e3e398711231ebdf28b77b30
trial-0012,flappycnn,quiet-owl-13,64173,4980736,18.808946617,264806.7486936395,4980736,18.808946617,264806.7486936395,413b4f75ad511a943cd36c7911560c81356d8f99454f04ec5e9906755ecaee4c
trial-0012,flappycnn,quiet-owl-13,64173,9961472,37.457391072,265941.4261087276,4980736,18.648444455,267085.8693881339,38545396ee2a7c932c7d3939870d0e0b2ddfeaf3c647fb2df9120c0273bfced6
trial-0012,flappycnn,quiet-owl-13,64173,14942208,56.047226838,266600.30911411997,4980736,18.589835766,267927.9183901963,27ff932357dfef518ae1ba496fa083cc319c9deba4a5b07a94389b817d0c197c
trial-0012,flappycnn,quiet-owl-13,64173,19922944,74.712084682,266662.93792763,4980736,18.664857843999997,266851.0010431773,2dbc330aa3c2bb0b9cffde9264a8e2606e94f8f8b401fe0496f7393eaae861e3
trial-0012,breakoutcnn,quiet-owl-13,64173,4194304,18.701977675,224270.61313450104,4194304,18.701977675,224270.61313450104,31da80372f82118bd29d9686992354b34fc7d30cbd9ed5ab99622b97ba424840
trial-0012,breakoutcnn,quiet-owl-13,64173,8388608,37.201355198,225492.0003680668,4194304,18.499377523000003,226726.76390247638,c24c5924ad496e4b92515be77ba3b98b6c104261e6668bfcfe8f8fe5dedc7af3
trial-0012,breakoutcnn,quiet-owl-13,64173,12582912,55.715634602,225841.67065286046,4194304,18.514279404,226544.2747447045,fa662e64b1a9581bf68d1fd82cd96cb86fd36e305100d8f2fbe5b1872db11840
trial-0012,breakoutcnn,quiet-owl-13,64173,16777216,74.21047695,226076.11067240284,4194304,18.494842348,226782.360242912,d372f04fc3f19147f42000208feed9ab9bbc837afef36a9c83d7e0b582f98a4c
trial-0012,snakecnn,quiet-owl-13,64173,2097152,8.306292127,252477.51559123557,2097152,8.306292127,252477.51559123557,9934c683538ade6fa0cfde070041f1796e03d49459dafd85f80301b860cb4740
trial-0012,snakecnn,quiet-owl-13,64173,4194304,16.397569374,255788.1539839979,2097152,8.091277246999999,259186.76816785143,589c7433d191dd766b4d2753de10874ea730f33eab7b963be7a11ea29c5d7edc
trial-0012,snakecnn,quiet-owl-13,64173,6291456,24.552557836,256244.4223540409,2097152,8.154988461999999,257161.85985696374,5ce853f63c37fbde9ec0a58fa9ade7c08e5fa7433cfa6dbc69176cd41f60fb1e
trial-0012,snakecnn,quiet-owl-13,64173,8388608,33.06112809,253730.24106026508,2097152,8.508570253999999,246475.25229213442,5877d7b0b3668dd143d5fd9ad443a54c13480bc119983198a73af6c9b44997f7
trial-0012,mazecnn,quiet-owl-13,64173,8388608,61.209853529,137046.69291563728,8388608,61.209853529,137046.69291563728,085af6fc20c179576e40215b9703332a1c6ed852e8cd5c8836e67b08f782d24a
trial-0012,mazecnn,quiet-owl-13,64173,16777216,121.93665442,137589.60404319744,8388608,60.726800890999996,138136.83376894685,073dd7749f64566cb02feb98c0770415a438a268dbbbd3f239a36b8405a5b63f
trial-0012,mazecnn,quiet-owl-13,64173,25165824,182.607596215,137813.67545285498,8388608,60.670941795000005,138264.01489438093,1973347294102ba02c69c8148801d150e77b412c9541f327fe4aabc42b9582bd
trial-0012,mazecnn,quiet-owl-13,64173,33554432,244.040890976,137495.12168147217,8388608,61.433294760999985,136548.2354907877,9322874d9bb564450ddd4e4be45705c01164b593c57328d308fee71600967d89
trial-0012,connect4cnn,quiet-owl-13,64174,3328000,25.419699988,130922.08018076787,3328000,25.419699988,130922.08018076787,c09ee934f559505b00eb302f449b04d26650b4e6e3076dec4d67520bee54a997
trial-0012,connect4cnn,quiet-owl-13,64174,6656000,49.254791529,135134.06093864213,3328000,23.835091541,139626.0632888836,bee16bf7680724233b81b70d89c79a6160d77da6e54f0ddf6cad24dda6ff95d2
trial-0012,connect4cnn,quiet-owl-13,64174,9984000,72.936470025,136886.2517829262,3328000,23.681678496000004,140530.57939124212,e808f3d977ad4e24dba5f225bdb68b8a5b35454993a8e3abe62ef01e11f694eb
trial-0012,connect4cnn,quiet-owl-13,64174,13312000,96.638721679,137750.16648313915,3328000,23.702251653999994,140408.6011987965,2bed38db5bd9ea79efee6bae0262a0662aff7ad0623554d884b5c8509a5bf0dd
trial-0012,pongcnn,quiet-owl-13,64174,2097152,8.915636057,235221.804321347,2097152,8.915636057,235221.804321347,149afe94a8414afd061de7a94c6e58f21981ba28755f685ab27fab1e5496c3fb
trial-0012,pongcnn,quiet-owl-13,64174,4194304,17.663996721,237449.31944046187,2097152,8.748360664,239719.42636406148,4f90b69f90a6d34e8ec6de57c6ebbdd4d80929d00d065548f562018b6b946e3d
trial-0012,pongcnn,quiet-owl-13,64174,6291456,26.350333933,238761.90776166433,2097152,8.686337212000002,241431.1059790341,19b9c488663c2ea74beaf5ef761e28d1f3eb2405950a2a9eda0a6b0c5b15013a
trial-0012,pongcnn,quiet-owl-13,64174,8388608,35.066331202,239221.14782060683,2097152,8.715997268999999,240609.52926854344,f8824c972dfed25ed4994d93979fa9b63c0b53b188d12ae5697ab3f341a31afe
trial-0012,flappycnn,quiet-owl-13,64174,4980736,18.589913949,267926.79157441325,4980736,18.589913949,267926.79157441325,a0b917b0c6f74380c2368cdd740bff0cbda93f5f18af82bb5c6d2ecd6911240e
trial-0012,flappycnn,quiet-owl-13,64174,9961472,37.050616421,268861.167836169,4980736,18.460702472,269802.08405148494,f1920175c19ce8c0e49a9312d1827bd0cea0d87fd3b646030f27a57b6ea3446b
trial-0012,flappycnn,quiet-owl-13,64174,14942208,55.500651905,269225.81063689943,4980736,18.450035483999997,269958.071588498,718d07cb075a1d0651fdd9dd672302b5d21a9dc6f51b8affdd751d9735bdc5e5
trial-0012,flappycnn,quiet-owl-13,64174,19922944,73.971269756,269333.5407884356,4980736,18.470617851,269657.24916074437,b27892932df95087350089879eda2cd683954ea94fa8e40553033c3c437178f7
trial-0012,breakoutcnn,quiet-owl-13,64174,4194304,17.970318873,233401.75706630602,4194304,17.970318873,233401.75706630602,e68adaaa439f941565c28a9b4385026e8b97ef7170d7a00c23f0ff9394705711
trial-0012,breakoutcnn,quiet-owl-13,64174,8388608,35.771287032,234506.74258647123,4194304,17.800968158999996,235622.24046108418,46507e39e701fe010fd673c70b075a450a448335f8b876975a3e6b8c731136fc
trial-0012,breakoutcnn,quiet-owl-13,64174,12582912,53.548606901,234981.1270209724,4194304,17.777319869000003,235935.67708223584,08bc0fcaf7a4dd903f1d6dd6f33e8364d4efa40a7313f581c7e51d5213d41eb8
trial-0012,breakoutcnn,quiet-owl-13,64174,16777216,71.270911728,235400.6086526431,4194304,17.722304827000002,236668.08809258044,9e3ccdc7e10c21fcede96c95f31a89e91a6e6148537cd691bbd9a51defea4625
trial-0012,snakecnn,quiet-owl-13,64174,2097152,7.968554687,263178.4661553895,2097152,7.968554687,263178.4661553895,18a3c9eb3049a215d41eb59c463d122fdccbaf2c5368f9584957ef13b870edee
trial-0012,snakecnn,quiet-owl-13,64174,4194304,15.750060104,266303.99962313694,2097152,7.781505416999999,269504.663637247,72e8e16b6243e4dec181b4f3e984e0291371fd4f3658eed399da651c5b021961
trial-0012,snakecnn,quiet-owl-13,64174,6291456,23.536880456,267302.0331543634,2097152,7.7868203519999994,269320.7118180605,64632c919222a4a231034bf6e4ebe4608ba4b00b420b3130cffcb576ac22b651
trial-0012,snakecnn,quiet-owl-13,64174,8388608,31.317295004,267858.6384593103,2097152,7.780414548000003,269542.450092082,02181f6d1b7d5b714bb41fb3fc8c8de30c7338ccf0d07b51c809ef9faeb70b39
trial-0012,mazecnn,quiet-owl-13,64174,8388608,58.958931498,142278.83353490825,8388608,58.958931498,142278.83353490825,42332dbfbf7fa3dbef53f943543f56e5410dc76881b3df0ea7db28500289db9d
trial-0012,mazecnn,quiet-owl-13,64174,16777216,117.535054783,142742.23150680505,8388608,58.57612328500001,143208.65788924834,9ba39a88dd84b093344d60fc84e350affe251ea3cc254ccfd9829557d8653118
trial-0012,mazecnn,quiet-owl-13,64174,25165824,177.035806384,142151.04002980053,8388608,59.500751601000005,140983.2275103398,254a846a057fd7b36ca83d88a35fb58b5a3b7d7b564adde30c3f0f6f4f14d8ed
trial-0012,mazecnn,quiet-owl-13,64174,33554432,235.802835555,142298.67898333044,8388608,58.76702917099999,142743.4416599633,1ba395d38e8c4e56e1369c2c53ec76c2944df0acf5da8cc3b58d92a8abf4397a
trial-0013,connect4cnn,quiet-owl-14,64173,3328000,21.116918232,157598.75392029693,3328000,21.116918232,157598.75392029693,df9da1df6a5c8d9e1b25a4ac096d5ad2305f92eb07b48e8f1acb5608342b9fd5
trial-0013,connect4cnn,quiet-owl-14,64173,6656000,40.856302493,162912.44174972482,3328000,19.739384261,168596.95094822592,714450f2c97dda00e7486d0315abc4d1144b0312580967bce29b7ba72d4f18ae
trial-0013,connect4cnn,quiet-owl-14,64173,9984000,60.035719342,166300.9972967103,3328000,19.179416849,173519.3528667437,ca45a5c03d4558d01ac0a97bf1aa78ebbbcb8d9faee1d9bf29d78a7dff997796
trial-0013,connect4cnn,quiet-owl-14,64173,13312000,79.133794116,168221.42990498236,3328000,19.098074774000004,174258.40245063434,78ef82ec35430596270cd2c71901a1364c785efec118b042651478a3dca04c0b
trial-0013,pongcnn,quiet-owl-14,64173,2097152,6.32882158,331365.32188350934,2097152,6.32882158,331365.32188350934,1ff8984dd7b9c63481722b6a3fbbd68205bd258ec83f2d9038421178fa658c34
trial-0013,pongcnn,quiet-owl-14,64173,4194304,12.460654967,336603.8150569072,2097152,6.131833387,342010.5974252558,1186587d88ded4278fb6d22430b802b3a1b57a6d662881f1e37c44bb692fec9e
trial-0013,pongcnn,quiet-owl-14,64173,6291456,18.573058275,338740.9820637091,2097152,6.112403308000001,343097.7791100953,b1ded2d5fc7e14fce47c0e7335dcd00519f300fe20418b4e7ef3aef728ec0cf4
trial-0013,pongcnn,quiet-owl-14,64173,8388608,24.694829868,339690.86018568237,2097152,6.121771592999998,342572.72884829773,59e73c805b0108e74500993f5f1b512ab6a0c71d82e2a74d332a7d7347cd67b6
trial-0013,flappycnn,quiet-owl-14,64173,4980736,12.413281179,401242.5021376373,4980736,12.413281179,401242.5021376373,cd36e539437bda4b5e7341473f0cbd03b3c62e7fc80f231dc4eaa6daba34bb62
trial-0013,flappycnn,quiet-owl-14,64173,9961472,24.627053765,404493.0463487783,4980736,12.213772586,407796.6872994798,4f26f143b84645f3be0cf306d4fa6a26fa7a421ae00025008e25556cd5f53c8c
trial-0013,flappycnn,quiet-owl-14,64173,14942208,36.864031522,405332.9867375649,4980736,12.236977756999998,407023.37610696704,c9f19c8e1f2c4383ad5a5de3d7465548b18658e40ce0f5d23fd4d050c3c86f27
trial-0013,flappycnn,quiet-owl-14,64173,19922944,49.093497829,405816.34800996655,4980736,12.229466307000003,407273.3735853285,51e0ab903988862b6544d6cdb766e5ba247102bb8cd357afcad5f3a8a3e07baa
trial-0013,breakoutcnn,quiet-owl-14,64173,4194304,13.289544563,315609.3107718337,4194304,13.289544563,315609.3107718337,783983f9303aee1273e0b0ae8099cfb1b9e385da7aafcca885750608e4fdcb34
trial-0013,breakoutcnn,quiet-owl-14,64173,8388608,26.347591809,318382.3425234089,4194304,13.058047246000001,321204.53548556566,647910ee7743faeddbbb313ad3fd2ded133875a08812bcb601ce64eebffa25a4
trial-0013,breakoutcnn,quiet-owl-14,64173,12582912,39.439924362,319039.9627673607,4194304,13.092332552999999,320363.386968727,25d2d7f975f915df1619170aa8feac4656316cf2f060488a42b5a7b5503affcf
trial-0013,breakoutcnn,quiet-owl-14,64173,16777216,52.49136572,319618.5843114314,4194304,13.051441357999998,321367.1107236799,aa4bef1c3bb36e5182c6ddaeab03cc87107fa6e09ac265e69e3e77a74368a083
trial-0013,snakecnn,quiet-owl-14,64173,2097152,5.592164247,375016.16679535987,2097152,5.592164247,375016.16679535987,96f1f425a1aa1747f966990e812f637c84cc767b079986614f663cc52eded319
trial-0013,snakecnn,quiet-owl-14,64173,4194304,10.983513772,381872.69457361044,2097152,5.391349525,388984.61141786206,635cd407e87a57e255d3b468f80375afa4055491841c83240b18ab145e8c883e
trial-0013,snakecnn,quiet-owl-14,64173,6291456,16.38509555,383974.32476370275,2097152,5.401581777999999,388247.75523004227,2a0ad49aba23d9b30eb136680dafd8b0bac179eb2adb882226c265db47fffe54
trial-0013,snakecnn,quiet-owl-14,64173,8388608,21.775623912,385229.283620078,2097152,5.390528362000001,389043.8671622,8cb174d95b904db8a8e88cb0a8a8071e17e4d1ba415bae243579668b689c3cb9
trial-0013,mazecnn,quiet-owl-14,64173,8388608,37.22530415,225346.92977115675,8388608,37.22530415,225346.92977115675,8a83b6e261b431a1d493cffaebbe02d7f81ed4918361d0c0e997d545885719b1
trial-0013,mazecnn,quiet-owl-14,64173,16777216,74.259382493,225927.22207973505,8388608,37.034078343000004,226510.51073303065,92df436e7fdb821b97704e3c57366774c46c79a81b6d161cc1729643f42a0ed7
trial-0013,mazecnn,quiet-owl-14,64173,25165824,111.253462708,226202.61327102387,8388608,36.994080215,226755.41468385176,a08b1d3b4608a9ad328f6dcd890aa68abe7056f35fbfdffb7fc61bcef9d620d7
trial-0013,mazecnn,quiet-owl-14,64173,33554432,148.247537577,226340.56894585365,8388608,36.994074869,226755.44745219237,a07fdec62c111e06080fca018706960408788914aed195b958033ed192c92af1
trial-0013,connect4cnn,quiet-owl-14,64174,3328000,21.343563207,155925.2299029678,3328000,21.343563207,155925.2299029678,b4d69ae2d953ed4aca6303fb3102f64f0fd505eb562b8dcd4220865ab244741c
trial-0013,connect4cnn,quiet-owl-14,64174,6656000,42.065913937,158227.87090679538,3328000,20.72235073,160599.54024337663,8f89cb7d3875ec249fa86c45a379e2ddd878b0cac894f8d087b565d905f21118
trial-0013,connect4cnn,quiet-owl-14,64174,9984000,62.104265596,160761.90426190384,3328000,20.038351659,166081.52489954262,9f671c2ce9785c2d1d2d43be3bb4fe5bdbfd6356aa2088cd92c4ded7783d91b5
trial-0013,connect4cnn,quiet-owl-14,64174,13312000,81.61242068,163112.4268718358,3328000,19.508155084000002,170595.3220932473,4e164c42ee316fb783c59304f5aae38e307462277da97cf31ba820c6ec511f8b
trial-0013,pongcnn,quiet-owl-14,64174,2097152,6.369380953,329255.231469902,2097152,6.369380953,329255.231469902,e2e8e2ccf1e3b4af5f5fb8b8553bb09b3e05be949077c492d3651352413472fc
trial-0013,pongcnn,quiet-owl-14,64174,4194304,12.544609265,334351.1074276573,2097152,6.175228312,339607.20058312884,bb520849ee3d197f107a6e3c10df4f4f10838522d96cf2e31baceb2192bcb17a
trial-0013,pongcnn,quiet-owl-14,64174,6291456,18.729775291,335906.6460889768,2097152,6.185166025999999,339061.55326864304,2470a126b464c596e9bb7f00f65cdb0f37d153383372d3a73d4f998ad9a8ac44
trial-0013,pongcnn,quiet-owl-14,64174,8388608,24.916273963,336671.84798404685,2097152,6.186498671999999,338988.5153441766,8387ea61b85283feac9ee0e1b122e28d39950dc8a859b3cde458c90879c35ac6
trial-0013,flappycnn,quiet-owl-14,64174,4980736,12.633889474,394236.1542935879,4980736,12.633889474,394236.1542935879,0f5be37ddc516397b4912a4a7315d59d86c2288837e94dd5cd3248b77b0b5911
trial-0013,flappycnn,quiet-owl-14,64174,9961472,25.063116834,397455.43485184235,4980736,12.429227359999999,400727.7247199701,38622a40075915248e7f7beae411ab16e0da12c1f815bd8b361e97efec13fa73
trial-0013,flappycnn,quiet-owl-14,64174,14942208,37.470456585,398773.04313344276,4980736,12.407339751000002,401434.64271610393,088927136be11f52fdb9b90184b76bf56486b5e218f891bd89c9e09f04aeed56
trial-0013,flappycnn,quiet-owl-14,64174,19922944,49.898118901,399272.446312615,4980736,12.427662315999996,400778.1892808232,486ecaf84b19fcb203425a0d616a148446e782529ceededc68056ccc180f6e8e
trial-0013,breakoutcnn,quiet-owl-14,64174,4194304,14.12153002,297014.84145554365,4194304,14.12153002,297014.84145554365,84656fe95db3f46d6663b85a3e8d664958a4e38a21fdf76cb81b880f4ebb1131
trial-0013,breakoutcnn,quiet-owl-14,64174,8388608,27.426219469,305860.89378748275,4194304,13.304689449,315250.0489453551,14543aaee2ea8692d9e4aebafb6df5d64a46711b7fb18510da1b8b507dac2dd0
trial-0013,breakoutcnn,quiet-owl-14,64174,12582912,40.678243685,309327.80917087424,4194304,13.252024215999999,316502.8928136091,ef50f1eaaed858d29e8266473679294c1c635a0462c3c312e8258d172c7b5c6d
trial-0013,breakoutcnn,quiet-owl-14,64174,16777216,53.950254842,310975.6580230094,4194304,13.272011157000001,316026.2563362762,883452d6839427026d55131426f4fd87489c1b72f3e6b942a58754801ba04d4e
trial-0013,snakecnn,quiet-owl-14,64174,2097152,5.692461709,368408.6265673641,2097152,5.692461709,368408.6265673641,b8cf00f182d04331e4a9b415d4822147107f7ba2c192132568dd0004e06a0381
trial-0013,snakecnn,quiet-owl-14,64174,4194304,11.170343759,375485.66906194173,2097152,5.47788205,382839.93354694446,05fa6bedc15cfb2322d44f05b3fffea03dfd72122e6c87c6b28d6a4d8a60b107
trial-0013,snakecnn,quiet-owl-14,64174,6291456,16.643919871,378003.261777419,2097152,5.473576112000002,383141.1050268043,32b646edbffce3532efbd69fe4892bc57cc171ab57601bc04336b614a286744c
trial-0013,snakecnn,quiet-owl-14,64174,8388608,22.13628124,378952.9013049348,2097152,5.4923613689999975,381830.6661023347,765e512abb2c830f8363720ce35ac65961312e3f0179b77fdc063855c9fd0e35
trial-0013,mazecnn,quiet-owl-14,64174,8388608,37.273635546,225054.73043131203,8388608,37.273635546,225054.73043131203,2344984535881e6febc703e486749985564f635b58a50939bbb35734824d7ea0
trial-0013,mazecnn,quiet-owl-14,64174,16777216,74.415093684,225454.4766313621,8388608,37.141458138,225855.64543082615,439292f9121450663f1d55befcb9d8bced80072d887074b2e57fb876034f9e6d
trial-0013,mazecnn,quiet-owl-14,64174,25165824,111.574625608,225551.49849586937,8388608,37.15953192400001,225745.7929544613,be93878aa52aa5231f47e5381101fd3ce820fa1d2b4c25c7be826a3ea69d47a7
trial-0013,mazecnn,quiet-owl-14,64174,33554432,148.757922003,225564.0005466284,8388608,37.183296395,225601.51501597388,5985eae6e5296b79bd7ab998cbdd9a8ee005e7e360ddf5659d8391fa96aa6109
trial-0014,connect4cnn,quiet-owl-15,64173,3328000,24.377574381,136518.9148020346,3328000,24.377574381,136518.9148020346,38d0864f742a2989036712d51d3fefb88d327592b968a55f9560a90e22057745
trial-0014,connect4cnn,quiet-owl-15,64173,6656000,47.603226158,139822.45610640026,3328000,23.225651777,143289.8431421273,1aa07a93fb5b8efa0e0554e351c1d873ac2a700d0e17ab9dc421ba49c13f40a4
trial-0014,connect4cnn,quiet-owl-15,64173,9984000,70.09141517,142442.55128512907,3328000,22.488189012000007,147988.795283788,e8811c190fe8f169c0c04fb7f201a93925d694d3f7b0e670f3b51ffcf933cc78
trial-0014,connect4cnn,quiet-owl-15,64173,13312000,92.414116834,144047.25658864266,3328000,22.322701663999993,149085.8969533734,35537948203b2e7d04734a625e6a35c15b334774b7dffd9f8e596f7b2c22aede
trial-0014,pongcnn,quiet-owl-15,64173,2097152,8.293555553,252865.2502051915,2097152,8.293555553,252865.2502051915,3c2f7b40f4931791b654649f72ee83c5112798b8d9e9064380b40dd5d3396810
trial-0014,pongcnn,quiet-owl-15,64173,4194304,16.401376601,255728.77826268994,2097152,8.107821048,258657.90421180002,25236ca3ae8293fa7137b23ca8594abaa5296119b76b1972b637df27460d4d31
trial-0014,pongcnn,quiet-owl-15,64173,6291456,24.530617858,256473.60520714367,2097152,8.129241257,257976.35150687225,86b11fdb763ba8c881fd8c718a4d658e894792018735b25a508e67ed12c690b7
trial-0014,pongcnn,quiet-owl-15,64173,8388608,32.644829438,256965.90070816223,2097152,8.114211580000003,258454.19229258,1bc136be8d8e8487e35f5fc5e0818d9ee160929c32d6ca7b73cfe820574345b5
trial-0014,flappycnn,quiet-owl-15,64173,4980736,17.195725007,289649.66571473156,4980736,17.195725007,289649.66571473156,be97cea73e50b4fdd2bae4499bbf190e8e56fa0aac394cb75d6cbf9c53fd1546
trial-0014,flappycnn,quiet-owl-15,64173,9961472,34.237201081,290954.6249540865,4980736,17.041476074000002,292271.3958797886,0d519ad070131231f29776e3be319134dceae32dc186e07b2721bb15279970f6
trial-0014,flappycnn,quiet-owl-15,64173,14942208,51.353784193,290966.0550786978,4980736,17.116583112,290988.91802232026,7bc7328fff6780c9e3b512dc05aa783adbef32bf8b994c33b489d9f006c3f482
trial-0014,flappycnn,quiet-owl-15,64173,19922944,68.528355634,290725.55171767954,4980736,17.17457144099999,290006.42124377785,1c2a8c0403add65161c38d7122a1e01d07817639b46055bed9dad95683cba87e
trial-0014,breakoutcnn,quiet-owl-15,64173,4194304,17.320841734,242153.58955487586,4194304,17.320841734,242153.58955487586,46da7c2a17822cf3d03197c8a03af31794b7dbac36f10b3af8507a6c85bcb889
trial-0014,breakoutcnn,quiet-owl-15,64173,8388608,34.483864747,243261.82872903728,4194304,17.163023013,244380.25846746558,dba51d0dcabb300ef5f0de7d2ff6ea10bc7e08326931a1b149f0af5b0dd5e259
trial-0014,breakoutcnn,quiet-owl-15,64173,12582912,51.59770132,243865.74746737187,4194304,17.113836573,245082.6255181863,82dafcbfbe90224305a08e6f2cb5309dd3f9642886664ba510fb5486253ce4a7
trial-0014,breakoutcnn,quiet-owl-15,64173,16777216,68.713632954,244161.38804990012,4194304,17.115931634000006,245052.62638863368,a0d118cbd86dbf51aa9a7a0353dc2f1126b5cd4f0dea4810281fe92477a3c313
trial-0014,snakecnn,quiet-owl-15,64173,2097152,7.674803404,273251.5596304387,2097152,7.674803404,273251.5596304387,76daf4ce6bcc3eb673aa5eb8d8405044d155ed6e6e11e3c5ab2ca44b1a3e37c0
trial-0014,snakecnn,quiet-owl-15,64173,4194304,15.127136181,277270.1950861085,2097152,7.452332776999999,281408.79678272054,a2f3eefdaa42a622adf658d109a44382d9ab33c3f925207e2cdf935c1f5cf583
trial-0014,snakecnn,quiet-owl-15,64173,6291456,22.58906279,278517.7967978901,2097152,7.461926609000001,281046.9882497339,798d9900f010d15b51cb9c4547cb6400a1cbd723479b67794abf496dbdd5d828
trial-0014,snakecnn,quiet-owl-15,64173,8388608,30.051302669,279142.90746049525,2097152,7.462239878999998,281035.1897024564,e10f85702a1465f53d56590735056bbc56382fa83425e20e4e610de46edf512a
trial-0014,mazecnn,quiet-owl-15,64173,8388608,53.736665713,156105.852283474,8388608,53.736665713,156105.852283474,896b2a839620c9b0eedf9b73ce25968d27da7c96752039cc2bdaee5943a52b41
trial-0014,mazecnn,quiet-owl-15,64173,16777216,107.182964388,156528.7552531841,8388608,53.446298675,156953.95580169238,7a37cd16aa0863c8aafe50bd9a92bc4cc67da6bf68e6ad72d7bcc8f813b1cf91
trial-0014,mazecnn,quiet-owl-15,64173,25165824,160.596384287,156702.30753779883,8388608,53.413419899000004,157050.5692363849,688470410f50155f6e63cb221eab59e272a4759f910bcb00992ffc9e64be40a5
trial-0014,mazecnn,quiet-owl-15,64173,33554432,214.025522622,156777.71318545955,8388608,53.429138335000005,157004.36618317774,b5c3e28d9e6354960fb867676c45d5da357615f71371a5609fb0f5a66a82c75e
trial-0014,connect4cnn,quiet-owl-15,64174,3328000,24.340897363,136724.62236576417,3328000,24.340897363,136724.62236576417,4ed8bcf19e54b7ce3015450119e92d629e4c7e77df68303eb87f8d75ff7efb3e
trial-0014,connect4cnn,quiet-owl-15,64174,6656000,47.516125633,140078.7608697078,3328000,23.17522827,143601.60604364134,21cd74b7f06f7b8831ff3b5b7e33361a346d5f0949bb9ff9e7a2fe09cd715920
trial-0014,connect4cnn,quiet-owl-15,64174,9984000,69.78255615,143073.00492889725,3328000,22.266430517000003,149462.66297416348,3f6aa7bcef0fae8b1f9c32b8ecce207621349bd8a8e96af6eeb8127ed9974c8f
trial-0014,connect4cnn,quiet-owl-15,64174,13312000,91.865906264,144906.85980655966,3328000,22.083350113999998,150701.77227730385,0d67bdec81b07d4920729c72d546830115edc1b0f76ec5db577b043b56e3c535
trial-0014,pongcnn,quiet-owl-15,64174,2097152,8.303636031,252558.27593727538,2097152,8.303636031,252558.27593727538,a9545db5aa3b7e0188700c1f0a5702a311b7f3192f9091496de8bc64e674f35a
trial-0014,pongcnn,quiet-owl-15,64174,4194304,16.437287555,255170.08119287598,2097152,8.133651524000001,257836.47034937807,d6bfc68fbcbeaa63507991bb2d5e860c59b3d27237ec43d479ab4247677737fc
trial-0014,pongcnn,quiet-owl-15,64174,6291456,24.572930457,256031.978400353,2097152,8.135642901999997,257773.35918768682,631f2738c45baafb65c3b7bf835a2bf514584c867eb1de295556000dfbf9eff5
trial-0014,pongcnn,quiet-owl-15,64174,8388608,32.709463266,256458.13664938905,2097152,8.136532809000002,257745.16605897454,f0eef11a8d5a838df54717f9e7f4a21985ba84f0d723e96909f5a5e6465a5c9c
trial-0014,flappycnn,quiet-owl-15,64174,4980736,17.229845541,289076.0679280543,4980736,17.229845541,289076.0679280543,a32187834a8ec1ec7aff914300789f3df3a9adf1533283d78314df90d0cb0cc2
trial-0014,flappycnn,quiet-owl-15,64174,9961472,34.265571051,290713.73085169366,4980736,17.035725510000002,292370.0547462037,ff7b6af393beb5d187df22a8011bedaebbec8b140c6806ae26db25ec51410baf
trial-0014,flappycnn,quiet-owl-15,64174,14942208,51.311396138,291206.42049601447,4980736,17.045825086999997,292196.8267642591,f974810142ea9c1c9b2b318b0f13e75dccfde09f08a3a6fa9bc149a2daed0be0
trial-0014,flappycnn,quiet-owl-15,64174,19922944,68.378282776,291363.620014639,4980736,17.066886638000007,291836.2385386812,2e7840d45bab485ad2f0ca95e8bd1f19d8e90016014513772d0216f0c78a05d7
trial-0014,breakoutcnn,quiet-owl-15,64174,4194304,17.346685989,241792.81291306712,4194304,17.346685989,241792.81291306712,1a0ab0a10cc5933ed7881cfc10d933fc68a7e9ae045a1583772d5104f1d2bb2f
trial-0014,breakoutcnn,quiet-owl-15,64174,8388608,34.54443649,242835.28267796038,4194304,17.197750501,243886.78041096785,5d3b573a38bda86eb4a1e1810f1d35e8be0eebadebda58956031c3f8bff8954b
trial-0014,breakoutcnn,quiet-owl-15,64174,12582912,51.73547005,243216.34630629976,4194304,17.19103356,243982.0727102344,fc767d3f713ddb6f2451ba9ab08a685c6134b7853c3b8fa140d7d4555198e531
trial-0014,breakoutcnn,quiet-owl-15,64174,16777216,68.971409464,243248.84949258514,4194304,17.235939414,243346.41119666214,02756ab1169eafd5d29900b6acb308f8e1233771521ebde6c85f38a41c4c927a
trial-0014,snakecnn,quiet-owl-15,64174,2097152,7.66808692,273490.9009090888,2097152,7.66808692,273490.9009090888,120c35c5be83a50c2a04490c4fb2da0851625d3e38733331c8b7426b779fef90
trial-0014,snakecnn,quiet-owl-15,64174,4194304,15.113077894,277528.1136918621,2097152,7.4449909739999995,281686.3052384945,3eb193a82865899eb6dbb05571a5819a1d5ed74412aebd5cc638767287e9a6e5
trial-0014,snakecnn,quiet-owl-15,64174,6291456,22.56384473,278829.07701607817,2097152,7.450766836,281467.94097315654,483e939cc27506f69cc06ffda9d7aae587569342c819081a103db97e593c7cac
trial-0014,snakecnn,quiet-owl-15,64174,8388608,30.001662276,279604.7739898237,2097152,7.437817546000002,281957.9785373777,93aa42c7cecd624c29d98e2308c1570e381e0b43d35286aba7fd8f84df19f71b
trial-0014,mazecnn,quiet-owl-15,64174,8388608,53.540688298,156677.2536301771,8388608,53.540688298,156677.2536301771,c7a3c249a5c1f5519246ba25bc0cb1089d1383674aa7f599fe0aced1120c8ebf
trial-0014,mazecnn,quiet-owl-15,64174,16777216,106.797414644,157093.84029496787,8388608,53.256726346,157512.64817707014,fc93bcac29e87364f6c491193c103d41656ae34535f6884bba7edb8eea6d4630
trial-0014,mazecnn,quiet-owl-15,64174,25165824,160.053442251,157233.88167143756,8388608,53.25602760700001,157514.71480192404,d7a22d6c0fcc734361f24b3c6008ef86c51fed4f7a4d630bfa9700a763bd30c8
trial-0014,mazecnn,quiet-owl-15,64174,33554432,213.279074216,157326.41433925906,8388608,53.22563196499999,157604.66696790306,7bd8b99ef983cc27d1c62b3343df6cf70412d92b20a6c1e7e12ce472cbce6f21
trial-0015,connect4cnn,quiet-owl-16,64173,3328000,28.064115899,118585.59920352187,3328000,28.064115899,118585.59920352187,ed842e49db18ea34541acd282818923cd626560bb2e1fabf705f166fdee910db
trial-0015,connect4cnn,quiet-owl-16,64173,6656000,55.147205365,120695.14594522555,3328000,27.083089465999997,122881.10646231694,74feef3af13dabb5449b4796bf746f418e6022839c65ca85012e18e0e08a3991
trial-0015,connect4cnn,quiet-owl-16,64173,9984000,82.230245212,121415.17970984985,3328000,27.083039847000002,122881.33159353025,5cfeb73a44c8efe78f4bab8a4ad292ff46c60b3e00c06ea0b3e79c3f2781ab94
trial-0015,connect4cnn,quiet-owl-16,64173,13312000,109.313741411,121777.91948360157,3328000,27.083496198999995,122879.26106537457,b67e9d54b0763df036322f06fa7944a1bc3d494a59bad5e3d59f48efd809abed
trial-0015,pongcnn,quiet-owl-16,64173,2097152,10.903483795,192337.79216159234,2097152,10.903483795,192337.79216159234,3657114cc957c245d9f76bbfd059b9a4b4e5b404d8e913b14f038499b4d9b202
trial-0015,pongcnn,quiet-owl-16,64173,4194304,21.599438734,194185.7865685039,2097152,10.695954939,196069.636788884,1df3dfb0009ed4c70677469cdb00f2f1086c078f284a3fe0fc3598b7bc958702
trial-0015,pongcnn,quiet-owl-16,64173,6291456,32.302945065,194764.16120388804,2097152,10.703506331000003,195931.3084092947,eea674af331ede7456ffbe6cf2f491afa061d1dafcbda22975be0cb57ad08d58
trial-0015,pongcnn,quiet-owl-16,64173,8388608,43.004870411,195061.8132278878,2097152,10.701925345999996,195960.25315050827,25e1b5e3a7956059080a093bc77166a533d3b3f58419d36fbeca8b347d860461
trial-0015,flappycnn,quiet-owl-16,64173,4980736,23.72314972,209952.55936866382,4980736,23.72314972,209952.55936866382,aa3292574434cf0e9f03d161df543099146ecff9a12695f827eb863781a99b99
trial-0015,flappycnn,quiet-owl-16,64173,9961472,47.766109995,208546.85468510486,4980736,24.042960275000002,207159.84816474517,d8e8fca668bfb1e5f45ac34e0042b7ab7d154a1d37c74f589a5c361406a680bb
trial-0015,flappycnn,quiet-owl-16,64173,14942208,72.154223234,207087.0883266475,4980736,24.388113239,204228.01678791238,dfb148bac69d3269e2bba8b9b9adce89622025dbdec69d35f4e6588ee71d45cc
trial-0015,flappycnn,quiet-owl-16,64173,19922944,96.808202135,205798.09934097584,4980736,24.653978901000002,202025.64543437547,d170f489735b10266a980db283ebf985ee9dab2dec803378b4865263b99ad2ef
trial-0015,breakoutcnn,quiet-owl-16,64173,4194304,23.778686971,176389.21800498434,4194304,23.778686971,176389.21800498434,dff47f8283f99ef9aca4f846f08b42c10340586c6e645161184e2bb5c2998248
trial-0015,breakoutcnn,quiet-owl-16,64173,8388608,46.958528719,178638.64624459296,4194304,23.179841748,180946.18788162747,7b67359ac2e5f638a5d89394a2b5ea769233e00bff0f91dd92c6e86a362e0741
trial-0015,breakoutcnn,quiet-owl-16,64173,12582912,70.298944775,178991.4776142527,4194304,23.340416055999995,179701.3382253652,5dd4afd6fd735c271854ed1680a949e221afe9cac763a36228ef5644ae105c20
trial-0015,breakoutcnn,quiet-owl-16,64173,16777216,93.438286814,179553.97698372873,4194304,23.139342039,181262.88953811856,1951744027f92b58429aedeb0cb243d92ef601b5358a90f2f1318d3603e09615
trial-0015,snakecnn,quiet-owl-16,64173,2097152,11.100395938,188925.8736096806,2097152,11.100395938,188925.8736096806,2a80124259cb93f702412393aaea93a22a8dac6678233d8c19af56c370fd2f5b
trial-0015,snakecnn,quiet-owl-16,64173,4194304,21.961543904,190984.02272328697,2097152,10.861147965999999,193087.5084811454,bb207a20db23017731f0bd9c739ba9df44fea8da270adc62391261ff243dfe65
trial-0015,snakecnn,quiet-owl-16,64173,6291456,32.65218398,192681.01649352524,2097152,10.690640075999998,196167.11301580633,cb07d7008b6e9f45d4278a1400fa8b1da52de1de7211fb8a73387108f6101a94
trial-0015,snakecnn,quiet-owl-16,64173,8388608,43.465587777,192994.23817843472,2097152,10.813403797000007,193940.04324353623,16cdbcd67d2f4d836753a47645717f99587a6b61b96c55e285523cee70ab3cb6
trial-0015,mazecnn,quiet-owl-16,64173,8388608,82.091159524,102186.49667809265,8388608,82.091159524,102186.49667809265,68b7fdbb0a67abc1eb7f74d507c204891e6aece93ac56275bd20b5ae6c2a02f3
trial-0015,mazecnn,quiet-owl-16,64173,16777216,161.129989164,104122.24370550881,8388608,79.03882963999999,106132.7456163988,c04c50c4ef6b70b2577de22813dc778cdcb92d6782385effd3f9638c27520fa8
trial-0015,mazecnn,quiet-owl-16,64173,25165824,238.044438027,105719.01703977467,8388608,76.91444886300002,109064.13715505892,1812b368b4c2e84594cae737e9eb2479b861019db09ee8e4e266179f61e59e9a
trial-0015,mazecnn,quiet-owl-16,64173,33554432,314.862149667,106568.64292988967,8388608,76.81771163999997,109201.48258662711,3c1ab7d3c75987235968ae45181340d7ead7eecd475a6c1a5e5667bc9024fb08
trial-0015,connect4cnn,quiet-owl-16,64174,3328000,27.843686705,119524.4018961892,3328000,27.843686705,119524.4018961892,7cc443bc679a2d1085bb5d31c0211f2c06090270c784b71358bda5efcb4045f6
trial-0015,connect4cnn,quiet-owl-16,64174,6656000,54.315963319,122542.24344524693,3328000,26.472276614,125716.42584906997,6ba88dd61183a3eae359ca47d03753c65ffeed3837d8dc9624017b2d4ae7b06d
trial-0015,connect4cnn,quiet-owl-16,64174,9984000,80.390111277,124194.37964948396,3328000,26.074147958000005,127636.00196488535,5ffe5ec3b09e117fd7729e9a38489bc6f0daa28bb1794cd84a6a0b44f512cb98
trial-0015,connect4cnn,quiet-owl-16,64174,13312000,106.695516101,124766.25528854098,3328000,26.305404823999993,126513.92450587443,ed73ca789903a4a0657f7957767780d4fefc726049f8e33511dbb0dcb1193e76
trial-0015,pongcnn,quiet-owl-16,64174,2097152,10.630516351,197276.58852645697,2097152,10.630516351,197276.58852645697,fbc3f9646807becfd6541da09e696855f0af5fe2dbec0f110c89ab622d97011e
trial-0015,pongcnn,quiet-owl-16,64174,4194304,21.074530786,199022.4144295689,2097152,10.444014435,200799.41607242715,0e0e4369050dbbe23d4a6bd7efbe1c59653d149f0437176ed3d986158667b332
trial-0015,pongcnn,quiet-owl-16,64174,6291456,31.5705248,199282.59158998838,2097152,10.495994014,199804.992000065,974123305b56f5a70e42052d52984feae26e901b2cb35e269736a85751d68cc0
trial-0015,pongcnn,quiet-owl-16,64174,8388608,42.033161123,199571.19036212252,2097152,10.462636322999998,200442.02390843251,5d00e063e3ffbb21599dc88221ebb0edac824cdd79776eb3e1e62467db513e9c
trial-0015,flappycnn,quiet-owl-16,64174,4980736,23.038463624,216192.19411885555,4980736,23.038463624,216192.19411885555,71974b1121f06e808b56c07edd64355f992c3122fd8b0a839a79f3f0226acfb4
trial-0015,flappycnn,quiet-owl-16,64174,9961472,45.883624757,217102.98723686338,4980736,22.845161133,218021.48695748486,71dc3351b2331e690404ade6b776014a35cc947580974568b6e1c36ff7a05cc6
trial-0015,flappycnn,quiet-owl-16,64174,14942208,68.72969158,217405.42779255117,4980736,22.846066822999994,218012.84389948935,cc97bf43973cc26c492ae67bd6798ca89e447c3d8b665e97c66dfd3e84b0c3ce
trial-0015,flappycnn,quiet-owl-16,64174,19922944,91.607981093,217480.43961119847,4980736,22.878289513000013,217705.78596663976,097e4fa142d5c73acfc7cf7f3b0fac8bd871b130d6ad285f5ad1ccf23454201f
trial-0015,breakoutcnn,quiet-owl-16,64174,4194304,22.509950875,186331.10410997286,4194304,22.509950875,186331.10410997286,c60869b0e676dd12c2bd8371066ba99acbec874b4051b6eaffe2111a10b594cc
trial-0015,breakoutcnn,quiet-owl-16,64174,8388608,44.789933634,187287.79704268673,4194304,22.279982759,188254.3647079669,89242fd0607e2245b0a0263a66121da766489ead471a91b5477f510ecf2e4a70
trial-0015,breakoutcnn,quiet-owl-16,64174,12582912,67.090424223,187551.53430206384,4194304,22.300490589,188081.2434713384,e8401735559d99c4da3d931bfc7e17f51c449d680ee6aaef756cdc2ce1a298c6
trial-0015,breakoutcnn,quiet-owl-16,64174,16777216,89.398583667,187667.58165311997,4194304,22.308159443999998,188016.58695908685,8712bd38bafbced8f294a0b642934c8f8db6796fd4b7bc6dfaaad920bdd04432
trial-0015,snakecnn,quiet-owl-16,64174,2097152,10.081970603,208010.12843421398,2097152,10.081970603,208010.12843421398,4f1e49663da83b90961c42c5f21e3bfcaec2498fc2b96a2ebb519e6f3f10236c
trial-0015,snakecnn,quiet-owl-16,64174,4194304,19.965714844,210075.32326148852,2097152,9.883744241,212181.93721571026,6abb30427fcff63b85cc416e64c948ee84755c14ec6fdad87889e81fabc30145
trial-0015,snakecnn,quiet-owl-16,64174,6291456,29.864115592,210669.42299424246,2097152,9.898400748,211867.76059998738,fef5d4df4881a2bdcaf8d944efceab6959ac5595b826d5ae312f9b31e0f6123a
trial-0015,snakecnn,quiet-owl-16,64174,8388608,39.785860388,210843.95104674238,2097152,9.921744796000002,211369.27457008132,2e60403f0a2a69d658411028ae2834bb42c5daf7a683e82a69a61ba836959678
trial-0015,mazecnn,quiet-owl-16,64174,8388608,77.118159218,108776.04036536741,8388608,77.118159218,108776.04036536741,b0fad99b871d20f9acc96e6b9c0659f2a48d262cd166b8437d6b4c03f43ee2a9
trial-0015,mazecnn,quiet-owl-16,64174,16777216,153.918159314,109000.8877105509,8388608,76.800000096,109226.66653013333,f94792ee0c7f57b6ba865218b3e4a361b3025c512b0e871a1a7f4ccdedfc1a06
trial-0015,mazecnn,quiet-owl-16,64174,25165824,230.701567123,109083.88839241254,8388608,76.78340780899998,109250.26954868692,3b68ce46dfd97a775ca6e22d505d58523405223026762dc1a91f84166a132292
trial-0015,mazecnn,quiet-owl-16,64174,33554432,307.484290292,109125.67913025833,8388608,76.78272316900004,109251.24368846018,998a5e6ab751bfa6f900f528ea776784ff1e8da22fefa217d68a993c9c85eb35
trial-0016,connect4cnn,quiet-owl-17,64173,3328000,19.491853693,170737.99405723868,3328000,19.491853693,170737.99405723868,2d9d2382941daf19f96cbc8c25467cb2c8f3f661e477f7520e7fc7285ae8c074
trial-0016,connect4cnn,quiet-owl-17,64173,6656000,37.880859481,175708.79043381967,3328000,18.389005788000002,180977.70147920298,6d51c7754df1c68fccc871a3b260787825de51f0241ade976bb32571303fb918
trial-0016,connect4cnn,quiet-owl-17,64173,9984000,55.566407254,179676.90360764315,3328000,17.685547772999996,188176.24665721462,df9ec19af7ec7f7b50b2a565dcd4ef804f0fd61fbb3a14066f50f1a957e295e4
trial-0016,connect4cnn,quiet-owl-17,64173,13312000,73.148851828,181985.08475979135,3328000,17.582444574000007,189279.7094279638,ac6c5d1d25aff9279c0bf00d8506b824a3e70daf157d69249d75b73ba4c62286
trial-0016,pongcnn,quiet-owl-17,64173,2097152,5.149002757,407292.84853245615,2097152,5.149002757,407292.84853245615,7cd340a03c38eebb623af8a711e9648c9528c3aeadaab9db9f409f6ef8fa7a56
trial-0016,pongcnn,quiet-owl-17,64173,4194304,10.087770549,415781.06675074814,2097152,4.938767792,424630.61401612055,5186d64c3fce63d6bd9295022b1f366f0fa70d1d5e915697f05d62dde3bb2d1b
trial-0016,pongcnn,quiet-owl-17,64173,6291456,15.053058402,417952.0089528183,2097152,4.9652878529999995,422362.6226892188,ef8a3c5bb035c7404f34c317883543d3995e78987ad7a3cc0616589089747f90
trial-0016,pongcnn,quiet-owl-17,64173,8388608,19.999185683,419447.47816060367,2097152,4.946127281000001,423998.79357249395,1f1d335c777edfbeb15e2204b762ddbc774e52dcd1ef7465ba03ca016159c862
trial-0016,flappycnn,quiet-owl-17,64173,4980736,9.718908762,512478.9337949338,4980736,9.718908762,512478.9337949338,e0c1808082c789b900071421b90bb8dcfbcda22a9f8b39f65180820b5ca9f522
trial-0016,flappycnn,quiet-owl-17,64173,9961472,19.269993341,516942.1609921043,4980736,9.551084579,521483.812524408,58cec28d7755c043d31ffe3cca4cad174107f8a230dd06b11b8658d41b36c855
trial-0016,flappycnn,quiet-owl-17,64173,14942208,28.801730991,518795.4850584904,4980736,9.53173765,522542.2879741135,308307cb3409b66f22e396bf374d57f0e6aecc4e5a7a57e4da9cc9db7fd1b485
trial-0016,flappycnn,quiet-owl-17,64173,19922944,38.316630712,519955.52922560426,4980736,9.514899720999999,523466.9987122611,89e4e52cd73790bc4216f21721be11502142b9fca307f72b7e4f3d3cf233e039
trial-0016,breakoutcnn,quiet-owl-17,64173,4194304,11.098633986,377911.7326772614,4194304,11.098633986,377911.7326772614,792653bf8c491ffea669a538d97bb0ff8c4ee2b0758cb2396313274da042056a
trial-0016,breakoutcnn,quiet-owl-17,64173,8388608,21.973885584,381753.5122740448,4194304,10.875251598000002,385674.2036911907,9738143a234e39a12608ae00420e303349be3e6593452ed0ea616f50cd8018c8
trial-0016,breakoutcnn,quiet-owl-17,64173,12582912,32.829473013,383280.96204947756,4194304,10.855587428999996,386372.82666023116,9396e9871e471a7b9d2cbfd8ccc1d211c67787af1d39dccb5ad7cdc4e964e19f
trial-0016,breakoutcnn,quiet-owl-17,64173,16777216,43.675305458,384135.05810814933,4194304,10.845832445,386720.3390122076,5c408e3b035ccb51c98c981141035eea83830bd127b3592f397474b057462a26
trial-0016,snakecnn,quiet-owl-17,64173,2097152,4.485258623,467565.4574846575,2097152,4.485258623,467565.4574846575,53fe5403d4f94c32ee58c8893d42dc6cdb0cff14fe6f3aacd0e370b83ed5f4a3
trial-0016,snakecnn,quiet-owl-17,64173,4194304,8.770457726,478230.91234634153,2097152,4.285199103,489394.29641246237,7fb81607eff3b0d233ce718107efcdee275530230c8ecb50cf53c9212cc7a3d7
trial-0016,snakecnn,quiet-owl-17,64173,6291456,13.070443732,481349.84006677644,2097152,4.299986005999999,487711.3546587668,f6ff4c3d7350fbed93d7cd4c8e4ea0635b2fbfb6cade94f653a291146fea11a4
trial-0016,snakecnn,quiet-owl-17,64173,8388608,17.357063969,483296.4846463775,2097152,4.286620236999999,489232.04857253615,233e3a19ec0143b3a80003283a639c74b2c652225a631108b74d48330ff41900
trial-0016,mazecnn,quiet-owl-17,64173,8388608,26.084267354,321596.45836146566,8388608,26.084267354,321596.45836146566,2f0a3686850f092da4b7a08fa0ca727f1233302c9a8bed0c878357181ea8820c
trial-0016,mazecnn,quiet-owl-17,64173,16777216,51.847062995,323590.47997796815,8388608,25.762795641,325609.3832708906,58801e12727e50c4051c4a1ecf4d6e9f2ba96c9df1d1fc007ac7f86e813f5e6b
trial-0016,mazecnn,quiet-owl-17,64173,25165824,77.594877525,324323.2646625664,8388608,25.74781453,325798.8358672553,083e4390ed291bf156be8aa8021aa84ce93d060a5501569652bd6796885198db
trial-0016,mazecnn,quiet-owl-17,64173,33554432,103.184662768,325188.1733183899,8388608,25.589785242999994,327810.8010810555,a2cdac545e26a7d4629d82e89317e0afbbeddd5f384a32bd2263db6351dce1cd
trial-0016,connect4cnn,quiet-owl-17,64174,3328000,19.291223831,172513.67923335562,3328000,19.291223831,172513.67923335562,dca40ddb13ca9c0c3487ca39ee4e7dfdf02c6e7730307877218674dbb3b236b8
trial-0016,connect4cnn,quiet-owl-17,64174,6656000,37.466107199,177653.89835263306,3328000,18.174883368,183109.84079598085,c93e4a02e2dd00753aba41d3a85ddbdc75904566a0de89e05fdf64f8fa34c831
trial-0016,connect4cnn,quiet-owl-17,64174,9984000,54.949030889,181695.6521065534,3328000,17.48292369,190357.17703804723,4b979d4d304954970ed01527f7294e3b53ec5f97dafffb2b85e3797405b6b0f9
trial-0016,connect4cnn,quiet-owl-17,64174,13312000,72.280089394,184172.4340908886,3328000,17.331058505,192025.20140589646,1285c7f7e3826c4836e7af268c93ea38694297fb84aa6b3396825542113a8d8e
trial-0016,pongcnn,quiet-owl-17,64174,2097152,5.123066315,409354.8416228143,2097152,5.123066315,409354.8416228143,1b1e74e74b3864f6821aefbe8e28fa5897b4b7a2da8519049792c26bd23e2091
trial-0016,pongcnn,quiet-owl-17,64174,4194304,10.064276241,416751.6768779837,2097152,4.941209926,424420.7454059097,7e7b35828b7a23201e7a3aa721e841888b80913017cf8f1091bdfd2d2b244645
trial-0016,pongcnn,quiet-owl-17,64174,6291456,15.063930695,417650.3548365535,2097152,4.999654454,419459.3885027719,8b75ed46e648082fba381bbf5a668382c371ce357d021d6e03b75a86034f74b0
trial-0016,pongcnn,quiet-owl-17,64174,8388608,20.002505454,419377.8634027313,2097152,4.9385747590000015,424647.2114607913,777952fb79b05119f22d36e2aa2959f4865c1a9954efd1ef5bad48715cdb715d
trial-0016,flappycnn,quiet-owl-17,64174,4980736,9.688642805,514079.8458819847,4980736,9.688642805,514079.8458819847,f2aefcc42241b7bd8e2afdb8aea97eca8e652416ab728364709839847414d056
trial-0016,flappycnn,quiet-owl-17,64174,9961472,19.183742257,519266.3593238768,4980736,9.495099451999998,524558.5920588629,11a57a1512bc3816b0b4a156df73876f4ff8923d398613de776019df2085ea6a
trial-0016,flappycnn,quiet-owl-17,64174,14942208,28.703874771,520564.14401223493,4980736,9.520132514,523179.27220818517,820296ce139aee1d3d679456fad2c84a20157deceacf850d1575eee505844c88
trial-0016,flappycnn,quiet-owl-17,64174,19922944,38.198954075,521557.3170114344,4980736,9.495079304000004,524559.7051413524,4b72cd2a9d6d2c6ddf65f94d96ceb95ba3991add2762bb3aad39ca6319ae156c
trial-0016,breakoutcnn,quiet-owl-17,64174,4194304,11.045118755,379742.7708145995,4194304,11.045118755,379742.7708145995,afead3cb4eff3826222228158073c2dad703ae6fc20bd346bb9d00106356a401
trial-0016,breakoutcnn,quiet-owl-17,64174,8388608,21.888226536,383247.49546077155,4194304,10.843107781,386817.5143799209,e1787ef0836b2ecaab51142b9dfae947c0f9268649bfdff8fef4b8fbd5ce279b
trial-0016,breakoutcnn,quiet-owl-17,64174,12582912,32.738811064,384342.3628122014,4194304,10.850584527999995,386550.9723625096,5981290d1666a25197c5cc572661da8e5a84f03bcfaf38dbce63a0820d268bf4
trial-0016,breakoutcnn,quiet-owl-17,64174,16777216,43.582397069,384953.9522444848,4194304,10.843586005000006,386800.45494783693,7edbc16e23a7e2d7ff64abc7d24c75c5bed4d3a282f49505c678913dbeb1c8d2
trial-0016,snakecnn,quiet-owl-17,64174,2097152,4.491384243,466927.76358836243,2097152,4.491384243,466927.76358836243,0b8046fe025180da9036eddc386866a8dc2d723c51e2e83281b6e7ce752d5abe
trial-0016,snakecnn,quiet-owl-17,64174,4194304,8.786487618,477358.4374497436,2097152,4.295103375000001,488265.78009894805,f12de6335fe1e0cec9dc38ab396bda880628c4f33ba4bfc94a8cb36e768aa32d
trial-0016,snakecnn,quiet-owl-17,64174,6291456,13.07351001,481236.9436507587,2097152,4.287022391999999,489186.15492036846,b1d72589c30488d4c77ec3720038631f0f90cf6cbfaefdecd33a6a29ba9987da
trial-0016,snakecnn,quiet-owl-17,64174,8388608,17.349772164,483499.60568392853,2097152,4.276262154000001,490417.0802621002,3017ec6b21e5b8303f4cd4175a14fc4b291ebf34209b273d8dce409bc0eed7f4
trial-0016,mazecnn,quiet-owl-17,64174,8388608,26.078682937,321665.3241371474,8388608,26.078682937,321665.3241371474,20ff8877da770799deb66edf66065d8a145fb35561e0fde7aa48e03911b191b8
trial-0016,mazecnn,quiet-owl-17,64174,16777216,51.878995279,323391.3052821055,8388608,25.800312342,325135.90877519303,35bdb76a34807f6844489682fed5dcae06120bb7ed748b0546b9b760ac668599
trial-0016,mazecnn,quiet-owl-17,64174,25165824,77.634268487,324158.70581963507,8388608,25.755273208,325704.485145759,d570616dc72def3ae452d2a2d2dca53b0b60bdc7cb729558417805b99c346732
trial-0016,mazecnn,quiet-owl-17,64174,33554432,103.451189925,324350.3726184907,8388608,25.816921437999994,324926.73536406964,2e8d4de5536a4b6ef96770f4741fac21f7e144ae444e50defcb7933923c3b7fa
trial-0017,connect4cnn,quiet-owl-18,64173,3328000,20.913551757,159131.26754694266,3328000,20.913551757,159131.26754694266,daa2b94696426438f0231bad8914901e76690d6ed17170ca03a68f787b6a0aa0
trial-0017,connect4cnn,quiet-owl-18,64173,6656000,40.495095255,164365.58447601556,3328000,19.581543498000002,169955.9588006896,fa401d9ea02945f0757070ce0a499e418ce534dde8c425e15231d7c9c28fb07e
trial-0017,connect4cnn,quiet-owl-18,64173,9984000,59.636423007,167414.46747783816,3328000,19.141327751999995,173864.63693210998,7dccecaa61e6443bd9fe3b701d6808714598cfaf2fc987cf01e96b472f9d5e4e
trial-0017,connect4cnn,quiet-owl-18,64173,13312000,78.711641794,169123.64799656282,3328000,19.075218787000004,174467.1994151948,1151bb2b40bb864f83fccd10f991d7b45514349e898a84410c5db44cdfa1350b
trial-0017,pongcnn,quiet-owl-18,64173,2097152,6.131471812,342030.76590772724,2097152,6.131471812,342030.76590772724,b877f70ae00ed00d26a71d706b081b24d18fca7436d36a8e1b831d63d7a7058f
trial-0017,pongcnn,quiet-owl-18,64173,4194304,12.0570954,347870.18438951724,2097152,5.925623588,353912.45644541946,d584e48cf51f8563c759bf6affc22644708a1f591bb7ff7c9f097db46e7a4bd5
trial-0017,pongcnn,quiet-owl-18,64173,6291456,18.001140465,349503.1891025245,2097152,5.944045064999999,352815.6292671042,1e88a38dd2f82d5e2cad6d4baf039d7816799cd66c9767671c041fbaa5e4b522
trial-0017,pongcnn,quiet-owl-18,64173,8388608,23.947608334,350290.0115536857,2097152,5.946467869000003,352671.8795426151,fd3c700406bebf8c3ce35f713c6ff8de6fe965b61e0c3acf6f9f498e202e7ef3
trial-0017,flappycnn,quiet-owl-18,64173,4980736,12.072688476,412562.28965913394,4980736,12.072688476,412562.28965913394,0532a045c521ab6ea30b9d2d82a48fe95432aaa13d2a29dd28779f31c01b6c4b
trial-0017,flappycnn,quiet-owl-18,64173,9961472,23.945163005,416011.86836439325,4980736,11.872474529000002,419519.61975862156,0c8197f0a988866ade039cc99479fd00d0bc2cc554d5c4be34ef3ee68454d93d
trial-0017,flappycnn,quiet-owl-18,64173,14942208,35.807838085,417288.7501482345,4980736,11.862675079999999,419866.1740636666,7afd74989bf688f3a72053ba741dcd2b84532fdc6ae2d63c25426f52e73f9ce5
trial-0017,flappycnn,quiet-owl-18,64173,19922944,47.672862811,417909.536479588,4980736,11.865024726000001,419783.0274289813,108534025ce4c753aa1c802d2eddf6781e7995b295b0f5a6032d057ec520349e
trial-0017,breakoutcnn,quiet-owl-18,64173,4194304,13.03009487,321893.58879165247,4194304,13.03009487,321893.58879165247,77a9ec66e760607a411b3b6a9e16632ae0f3f67801b650466f0b308598ea4faf
trial-0017,breakoutcnn,quiet-owl-18,64173,8388608,25.862968477,324348.2281417158,4194304,12.832873607,326840.59147221054,5927efd40580d4ffef0d4b33def5322fe8b39a76a74294bd59ef3e50488b3331
trial-0017,breakoutcnn,quiet-owl-18,64173,12582912,38.701767533,325124.995628969,4194304,12.838799056000003,326689.7458014082,b762f2867f7ac01951cd4d549dbece633e316892d73f898d40730db24f6e4f84
trial-0017,breakoutcnn,quiet-owl-18,64173,16777216,51.506768628,325728.3740933343,4194304,12.805001095000001,327552.0219703659,43a2208858a1490973a5f3af02752d4e42017d671109ae1bb9d19b05d0d7a162
trial-0017,snakecnn,quiet-owl-18,64173,2097152,5.491630099,381881.51098922006,2097152,5.491630099,381881.51098922006,f57f7dba6ba0cba3a5f6a0b38439e4ee59031f251afaff145efe884024ee9c82
trial-0017,snakecnn,quiet-owl-18,64173,4194304,10.806200294,388138.65057904134,2097152,5.314570195,394604.2526586668,2735dd7c0c680645da78ee5ab4c52a2e8f49ec437a61847a96bc5545c0dfab02
trial-0017,snakecnn,quiet-owl-18,64173,6291456,16.110685405,390514.4841353197,2097152,5.304485111000002,395354.4889118644,8dde4997d5f542a4548a04e0e73b99bfb1624488f074795da0a46e71256712aa
trial-0017,snakecnn,quiet-owl-18,64173,8388608,21.396327599,392058.3081926666,2097152,5.285642193999998,396763.89793856733,5b37e80049736bca4942b35699e604f57cdbf1690c297bd7de244e81b49d006f
trial-0017,mazecnn,quiet-owl-18,64173,8388608,35.654112138,235277.4335687203,8388608,35.654112138,235277.4335687203,7b217504735cc507421f0c866e7d43d885cbcc50ebcb1d31755944e0e3dea7e6
trial-0017,mazecnn,quiet-owl-18,64173,16777216,70.910051023,236598.56054197781,8388608,35.25593888499999,237934.6080489441,f471b70e3f51ba392ee6a475d5a9ff482b58e835e50bd6d5a79dbfb99773ca03
trial-0017,mazecnn,quiet-owl-18,64173,25165824,106.16876305,237036.0478641745,8388608,35.258712027,237915.89419307973,7a2d973d2e3892a5580e2f03eee62070d30828432ebd548691357713f34bab51
trial-0017,mazecnn,quiet-owl-18,64173,33554432,141.451865861,237214.48844635827,8388608,35.28310281099999,237751.42580104197,b3f0683b654e4f6546f6df191174cf19faf24b06d1635ab406775267fc2d8449
trial-0017,connect4cnn,quiet-owl-18,64174,3328000,20.925131154,159043.2086426291,3328000,20.925131154,159043.2086426291,784a45399dc9da2de5da24d3839bc0c140352aa755e4dda9e59c8fd77fcca0b2
trial-0017,connect4cnn,quiet-owl-18,64174,6656000,41.25476505,161338.93847009074,3328000,20.329633896000004,163701.91499881397,7daaa1dff752eee3a6e4d624bfbe3c9a595d10948f0ab9abb66add50d080616f
trial-0017,connect4cnn,quiet-owl-18,64174,9984000,60.314190307,165533.184631698,3328000,19.059425256999994,174611.77108568468,bdb1e6e95ee8cc8c0b9e6d0a358c454be673615496bff792367034f84d781f31
trial-0017,connect4cnn,quiet-owl-18,64174,13312000,79.132519117,168224.14032235945,3328000,18.818328810000004,176848.86015125376,7d80da5a67a9dc0fe10c296a098773046a33d232ac8233a271233bb7c9190395
trial-0017,pongcnn,quiet-owl-18,64174,2097152,6.173338453,339711.16535508697,2097152,6.173338453,339711.16535508697,377cec3d839d4eb22cf5592036f5da3392ccc5e232ee348b4ddb475f068cea30
trial-0017,pongcnn,quiet-owl-18,64174,4194304,12.161993886,344869.76718744915,2097152,5.988655432999999,350187.4541727371,f7ab737392182c2747920b2f5ebcaf6665f422d49d7edd67e83b97798aada840
trial-0017,pongcnn,quiet-owl-18,64174,6291456,18.139761405,346832.34578079055,2097152,5.977767519000002,350825.2860845322,6ad54b77648e679809e54b278ee1d0fc184e7ecd112cdfde0e738258ba09b104
trial-0017,pongcnn,quiet-owl-18,64174,8388608,24.115063426,347857.5963833337,2097152,5.975302020999997,350970.04178694735,cf63d135e7238a1361bb1c61bd28c3e04dec72bd6fdc048d9908931c20e56a11
trial-0017,flappycnn,quiet-owl-18,64174,4980736,12.128225133,410673.1154295435,4980736,12.128225133,410673.1154295435,0dcc90c01d81f0603dafb994189cad1f6238df9df6700c6fb458eb524502ba47
trial-0017,flappycnn,quiet-owl-18,64174,9961472,24.083211777,413627.2226577946,4980736,11.954986643999998,416624.1375518178,2c4adebc9995888f0c69cac2b8ce816274c4ce780cd88ee7925c77a72d43f4a5
trial-0017,flappycnn,quiet-owl-18,64174,14942208,36.053722605,414442.8624945316,4980736,11.970510827999998,416083.8306373403,5ff4601bd767bd5ab8d3086e86b68f732fb603664a99a76ccc3eee56a24cad49
trial-0017,flappycnn,quiet-owl-18,64174,19922944,48.015773643,414924.98169722763,4980736,11.962051038000006,416378.093035854,88d4e29b970c2ed1378650c9872973beb946636d16c727f38d9c9c78ae378f36
trial-0017,breakoutcnn,quiet-owl-18,64174,4194304,12.999007167,322663.41160637967,4194304,12.999007167,322663.41160637967,7ac8e077eeb14bccb2df9a3fc8e96e1b43ab13dfd2e0df9f12d05283d4caa55c
trial-0017,breakoutcnn,quiet-owl-18,64174,8388608,25.82498394,324825.2939668624,4194304,12.825976772999999,327016.34146332165,146e9812ecd4a69e61405986cecab6ace2a65305d8dbe738d50880447ea33cd3
trial-0017,breakoutcnn,quiet-owl-18,64174,12582912,38.636835834,325671.38919091225,4194304,12.811851894000004,327376.87218849757,82110b7cbfcecf0c98d9d3b8ad20f7021e0d1188bbc795c5eb2ddfd727919ab0
trial-0017,breakoutcnn,quiet-owl-18,64174,16777216,51.450924087,326081.91782193986,4194304,12.814088252999994,327319.7372445162,ec143ad97b7f0a267df0ce5a5426306d73c956bc51f06f81adae15b884d3a126
trial-0017,snakecnn,quiet-owl-18,64174,2097152,5.476893015,382909.0680165495,2097152,5.476893015,382909.0680165495,4a902608c983dde4f035c56e0bfac7a22e54f7408839a71206b912ff93825da2
trial-0017,snakecnn,quiet-owl-18,64174,4194304,10.751823077,390101.6571759201,2097152,5.274930061999999,397569.63132225134,c4b1949eb0d20c26d7fdc4052f47672e2264e01c91cd2eb354ebe954824fbcb8
trial-0017,snakecnn,quiet-owl-18,64174,6291456,16.018456882,392762.9263134412,2097152,5.266633805,398195.9022875334,fb700f7030cd679ea6dc67406818f1ffb7133499fbf202ef3b097d5de2b9301f
trial-0017,snakecnn,quiet-owl-18,64174,8388608,21.291064317,393996.6492563764,2097152,5.272607435000001,397744.76401920855,5078b6ff80d404da380e2cf46a9d60f3757ac93a8c19aec4dbecacd2f8c9bc46
trial-0017,mazecnn,quiet-owl-18,64174,8388608,35.672880537,235153.64819780437,8388608,35.672880537,235153.64819780437,620274ca4d43db31579dac77291a30da5cf4f87c8ff6f452041a4692c5f0eb4d
trial-0017,mazecnn,quiet-owl-18,64174,16777216,71.018432714,236237.4859434581,8388608,35.345552177,237331.36090199833,e87511499970c33ad131fcc61c76ef57477d19a208977d26dd57a2bbbda37b92
trial-0017,mazecnn,quiet-owl-18,64174,25165824,106.398493737,236524.25063653511,8388608,35.380061022999996,237099.87369854178,198fb20fc2aa04295743489e069ba8b89371693de85a2ffdffbba353acadfc7c
trial-0017,mazecnn,quiet-owl-18,64174,33554432,141.833922398,236575.50628715567,8388608,35.435428661,236729.40661311784,590f0fd17fafc3ddbd7f4f00f31856fd8876f1fefe672f2c715475a4568225e1
trial-0018,connect4cnn,quiet-owl-19,64173,3328000,25.38359928,131108.27835287194,3328000,25.38359928,131108.27835287194,42ea8cf366c381e63ea27858050ad3554f5a1312186ccfc17a4e0d14185a954e
trial-0018,connect4cnn,quiet-owl-19,64173,6656000,49.316516568,134964.92581389818,3328000,23.932917288,139055.34206098077,c01d65efdd036f9c0ca651777426a78f252839833cbd1184ac3f089bab188585
trial-0018,connect4cnn,quiet-owl-19,64173,9984000,73.030343826,136710.2970757962,3328000,23.71382725800001,140340.06252100357,64a6713402e7162c23c0a4771b64ee00173fe04aa76840a90ca9c63c909562ff
trial-0018,connect4cnn,quiet-owl-19,64173,13312000,96.744805785,137599.11854682732,3328000,23.71446195899999,140336.30641731573,23980d8ca18f5327e527a2b23eb04d479dd0b9b2a6ce14e1f21b754c5936e1d4
trial-0018,pongcnn,quiet-owl-19,64173,2097152,8.904261147,235522.29268416806,2097152,8.904261147,235522.29268416806,31e09eae92f1d1e9ff83cbc6ba26ca968905af9f0ee2584da594bd2ab9a1361c
trial-0018,pongcnn,quiet-owl-19,64173,4194304,17.585527746,238508.8500374426,2097152,8.681266599,241572.12269481184,7fa401283ceb7c17bc5fde3d978481c41bef18ab95a9b9fb10494efb55575159
trial-0018,pongcnn,quiet-owl-19,64173,6291456,26.29106078,239300.19608740945,2097152,8.705533033999998,240898.747016345,ee7648c8be88db442cb23dbcc2c331bb07a5657d985983becb59dfed03161cce
trial-0018,pongcnn,quiet-owl-19,64173,8388608,34.982540928,239794.13094278023,2097152,8.691480148,241288.24599370183,c947f1286abef13e8fba2356419a1fef7e64dcf168f728a0afb6eb51dc2af7c4
trial-0018,flappycnn,quiet-owl-19,64173,4980736,18.957996068,262724.8144864422,4980736,18.957996068,262724.8144864422,2d70ebeb38ebf02a5e4846bafae452d35e6e08c17a71d03f09d3f0dec4723dc8
trial-0018,flappycnn,quiet-owl-19,64173,9961472,37.729592592,264022.78200354014,4980736,18.771596524000003,265333.63817147847,99a02cadc18e8b64d02493fa26c4b1bb0a7f881fd5f28981dbe9dde6aebc6952
trial-0018,flappycnn,quiet-owl-19,64173,14942208,56.495409303,264485.3481786624,4980736,18.765816711,265415.3601042278,a6aca47a71026dd0084e9ea25cdcf3f24fedb7a834b4357f673fc85aac462dc3
trial-0018,flappycnn,quiet-owl-19,64173,19922944,75.283785692,264637.91395279294,4980736,18.788376388999993,265096.66917871975,8c73804d5be4bb1d908c5378fbbcb6f864ba0cf48fa74b6e311fbdf9dbf772c8
trial-0018,breakoutcnn,quiet-owl-19,64173,4194304,18.482557434,226933.09705529574,4194304,18.482557434,226933.09705529574,5dd6f11ea8708d95d0c41d70acb8e07da193f24e745124f968952d095346ed54
trial-0018,breakoutcnn,quiet-owl-19,64173,8388608,36.787672538,228027.69029040766,4194304,18.305115104000002,229132.8940665043,b4f172f19f94c6ebbf5e78c1497d0573138e2220e846eec3e9314c59e2f148e8
trial-0018,breakoutcnn,quiet-owl-19,64173,12582912,55.101093953,228360.47521548197,4194304,18.313421415,229028.96760539597,f9758e736d4c0787cc907aa113482d7ff89b07b26e974491af5a8c0e7441b4a3
trial-0018,breakoutcnn,quiet-owl-19,64173,16777216,73.41983298,228510.6805482684,4194304,18.318739026999992,228962.48447112078,52ee3339682af8bf2d5c66c3688bac5f1af06db08a96255196f19189aee88e3a
trial-0018,snakecnn,quiet-owl-19,64173,2097152,8.230043935,254816.6226769967,2097152,8.230043935,254816.6226769967,954df0b5e3208fe84bea93bfcc9b33362bc8e61dea3981da6a941bfbea70929f
trial-0018,snakecnn,quiet-owl-19,64173,4194304,16.265785289,257860.52904783306,2097152,8.035741354,260978.0364516197,48b380d80c5ba647bcedb03f852ea7949fb28a46833d014f568a5bae3701e38b
trial-0018,snakecnn,quiet-owl-19,64173,6291456,24.307719049,258825.4367807014,2097152,8.04193376,260777.07956649474,8498208f442a3020310f3d55ee853016aedd8101680f939a908f601718b01810
trial-0018,snakecnn,quiet-owl-19,64173,8388608,32.355401927,259264.52772635338,2097152,8.047682878000003,260590.78517283482,253b07e82bdaedbf75fd323354833e457c5011259d1a12eead710dac52367e6d
trial-0018,mazecnn,quiet-owl-19,64173,8388608,60.433267434,138807.78511870658,8388608,60.433267434,138807.78511870658,3bc449246a922f1484ce1c4324c3f239a0546df61e1943afcb87ccf084a2e2c1
trial-0018,mazecnn,quiet-owl-19,64173,16777216,120.541785479,139181.7445986215,8388608,60.108518045,139557.72447625315,abc4e136b4dea82fb408fd8c96197df75681209e601066b8c3ee9538e94f0348
trial-0018,mazecnn,quiet-owl-19,64173,25165824,181.908480115,138343.32508352835,8388608,61.366694636000005,136696.42873479662,5da94d54dd75259d7730fbc936eda17c400a22706b3fb4f3af9e6f71117ab799
trial-0018,mazecnn,quiet-owl-19,64173,33554432,242.530802239,138351.21844413833,8388608,60.62232212399999,138374.90393128645,72cd7aca6f4dc4628f1d44640db729e62243bd8ff3799d2eef0c5f7e60986d20
trial-0018,connect4cnn,quiet-owl-19,64174,3328000,25.433265558,130852.24909127654,3328000,25.433265558,130852.24909127654,e828b4f926407fa5f844761f21831e811e0aad2c2cfb62435499a43be30b3261
trial-0018,connect4cnn,quiet-owl-19,64174,6656000,49.683088085,133969.12825975358,3328000,24.249822527000003,137238.11777568972,13119732c3fa2df5c8b5e83563eb51bd755f6a04f3ccb4ebfce4d705e721f84c
trial-0018,connect4cnn,quiet-owl-19,64174,9984000,73.625017214,135606.0803487529,3328000,23.941929128999995,139003.0010559556,dd0ad686930f4d147b659945f5d785f4aecaf9389556504c4c0f5bb1587e70b3
trial-0018,connect4cnn,quiet-owl-19,64174,13312000,97.774490873,136150.03137465633,3328000,24.14947365900001,137808.38650948086,ac142aa974f0a152c1e822eec2583f5f1cd9779415df6ee7031bb9a7006d0d45
trial-0018,pongcnn,quiet-owl-19,64174,2097152,9.344422804,224428.201076506,2097152,9.344422804,224428.201076506,4468267ebc58c34f8e9410ba519759301e51df40f456836ca119e327f4536a07
trial-0018,pongcnn,quiet-owl-19,64174,4194304,18.689143872,224424.61937937615,2097152,9.344721067999998,224421.0377965666,cf36af33be80bec131c4083018cea8d59223bedd472c33600b40ed7ae2b1d077
trial-0018,pongcnn,quiet-owl-19,64174,6291456,28.040955407,224366.67755013204,2097152,9.351811535,224250.88360166576,3af0cbf1bf99dba93956358493adb0b96e653acd256c6acf16accd6057e3aeae
trial-0018,pongcnn,quiet-owl-19,64174,8388608,37.350619201,224590.86835635133,2097152,9.309663794000002,225266.13703833174,c1d92ab400e7681887d55b6840b89036a26b03b9eb5ada0b7db917a258b39664
trial-0018,flappycnn,quiet-owl-19,64174,4980736,19.23035332,259003.8735700151,4980736,19.23035332,259003.8735700151,e42c42c264f4d7513807ef9b4c2b71fb58ece9f9b1f12f97828f07bcd978ad6e
trial-0018,flappycnn,quiet-owl-19,64174,9961472,38.768311591,256948.8221486679,4980736,19.537958271,254926.12538705528,b41916cb42ddaccafebf756ea1fb0a5be6176295b7deebc5a23faeb6c52a68eb
trial-0018,flappycnn,quiet-owl-19,64174,14942208,58.364764157,256014.19308070483,4980736,19.596452566000004,254165.18541940674,77f2fa63e13157df851d0f3a2a819cc5fe71e0d3feeea791a92f371a76e7b28d
trial-0018,flappycnn,quiet-owl-19,64174,19922944,78.020925976,255353.85219765903,4980736,19.656161818999998,253393.11132377488,dca8e7ac29dcf7f50dff024c606503a18edfe70fa20dfd8c01456f75a1f38f0b
trial-0018,breakoutcnn,quiet-owl-19,64174,4194304,19.31483932,217154.48575629154,4194304,19.31483932,217154.48575629154,85e5148e428049ff9989cc0242c9c47993172eacbc920d95f43726dc22b12e42
trial-0018,breakoutcnn,quiet-owl-19,64174,8388608,38.425045659,218310.9442326766,4194304,19.110206338999998,219479.7861203774,2101601ed29586959bfab076b6d0c0e3e7c16e5ac619f4f49e43175783ad65f2
trial-0018,breakoutcnn,quiet-owl-19,64174,12582912,57.129984728,220250.57524359855,4194304,18.704939068999998,224235.1062747533,8edd3d6f61df25fe12a30ac19728918913774658d944d5693a60af69082d743a
trial-0018,breakoutcnn,quiet-owl-19,64174,16777216,76.215279602,220129.298056918,4194304,19.085294874,219766.26652564446,88ad48588eed6d43f0fc212067e61f7f5f09a60491cc56d7dc5e4aa47b3ca47c
trial-0018,snakecnn,quiet-owl-19,64174,2097152,8.259283175,253914.52933202038,2097152,8.259283175,253914.52933202038,e209f1afeeeba1b53a4b0d3a1ce78427f74dee697bb83a124903a665584198aa
trial-0018,snakecnn,quiet-owl-19,64174,4194304,16.319873051,257005.92075028393,2097152,8.060589875999998,260173.51487440948,29f45760caff8281c2f04daf0109774fa013908039500ba7e69c876a97748aec
trial-0018,snakecnn,quiet-owl-19,64174,6291456,24.74626995,254238.55848626595,2097152,8.426396899,248878.85357606152,c3c6adfd6073c4e1f8d77b6bf94876e3bc38b3e4c842aa1ea28530cc10e6a4c6
trial-0018,snakecnn,quiet-owl-19,64174,8388608,33.210090505,252592.1451113492,2097152,8.463820554999998,247778.41004215388,2b784f79718e7ba916a5254f7b6043e73e63d95b4cc157696d5f2bdcce55ddea
trial-0018,mazecnn,quiet-owl-19,64174,8388608,63.155227704,132825.23561337267,8388608,63.155227704,132825.23561337267,7f2b3a57b5215981539e0a1bd24a4c99312e528f03d13b76a4f4d81c4d7fd071
trial-0018,mazecnn,quiet-owl-19,64174,16777216,125.94110766,133214.77245771908,8388608,62.785879956,133606.60081341045,c220ff84ee58f712bc9a10c1c0e7698bb03e3ec570f12f8051d288f9b90b1747
trial-0018,mazecnn,quiet-owl-19,64174,25165824,188.497341854,133507.58027925988,8388608,62.55623419400001,134097.07454552277,4c7c48cb363732b421f0df0649514cc8e67deb4831b93e8c0a58e6d0d70a366a
trial-0018,mazecnn,quiet-owl-19,64174,33554432,251.82499246,133245.0432032865,8388608,63.32765060599999,132463.5908600282,e30ef0c485c9ae2bff8b81ec52a6cbfb5b7a9cfea23333c16ab84009206b41e6
trial-0019,connect4cnn,quiet-owl-20,64173,3328000,27.269779954,122039.85531287137,3328000,27.269779954,122039.85531287137,1dc9d93d51a10173d3ff5d9c52dcab70fdfc88dca7f0559b2230c39cbed259f7
trial-0019,connect4cnn,quiet-owl-20,64173,6656000,53.497132794,124417.88283551726,3328000,26.227352840000002,126890.42696388264,f03d398336103296ba2d54509a53564fae05c37a4c2861149e3b5c9d412dd9f2
trial-0019,connect4cnn,quiet-owl-20,64173,9984000,79.609702221,125411.84957938896,3328000,26.112569427000004,127448.20111646685,b2040743d7aa49c505c136381f5cabc637efe7f2d9509bd53262de6d0ba1cf24
trial-0019,connect4cnn,quiet-owl-20,64173,13312000,105.531318614,126142.64821887673,3328000,25.921616392999994,128387.05540364028,28a8af6d5a568027885fb99f6d472cb7c900793a54061542ab56ccf08d2030b1
trial-0019,pongcnn,quiet-owl-20,64173,2097152,10.438868343,200898.4049891087,2097152,10.438868343,200898.4049891087,3144997d74c4be17b3d7f829feb2d8eb293bc2fa225a9f0d0f996070e6be71c2
trial-0019,pongcnn,quiet-owl-20,64173,4194304,20.664286883,202973.5661214881,2097152,10.22541854,205092.04506361458,eeedaf61bb7d62187eeb0ad87066e8612dedf677cc7bc1fba5b981aacf9a4e78
trial-0019,pongcnn,quiet-owl-20,64173,6291456,30.887769607,203687.61098807817,2097152,10.223482724,205130.87923324396,97193ce20e6a8641cb04b301fb4669f462bbfc406c534dd1bbd9674f3c0a8361
trial-0019,pongcnn,quiet-owl-20,64173,8388608,41.089908125,204152.51293531578,2097152,10.202138518000002,205560.03981909467,cea18700c224d5fc2d2a851c3073d3eb9999fbbb0a308fc70ce76b1dccb373f6
trial-0019,flappycnn,quiet-owl-20,64173,4980736,22.069865482,225680.39683170008,4980736,22.069865482,225680.39683170008,d87d49e633be440f32c99e65e53fc575891b2d1169a9fcd1770c378522fc5442
trial-0019,flappycnn,quiet-owl-20,64173,9961472,44.097657424,225895.7183194612,4980736,22.027791941999997,226111.45107573492,996ad69dd9e9f83c2199de200fa0f61d07c9b2709ba6bcae21716a30d41efe80
trial-0019,flappycnn,quiet-owl-20,64173,14942208,65.59559034,227792.8733097823,4980736,21.497932916000003,231684.41447191645,f662393f3836eae0225b078d5d562a88af525436a4b6466e87e453c51cf6b17d
trial-0019,flappycnn,quiet-owl-20,64173,19922944,87.703706629,227161.93836911683,4980736,22.108116288999994,225289.9313035634,24e46842da0598ebbfdb09c09f4125ee7416d40bc60f6ee25471f0fbddaef83f
trial-0019,breakoutcnn,quiet-owl-20,64173,4194304,21.414592286,195861.95917174043,4194304,21.414592286,195861.95917174043,b45bce550fb340e6b5b03b6d60f97dff6db805d86b4c3efe1e48e0e356d89c8f
trial-0019,breakoutcnn,quiet-owl-20,64173,8388608,42.582221187,196997.89644982098,4194304,21.167628901,198147.0867434686,300fa3b45da571958304215b560fcd9b9e149d4586e32f4b1098c7d06b3e6bf2
trial-0019,breakoutcnn,quiet-owl-20,64173,12582912,63.892468854,196938.89163608747,4194304,21.310247667,196820.9879838747,939c022e4d67bf1f54a3d1166d9b8e626f8c6ab471beb6bea1b887742470b129
trial-0019,breakoutcnn,quiet-owl-20,64173,16777216,85.130495645,197076.45154519175,4194304,21.238026790999996,197490.2867048559,05435f51afd18ed18c3cea3fc5af444aa495215fa8d274cd6e7dc9f5945c195e
trial-0019,snakecnn,quiet-owl-20,64173,2097152,9.969355668,210359.8336582087,2097152,9.969355668,210359.8336582087,abda1e6abd8bc67b3d9919353bcf1550a5ff540a59a35bd2140303111adc2810
trial-0019,snakecnn,quiet-owl-20,64173,4194304,19.730827729,212576.1806655121,2097152,9.761472061000001,214839.72774749305,3d401f0f268637e88feec64a356259e5b5f90a68b74680e45385f99b070a213c
trial-0019,snakecnn,quiet-owl-20,64173,6291456,29.28556537,214831.29727947607,2097152,9.554737641,219488.18259550998,a0f1fbf0dc39e9456849144e7e683dd640ed94b205b50622f458d86967fe5abb
trial-0019,snakecnn,quiet-owl-20,64173,8388608,39.052250064,214804.7292090084,2097152,9.766684693999999,214725.06441088967,ba5bd598bdf8540c7bbdf1c64ddbfed00134a7fc3b1a420c96cfdb51709bdc9e
trial-0019,mazecnn,quiet-owl-20,64173,8388608,72.603400506,115540.15296166134,8388608,72.603400506,115540.15296166134,6fa46dede01fb5551e2498da9258783a51fbf1753b0c4d918b1c8ae8e569668d
trial-0019,mazecnn,quiet-owl-20,64173,16777216,146.07015099,114857.25102829922,8388608,73.466750484,114182.37426775692,4461acb6412b659e21aa1f1dc4cd8af41ee54a164377ea987e3487e0db33a584
trial-0019,mazecnn,quiet-owl-20,64173,25165824,217.457162498,115727.73097428537,8388608,71.387011508,117508.8832379533,0a70ebb1467198ce27f7cbf5a901b3cf747fa3236bd38775bbcd0bf398f3b60d
trial-0019,mazecnn,quiet-owl-20,64173,33554432,289.451505673,115924.19228216837,8388608,71.99434317499998,116517.59888425432,f5061e0c03083fb9c8442832973dfe76ca3a4096fa0b70fb80696a231715b19b
trial-0019,connect4cnn,quiet-owl-20,64174,3328000,27.512283066,120964.15233938841,3328000,27.512283066,120964.15233938841,7fd49d3f824e63cb2a54d05eba9bc01670b695d1ed669d6cc34e3f84110e2f3b
trial-0019,connect4cnn,quiet-owl-20,64174,6656000,53.2258851,125051.9364308326,3328000,25.713602034,129425.66333567453,0fa24f6bed4de64c93426d5755f442b95fb2a63833816d5f33bd90f83236a959
trial-0019,connect4cnn,quiet-owl-20,64174,9984000,79.248113364,125984.07174870899,3328000,26.022228264000006,127890.66202313131,ab3640e8e2c31840046875afd2acefef5ed7eaaad5c17a2a35b9e5fe80f38fde
trial-0019,connect4cnn,quiet-owl-20,64174,13312000,105.069893504,126696.61647171283,3328000,25.82178014,128883.4457561143,e2dc598b513da07cd67ad67cbebcb43bff72ccaacdd41de1ea647449576a8cdc
trial-0019,pongcnn,quiet-owl-20,64174,2097152,10.702218203,195954.89086665562,2097152,10.702218203,195954.89086665562,48004fa6d098e5fca2aa3a1b6a8fa9f4dac104c117bdc9a14809dcbde2cc8347
trial-0019,pongcnn,quiet-owl-20,64174,4194304,21.155502069,198260.66931997234,2097152,10.453283866000001,200621.35754498412,95a8b63f542c031f938562a868537847ba311a778aa6f44f9a766e56d5f21442
trial-0019,pongcnn,quiet-owl-20,64174,6291456,31.593034426,199140.6053361669,2097152,10.437532356999998,200924.11963576157,b56d1907490cfac308ceeb94d68108f0dd7c0201cecf2c2db09f8e6f4bd16eba
trial-0019,pongcnn,quiet-owl-20,64174,8388608,41.947263748,199979.8616280415,2097152,10.354229321999998,202540.61744065362,110cca589ce685d99472ccd3df2255f2b031e410d3ef77659a45a81a00a889a3
trial-0019,flappycnn,quiet-owl-20,64174,4980736,22.381755165,222535.54126035405,4980736,22.381755165,222535.54126035405,de35c3dfd8ffc1efd23fdab9aca0c5aefd32f3534910a030c470b8f50cb32fc7
trial-0019,flappycnn,quiet-owl-20,64174,9961472,44.255168927,225091.71790603027,4980736,21.873413762,227707.30047876103,aa474be09d5128461f44337ee43e87da5e965ab76bd1b166b87ce54a625762a8
trial-0019,flappycnn,quiet-owl-20,64174,14942208,66.083053647,226112.55345156614,4980736,21.82788472,228182.25695668784,a82bf80fb6cbd79455e6b4266f61e6fb41cde34f2e0f33b0ebe3696f13abd106
trial-0019,flappycnn,quiet-owl-20,64174,19922944,87.996134214,226407.03683128732,4980736,21.913080566999994,227295.1073570523,e32b0307bcfb8e3abadcb4cc6a081a52787277d162ba56ea2f654a8ed2cda585
trial-0019,breakoutcnn,quiet-owl-20,64174,4194304,21.073614419,199031.06873865976,4194304,21.073614419,199031.06873865976,c0d2f5fda358aafc5b34c721fa741b21ed675242efc2bcae1ef35e35769853e8
trial-0019,breakoutcnn,quiet-owl-20,64174,8388608,42.226590209,198657.0063668576,4194304,21.152975790000003,198284.34739583274,703624c064a59143120d2ef3f2f1036069645ea63c8ecd655b5309f164650df4
trial-0019,breakoutcnn,quiet-owl-20,64174,12582912,63.626315124,197762.70204360294,4194304,21.399724915,195998.03346350632,bbbc7e86e6e704c020a5b3387260a88e99d9170d4f09489204e2ec07e834a98d
trial-0019,breakoutcnn,quiet-owl-20,64174,16777216,84.957579966,197477.5647648419,4194304,21.331264841999996,196627.06506468685,5c9dbd72b0f11cb4057722aa361865c444c6962b47f83f062dbb3e4bcbf7b66f
trial-0019,snakecnn,quiet-owl-20,64174,2097152,9.654117423,217228.76448589057,2097152,9.654117423,217228.76448589057,96507b428affe2dc1a2800369c867bac803662cdf97d8208ea953eb9cb33a004
trial-0019,snakecnn,quiet-owl-20,64174,4194304,19.119819925,219369.43007061296,2097152,9.465702502000001,221552.70562928577,a24dc8096502ba81ab272342d3f688285b7c5c48cb84ce89fcd8648ef50f839e
trial-0019,snakecnn,quiet-owl-20,64174,6291456,28.489824358,220831.687866596,2097152,9.370004432999998,223815.4757551757,6d8c87fa5af05ba0d4e34e006f3cbf21e6230499635bfaea0e09ec3b46086054
trial-0019,snakecnn,quiet-owl-20,64174,8388608,37.889831368,221394.70399133605,2097152,9.400007010000003,223101.11021927837,4d2785042bd0f60ddeae0f2f1e4ba183a73b04d7df1626161f83c67071b6d197
trial-0019,mazecnn,quiet-owl-20,64174,8388608,71.912548138,116650.12876337356,8388608,71.912548138,116650.12876337356,635f1d3625c80d86e92919006890cdfcc5e46b1d96e9cbbd5243de46cb772cae
trial-0019,mazecnn,quiet-owl-20,64174,16777216,140.982329983,119002.26079412249,8388608,69.069781845,121451.20160977107,1ea9e543f077b58b6ec4a251fcf15e1105f5adbd1aacfefc26575a1faadd5e7f
trial-0019,mazecnn,quiet-owl-20,64174,25165824,209.953092545,119864.03103162731,8388608,68.970762562,121625.56550624207,95750f6f7553facd5db1f0058b4f9c78d74ba0c4e55a015c2e91c3f79e6f78d6
trial-0019,mazecnn,quiet-owl-20,64174,33554432,278.915959526,120303.01907794602,8388608,68.96286698099999,121639.49045667071,f483e9d4cd2db51080303138320a4a21cc5f6630241c590edc91b8181384fa54
trial-0020,connect4cnn,quiet-owl-21,64173,3328000,27.743477614,119956.12252735808,3328000,27.743477614,119956.12252735808,366fc3dc204f37506d99156c612982e4e48984cf67beab31d3b4ed7ae1c2f4cd
trial-0020,connect4cnn,quiet-owl-21,64173,6656000,54.251457233,122687.94866493094,3328000,26.507979618999997,125547.10120625736,c21a78a324a89da4cd51526068f89377410f867453271907964f99df09b05890
trial-0020,connect4cnn,quiet-owl-21,64173,9984000,80.360767473,124239.72933502002,3328000,26.10931024,127464.11028895875,e2f8b77e55034823c33e88d988bd117e30c3cceede16ac5962de1d7a91a7f867
trial-0020,connect4cnn,quiet-owl-21,64173,13312000,106.458540824,125043.9832911832,3328000,26.097773351,127520.45759767776,5f5cd5b100c3cb5d293716eacd0cf208a440ac04fc69894af58094d965583724
trial-0020,pongcnn,quiet-owl-21,64173,2097152,10.38428218,201954.45035566244,2097152,10.38428218,201954.45035566244,2173c909ea2776fa1d59a8a290e5076910f9886615ccaa6ea907139b97e001b1
trial-0020,pongcnn,quiet-owl-21,64173,4194304,20.587815097,203727.49513430314,2097152,10.203532917,205531.9483025293,9e195912d8900cc9184fb8b523b8aa5d26a63f177ff4afd7a3ded550df1ceda8
trial-0020,pongcnn,quiet-owl-21,64173,6291456,30.830292315,204067.34829883496,2097152,10.242477218000001,204750.46762266566,4d934670c7609832e14714f10b432c11d61475d41bb788b035ca09daf732c50c
trial-0020,pongcnn,quiet-owl-21,64173,8388608,41.025961258,204470.72397028195,2097152,10.195668943000001,205690.47619379923,05e69e34d75fc053ad2f13549c870e08d13ce8e0a3bca4767a5403e8e9b74f07
trial-0020,flappycnn,quiet-owl-21,64173,4980736,23.028015766,216290.2809608924,4980736,23.028015766,216290.2809608924,bdfe52581aeb6e9edff37ccf1eb9ceb50fde30354ec30f8b91ca670e510f436f
trial-0020,flappycnn,quiet-owl-21,64173,9961472,45.760289731,217688.13218968036,4980736,22.732273965,219104.16915037387,420b2322a9118b985540f30265afeed2b604f60a8805abe3c12fb114b9ef9277
trial-0020,flappycnn,quiet-owl-21,64173,14942208,68.482677098,218189.60112522208,4980736,22.722387366999996,219199.5022157568,7576f3ea5bf96c46061b36d8e19761bb55fa746a6ad6f7578f01dac5894d8c9f
trial-0020,flappycnn,quiet-owl-21,64173,19922944,90.65935589,219756.07265700374,4980736,22.176678792000004,224593.41395145006,8cbe6efdfe369410d6a68529354f2852c1cd8844ef8dadc7ea68e379cd61e110
trial-0020,breakoutcnn,quiet-owl-21,64173,4194304,21.831890307,192118.2243506955,4194304,21.831890307,192118.2243506955,d2ce946818b6908628a2f5fee810191211582a815dabef275e27ef308197991c
trial-0020,breakoutcnn,quiet-owl-21,64173,8388608,43.447681312,193073.77854668425,4194304,21.615791005000002,194038.8856937877,e79291b497cd06365ba76fb3b4c5bd2ba3dfc3931460dfec33cbb28f52209768
trial-0020,breakoutcnn,quiet-owl-21,64173,12582912,65.233434649,192890.5333239707,4194304,21.785753337000003,192525.08440351114,dbc6b095cd9186a0a9fc4bf5768d99f2328509c94807d81aae9c40d8ee054229
trial-0020,breakoutcnn,quiet-owl-21,64173,16777216,86.804988091,193274.79179436088,4194304,21.571553441999995,194436.80823809633,a277d9d3cf258dfde6a1c230982f559f0196533d28fd1cd81344d2820e49f99b
trial-0020,snakecnn,quiet-owl-21,64173,2097152,9.984465782,210041.48301862547,2097152,9.984465782,210041.48301862547,94681f5e36e15b5bd6f0faa92b70dfe5504fb9b6d00995f24a486f7f6b6c3b9c
trial-0020,snakecnn,quiet-owl-21,64173,4194304,19.66235724,213316.43753615374,2097152,9.677891458,216695.13541262533,cb28df3dadf9cf7f842a51de3453ca62aa2acccadfca83b360efe2af86bb1c87
trial-0020,snakecnn,quiet-owl-21,64173,6291456,29.502070323,213254.7286044241,2097152,9.839713083000003,213131.4177872964,59ee91847951838f19a77f5e368ec8f4a58ac06b377314eb97855ce41f6b3776
trial-0020,snakecnn,quiet-owl-21,64173,8388608,39.338308617,213242.72178735395,2097152,9.836238294000001,213206.70944696816,25c1494d4d50cdb7369dbe4ee6f630d64795911c42fc2ee0f333e2e39de64e33
trial-0020,mazecnn,quiet-owl-21,64173,8388608,79.692298835,105262.46729772857,8388608,79.692298835,105262.46729772857,fc5201f09e8ea28bf918c48b0015144609d801181f6bd5ab88df2a91e2155b9d
trial-0020,mazecnn,quiet-owl-21,64173,16777216,158.79146212,105655.65538606427,8388608,79.099163285,106051.79184734533,b1261f750d1ecb3eafbffdcd56bfaa59412e753c4ae827cdfcc7b241f2f2ed4e
trial-0020,mazecnn,quiet-owl-21,64173,25165824,237.371212351,106018.85439582026,8388608,78.57975023099999,106752.79541281443,493000bbe414b6cda864eaafebe88014f2ab39e2b5d91b06805bb3870edcceb6
trial-0020,mazecnn,quiet-owl-21,64173,33554432,314.646276846,106641.75764718435,8388608,77.27506449499998,108555.17306676306,1793e89bfa0fdf23422493d13c01d45a2f4d3eb3890e9ff70f872625117182c0
trial-0020,connect4cnn,quiet-owl-21,64174,3328000,28.14626526,118239.48823254996,3328000,28.14626526,118239.48823254996,fa5c5467a477578314588a34243f7a394c27ca59ebaa6da218d164ef8d6b739a
trial-0020,connect4cnn,quiet-owl-21,64174,6656000,55.395943571,120153.20203850527,3328000,27.249678310999997,122129.88212255598,078ae2059e408b30cf998d7b22ecd7315d4ab7e6246cb311da549ea4d8c4eba9
trial-0020,connect4cnn,quiet-owl-21,64174,9984000,83.25810313,119916.25589176452,3328000,27.862159559,119445.15617867796,f8005f5c0df0247ae79308660ed99807064b92d68988e069cb75ded0bb94191a
trial-0020,connect4cnn,quiet-owl-21,64174,13312000,110.813246958,120130.04189874034,3328000,27.555143828,120775.99815023546,068c7651072e17afdc0a2cb2e4bbbd03ce43811b773dc315af26be2299aa5b0a
trial-0020,pongcnn,quiet-owl-21,64174,2097152,11.327471241,185138.58524834015,2097152,11.327471241,185138.58524834015,810743f98651426e65ba4231fc6b2a12b4068b91796c1a241a155898b1b45ec6
trial-0020,pongcnn,quiet-owl-21,64174,4194304,22.458658073,186756.66134489264,2097152,11.131186832,188403.27016801978,327cf645f51cf30828c1fdfc672723feaf1df2c0ec6d8997740f572eb4461a2d
trial-0020,pongcnn,quiet-owl-21,64174,6291456,33.578002289,187368.38320071987,2097152,11.119344215999998,188603.92836677702,4346b1e28ab2ac9891dc61ee5d345de7e99aff3764a3367f3e1a064fe357a9c7
trial-0020,pongcnn,quiet-owl-21,64174,8388608,44.762372567,187403.11379706228,2097152,11.184370278000003,187507.38288101583,3699d74b82008f27f8e42ef58c7dcc80e8a6184f241acb73d53cdb49e52c5192
trial-0020,flappycnn,quiet-owl-21,64174,4980736,23.675138434,210378.32635635772,4980736,23.675138434,210378.32635635772,8e714466d13beffe5183c59b34739fe0948197f5ef9cc40052f60e6c8a84c50c
trial-0020,flappycnn,quiet-owl-21,64174,9961472,46.827391803,212727.45750835983,4980736,23.152253368999997,215129.64291713477,669975305ee3d05d03d8236b73521e2b4d595899db2e9330af5771fc195a256b
trial-0020,flappycnn,quiet-owl-21,64174,14942208,69.374510299,215384.69872579968,4980736,22.547118495999996,220903.43832111472,d864ca02dee883b10405789bc8046d9da672816a8266d3ac6090430d94299737
trial-0020,flappycnn,quiet-owl-21,64174,19922944,91.86459944,216872.92081442507,4980736,22.490089141000013,221463.59530963306,f10185768b152b8faf7030d07c02aa505efe641eb34423637c0fd96e2d793ec2
trial-0020,breakoutcnn,quiet-owl-21,64174,4194304,21.666990343,193580.36965918817,4194304,21.666990343,193580.36965918817,855f7a7c7333fe2c7700dea96598092184a6e75445b4ad1e577fcc5d0bc1dd9e
trial-0020,breakoutcnn,quiet-owl-21,64174,8388608,44.248806769,189578.17424981782,4194304,22.581816426,185738.11428078075,8bfbe78c05c0d7caf4b69569d491d6e86b072e208de08f9168d6bbccfad1120b
trial-0020,breakoutcnn,quiet-owl-21,64174,12582912,65.853241013,191075.06033782032,4194304,21.604434244000004,194140.88573806762,953cd8a2d81548dcf040d1ea9e113ce86bc46245a9b86eeff08170589e1b88e3
trial-0020,breakoutcnn,quiet-owl-21,64174,16777216,87.302032954,192174.40227125093,4194304,21.448791940999996,195549.66132999148,cf99e87a96ebce966640e2ab0d4787a1e399831bb6576446692ef5cadf30f60d
trial-0020,snakecnn,quiet-owl-21,64174,2097152,10.077842551,208095.33284402272,2097152,10.077842551,208095.33284402272,7e768d95f753b82f524288cb1cf5ee32d5db4ec75fd0f44d4862f181008d0fcb
trial-0020,snakecnn,quiet-owl-21,64174,4194304,19.794974287,211887.31741644823,2097152,9.717131735999999,215820.0647039165,885357309faea8bf824bfe31c2de8b4de321c094def820c75823622a8e4d4d74
trial-0020,snakecnn,quiet-owl-21,64174,6291456,29.56510168,212800.07990826567,2097152,9.770127393000003,214649.4017572939,b541d45d9fd2dd51bada9935c2f43b08af3c9ca6def32fc718dd07ab3db7999e
trial-0020,snakecnn,quiet-owl-21,64174,8388608,39.351146417,213173.154121275,2097152,9.786044737000001,214300.26699866698,8d49c03521c8a7fabc5156305df3e9604a9def8bfeb63ed98efa3c140a4c3837
trial-0020,mazecnn,quiet-owl-21,64174,8388608,75.352518662,111324.85216091848,8388608,75.352518662,111324.85216091848,622bdd9d1264375fe5ec6eec492c06ff036f03dd58432d25dd25e03ffe1530e9
trial-0020,mazecnn,quiet-owl-21,64174,16777216,150.574478125,111421.37903391787,8388608,75.22195946300002,111518.0734440475,350d415bddb1ec6b130157bc0b6e6f0729f0e7d4d9b124e9229d6dbc55d52c1f
trial-0020,mazecnn,quiet-owl-21,64174,25165824,226.806732102,110957.12974111532,8388608,76.232253977,110040.14130988339,e92b671f61da9c4451296aa687985ceb70f7b3fcbf3c693d053a6202b31af129
trial-0020,mazecnn,quiet-owl-21,64174,33554432,303.377591459,110602.86898129297,8388608,76.57085935699996,109553.53081371849,1a6ea4fa3e550bcd30feac6317a925e33a517f6a0da42957852c87c653563fef
trial-0021,connect4cnn,quiet-owl-22,64173,3328000,19.810480558,167991.88642882594,3328000,19.810480558,167991.88642882594,449f85ee3e145763adfd1c2ddbe4d06a3f23e907b696a291cbe6c32c51a5fced
trial-0021,connect4cnn,quiet-owl-22,64173,6656000,38.372514403,173457.48913132542,3328000,18.562033845,179290.6977645908,efc3925b2248ff8b6163d528475f763f1d50761507d8da48680bef1fcabcff98
trial-0021,connect4cnn,quiet-owl-22,64173,9984000,56.275712436,177412.2364306695,3328000,17.903198033000002,185888.57665907938,8c7b3bf0b732fec3a7d24587935b5ea0dec55fa15e7b18e37019fc07ae3027b7
trial-0021,connect4cnn,quiet-owl-22,64173,13312000,74.170106945,179479.31516225752,3328000,17.894394509,185980.02845674267,d70344fc562562eaa5f2479b8e8b89a02a8585a9d36fb83ea2d30c9204fe2c52
trial-0021,pongcnn,quiet-owl-22,64173,2097152,5.246689102,399709.5995645293,2097152,5.246689102,399709.5995645293,8d0f7d0690993f47facb4febc435fff7be2096303a957f6c560559db62f1da0f
trial-0021,pongcnn,quiet-owl-22,64173,4194304,10.322447627,406328.43600282667,2097152,5.075758525,413170.16750713135,3c052a996f58a7360ea5bd2aa161c110c7da915ed8af2881c8aefb5cf10ddee5
trial-0021,pongcnn,quiet-owl-22,64173,6291456,15.389415893,408817.075563064,2097152,5.066968266,413886.94183702633,2add1ee848cd052b7d945a81ad6c1b2d7885a3a1c6e4088df7e48898f37c8b74
trial-0021,pongcnn,quiet-owl-22,64173,8388608,20.449963814,410201.60604182474,2097152,5.0605479209999995,414412.0424781173,6487408b5749afb20b7910176002ad2713ee33aed6e9b60f582decbfeb4433b2
trial-0021,flappycnn,quiet-owl-22,64173,4980736,10.00728131,497711.2010454716,4980736,10.00728131,497711.2010454716,7a1c478d613a059597b3aa23d21c72986ab13bd25ced1514067245a8df068802
trial-0021,flappycnn,quiet-owl-22,64173,9961472,19.688042352,505965.5917993324,4980736,9.680761042,514498.3930902816,ed4cea990ec5fb0e2e5d3ec04433d1e2b2b92b31e48e3f91fc1d8979f07c360b
trial-0021,flappycnn,quiet-owl-22,64173,14942208,29.524124333,506101.64865410235,4980736,9.836081981,506373.9820002625,e1e9b6134ee213cdec7fedda821b067f3d3d386e82845552abe2a26d200d8fc2
trial-0021,flappycnn,quiet-owl-22,64173,19922944,39.438284183,505167.61600363563,4980736,9.91415985,502386.08973003394,1460c1eaf202d8d74fb471c7703fac5845465ab03d1ee2db5fbcf587cd4ccdc6
trial-0021,breakoutcnn,quiet-owl-22,64173,4194304,11.183576024,375041.3991910106,4194304,11.183576024,375041.3991910106,8c77e438df392a87ed89946e49b302ef2c01f60f140840ba40e9741b2eb45243
trial-0021,breakoutcnn,quiet-owl-22,64173,8388608,22.205623836,377769.5264025997,4194304,11.022047812,380537.6343435517,72d314c7193068be2ecd82d97047770af8ad9ac2596cc32c441809719dd97992
trial-0021,breakoutcnn,quiet-owl-22,64173,12582912,33.267232416,378237.4152034421,4194304,11.061608579999998,379176.6784790717,b1dd3ec9a0f1ad084b9a464b9ff04f9d50b5a3e3a48029b011148bfb113fa15b
trial-0021,breakoutcnn,quiet-owl-22,64173,16777216,44.289556376,378807.4971347281,4194304,11.022323960000001,380528.1005367946,f97ade749de34c4e90b3e89b543fe71e61714b9efceb5e682b37cbbee15c87fc
trial-0021,snakecnn,quiet-owl-22,64173,2097152,4.632337192,452720.0661518684,2097152,4.632337192,452720.0661518684,90f833aa726b4cbf942b3fb7ee77272a99ecbab9f5490c542373318e5915c657
trial-0021,snakecnn,quiet-owl-22,64173,4194304,9.044462271,463742.7714689617,2097152,4.412125079000001,475315.6273791121,e3e249be5f708a45d5673ceba9eaa6623c1a6e6840c25b3db86222de06e340a4
trial-0021,snakecnn,quiet-owl-22,64173,6291456,13.473278805,466958.05015667086,2097152,4.428816533999999,473524.24375680863,0701ae6522429ec0371ac8b201c1eff15272562938f1ea9a19e10e2e5f81584f
trial-0021,snakecnn,quiet-owl-22,64173,8388608,17.912874751,468300.48870473454,2097152,4.439595946000001,472374.51910223893,9688d0f839c7991489fa24cfbd9d9a58f6b6184ad835efcfcfe669d82936c365
trial-0021,mazecnn,quiet-owl-22,64173,8388608,27.047579361,310142.65225137165,8388608,27.047579361,310142.65225137165,fa09b215079c0567b3670b7570efe87106a77de1a350ae1d39c7ec87108f3c72
trial-0021,mazecnn,quiet-owl-22,64173,16777216,53.753128847,312116.0825401208,8388608,26.705549486,314114.78743014095,30d36ab26bc5bc2caaa3417753b9030b831bc7b6deb097d7d88086c72f018829
trial-0021,mazecnn,quiet-owl-22,64173,25165824,80.60271066,312220.5667022167,8388608,26.849581813,312429.7450300851,6883a3fbf62b4987749b4ae55a145dd935bda987412870b5ddf1fcc85aa9d45c
trial-0021,mazecnn,quiet-owl-22,64173,33554432,107.293259654,312735.69381903904,8388608,26.690548993999997,314291.3246889657,f86f5fc018c3504166cabf9f7426684bb30244d1044639bd7ce7da10e082b7f0
trial-0021,connect4cnn,quiet-owl-22,64174,3328000,19.675463576,169144.6804871969,3328000,19.675463576,169144.6804871969,1d841e50ad9fb62b11479d6947839d30a5795f3558af96f17aed4b2325c133dc
trial-0021,connect4cnn,quiet-owl-22,64174,6656000,38.126288872,174577.7046999236,3328000,18.450825296000005,180371.33551535412,4dbdcaec1c9f5df8dcb126e0285df16df6fd2def244bd93199065a9e238ba1bd
trial-0021,connect4cnn,quiet-owl-22,64174,9984000,55.822393227,178852.95528983106,3328000,17.696104354999996,188063.99042621383,fcfc3d0b8b4582faf3e316cbddf38dfaa6cf1a071369aa6ee25170994ecf8a8a
trial-0021,connect4cnn,quiet-owl-22,64174,13312000,73.51062578,181089.46643767777,3328000,17.688232553,188147.68462751567,ff4f691041a47208ff41c4cbc2b8e65eca228778bed0e0d6d29802e050685750
trial-0021,pongcnn,quiet-owl-22,64174,2097152,5.236045983,400522.07463587506,2097152,5.236045983,400522.07463587506,f35352c41e1090f570f7b9b98967d8715531a50760293b1817b5e2ddb5abca0e
trial-0021,pongcnn,quiet-owl-22,64174,4194304,10.278244701,408075.90420491976,2097152,5.042198718,415920.1406547976,59e00505bb756834aec6a1c6e5b50392a942b1bdf64a8c7b85c146dba4dafbdd
trial-0021,pongcnn,quiet-owl-22,64174,6291456,15.320400086,410658.7272318836,2097152,5.042155384999999,415923.7151315995,bcad6a3b8ac6953912eea12ced825fc010beaf633d070623eeb1a61cf1d517ac
trial-0021,pongcnn,quiet-owl-22,64174,8388608,20.387740999,411453.5298644148,2097152,5.067340912999999,413856.5050201904,131d20177dd2afcd6681d67b3acfdadff0eb5c4365449b89c0bca36795e7ef4d
trial-0021,flappycnn,quiet-owl-22,64174,4980736,9.91862991,502159.6778178409,4980736,9.91862991,502159.6778178409,da005044f93b3b03f4799a241dd2eeee10c59489ad158704c63fef0ab9f02eee
trial-0021,flappycnn,quiet-owl-22,64174,9961472,19.680156855,506168.3234231519,4980736,9.761526945,510241.4845611021,78110e8d603dcf88ff223253dd8fa098e1f4b7d9894726e54a50f80834491cfb
trial-0021,flappycnn,quiet-owl-22,64174,14942208,29.440443567,507540.1790735526,4980736,9.760286712,510306.32059981645,c5d6a96442d65bba7e4cac25554f1c0ad80bcb74a90d551313608827a599c300
trial-0021,flappycnn,quiet-owl-22,64174,19922944,39.221266696,507962.7885152381,4980736,9.780823129000002,509234.8501050171,3d8f487d52b2b4b03fe9a92eb5a73b6dd2f78bf27d0180ddafa6a4a6b35e7d9b
trial-0021,breakoutcnn,quiet-owl-22,64174,4194304,11.307875468,370918.83544963,4194304,11.307875468,370918.83544963,52e12728801de9259b0e12cbab0afdbfa5ff77fd8e633523393b43c7f484746a
trial-0021,breakoutcnn,quiet-owl-22,64174,8388608,22.443627388,373763.46768638486,4194304,11.135751919999999,376652.0689516223,770d9e31306b846d0675075c2f14e18f95a2352aa2966f478402dfd7a5fab391
trial-0021,breakoutcnn,quiet-owl-22,64174,12582912,33.510449154,375492.1917690271,4194304,11.066821766,378998.06183613924,c51efc2c9d0cdb6d6991a8059219682057d456f758e64b7135c9f124bd8cf96d
trial-0021,breakoutcnn,quiet-owl-22,64174,16777216,44.590454171,376251.292163588,4194304,11.080005016999998,378547.1210134562,37c30126385f3f7a0e98418db6935ee50fb48de65c663af4fe85bc30aa924ba4
trial-0021,snakecnn,quiet-owl-22,64174,2097152,4.669846161,449083.74445271154,2097152,4.669846161,449083.74445271154,654201e53c32e8e532a653aa68d33740f9e07e7147f788567bec178204dce6c6
trial-0021,snakecnn,quiet-owl-22,64174,4194304,9.374254311,447428.01516258117,2097152,4.70440815,445784.4500588241,b131ef9e153d356b67917f481d1a40e71a024b1fed55834ba5ab7ab9fd43ef18
trial-0021,snakecnn,quiet-owl-22,64174,6291456,13.960093937,450674.3313041075,2097152,4.585839626,457310.36648336553,8f09e94cfae0693657cc593e7096b069706bc3122e671d29e331c8ce8ae3f2a7
trial-0021,snakecnn,quiet-owl-22,64174,8388608,18.424101574,455306.217581755,2097152,4.464007637000002,469791.31097754417,85222cf54c71b3fa0ba1635ae61ee983ebc67ecf6953933844a91fbd4757b2b5
trial-0021,mazecnn,quiet-owl-22,64174,8388608,27.223229749,308141.5422543,8388608,27.223229749,308141.5422543,e043dab4c7b9aff688613194b6689771d8fe0691b6a52ed2abee3fe4df21c0b0
trial-0021,mazecnn,quiet-owl-22,64174,16777216,54.186681594,309618.8123440597,8388608,26.963451844999998,311110.3151118076,8106d1b86d2df1b0c014538bf42e6238b5414bfd43e5fd4e6b7deb498b9aadbb
trial-0021,mazecnn,quiet-owl-22,64174,25165824,81.296100964,309557.57658222836,8388608,27.109419370000005,309435.1776963196,dc927d587cd23d41605f12d334fcc2974cb450690a73c9f2f4b514700ebb11bf
trial-0021,mazecnn,quiet-owl-22,64174,33554432,108.669573025,308774.85818666674,8388608,27.373472061,306450.2735095692,1338c164dd251af6ce5c1849cb32007468f47fc1b550fb34c0d9aacaf6621f54
trial-0022,connect4cnn,quiet-owl-23,64173,3328000,20.00150928,166387.44373794575,3328000,20.00150928,166387.44373794575,c3442e229f7230ebf78baeaa43b838971e5f77cc7a6d99c78e2dc1bc40d1e19a
trial-0022,connect4cnn,quiet-owl-23,64173,6656000,38.785290546,171611.45130796102,3328000,18.783781266,177174.1244678951,e82c945c61a0c06086bbc1477f341e297e60fe7e958a2c830d30ea5fedab2aad
trial-0022,connect4cnn,quiet-owl-23,64173,9984000,56.712219589,176046.71572291123,3328000,17.926929043,185642.50419117362,906f32eb07d4a628edc08e68eb87d73ca4475425d5b802e2a6445e7b640fb432
trial-0022,connect4cnn,quiet-owl-23,64173,13312000,74.710392105,178181.36975229572,3328000,17.998172515999997,184907.66198854233,bd349443e123d058a794ed9b345ad0994a040d6d0404690010e0fc33782ecf5f
trial-0022,pongcnn,quiet-owl-23,64173,2097152,5.487638607,382159.2765465432,2097152,5.487638607,382159.2765465432,f37790ae3ad972c6861cce15b4d7ed5681165e6a4f32c5e9666a774b4475038f
trial-0022,pongcnn,quiet-owl-23,64173,4194304,10.786714819,388839.7969520844,2097152,5.299076212,395758.037080294,f31b262931c5997ca285885010841c89c9ee7267943cd7833a5559e689bb05aa
trial-0022,pongcnn,quiet-owl-23,64173,6291456,16.096548412,390857.45831756765,2097152,5.3098335930000005,394956.25677699083,46a9c3577ea07da9e642473dd9f44ff50be245c048bc093c44cabef0c2d2b4a2
trial-0022,pongcnn,quiet-owl-23,64173,8388608,21.396204561,392060.56270794687,2097152,5.2996561490000005,395714.72960480925,8e283d369c0fcba88227688569fb03ec3a26135d28f581caf99eaba43536f0ea
trial-0022,flappycnn,quiet-owl-23,64173,4980736,10.521586235,473382.6144418803,4980736,10.521586235,473382.6144418803,c192f6ed06eb03e3773eb20889f7b390037ab172981db699d38d53f6bef01ab2
trial-0022,flappycnn,quiet-owl-23,64173,9961472,20.858317517,477577.9250594481,4980736,10.336731282,481848.26171047596,9efbdc371cf70b5b2e24e0782e91212da45d8ed95d0d88164600178a670cdc79
trial-0022,flappycnn,quiet-owl-23,64173,14942208,31.241571296,478279.65688502736,4980736,10.383253779,479689.325332053,8b02fa1bab05c48a65cc6ad1cecfb7960671a70469eb6d7a9461d49359801df2
trial-0022,flappycnn,quiet-owl-23,64173,19922944,41.49554407,480122.4913786267,4980736,10.253972774000001,485737.19764783914,0e6f811064e83975a0b2ab215eb6ab8f1afee6817af638676e0073883851ba12
trial-0022,breakoutcnn,quiet-owl-23,64173,4194304,11.682000885,359039.8632297313,4194304,11.682000885,359039.8632297313,935d6fccb13a86ef0f451781ed8271fde64b16d95e87db61dffa148f61c7d329
trial-0022,breakoutcnn,quiet-owl-23,64173,8388608,23.337595224,359446.11771196086,4194304,11.655594339,359853.29259150015,0c48ff90ea03c5ecde8de473fd9121c025010435766ec9f5f12fba15856239a0
trial-0022,breakoutcnn,quiet-owl-23,64173,12582912,34.981604015,359700.830030678,4194304,11.644008791000001,360211.3391774405,be554f1a4f06889dda9293a093f43c7d4815533ac77b01b0932f8bfcd223f10e
trial-0022,breakoutcnn,quiet-owl-23,64173,16777216,46.400280899,361575.74210637104,4194304,11.418676884,367319.6152767151,8978d0e7ae149b73e1c26b8b7891e7c2dd27e8a8f1b6f30a5e85d8dff1ee8e53
trial-0022,snakecnn,quiet-owl-23,64173,2097152,5.022761825,417529.65262293717,2097152,5.022761825,417529.65262293717,406a896450bc988808c1fc4b55091bb4f379e28d193bb15c9482b6d0005bf9cc
trial-0022,snakecnn,quiet-owl-23,64173,4194304,9.953428125,421392.9057733563,2097152,4.9306663,425328.31718909874,69be94022e770d7ade001aa1f0de02431a9b911d661ac5957e2553d3a51c29be
trial-0022,snakecnn,quiet-owl-23,64173,6291456,14.672720306,428785.92849802255,2097152,4.719292181,444378.504141615,ea1c21977c0f4f4292a43b9dec0c1a0707119f04313d7c5e263636e5d329a19b
trial-0022,snakecnn,quiet-owl-23,64173,8388608,19.598636417,428019.98167197284,2097152,4.925916111000001,425738.47234565695,a0821c0024b05b9b53b57e860d0df89a0f3cad25437e122505d8a04f6ffa6b3d
trial-0022,mazecnn,quiet-owl-23,64173,8388608,28.62387146,293063.36187690526,8388608,28.62387146,293063.36187690526,17cc42ade067acbea48fb2364f3a0e5883588ed5ccfa38357a92f4f1ab8e83ba
trial-0022,mazecnn,quiet-owl-23,64173,16777216,56.701746546,295885.34784178605,8388608,28.077875086000002,298762.2095442212,846f97aa1b566f594621528b285e23c114c386386271ab81e855bcd62840f9bb
trial-0022,mazecnn,quiet-owl-23,64173,25165824,85.306166636,295005.91800569533,8388608,28.604420089999998,293262.6486957737,a3a60a5280614e3da4d7f473cbe2e802e4641e090c8290c34a8b365e76ccc5f1
trial-0022,mazecnn,quiet-owl-23,64173,33554432,113.910627465,294568.05520898284,8388608,28.604460829000004,293262.2310257075,63eb32c6f4b5bb58dce986d3f987b2b0c8f494a88fd548051e4d2e15a33a745f
trial-0022,connect4cnn,quiet-owl-23,64174,3328000,20.160826825,165072.59493311975,3328000,20.160826825,165072.59493311975,1eb96e900bd3bc2a31f637acfc4c6876d2e19b3f71b6c47536ed7f02671923ef
trial-0022,connect4cnn,quiet-owl-23,64174,6656000,38.702038686,171980.60427777228,3328000,18.541211861,179492.04318193404,8d70953281a9ceba4d0d87175282994185853322adb0b343e7a43c45008c04ba
trial-0022,connect4cnn,quiet-owl-23,64174,9984000,56.860258928,175588.3667825425,3328000,18.158220242,183277.87391312336,b8e892829f4d8852d5076a7921f3e2984e96935f14bfee9222bcbe58cd457523
trial-0022,connect4cnn,quiet-owl-23,64174,13312000,74.884447957,177767.2182032241,3328000,18.024189029000006,184640.76218050183,beaaea2b878552da9acd3d3b009a71b97c1f63cc9ca525112998681ed55083f3
trial-0022,pongcnn,quiet-owl-23,64174,2097152,5.447596224,384968.32616939564,2097152,5.447596224,384968.32616939564,3644dcac9951abe3f57e676daeb638680ed0e272476750cef932eda06cefd684
trial-0022,pongcnn,quiet-owl-23,64174,4194304,10.690160455,392351.82836177555,2097152,5.242564230999999,400024.0927138772,9e56ea55f2314b666e3059a6d208989acc37d0864eb473599973e1e33f5927c6
trial-0022,pongcnn,quiet-owl-23,64174,6291456,15.981157681,393679.6148053725,2097152,5.290997226,396362.33216955385,73b62345e7dbad4038b53bb19fdac545bab71f0e10786911c35d9f796fbb2878
trial-0022,pongcnn,quiet-owl-23,64174,8388608,21.273792267,394316.53250710946,2097152,5.292634586000002,396239.71122951794,8b505d5045606e8042043a297e43555f929bead5375e5cdecf02293f638abcb5
trial-0022,flappycnn,quiet-owl-23,64174,4980736,10.496247482,474525.3966754745,4980736,10.496247482,474525.3966754745,c515ac86a3115331eceecba0ad63f385f0b6ff19e5df2802ecd1df5ba5e07853
trial-0022,flappycnn,quiet-owl-23,64174,9961472,20.739416208,480315.9307906397,4980736,10.243168726000002,486249.5320766816,e287fb128c4d578e2543e3fc5f190690247a72867021ce2bfbf04b4c513f8fa9
trial-0022,flappycnn,quiet-owl-23,64174,14942208,31.018401678,481720.7590227918,4980736,10.278985469999999,484555.21359930484,c7224be712ff70405c38961c8e206dc18f0c3f252c69a1248bbe624f88a189f1
trial-0022,flappycnn,quiet-owl-23,64174,19922944,41.266397382,482788.546225026,4980736,10.247995704000001,486020.50038486236,a995510815664c9313669e3427d8590be82ab87906287d7fa76ed606b21218bc
trial-0022,breakoutcnn,quiet-owl-23,64174,4194304,11.674683365,359264.9041407214,4194304,11.674683365,359264.9041407214,526070bf61dd07b3a6e11a89949a50c19082126b9a2e1424c61adb6f74de2198
trial-0022,breakoutcnn,quiet-owl-23,64174,8388608,23.143228061,362464.90670573874,4194304,11.468544695999999,365722.42696694465,9e9ac0dc3854d3056acaf052901281bcf24f4fc6f715dcac572c2d198783a60e
trial-0022,breakoutcnn,quiet-owl-23,64174,12582912,34.853205466,361025.9610776657,4194304,11.709977405,358182.0745622523,f0e9cb74035d28bca1683cf8ccf2341c667dc23c3a285e71571bcafd0451179a
trial-0022,breakoutcnn,quiet-owl-23,64174,16777216,46.463993583,361079.9396748014,4194304,11.610788116999998,361241.97235662985,4925022efb598f6afec432dfa95d405cce8a64c08c46c54281e84c51d513d65a
trial-0022,snakecnn,quiet-owl-23,64174,2097152,4.884350137,429361.52019766637,2097152,4.884350137,429361.52019766637,71f356b2fbc72696a645882f7f18c6000eb881da601c93a5d2cef6749bbbee4a
trial-0022,snakecnn,quiet-owl-23,64174,4194304,9.542621625,439533.72195033456,2097152,4.6582714880000005,450199.60846043326,d48dbea60c62df87d7db8fd08c947959b38a1c84c0563bb106a869970d6f5cc7
trial-0022,snakecnn,quiet-owl-23,64174,6291456,14.212625934,442666.68448293797,2097152,4.670004308999999,449068.5363947916,7479b3610a40e52b331fa1f1f3025996f1d8132836560a3a98d6090b3f9c8d55
trial-0022,snakecnn,quiet-owl-23,64174,8388608,18.877147917,444378.9939499048,2097152,4.664521982999998,449596.33755466016,17556acdc77881fd75d111342182d4526103467362b9d8057506277e94a3a997
trial-0022,mazecnn,quiet-owl-23,64174,8388608,29.142595222,287846.979175944,8388608,29.142595222,287846.979175944,b459d301e05ac6eaae70a38788e8cb3ccba1a95c48a47909b8e2fd88958ea636
trial-0022,mazecnn,quiet-owl-23,64174,16777216,57.537715207,291586.413183798,8388608,28.395119984999997,295424.28432883415,3fba5f99df50827a78047f5706cf6777ec8069a0c95f4fa773f79f49bd79261f
trial-0022,mazecnn,quiet-owl-23,64174,25165824,85.748165998,293485.2740825614,8388608,28.210450791000007,297358.1692170698,685f621c3f2c0e44e11a9ee388f6e6b189cd372a73185c213b8323d49862ba44
trial-0022,mazecnn,quiet-owl-23,64174,33554432,114.092945367,294097.3422332667,8388608,28.344779368999994,295948.9608578298,ad80937b1df58d6564b65568ec3899513b392d21058286e171abd20d73a043cc
trial-0023,connect4cnn,quiet-owl-24,64173,3328000,23.032141939,144493.7257166145,3328000,23.032141939,144493.7257166145,20f68c8ac5657e1fe48be8c98577b03839a9ab24f8c5dc42048060aa77a69b8a
trial-0023,connect4cnn,quiet-owl-24,64173,6656000,44.724746827,148821.41257827808,3328000,21.692604887999998,153416.3378341435,9b0e262c8ed04bcade8a71eac7a4bb3e95bdf9b141c9ef372d8be0de220e7b41
trial-0023,connect4cnn,quiet-owl-24,64173,9984000,65.570661128,152263.21998660816,3328000,20.845914301,159647.5909833493,481e23c05ba590ec365ad0e444885e0b9751e58983d420a3b941e266c0494057
trial-0023,connect4cnn,quiet-owl-24,64173,13312000,86.410969875,154054.51436613678,3328000,20.84030874700001,159690.53243892416,60f897e4b90086cc680a219f3535754c97998f2b87a39123b3bea907d3adf2b7
trial-0023,pongcnn,quiet-owl-24,64173,2097152,7.399089137,283433.8066712765,2097152,7.399089137,283433.8066712765,689e48bd13310d2c5f8bf7f822e314345a4d25c7406cc96862794425119d2bf2
trial-0023,pongcnn,quiet-owl-24,64173,4194304,14.656027603,286182.8671188809,2097152,7.256938466,288985.77682937734,8bc8694dcbc660dd689ff1b8059c1523bae2e132337b586983da2b18d791b3bc
trial-0023,pongcnn,quiet-owl-24,64173,6291456,21.925126812,286951.8636743564,2097152,7.269099208999998,288502.3219112871,0e065b3595353a6a34f8bbc81a67de44a9a1b0d908f0017c0bb1302f788c3557
trial-0023,pongcnn,quiet-owl-24,64173,8388608,29.18346005,287443.91465672007,2097152,7.258333238000002,288930.244897086,ef702b6450490d3f164a9e7bf78ff5a6bca345394a4ab41fac4503331644f223
trial-0023,flappycnn,quiet-owl-24,64173,4980736,15.277690951,326013.6637123155,4980736,15.277690951,326013.6637123155,ea2267d80baca74371016d47a173d13d364e14417f643e1ab2532c392e5625dc
trial-0023,flappycnn,quiet-owl-24,64173,9961472,30.368381621,328021.167684206,4980736,15.09069067,330053.54817202676,65bf7f4826d1565579e07bab3ab1e6caff8aacb71b9afb9379ea2e09d172210f
trial-0023,flappycnn,quiet-owl-24,64173,14942208,45.033736342,331800.3171338992,4980736,14.665354720999996,339626.01619637985,0c6b99bf60b0089e049d763b6ecdf801dc81f04119a6016aa13dded8857ffa4d
trial-0023,flappycnn,quiet-owl-24,64173,19922944,59.57340115,334426.8350540533,4980736,14.539664808000005,342561.954884923,f95c0783a6f346004a259d0caa8f1367b49aa0c870e4182199e8c52b2597c6b1
trial-0023,breakoutcnn,quiet-owl-24,64173,4194304,15.114110762,277509.1479774879,4194304,15.114110762,277509.1479774879,01459c3736c7b1e3b9ae14cf5a8bdb14ee3f4320a64de682d06b9148cd6d84ac
trial-0023,breakoutcnn,quiet-owl-24,64173,8388608,30.010617122,279521.34292668477,4194304,14.89650636,281562.93151141243,2680af481d39196b3ba3267c97e2e503f4264b50a46d22eb9c0048cdcacafd1c
trial-0023,breakoutcnn,quiet-owl-24,64173,12582912,44.959618562,279871.41355854634,4194304,14.949001440000004,280574.1919842908,73a9a30ab48178537d944b2324df70c15a44649fe9ed9839b0860c0901c09eca
trial-0023,breakoutcnn,quiet-owl-24,64173,16777216,59.885074597,280156.88571657,4194304,14.925456034999996,281016.80713570246,6ce45b357437ca734eee5c8921ddb270ea226ec6484634569cf9f5a49cbea8c8
trial-0023,snakecnn,quiet-owl-24,64173,2097152,6.5772417,318849.7695014006,2097152,6.5772417,318849.7695014006,0f0b1b943331b0a5bf257e95f1c8656e8f2da73f10b6ee7d92ff43c5d22500b8
trial-0023,snakecnn,quiet-owl-24,64173,4194304,12.956417452,323724.05532152345,2097152,6.379175752,328749.68201691273,a784b594bd453df4efb701c8b8e7b6b32fb07297ce2760838e92460ed9f03de1
trial-0023,snakecnn,quiet-owl-24,64173,6291456,19.310300159,325808.29651514895,2097152,6.353882707,330058.34333227325,3f6a7dd2e09b401b886c16ac49fcc0d9d78d616511c7bc4c5a319c2b5c656d3b
trial-0023,snakecnn,quiet-owl-24,64173,8388608,25.651206095,327025.87039894116,2097152,6.340905935999999,330733.81330159516,05f6e354e43b9b8efd5576b00f430020fea1ffc5c24cf2780763c6b28217f2e7
trial-0023,mazecnn,quiet-owl-24,64173,8388608,43.014944541,195016.12961523962,8388608,43.014944541,195016.12961523962,2fc7a6b099146af172b3fcf616b84ac671b576df20031bfc64567fc2996cee98
trial-0023,mazecnn,quiet-owl-24,64173,16777216,85.332442741,196610.05194615142,8388608,42.317498199999996,198230.24414992475,3ca6a8c554804aba5f740532a3d160eac27a05788e9f91b880edbeaaeaeffb79
trial-0023,mazecnn,quiet-owl-24,64173,25165824,128.354345333,196065.22813629938,8388608,43.021902592,194984.5891185639,854e65ece150768477669fe274150ccce7d8262fc24dd12a39a7370860a57d07
trial-0023,mazecnn,quiet-owl-24,64173,33554432,171.612214109,195524.73100013618,8388608,43.25786877600001,193920.97293184497,63d34aface771ef561004a89cb7890e8f014e47e6b4f96b9d4bd9980ae5fcee0
trial-0023,connect4cnn,quiet-owl-24,64174,3328000,22.512928138,147826.17257071086,3328000,22.512928138,147826.17257071086,06e11822136d5fd0d9a5956628cabbdf535fbcb7ce64d11f724ab2f8b77e7fa6
trial-0023,connect4cnn,quiet-owl-24,64174,6656000,43.436829837,153234.01880333223,3328000,20.923901698999998,159052.55376720935,837dd6d7d6de89b4dff0b899411dec35b67e4c5e3150dbb3f90409a5e8269c76
trial-0023,connect4cnn,quiet-owl-24,64174,9984000,64.452898517,154903.81704659312,3328000,21.016068679999997,158355.0211351898,849c3da759c73d3282ddba213f6929af225109ef6640a881a5ede2deccc113b9
trial-0023,connect4cnn,quiet-owl-24,64174,13312000,85.233108286,156183.43936644355,3328000,20.78020976900001,160152.37752627127,9f8a280448baeb0f4ec78dd97f6fbab636345f11c3fc3fa65e88b019636888b8
trial-0023,pongcnn,quiet-owl-24,64174,2097152,7.363459991,284805.24136251805,2097152,7.363459991,284805.24136251805,148503b0e1f22e407e7343d82e8ec5a71a09bc58f2814101a029603323f134b1
trial-0023,pongcnn,quiet-owl-24,64174,4194304,14.538516617,288496.0075703712,2097152,7.175056626000001,292283.6862918439,d71f23fc2d4a53995e1b80440c8e7394fc8e060ee59a9b59661650a83396d643
trial-0023,pongcnn,quiet-owl-24,64174,6291456,21.719933583,289662.76420496363,2097152,7.181416965999999,292024.820439872,eefb56d9b64db20767fdc2e0e9803bc88ec8d3b28de801c9a8b2629a20719e6f
trial-0023,pongcnn,quiet-owl-24,64174,8388608,28.903978708,290223.2971019389,2097152,7.184045125000001,291917.9881961,29fdff4524e7471c79b4e68044a7fc30a38e0d6aadcfddadb60eb5f970adfa88
trial-0023,flappycnn,quiet-owl-24,64174,4980736,15.038289327,331203.62906288164,4980736,15.038289327,331203.62906288164,857c4829ffe885168317e3c3286cf6c5682d7150b0bd25d754a21cdb17d3e609
trial-0023,flappycnn,quiet-owl-24,64174,9961472,29.8504078,333713.0958726802,4980736,14.812118473,336260.880513415,526b20d5979ca8d23419a36682d96e7e01ac4f60547b337277cd3df3c4947b45
trial-0023,flappycnn,quiet-owl-24,64174,14942208,44.638225762,334740.1861280994,4980736,14.787817961999998,336813.4509634154,84cc481cb324ab8be50221494a6243202144f0924be1ed8c88cf1b023f682f65
trial-0023,flappycnn,quiet-owl-24,64174,19922944,59.14961014,336822.9131662033,4980736,14.511384378000002,343229.5548280734,5b55e08a743abc28e2b46c2a82423bc2c751e3f0c795c1d710948ddb0b36979a
trial-0023,breakoutcnn,quiet-owl-24,64174,4194304,15.13730449,277083.9420433697,4194304,15.13730449,277083.9420433697,17ecccc082ea205b4870e0fa7b625a63e2bfb306cb233c0dab4206b1dd6bd726
trial-0023,breakoutcnn,quiet-owl-24,64174,8388608,30.416608259,275790.38164184155,4194304,15.279303769,274508.8430344434,178bf00baa9e512f4c59419443370f0e10760ef2f6a5bab8f1b89ff5e6c2383d
trial-0023,breakoutcnn,quiet-owl-24,64174,12582912,45.312216499,277693.5884449107,4194304,14.895608240000001,281579.90814613417,b1ec37b0c81a4936b49a2cf059908294c6241b3bb75ae945678cb538440a093e
trial-0023,breakoutcnn,quiet-owl-24,64174,16777216,60.476633527,277416.4999199196,4194304,15.164417027999995,276588.542260182,546ec3500cf0701be5072bab0e4052f2561e775bedf06569a43485f95542d3cb
trial-0023,snakecnn,quiet-owl-24,64174,2097152,6.702232053,312903.51981490845,2097152,6.702232053,312903.51981490845,423a166daafb137fe77a8a50298436b9fb5cf69238fede190881ac030e5db6cf
trial-0023,snakecnn,quiet-owl-24,64174,4194304,13.205954077,317607.04115312366,2097152,6.503722023999999,322454.1258468768,61d832d326031436f14bda0434d578d89a8221a97a12a4cf323fcddc1bfb02c1
trial-0023,snakecnn,quiet-owl-24,64174,6291456,19.742712349,318672.3226668838,2097152,6.536758272000002,320824.46875587926,64dab14ef6b6acae02bbcaa525ef619e1c3d274ec9e4aaa4db1cdb133ee61434
trial-0023,snakecnn,quiet-owl-24,64174,8388608,26.304429396,318904.7697524136,2097152,6.561717046999998,319604.1500995251,e999ccae0da291530ae6971839181ea11d25c08d1c962bfd3bbcdd63e3605e19
trial-0023,mazecnn,quiet-owl-24,64174,8388608,44.310951582,189312.29640772645,8388608,44.310951582,189312.29640772645,636c5bd02ca42a024a5eb4865ff63c77d07d62e2d34938992dbd0be4aed42252
trial-0023,mazecnn,quiet-owl-24,64174,16777216,87.174864262,192454.74188037572,8388608,42.86391268,195703.27288190063,bcdb42c108c4298f5488e5345f8e0b2f04afd81f77d43cd922d06a0b2449a811
trial-0023,mazecnn,quiet-owl-24,64174,25165824,129.12439972,194895.96121701915,8388608,41.949535458000014,199969.03203847623,3b9339031e1942935005ff530bdb981fd72486f77530cd23e8e9090c7469268e
trial-0023,mazecnn,quiet-owl-24,64174,33554432,170.463833761,196841.94154078,8388608,41.339434040999976,202920.2429738219,f5ba2e47751e3191f277a129aca0ebd144763f21a13f7ae71dbe98a184126483
trial-0024,connect4cnn,quiet-owl-25,64173,3328000,28.050056675,118645.03657014447,3328000,28.050056675,118645.03657014447,1c94244a42d711123979aacc25dfe597a3dac6cd7ded976e0a40cbfcdab8eeb9
trial-0024,connect4cnn,quiet-owl-25,64173,6656000,54.270882497,122644.03477072502,3328000,26.220825822000002,126922.0131582475,18ea41ffe96a8cc7b37780e863f713128beac54c508fda2e25c6d550cf5e58e7
trial-0024,connect4cnn,quiet-owl-25,64173,9984000,79.777839998,125147.53470701005,3328000,25.506957501000002,130474.20492504939,9ed3042caf1d5284496975fc63cf92d3a0c3c63a249b1ae2fab1a8f91c1ceed7
trial-0024,connect4cnn,quiet-owl-25,64173,13312000,105.499984106,126180.11379627232,3328000,25.722144107999995,129382.6823310946,60e27ec8e5151fae05a1fe22d9d6075881792bcfb31910119a2f806292af3474
trial-0024,pongcnn,quiet-owl-25,64173,2097152,10.636718259,197161.5632693426,2097152,10.636718259,197161.5632693426,89f02c5af19880ff2166fe905d331553a6393dae55d12179d5e6da0204f35631
trial-0024,pongcnn,quiet-owl-25,64173,4194304,20.919843909,200494.03897299414,2097152,10.28312565,203941.10423030762,6df167ecb42f5084d139804d75403c2fb1f317861d54dd8ea0de155657bb18da
trial-0024,pongcnn,quiet-owl-25,64173,6291456,31.628359713,198918.1878886392,2097152,10.708515803999997,195839.65120699938,926dc187edfbc8745af143626ffcd8867eaf07e930561786e3062caca2f3dd1b
trial-0024,pongcnn,quiet-owl-25,64173,8388608,42.518124552,197294.8733837182,2097152,10.889764839000005,192580.09984654354,43a05b761e5d7899dd559ad8b32e8fca044fbfbc4b3835c3db155dc8c7de20a8
trial-0024,flappycnn,quiet-owl-25,64173,4980736,22.462671479,221733.9110646929,4980736,22.462671479,221733.9110646929,52f03c09015733f694c5c08220e87e345ddb1b1049b14d4d89f33472fc82e141
trial-0024,flappycnn,quiet-owl-25,64173,9961472,44.778488583,222461.1038743688,4980736,22.315817103999997,223193.08214384085,8bbb38cb3e152fa0dfecc798a712ae9254b8a44c0a6c753e2671999f2e368eb3
trial-0024,flappycnn,quiet-owl-25,64173,14942208,67.409875444,221662.00280866967,4980736,22.631386860999996,220080.90050297166,8800fd476a5aa0df9f182242e6511627e751c1c22b765261b55d0d613a005524
trial-0024,flappycnn,quiet-owl-25,64173,19922944,90.596577226,219908.35205949022,4980736,23.186701782,214810.02545461556,585d21549acba31fb2cc65d3601eb3785edcd84713b28d10d9b5e80ff9a3fc46
trial-0024,breakoutcnn,quiet-owl-25,64173,4194304,23.10021647,181569.90024085258,4194304,23.10021647,181569.90024085258,a74fa7e2c8624775c621c6d824978744e575d89269ded6666f7ac372c283a830
trial-0024,breakoutcnn,quiet-owl-25,64173,8388608,46.279328164,181260.3668375068,4194304,23.179111694,180951.88699943628,a8eb44072675883f8aeb0ab21c1a2096c892779fc4945fb5286ff1ac26f371ed
trial-0024,breakoutcnn,quiet-owl-25,64173,12582912,69.172598112,181906.01977428296,4194304,22.893269948000004,183211.2236271613,66545beb55d6c271026a12b1015c82fb7bab207dcb81840698c72dfaf72cd6ab
trial-0024,breakoutcnn,quiet-owl-25,64173,16777216,92.379574019,181611.74889753634,4194304,23.206975907,180734.6212108083,18712547acd7313ea7f0efe7529be68f14834de07afcdf6fd491e03d533759a0
trial-0024,snakecnn,quiet-owl-25,64173,2097152,10.437640438,200922.0390812623,2097152,10.437640438,200922.0390812623,f2efe4d0fe72a7da0256cd3c9144d4174992e3ef66ab09ee2f5e7330966f5932
trial-0024,snakecnn,quiet-owl-25,64173,4194304,20.797558336,201672.90468611286,2097152,10.359917898,202429.4034612821,2787cef10de29fa3f281a43a8ec682d5b74f53ce04a71297c2177c65fe93e2eb
trial-0024,snakecnn,quiet-owl-25,64173,6291456,31.205441608,201614.06715638618,2097152,10.407883272,201496.49503102154,6c85243d73dec3c226544b70339b0b0c0bbbf666291498607c9113fc2d491dfb
trial-0024,snakecnn,quiet-owl-25,64173,8388608,41.627366342,201516.66408778544,2097152,10.421924734000001,201225.01874901756,28575a3d144907e00dfd9e5d40aa6a0b9e55590cb3ec33d6e6e4b29155eb7397
trial-0024,mazecnn,quiet-owl-25,64173,8388608,77.684273008,107983.34946297473,8388608,77.684273008,107983.34946297473,e5a4a7da9060704040ce977564f463666bc5399d6f1c9ba70b9ceaeaa39afe41
trial-0024,mazecnn,quiet-owl-25,64173,16777216,155.898254531,107616.44542122755,8388608,78.21398152299999,107252.02625739241,511fde31a83cef9fddac7dd8e0980b723a285aed3e5928b5f9f467f08c1e690f
trial-0024,mazecnn,quiet-owl-25,64173,25165824,234.134278663,107484.57741304212,8388608,78.23602413200001,107221.80853473229,1a46a04eeb33cb3185f15356f0680db78ab8c760dd1fbb68791d9e4a231b53a0
trial-0024,mazecnn,quiet-owl-25,64173,33554432,314.009452071,106858.03175253807,8388608,79.875173408,105021.46839983985,4d03c89c49a96fb4e99a751f7261793084cd0dddb46e15a0aa8ac3376c2f74c1
trial-0024,connect4cnn,quiet-owl-25,64174,3328000,28.615104366,116302.2142933113,3328000,28.615104366,116302.2142933113,08366c1347fed7ec8d26f369c4c15b2fa6b409ad98c32d69522d6ae2ac49063f
trial-0024,connect4cnn,quiet-owl-25,64174,6656000,55.911887369,119044.45214078712,3328000,27.296783002999998,121919.12869858117,b624ae4b6af54a07d7efd078fe118c15b0ffe6d475ef0562158909e672861ec3
trial-0024,connect4cnn,quiet-owl-25,64174,9984000,83.115115948,120122.55395572538,3328000,27.203228578999997,122338.4198803927,9143aefec01e43dc91bcec808d4185a0ba2a6bf42ae922f08b04275504c91bea
trial-0024,connect4cnn,quiet-owl-25,64174,13312000,110.301283404,120687.62564839974,3328000,27.186167456000007,122415.19535205791,a1304dc9faf3c5dda7457bbd15102266d3ea38369a9e451d4190a505beeb8ab2
trial-0024,pongcnn,quiet-owl-25,64174,2097152,11.021096411,190285.24221118892,2097152,11.021096411,190285.24221118892,2d1852b4c0b23574ab328dab9eb20e29479e461b1eac4b7095d3cc65ccacc854
trial-0024,pongcnn,quiet-owl-25,64174,4194304,21.845487367,191998.64619802235,2097152,10.824390956,193743.18689381232,2aaa9b1fa434c091aa5f3e0f88547e9898659735781457aff09741a9431d413d
trial-0024,pongcnn,quiet-owl-25,64174,6291456,32.740601714,192160.6711739128,2097152,10.895114347,192485.5428963402,b8ed5907222658b7fe2a6ef8cdcb772c83400e984ca87e4f76c90cd4f3060fcb
trial-0024,pongcnn,quiet-owl-25,64174,8388608,43.614471257,192335.42808692544,2097152,10.873869542999998,192861.61119617548,7825a74ba5a095f68dd3321e612e9ee8b34b44f189e4c0329c5f5a74fe18ca25
trial-0024,flappycnn,quiet-owl-25,64174,4980736,23.402775947,212826.71813291791,4980736,23.402775947,212826.71813291791,d43afc46e9ab0ee3a38def986a1c08d206e7bfa582071ea695304ed01c11f3ed
trial-0024,flappycnn,quiet-owl-25,64174,9961472,46.419711,214595.73498852676,4980736,23.016935053,216394.40648944338,ec1f85b78677f8df8818eb667cc59b3bc5feff34af1f3995fdc6bb420a506e3d
trial-0024,flappycnn,quiet-owl-25,64174,14942208,69.490457428,215025.322224736,4980736,23.070746428,215889.67723883822,e95dd20feee2f4a17b9eaf99f7fd2e72b9b05af7851da3d891da93dad57dfae2
trial-0024,flappycnn,quiet-owl-25,64174,19922944,92.727333892,214855.1367087115,4980736,23.236876464000005,214346.19268714802,511eb6af28f78961cb1fc8d87235bc96b1b56ec0dbea5feb5c49fff8ca8c2d3c
trial-0024,breakoutcnn,quiet-owl-25,64174,4194304,22.717701145,184627.13164633454,4194304,22.717701145,184627.13164633454,f7e43d0919d56c2541dbf4204d7ec5ce2d3cdbe0e409af7c6fca25aaeeccbed3
trial-0024,breakoutcnn,quiet-owl-25,64174,8388608,45.144728634,185815.89155200412,4194304,22.427027489000004,187020.05881328767,f33a14843cadbda9b4fcd3bb9ed5016cdf13035c02819dd4f34faafd272601d9
trial-0024,breakoutcnn,quiet-owl-25,64174,12582912,67.605569422,186122.4172443004,4194304,22.460840788,186738.51257789345,e5fb0506f8bb6f0b8cb6740f59d27da02f860d88ea08f39243418abf2de1d2ce
trial-0024,breakoutcnn,quiet-owl-25,64174,16777216,90.191446819,186017.81645291956,4194304,22.585877397000004,185704.71831911712,266bf8e0712290a2355b19e94fdf9b21d6fdc1f8595788f451ed9521b7342012
trial-0024,snakecnn,quiet-owl-25,64174,2097152,10.547211576,198834.7332267453,2097152,10.547211576,198834.7332267453,68a858589df249770560f444df3cedfedf943fd195a7b248d7c62ee93b687913
trial-0024,snakecnn,quiet-owl-25,64174,4194304,20.828960172,201368.86168894442,2097152,10.281748595999998,203968.4184474102,376fb898b1a32402d1b28edc276ee2289a307a3914d46935b7c0c5dc2240377d
trial-0024,snakecnn,quiet-owl-25,64174,6291456,31.14913725,201978.49942055778,2097152,10.320177078,203208.91629568994,8d6720ac9d2736c52997cdd912365be9daefe53c7af754cffc74adc95a0144a7
trial-0024,snakecnn,quiet-owl-25,64174,8388608,41.427815229,202487.33739953217,2097152,10.278677978999998,204029.35127305446,f3e247e925548718f45712e432033f9a1c924ccded6ade14fcf426ea9a3a0227
trial-0024,mazecnn,quiet-owl-25,64174,8388608,77.352356649,108446.70238121887,8388608,77.352356649,108446.70238121887,eb077f8158c5741ffa0d99867fbb72a9b1677174a21e7ba853e26d5e7f1a4846
trial-0024,mazecnn,quiet-owl-25,64174,16777216,154.385926255,108670.63084681043,8388608,77.03356960599999,108895.48599272789,5f82ee0794cdf6540be592fd2e72ca9c4cacf04171068aad1eb35030a0ba3147
trial-0024,mazecnn,quiet-owl-25,64174,25165824,232.096459972,108428.29745458416,8388608,77.710533717,107946.85866589156,f8086c651f864411802fd2cea315ecfcd098218c01519441c4edd6efdf103ab1
trial-0024,mazecnn,quiet-owl-25,64174,33554432,309.53058706,108404.2527709733,8388608,77.43412708800003,108332.18266239077,54ce8b6e8975c527f06c40434f9d9603c348ab872cfd52327443dd6c0f28b132
trial-0025,connect4cnn,quiet-owl-26,64173,3328000,19.883678455,167373.4569552513,3328000,19.883678455,167373.4569552513,2d9d2382941daf19f96cbc8c25467cb2c8f3f661e477f7520e7fc7285ae8c074
trial-0025,connect4cnn,quiet-owl-26,64173,6656000,38.71342104,171930.03927818206,3328000,18.829742585,176741.66202628412,6d51c7754df1c68fccc871a3b260787825de51f0241ade976bb32571303fb918
trial-0025,connect4cnn,quiet-owl-26,64173,9984000,56.786178604,175817.43032267943,3328000,18.072757564,184144.56057492876,df9ec19af7ec7f7b50b2a565dcd4ef804f0fd61fbb3a14066f50f1a957e295e4
trial-0025,connect4cnn,quiet-owl-26,64173,13312000,74.808121846,177948.5926328171,3328000,18.021943242000006,184663.77101022715,ac6c5d1d25aff9279c0bf00d8506b824a3e70daf157d69249d75b73ba4c62286
trial-0025,pongcnn,quiet-owl-26,64173,2097152,5.353368154,391744.4008466002,2097152,5.353368154,391744.4008466002,7cd340a03c38eebb623af8a711e9648c9528c3aeadaab9db9f409f6ef8fa7a56
trial-0025,pongcnn,quiet-owl-26,64173,4194304,10.567463768,396907.34617903637,2097152,5.214095614,402208.1977877593,5186d64c3fce63d6bd9295022b1f366f0fa70d1d5e915697f05d62dde3bb2d1b
trial-0025,pongcnn,quiet-owl-26,64173,6291456,15.704593142,400612.47961746145,2097152,5.137129374000001,408234.21940940194,ef8a3c5bb035c7404f34c317883543d3995e78987ad7a3cc0616589089747f90
trial-0025,pongcnn,quiet-owl-26,64173,8388608,20.843906248,402448.9412009756,2097152,5.1393131059999995,408060.7576821182,1f1d335c777edfbeb15e2204b762ddbc774e52dcd1ef7465ba03ca016159c862
trial-0025,flappycnn,quiet-owl-26,64173,4980736,10.196530921,488473.58367168333,4980736,10.196530921,488473.58367168333,e0c1808082c789b900071421b90bb8dcfbcda22a9f8b39f65180820b5ca9f522
trial-0025,flappycnn,quiet-owl-26,64173,9961472,20.15193401,494318.41107939393,4980736,9.955403089,500304.8048856357,58cec28d7755c043d31ffe3cca4cad174107f8a230dd06b11b8658d41b36c855
trial-0025,flappycnn,quiet-owl-26,64173,14942208,30.123136565,496037.58784406655,4980736,9.971202554999998,499512.0671279956,308307cb3409b66f22e396bf374d57f0e6aecc4e5a7a57e4da9cc9db7fd1b485
trial-0025,flappycnn,quiet-owl-26,64173,19922944,40.198257681,495617.10256454034,4980736,10.075121116000002,494359.91316176247,89e4e52cd73790bc4216f21721be11502142b9fca307f72b7e4f3d3cf233e039
trial-0025,breakoutcnn,quiet-owl-26,64173,4194304,11.420755276,367252.76907159254,4194304,11.420755276,367252.76907159254,792653bf8c491ffea669a538d97bb0ff8c4ee2b0758cb2396313274da042056a
trial-0025,breakoutcnn,quiet-owl-26,64173,8388608,22.652519682,370316.7734874854,4194304,11.231764406000002,373432.3342608046,9738143a234e39a12608ae00420e303349be3e6593452ed0ea616f50cd8018c8
trial-0025,breakoutcnn,quiet-owl-26,64173,12582912,33.852245482,371700.9557516832,4194304,11.1997258,374500.59714854805,9396e9871e471a7b9d2cbfd8ccc1d211c67787af1d39dccb5ad7cdc4e964e19f
trial-0025,breakoutcnn,quiet-owl-26,64173,16777216,45.031562659,372565.70745823113,4194304,11.179317177000001,375184.27410121594,5c408e3b035ccb51c98c981141035eea83830bd127b3592f397474b057462a26
trial-0025,snakecnn,quiet-owl-26,64173,2097152,4.674603246,448626.73678124597,2097152,4.674603246,448626.73678124597,53fe5403d4f94c32ee58c8893d42dc6cdb0cff14fe6f3aacd0e370b83ed5f4a3
trial-0025,snakecnn,quiet-owl-26,64173,4194304,9.155791813,458103.90686741576,2097152,4.481188567,467990.12553135434,7fb81607eff3b0d233ce718107efcdee275530230c8ecb50cf53c9212cc7a3d7
trial-0025,snakecnn,quiet-owl-26,64173,6291456,13.654666684,460755.0038092164,2097152,4.498874871,466150.3287229346,f6ff4c3d7350fbed93d7cd4c8e4ea0635b2fbfb6cade94f653a291146fea11a4
trial-0025,snakecnn,quiet-owl-26,64173,8388608,18.173862717,461575.4025781882,2097152,4.519196032999998,464054.22218602855,233e3a19ec0143b3a80003283a639c74b2c652225a631108b74d48330ff41900
trial-0025,mazecnn,quiet-owl-26,64173,8388608,27.137354935,309116.6408845881,8388608,27.137354935,309116.6408845881,2f0a3686850f092da4b7a08fa0ca727f1233302c9a8bed0c878357181ea8820c
trial-0025,mazecnn,quiet-owl-26,64173,16777216,53.921257446,311142.89233335695,8388608,26.783902510999997,313195.883107581,58801e12727e50c4051c4a1ecf4d6e9f2ba96c9df1d1fc007ac7f86e813f5e6b
trial-0025,mazecnn,quiet-owl-26,64173,25165824,80.654656223,312019.4813107833,8388608,26.733398777000005,313787.56101963035,083e4390ed291bf156be8aa8021aa84ce93d060a5501569652bd6796885198db
trial-0025,mazecnn,quiet-owl-26,64173,33554432,107.290346125,312744.1863306786,8388608,26.635689901999996,314938.6417571307,a2cdac545e26a7d4629d82e89317e0afbbeddd5f384a32bd2263db6351dce1cd
trial-0025,connect4cnn,quiet-owl-26,64174,3328000,19.773939974,168302.3213570922,3328000,19.773939974,168302.3213570922,dca40ddb13ca9c0c3487ca39ee4e7dfdf02c6e7730307877218674dbb3b236b8
trial-0025,connect4cnn,quiet-owl-26,64174,6656000,38.392620426,173366.65031315412,3328000,18.618680452,178745.21282965087,c93e4a02e2dd00753aba41d3a85ddbdc75904566a0de89e05fdf64f8fa34c831
trial-0025,connect4cnn,quiet-owl-26,64174,9984000,56.154713892,177794.5128382598,3328000,17.762093465999996,187365.30163915764,4b979d4d304954970ed01527f7294e3b53ec5f97dafffb2b85e3797405b6b0f9
trial-0025,connect4cnn,quiet-owl-26,64174,13312000,73.925196025,180073.92223211896,3328000,17.77048213300001,187276.8546791346,1285c7f7e3826c4836e7af268c93ea38694297fb84aa6b3396825542113a8d8e
trial-0025,pongcnn,quiet-owl-26,64174,2097152,5.285663219,396762.3197144903,2097152,5.285663219,396762.3197144903,1b1e74e74b3864f6821aefbe8e28fa5897b4b7a2da8519049792c26bd23e2091
trial-0025,pongcnn,quiet-owl-26,64174,4194304,10.413979524,402757.08151085087,2097152,5.128316305,408935.77448710037,7e7b35828b7a23201e7a3aa721e841888b80913017cf8f1091bdfd2d2b244645
trial-0025,pongcnn,quiet-owl-26,64174,6291456,15.53923336,404875.5723171661,2097152,5.125253836000001,409180.1239715222,8b75ed46e648082fba381bbf5a668382c371ce357d021d6e03b75a86034f74b0
trial-0025,pongcnn,quiet-owl-26,64174,8388608,20.662421346,405983.7837748835,2097152,5.123187985999998,409345.11982203904,777952fb79b05119f22d36e2aa2959f4865c1a9954efd1ef5bad48715cdb715d
trial-0025,flappycnn,quiet-owl-26,64174,4980736,10.123614898,491991.84779183805,4980736,10.123614898,491991.84779183805,f2aefcc42241b7bd8e2afdb8aea97eca8e652416ab728364709839847414d056
trial-0025,flappycnn,quiet-owl-26,64174,9961472,20.002481626,498011.8060476902,4980736,9.878866728000002,504180.90831035643,11a57a1512bc3816b0b4a156df73876f4ff8923d398613de776019df2085ea6a
trial-0025,flappycnn,quiet-owl-26,64174,14942208,29.969712098,498576.96167181915,4980736,9.967230471999997,499711.12978594337,820296ce139aee1d3d679456fad2c84a20157deceacf850d1575eee505844c88
trial-0025,flappycnn,quiet-owl-26,64174,19922944,39.900454909,499316.2119438933,4980736,9.930742810999998,501547.1747473897,4b72cd2a9d6d2c6ddf65f94d96ceb95ba3991add2762bb3aad39ca6319ae156c
trial-0025,breakoutcnn,quiet-owl-26,64174,4194304,11.472864124,365584.73583121813,4194304,11.472864124,365584.73583121813,afead3cb4eff3826222228158073c2dad703ae6fc20bd346bb9d00106356a401
trial-0025,breakoutcnn,quiet-owl-26,64174,8388608,22.725464686,369128.11755034403,4194304,11.252600561999998,372740.8590476546,e1787ef0836b2ecaab51142b9dfae947c0f9268649bfdff8fef4b8fbd5ce279b
trial-0025,breakoutcnn,quiet-owl-26,64174,12582912,33.995052016,370139.5130702482,4194304,11.269587330000004,372179.0228143162,5981290d1666a25197c5cc572661da8e5a84f03bcfaf38dbce63a0820d268bf4
trial-0025,breakoutcnn,quiet-owl-26,64174,16777216,45.218822736,371022.83927093877,4194304,11.223770719999997,373698.296645176,7edbc16e23a7e2d7ff64abc7d24c75c5bed4d3a282f49505c678913dbeb1c8d2
trial-0025,snakecnn,quiet-owl-26,64174,2097152,4.672564527,448822.48022082803,2097152,4.672564527,448822.48022082803,0b8046fe025180da9036eddc386866a8dc2d723c51e2e83281b6e7ce752d5abe
trial-0025,snakecnn,quiet-owl-26,64174,4194304,9.151914564,458297.98460955126,2097152,4.479350037000001,468182.21007004543,f12de6335fe1e0cec9dc38ab396bda880628c4f33ba4bfc94a8cb36e768aa32d
trial-0025,snakecnn,quiet-owl-26,64174,6291456,13.652084858,460842.1398958169,2097152,4.500170294,466016.142277126,b1d72589c30488d4c77ec3720038631f0f90cf6cbfaefdecd33a6a29ba9987da
trial-0025,snakecnn,quiet-owl-26,64174,8388608,18.133282931,462608.3446621318,2097152,4.481198073,467989.1327802952,3017ec6b21e5b8303f4cd4175a14fc4b291ebf34209b273d8dce409bc0eed7f4
trial-0025,mazecnn,quiet-owl-26,64174,8388608,27.65877483,303289.2111656849,8388608,27.65877483,303289.2111656849,20ff8877da770799deb66edf66065d8a145fb35561e0fde7aa48e03911b191b8
trial-0025,mazecnn,quiet-owl-26,64174,16777216,55.006103179,305006.4452921496,8388608,27.347328349,306743.23622938996,35bdb76a34807f6844489682fed5dcae06120bb7ed748b0546b9b760ac668599
trial-0025,mazecnn,quiet-owl-26,64174,25165824,82.024973172,306806.85438603215,8388608,27.018869993000003,310472.19969500223,d570616dc72def3ae452d2a2d2dca53b0b60bdc7cb729558417805b99c346732
trial-0025,mazecnn,quiet-owl-26,64174,33554432,109.104722905,307543.3501555805,8388608,27.079749733,309774.2070259036,2e8d4de5536a4b6ef96770f4741fac21f7e144ae444e50defcb7933923c3b7fa
trial-0026,connect4cnn,quiet-owl-27,64173,3328000,21.478921787,154942.6006110909,3328000,21.478921787,154942.6006110909,49ec47a1037fb2d9e67401908abfe702e414cb54b61e94b6d7a47604df77a274
trial-0026,connect4cnn,quiet-owl-27,64173,6656000,41.393758571,160797.18850810322,3328000,19.914836784,167111.58801330402,c6561f13b9d0e629a50c16e133f516601cac68c1e12bd11696b11b88fec7107f
trial-0026,connect4cnn,quiet-owl-27,64173,9984000,61.243724768,163020.78356306415,3328000,19.849966197,167657.71623847767,850520b79bfc1bbe231f9778940a6436e82ce1c343908a9cc551b712dadecc9d
trial-0026,connect4cnn,quiet-owl-27,64173,13312000,80.858770096,164632.72919183978,3328000,19.615045328,169665.67980596816,89d466443163bd94bd11615a968644cfd37d3236a05634d00223d314ce1629ca
trial-0026,pongcnn,quiet-owl-27,64173,2097152,6.583012479,318570.2604529424,2097152,6.583012479,318570.2604529424,4b6fc563bd0cd03d5b2ffc59b747976664e62da1fa103f592f9e10ade750d9bb
trial-0026,pongcnn,quiet-owl-27,64173,4194304,12.971739059,323341.6877199611,2097152,6.388726580000001,328258.2176180718,e15f839d7301c01710537d8608d632cc62e7ab07193ea44ed7f877cc8a1abd16
trial-0026,pongcnn,quiet-owl-27,64173,6291456,19.378147186,324667.5721683725,2097152,6.406408126999999,327352.23208173236,ee8cf41c94b4fcef1c5ad6bb370d287795959c30de2855634f0b560226476f96
trial-0026,pongcnn,quiet-owl-27,64173,8388608,25.768935632,325531.7999856766,2097152,6.390788446000002,328152.3113650568,950846f1118913d01555894cad4956ad8402cd0c1343c48f2e1af49bbb25ecb0
trial-0026,flappycnn,quiet-owl-27,64173,4980736,12.971635471,383971.32043489564,4980736,12.971635471,383971.32043489564,de3173b8cfdfd3310e93ea92a3f657d657eeddb688eafcf7bbe601312479d66e
trial-0026,flappycnn,quiet-owl-27,64173,9961472,25.715390002,387373.94218890916,4980736,12.743754530999999,390837.4088565533,f84dc24e0552d805d2155aacacf218b46ad4b6907fd2fb01931e4f06508604ae
trial-0026,flappycnn,quiet-owl-27,64173,14942208,38.474977521,388361.70838162035,4980736,12.759587519,390352.4304828274,9b2c46a530074a36fe893ad36b985addb048ba5bf1c8c532ad6bf0e12eb1589e
trial-0026,flappycnn,quiet-owl-27,64173,19922944,51.229008485,388899.66035226884,4980736,12.754030964000002,390522.49551995046,3f88fa2080aa440f4ee037ff22167fc638fe1d297c16d684c0e652f6e3bf0fe5
trial-0026,breakoutcnn,quiet-owl-27,64173,4194304,13.802726481,303875.035542697,4194304,13.802726481,303875.035542697,67153151a0b20f51ef142b44eead2c156d259244d90df9e33c3a76295a677ada
trial-0026,breakoutcnn,quiet-owl-27,64173,8388608,27.525881849,304753.4696987284,4194304,13.723155368,305636.997288567,e17ff7f5521e0d313dbffecc19232ab1eded2c3e8ed178f1bbcce8b82994afc7
trial-0026,breakoutcnn,quiet-owl-27,64173,12582912,41.109544992,306082.49258046184,4194304,13.583663142999995,308775.6193484105,2923937ed16fc6c9084df9ed8f11fcef78fac182e2268d4c746ab603b1d89b0f
trial-0026,breakoutcnn,quiet-owl-27,64173,16777216,54.751851831,306422.80468951905,4194304,13.642306839000007,307448.29664800636,4a07744a3dcdb625bc88d5fa0fa8a341bed89f249afe9191310b6aaa7d0abbc8
trial-0026,snakecnn,quiet-owl-27,64173,2097152,5.854672875,358201.396521236,2097152,5.854672875,358201.396521236,aeabccb93e4126b63cf5bf855d5b742249dd8e58dcb8ce0c9a833df54a34c142
trial-0026,snakecnn,quiet-owl-27,64173,4194304,11.509534193,364419.9608487144,2097152,5.654861318,370858.2548832014,fb4f79ec4faf4d8c6df2bc0f67b264e132097c4d11039e6ea4d3875ef39a4d2e
trial-0026,snakecnn,quiet-owl-27,64173,6291456,17.150328852,366841.71214981197,2097152,5.640794659000001,371783.0778778575,3fa9ac85d4e0d83f3481e2f896b72d03a33afa1e553bff788eed882c23fc1595
trial-0026,snakecnn,quiet-owl-27,64173,8388608,22.775118882,368323.346343971,2097152,5.62479003,372840.9396288167,e0c6e099832468413f70c7645540467626b22eaf908d6c05bd1d1e5e879e603c
trial-0026,mazecnn,quiet-owl-27,64173,8388608,38.355478836,218706.90327887528,8388608,38.355478836,218706.90327887528,a05b0d459aeee93241968373c3cedb9a183de8f4179d3501304d7dcfe92212b1
trial-0026,mazecnn,quiet-owl-27,64173,16777216,76.565756699,219121.6638262405,8388608,38.210277863,219538.00048449545,0e360b966e350871cda3ffa4672559ddae4de17c584250507dc21d3c125707e2
trial-0026,mazecnn,quiet-owl-27,64173,25165824,114.802327352,219210.05070601104,8388608,38.236570653,219387.0385534127,9c91eaa3a4917f0979ff34bf6788ef11826d0525d483f0b5338af76599d611d3
trial-0026,mazecnn,quiet-owl-27,64173,33554432,152.820603004,219567.46237365477,8388608,38.018275651999986,220646.72466434469,c7c07b8f77d6a3763f32fc0792ed1499fb78d4af700e1598666d4f008c2c4a58
trial-0026,connect4cnn,quiet-owl-27,64174,3328000,21.556295054,154386.45609846828,3328000,21.556295054,154386.45609846828,7cb0771597d446f75a3e20265145f8762a3f99b0d06db6f0f5a3bebc087a278e
trial-0026,connect4cnn,quiet-owl-27,64174,6656000,41.385595322,160828.90552166986,3328000,19.829300268,167832.44769209725,13ec46e0385a8fea9f7444e07ed8409e9cf1192ada0b3e48fcd696a191e2d37b
trial-0026,connect4cnn,quiet-owl-27,64174,9984000,60.88829701,163972.39683613216,3328000,19.502701688000002,170643.0243994203,9072bf7aa0f9298808b8fb6f2edb2b029c756e3e5560f75b5f489f2ce2d32b76
trial-0026,connect4cnn,quiet-owl-27,64174,13312000,80.13868088,166112.04294632009,3328000,19.250383869999993,172879.6694379893,c5069b3b48639c56b6a587a3ea6b8e3ff5c277983617edda613beac966534e30
trial-0026,pongcnn,quiet-owl-27,64174,2097152,6.485547641,323357.73570489755,2097152,6.485547641,323357.73570489755,25dd08197bb6a414cff11e3a92e95a50e384145c2758738308651321abeeb171
trial-0026,pongcnn,quiet-owl-27,64174,4194304,12.784758294,328070.6528467123,2097152,6.299210652999999,332922.9828186856,f36ad7bff2ae1c6dbc51335d49a63ec0077e07149d9348a730edcc016662ede1
trial-0026,pongcnn,quiet-owl-27,64174,6291456,19.168674681,328215.49244800396,2097152,6.383916386999999,328505.5556602484,c761860327ab92cefae76073c9c15e87f4389682909927957f19ebb0196289f0
trial-0026,pongcnn,quiet-owl-27,64174,8388608,25.467739065,329381.7318683134,2097152,6.299064384000001,332930.71354007605,8c8cb7b2dc253705f9e882cb53b22f5855ea316fe012202b3a7ed009d540a0ee
trial-0026,flappycnn,quiet-owl-27,64174,4980736,12.992377937,383358.3062432122,4980736,12.992377937,383358.3062432122,ffa17e5324f7caf2bea94f5a401bbdedc511b07ef9b35f97868d9522dce3e9e7
trial-0026,flappycnn,quiet-owl-27,64174,9961472,25.799715934,386107.817058262,4980736,12.807337997000001,388897.052702653,45155a1bafd502812dc0be4a34cb2bba1402022f4cea4a63207bdcbb7b0d858b
trial-0026,flappycnn,quiet-owl-27,64174,14942208,38.572736952,387377.4375563268,4980736,12.773021017999998,389941.8933845835,26f9370a2b0abfcf822a3704cb4ec2faa1c9e241122eb47ccdd19777cc208344
trial-0026,flappycnn,quiet-owl-27,64174,19922944,51.345032374,388020.86743037176,4980736,12.772295422,389964.04604146496,a40ed343d07be34211d7e96caf253140621db5d7cadf1931d260f30e9002a667
trial-0026,breakoutcnn,quiet-owl-27,64174,4194304,13.734122339,305392.94004172913,4194304,13.734122339,305392.94004172913,d7e4c6baaade658c5a2a455f859a252181d39e006a4ea4f65a8915b9de251ab6
trial-0026,breakoutcnn,quiet-owl-27,64174,8388608,27.219996742,308178.141221322,4194304,13.485874402999999,311014.6123759655,5f4b9fe0b2f7c3f187eb8304476c62066d275ecf313cebd390e250c0308dd613
trial-0026,breakoutcnn,quiet-owl-27,64174,12582912,40.65475608,309506.51813626627,4194304,13.434759338,312197.92587846954,e5c317e6ad30dc6fff55c0f613286e51ba29901b81583f416f35d31b56e99afb
trial-0026,breakoutcnn,quiet-owl-27,64174,16777216,54.109255333,310061.8534989883,4194304,13.454499253000002,311739.8812939679,81f46e3c171e300c16cba81710f09bf922417711f294397742745931ba1fdbbf
trial-0026,snakecnn,quiet-owl-27,64174,2097152,5.822807942,360161.6300742485,2097152,5.822807942,360161.6300742485,9580edf2340005cc7b69ce54431836306f8df3e20adb06304efb756d64e17eb1
trial-0026,snakecnn,quiet-owl-27,64174,4194304,11.484443746,365216.12128239684,2097152,5.661635804,370414.50079115684,a45ade1eabe2e54ddc9851af19f0e7a1266778951d1ff541f5906d5413debeef
trial-0026,snakecnn,quiet-owl-27,64174,6291456,17.126135322,367359.9374120372,2097152,5.6416915759999995,371723.9717465902,207baabdd32ca1ff3d037b0a5ab18d75043d39f5ab94aa6760f99175e41bd90a
trial-0026,snakecnn,quiet-owl-27,64174,8388608,22.720538885,369208.14433402906,2097152,5.594403563,374866.0561190194,73ff0324ad101528df0550c889134310c6bdfed5c882eb074a1e5d049e77737a
trial-0026,mazecnn,quiet-owl-27,64174,8388608,38.141723344,219932.58994469623,8388608,38.141723344,219932.58994469623,dcff7720d29ac2685d9eafd644e96ca103a0d56767bccfa3e4eefc6b57eaf253
trial-0026,mazecnn,quiet-owl-27,64174,16777216,75.877719609,221108.5953354089,8388608,37.735996265,222297.2448134463,7229d317ac85afea85d37a1b3e5544518661fe51923f2fa7c9d007977d6f4a1d
trial-0026,mazecnn,quiet-owl-27,64174,25165824,113.765902073,221207.08878000968,8388608,37.88818246400001,221404.33914903557,0a507048c769f1eff97ede22754f8ba6d757d9794d28ddb467820b294c1c7660
trial-0026,mazecnn,quiet-owl-27,64174,33554432,151.819687741,221015.02446272247,8388608,38.05378566799999,220440.8274431973,814477515c76e150b207ecb33aa56446ce6726fb78c04c7b82632355035326ad
trial-0027,connect4cnn,quiet-owl-28,64173,3328000,20.220085072,164588.8228535936,3328000,20.220085072,164588.8228535936,c3442e229f7230ebf78baeaa43b838971e5f77cc7a6d99c78e2dc1bc40d1e19a
trial-0027,connect4cnn,quiet-owl-28,64173,6656000,39.139924279,170056.53747703307,3328000,18.919839207,175900.01498367387,e82c945c61a0c06086bbc1477f341e297e60fe7e958a2c830d30ea5fedab2aad
trial-0027,connect4cnn,quiet-owl-28,64173,9984000,57.394241599,173954.7334688356,3328000,18.25431732,182313.03541292885,906f32eb07d4a628edc08e68eb87d73ca4475425d5b802e2a6445e7b640fb432
trial-0027,connect4cnn,quiet-owl-28,64173,13312000,75.587353587,176114.1165589039,3328000,18.193111988,182926.3735745219,bd349443e123d058a794ed9b345ad0994a040d6d0404690010e0fc33782ecf5f
trial-0027,pongcnn,quiet-owl-28,64173,2097152,5.541978154,378412.1737265152,2097152,5.541978154,378412.1737265152,f37790ae3ad972c6861cce15b4d7ed5681165e6a4f32c5e9666a774b4475038f
trial-0027,pongcnn,quiet-owl-28,64173,4194304,10.878505712,385558.8360240776,2097152,5.336527558000001,392980.6371666074,f31b262931c5997ca285885010841c89c9ee7267943cd7833a5559e689bb05aa
trial-0027,pongcnn,quiet-owl-28,64173,6291456,16.216038011,387977.3836082679,2097152,5.337532298999998,392906.6622028512,46a9c3577ea07da9e642473dd9f44ff50be245c048bc093c44cabef0c2d2b4a2
trial-0027,pongcnn,quiet-owl-28,64173,8388608,21.547085215,389315.20975098165,2097152,5.331047204000001,393384.6240240494,8e283d369c0fcba88227688569fb03ec3a26135d28f581caf99eaba43536f0ea
trial-0027,flappycnn,quiet-owl-28,64173,4980736,10.668284038,466873.2086864971,4980736,10.668284038,466873.2086864971,c192f6ed06eb03e3773eb20889f7b390037ab172981db699d38d53f6bef01ab2
trial-0027,flappycnn,quiet-owl-28,64173,9961472,21.135647418,471311.42013262364,4980736,10.467363380000002,475834.82288545516,9efbdc371cf70b5b2e24e0782e91212da45d8ed95d0d88164600178a670cdc79
trial-0027,flappycnn,quiet-owl-28,64173,14942208,31.589649648,473009.61443065637,4980736,10.45400223,476442.9823543284,8b02fa1bab05c48a65cc6ad1cecfb7960671a70469eb6d7a9461d49359801df2
trial-0027,flappycnn,quiet-owl-28,64173,19922944,42.056016221,473723.9945720726,4980736,10.466366572999998,475880.14095061074,0e6f811064e83975a0b2ab215eb6ab8f1afee6817af638676e0073883851ba12
trial-0027,breakoutcnn,quiet-owl-28,64173,4194304,11.82653722,354651.9088365918,4194304,11.82653722,354651.9088365918,935d6fccb13a86ef0f451781ed8271fde64b16d95e87db61dffa148f61c7d329
trial-0027,breakoutcnn,quiet-owl-28,64173,8388608,23.503906737,356902.7095735791,4194304,11.677369517,359182.26222899783,0c48ff90ea03c5ecde8de473fd9121c025010435766ec9f5f12fba15856239a0
trial-0027,breakoutcnn,quiet-owl-28,64173,12582912,35.15264264,357950.6704193548,4194304,11.648735903000002,360065.1637161594,be554f1a4f06889dda9293a093f43c7d4815533ac77b01b0932f8bfcd223f10e
trial-0027,breakoutcnn,quiet-owl-28,64173,16777216,46.874885171,357914.8181120138,4194304,11.722242531,357807.30426861363,8978d0e7ae149b73e1c26b8b7891e7c2dd27e8a8f1b6f30a5e85d8dff1ee8e53
trial-0027,snakecnn,quiet-owl-28,64173,2097152,4.915358064,426652.94627455645,2097152,4.915358064,426652.94627455645,406a896450bc988808c1fc4b55091bb4f379e28d193bb15c9482b6d0005bf9cc
trial-0027,snakecnn,quiet-owl-28,64173,4194304,9.60319999,436761.0800949278,2097152,4.687841926,447359.79435839027,69be94022e770d7ade001aa1f0de02431a9b911d661ac5957e2553d3a51c29be
trial-0027,snakecnn,quiet-owl-28,64173,6291456,14.304827376,439813.4863588444,2097152,4.701627386,446048.10799015535,ea1c21977c0f4f4292a43b9dec0c1a0707119f04313d7c5e263636e5d329a19b
trial-0027,snakecnn,quiet-owl-28,64173,8388608,18.996331638,441590.9429176075,2097152,4.6915042620000005,447010.57121196744,a0821c0024b05b9b53b57e860d0df89a0f3cad25437e122505d8a04f6ffa6b3d
trial-0027,mazecnn,quiet-owl-28,64173,8388608,29.193217533,287347.8399740461,8388608,29.193217533,287347.8399740461,17cc42ade067acbea48fb2364f3a0e5883588ed5ccfa38357a92f4f1ab8e83ba
trial-0027,mazecnn,quiet-owl-28,64173,16777216,58.166605552,288433.81594618654,8388608,28.973388019,289528.031533591,846f97aa1b566f594621528b285e23c114c386386271ab81e855bcd62840f9bb
trial-0027,mazecnn,quiet-owl-28,64173,25165824,87.084320336,288982.26343045407,8388608,28.917714784000005,290085.4394151977,a3a60a5280614e3da4d7f473cbe2e802e4641e090c8290c34a8b365e76ccc5f1
trial-0027,mazecnn,quiet-owl-28,64173,33554432,115.977308247,289318.94098230166,8388608,28.89298791099999,290333.69708386343,63eb32c6f4b5bb58dce986d3f987b2b0c8f494a88fd548051e4d2e15a33a745f
trial-0027,connect4cnn,quiet-owl-28,64174,3328000,20.103615595,165542.36148584695,3328000,20.103615595,165542.36148584695,1eb96e900bd3bc2a31f637acfc4c6876d2e19b3f71b6c47536ed7f02671923ef
trial-0027,connect4cnn,quiet-owl-28,64174,6656000,38.963309348,170827.37866417022,3328000,18.859693753000002,176460.97776484926,8d70953281a9ceba4d0d87175282994185853322adb0b343e7a43c45008c04ba
trial-0027,connect4cnn,quiet-owl-28,64174,9984000,57.393826075,173955.99287897797,3328000,18.430516726999997,180570.08651985368,b8e892829f4d8852d5076a7921f3e2984e96935f14bfee9222bcbe58cd457523
trial-0027,connect4cnn,quiet-owl-28,64174,13312000,75.860727945,175479.46560243098,3328000,18.466901869999994,180214.31117292232,beaaea2b878552da9acd3d3b009a71b97c1f63cc9ca525112998681ed55083f3
trial-0027,pongcnn,quiet-owl-28,64174,2097152,5.557546372,377352.1370088534,2097152,5.557546372,377352.1370088534,3644dcac9951abe3f57e676daeb638680ed0e272476750cef932eda06cefd684
trial-0027,pongcnn,quiet-owl-28,64174,4194304,10.929264763,383768.1757147491,2097152,5.371718391000001,390406.1693765733,9e56ea55f2314b666e3059a6d208989acc37d0864eb473599973e1e33f5927c6
trial-0027,pongcnn,quiet-owl-28,64174,6291456,16.272149088,386639.5253617529,2097152,5.342884324999998,392513.0832773552,73b62345e7dbad4038b53bb19fdac545bab71f0e10786911c35d9f796fbb2878
trial-0027,pongcnn,quiet-owl-28,64174,8388608,21.631040967,387804.1751572445,2097152,5.3588918790000015,391340.6068553374,8b505d5045606e8042043a297e43555f929bead5375e5cdecf02293f638abcb5
trial-0027,flappycnn,quiet-owl-28,64174,4980736,10.72662423,464333.9687494581,4980736,10.72662423,464333.9687494581,c515ac86a3115331eceecba0ad63f385f0b6ff19e5df2802ecd1df5ba5e07853
trial-0027,flappycnn,quiet-owl-28,64174,9961472,21.267558017,468388.14273069816,4980736,10.540933786999998,472513.7355613294,e287fb128c4d578e2543e3fc5f190690247a72867021ce2bfbf04b4c513f8fa9
trial-0027,flappycnn,quiet-owl-28,64174,14942208,31.789043548,470042.70441285695,4980736,10.521485531,473387.14531564945,c7224be712ff70405c38961c8e206dc18f0c3f252c69a1248bbe624f88a189f1
trial-0027,flappycnn,quiet-owl-28,64174,19922944,42.350095948,470434.4477628242,4980736,10.561052400000005,471613.6054774236,a995510815664c9313669e3427d8590be82ab87906287d7fa76ed606b21218bc
trial-0027,breakoutcnn,quiet-owl-28,64174,4194304,11.86191989,353594.02515742334,4194304,11.86191989,353594.02515742334,526070bf61dd07b3a6e11a89949a50c19082126b9a2e1424c61adb6f74de2198
trial-0027,breakoutcnn,quiet-owl-28,64174,8388608,23.501681427,356936.503715973,4194304,11.639761537000002,360342.7773556457,9e9ac0dc3854d3056acaf052901281bcf24f4fc6f715dcac572c2d198783a60e
trial-0027,breakoutcnn,quiet-owl-28,64174,12582912,35.107002848,358416.01330877584,4194304,11.605321421,361412.1356785815,f0e9cb74035d28bca1683cf8ccf2341c667dc23c3a285e71571bcafd0451179a
trial-0027,breakoutcnn,quiet-owl-28,64174,16777216,46.787751789,358581.36709925,4194304,11.680748940999997,359078.34516310756,4925022efb598f6afec432dfa95d405cce8a64c08c46c54281e84c51d513d65a
trial-0027,snakecnn,quiet-owl-28,64174,2097152,4.865932455,430986.6648159217,2097152,4.865932455,430986.6648159217,71f356b2fbc72696a645882f7f18c6000eb881da601c93a5d2cef6749bbbee4a
trial-0027,snakecnn,quiet-owl-28,64174,4194304,9.547782873,439296.1230675863,2097152,4.681850417999999,447932.2944486264,d48dbea60c62df87d7db8fd08c947959b38a1c84c0563bb106a869970d6f5cc7
trial-0027,snakecnn,quiet-owl-28,64174,6291456,14.243967492,441692.6676878153,2097152,4.696184619,446565.06720695423,7479b3610a40e52b331fa1f1f3025996f1d8132836560a3a98d6090b3f9c8d55
trial-0027,snakecnn,quiet-owl-28,64174,8388608,18.943939494,442812.22512650414,2097152,4.699972001999999,446205.21124542656,17556acdc77881fd75d111342182d4526103467362b9d8057506277e94a3a997
trial-0027,mazecnn,quiet-owl-28,64174,8388608,28.972600187,289535.90447031974,8388608,28.972600187,289535.90447031974,b459d301e05ac6eaae70a38788e8cb3ccba1a95c48a47909b8e2fd88958ea636
trial-0027,mazecnn,quiet-owl-28,64174,16777216,57.721273468,290659.1450949379,8388608,28.748673281,291791.13477713184,3fba5f99df50827a78047f5706cf6777ec8069a0c95f4fa773f79f49bd79261f
trial-0027,mazecnn,quiet-owl-28,64174,25165824,86.414868915,291220.99374765914,8388608,28.693595447,292351.2327165348,685f621c3f2c0e44e11a9ee388f6e6b189cd372a73185c213b8323d49862ba44
trial-0027,mazecnn,quiet-owl-28,64174,33554432,115.17704957,291329.1504277244,8388608,28.762180654999995,291654.1030257986,ad80937b1df58d6564b65568ec3899513b392d21058286e171abd20d73a043cc
trial-0028,connect4cnn,quiet-owl-29,64173,3328000,28.462258644,116926.7710488451,3328000,28.462258644,116926.7710488451,af7901aab64aac4bb0a964080c2b81aa5e8cc1546a5ff86215bd0af517c7137e
trial-0028,connect4cnn,quiet-owl-29,64173,6656000,55.597246432,119718.15921029173,3328000,27.134987788,122646.08431007856,6de8b55b48faa55faf15d495fd0ba177d98fb617aa7cfb92c197481f3fc85a30
trial-0028,connect4cnn,quiet-owl-29,64173,9984000,82.710057076,120710.83436474935,3328000,27.112810644,122746.40367233481,adf26109763c6a6e2f3bc1a954d2887ca154b5dbde12cc8ddef148fe9a825edb
trial-0028,connect4cnn,quiet-owl-29,64173,13312000,109.941067519,121083.05204239918,3328000,27.231010443000002,122213.6066880873,d189cf2696beac6243dab517ac1507e5e340e51cede94f0711f1c87c597980dc
trial-0028,pongcnn,quiet-owl-29,64173,2097152,11.09161258,189075.48247596654,2097152,11.09161258,189075.48247596654,98e29c493fc6367e2f8d4695e6262b7532407d492af36f249b7190c927c2c61e
trial-0028,pongcnn,quiet-owl-29,64173,4194304,21.968675192,190922.02708369854,2097152,10.877062612,192804.994768196,97fc00238b1900622bc50c54219442f8bd81fe872e6bcd1da114caef06e9f3a7
trial-0028,pongcnn,quiet-owl-29,64173,6291456,32.848596113,191528.91582815998,2097152,10.879920921,192754.3421710133,6b4d9ef47dfb09375caddcf9a111dd1131fc8250f7cfb6d463620c9ce98c129f
trial-0028,pongcnn,quiet-owl-29,64173,8388608,43.746529824,191754.82109664124,2097152,10.897933711,192435.74567564187,34f3c08c7417af78bc2f5afadfaea4a22263e4d6a8b409eebe92fb933761ef43
trial-0028,flappycnn,quiet-owl-29,64173,4980736,23.943552942,208019.92135691622,4980736,23.943552942,208019.92135691622,5f87df02caf6339f407a7f8cc2caa6da08ec7c6196c5dccdef7ca1e95290e0fc
trial-0028,flappycnn,quiet-owl-29,64173,9961472,47.641710161,209091.40260364886,4980736,23.698157219,210173.97909769518,9f88d89d3afe8b8a5fb0be664c9cb4f7f09b2bb85839f2d571ddbbea29146d26
trial-0028,flappycnn,quiet-owl-29,64173,14942208,71.351352422,209417.30594853894,4980736,23.709642261000006,210072.17001299144,0e30058eb175f34561f7c75238f912f50c2d5274edda8ae82d70d0935f904aab
trial-0028,flappycnn,quiet-owl-29,64173,19922944,95.142942817,209400.12375190266,4980736,23.791590395,209348.59407493594,9367980ad8ff07bb9c0dfa4f5e69f1f56686f1fbed23ffaab2a8e7c553953235
trial-0028,breakoutcnn,quiet-owl-29,64173,4194304,22.959214762,182684.99351911765,4194304,22.959214762,182684.99351911765,0be480a74f0b759e2d612d6649e9bd8560019e74f92e8a4fe36941e09a626666
trial-0028,breakoutcnn,quiet-owl-29,64173,8388608,45.857679672,182927.00502947505,4194304,22.898464910000005,183169.65859874312,843de325a87fc5b7a6dd9bdf9624c0cfc99aee7a3a8993c63f9ef6c97d30d426
trial-0028,breakoutcnn,quiet-owl-29,64173,12582912,68.669661994,183238.29817451892,4194304,22.81198232199999,183864.07374842613,c97325eb106853bb7af60f26a77359a53deb20be27bace56ed448c7fe3174cfb
trial-0028,breakoutcnn,quiet-owl-29,64173,16777216,91.455636858,183446.4946764233,4194304,22.78597486400001,184073.93254113782,c2ceea058cd09c261703be8b67ce066d3357707ba9c9116b3da73aedead9124e
trial-0028,snakecnn,quiet-owl-29,64173,2097152,10.474678038,200211.59527691058,2097152,10.474678038,200211.59527691058,dc20924a02437913a969f041e3859cd9d47abd791008362512588ae2398c0c56
trial-0028,snakecnn,quiet-owl-29,64173,4194304,20.772607627,201915.14109900635,2097152,10.297929588999999,203647.92571898407,268e5f31adce807a6fb71898280ea59e4b4fea46cd30bbd7b7bdf2a8eba30f81
trial-0028,snakecnn,quiet-owl-29,64173,6291456,31.036250841,202713.1444526399,2097152,10.263643214000002,204328.2250048798,df74c23cd0597e4e335d9048196f65e1237d667bd8f49eee26ccef63ecd251dd
trial-0028,snakecnn,quiet-owl-29,64173,8388608,41.397953015,202633.40066501594,2097152,10.361702173999998,202394.54529606714,d8f4139ce72675c41dd026a21d15e35c4227444e647c742947ef4b523132bf98
trial-0028,mazecnn,quiet-owl-29,64173,8388608,79.2012141,105915.1440457527,8388608,79.2012141,105915.1440457527,aa47c25bc40235a6f07ed9ebb996275c16d5749398148f5f8a538b2489c40659
trial-0028,mazecnn,quiet-owl-29,64173,16777216,157.726916755,106368.75648853484,8388608,78.52570265499999,106826.27109820418,0a0ab7c9aff696cdf48aee70791662907e767b6e387eec2b56846ae4b83007b5
trial-0028,mazecnn,quiet-owl-29,64173,25165824,236.231235913,106530.46750036118,8388608,78.50431915800002,106855.3691054482,f3f95f12300286876dad121e9ffbc9ef60ffb8932ce1a031e2a885319dce6662
trial-0028,mazecnn,quiet-owl-29,64173,33554432,314.858327233,106569.9366914606,8388608,78.62709132,106688.51993849897,cae1036266e8a2018dd1fdb9b7e425da246e2409d0ea1c8f7d2ac828bbd7c66d
trial-0028,connect4cnn,quiet-owl-29,64174,3328000,28.500729268,116768.9418999045,3328000,28.500729268,116768.9418999045,fd75d228c8b2dd0a8fd16535c37eb59e101733094a0224fc6a7541780eba9e8f
trial-0028,connect4cnn,quiet-owl-29,64174,6656000,55.624295069,119659.94340680567,3328000,27.123565800999998,122697.73172218022,777b63d9ef27c1fd4259de31270a70419b2aea142e4fc265c7bc8fa4516396c6
trial-0028,connect4cnn,quiet-owl-29,64174,9984000,82.623524039,120837.25689656309,3328000,26.999228970000004,123262.77923335822,84ab34b8c88e723cabbf42781eb63bd5bd5fe2898111fca4d631d4ec9e3f463a
trial-0028,connect4cnn,quiet-owl-29,64174,13312000,109.505467445,121564.70640779703,3328000,26.88194340599999,123800.5731109901,f4653f04f9c624915988763b0b1fe8b38be946e4e1976bc082c4ebf931237218
trial-0028,pongcnn,quiet-owl-29,64174,2097152,11.079998483,189273.67212348018,2097152,11.079998483,189273.67212348018,c1543bc54798bdea8156fc5f407c1fb76f8a1bad54a26adc837921203d4c1707
trial-0028,pongcnn,quiet-owl-29,64174,4194304,22.009075875,190571.56346870016,2097152,10.929077392,191887.3775690434,d803a061288897a03ff824b0e696a2a9798fa5607574949ffcf5ee34ed38685d
trial-0028,pongcnn,quiet-owl-29,64174,6291456,32.913280043,191152.50718799347,2097152,10.904204168,192325.08559903922,a8c04c36b3ca6a1652312b76bd8cc4e4fd5e3c48efc228858a746d77b70c2742
trial-0028,pongcnn,quiet-owl-29,64174,8388608,43.893741541,191111.70990434755,2097152,10.980461497999997,190989.42247390782,daac619f69764671306a799f39240cf2d868316dd39092e418e713b547a8c507
trial-0028,flappycnn,quiet-owl-29,64174,4980736,23.921895879,208208.2467540699,4980736,23.921895879,208208.2467540699,66feeed9b53f1ee3c6411b652f2146ad518b5ecdd1ca11a92c170ef2899ce197
trial-0028,flappycnn,quiet-owl-29,64174,9961472,47.606005746,209248.22076334336,4980736,23.684109867,210298.63600404316,4e76da3646fb9fd4fea519cf4375aaf3b9ab8dccf2afaa20131e6a8adc31a35b
trial-0028,flappycnn,quiet-owl-29,64174,14942208,71.323111611,209500.22597858025,4980736,23.717105865,210006.06179990165,536a436feeb6bbcf0e2f53636342917315c405227216c042b5b0aed50f4cbae8
trial-0028,flappycnn,quiet-owl-29,64174,19922944,95.046453069,209612.70364856988,4980736,23.723341457999993,209950.86247938292,1cf30ddabdaa72c8c894919a8e00490f0d416ab80ac17fe6dcf30c4c0dd35fb1
trial-0028,breakoutcnn,quiet-owl-29,64174,4194304,22.982133164,182502.8151246683,4194304,22.982133164,182502.8151246683,87e2441dcf8a16d7bd6832566a1801b474e4621e3f97853f6b80594f07af9255
trial-0028,breakoutcnn,quiet-owl-29,64174,8388608,45.715840938,183494.55741996877,4194304,22.733707774,184497.13710127503,ce2c0e114373cfdeb142f5b7c1e380fd9c935d3612819e2712d0b4bc580d9a81
trial-0028,breakoutcnn,quiet-owl-29,64174,12582912,68.470228692,183772.01654461795,4194304,22.754387754000007,184329.45967806497,5e2c73f58efdfafa94cbe023e348268fd9bf7fdbab7923d422abc413b94fc5ff
trial-0028,breakoutcnn,quiet-owl-29,64174,16777216,91.209175042,183942.196519971,4194304,22.738946349999992,184454.63283306448,0cc57fd253aad882843a87b946027e11182b8584ed23df40bddb12e7ad85d657
trial-0028,snakecnn,quiet-owl-29,64174,2097152,10.523911681,199274.95246717284,2097152,10.523911681,199274.95246717284,6f7a18a12645581d38be7e2db1ca5b7fb65dc9da57b92e2ca94b14c921806f8b
trial-0028,snakecnn,quiet-owl-29,64174,4194304,20.802070287,201629.1620080324,2097152,10.278158606,204039.66122645375,0aa81829bfad30edf25fc8bb5849bb41f4104da47dd9ecd7b1b4fdcd2a2a3e64
trial-0028,snakecnn,quiet-owl-29,64174,6291456,31.070224345,202491.48928377332,2097152,10.268154058,204238.4627416154,884eb5ed968a134919ec227a024c5416f96e393534795a50d1250eba58e9b959
trial-0028,snakecnn,quiet-owl-29,64174,8388608,41.363760211,202800.90487927134,2097152,10.293535866,203734.85139610627,8ed22663fb5474a4ac193ea6db6a8787c6f1556e6dcd5851a30d28f36c58be10
trial-0028,mazecnn,quiet-owl-29,64174,8388608,78.879869656,106346.62603504848,8388608,78.879869656,106346.62603504848,b930a63eb2d409bf4765cf41eb210159228e0101c91118e81c4f8f70dd6d64e4
trial-0028,mazecnn,quiet-owl-29,64174,16777216,157.310316658,106650.44961084436,8388608,78.43044700200001,106956.01415845669,926fd09094fc29c5b238c7e49649920a377979bce4873c3eaa8aead08dbf6336
trial-0028,mazecnn,quiet-owl-29,64174,25165824,235.943078803,106660.57308259563,8388608,78.63276214499999,106680.82579283278,096bafed63bffbd0157617403d3842d60ea5d0f0d3e81d8864bab48dfc353b8e
trial-0028,mazecnn,quiet-owl-29,64174,33554432,314.407039224,106722.90316023766,8388608,78.46396042100002,106910.33125259989,5a5e51e96340ca02b86b30562d623adcee187b3b9aff66cbf0d81902d2f74c8b
trial-0029,connect4cnn,quiet-owl-30,64173,3328000,27.158956328,122537.84570392127,3328000,27.158956328,122537.84570392127,08ea06c82ba2144e847957974976060bd1dd2870513cb687849f5dca5d62ef1c
trial-0029,connect4cnn,quiet-owl-30,64173,6656000,52.823477943,126004.57711592298,3328000,25.664521615,129673.17489584151,76433cbf5f317c5a006f9e14bc64b831320e568a6e13f26a846f40f19cb4ce30
trial-0029,connect4cnn,quiet-owl-30,64173,9984000,77.975755128,128039.79882735224,3328000,25.152277185000003,132314.06347512387,4f00e879e91ba96ed2a4153a1d8d849bfc65ca0c8df24e24df154295e108ace7
trial-0029,connect4cnn,quiet-owl-30,64173,13312000,103.123037082,129088.5177229094,3328000,25.147281953999993,132340.34620869393,ecc96690beaf03c5b2202a8f067f61b1818c6a7a7307894e18e9252ac97dc4ff
trial-0029,pongcnn,quiet-owl-30,64173,2097152,10.141805187,206782.91106283307,2097152,10.141805187,206782.91106283307,7c9317626d508740d51cae2e4c58072b1e00c03affdb405f3d349447564450fa
trial-0029,pongcnn,quiet-owl-30,64173,4194304,20.05183753,209173.0492891142,2097152,9.910032343000001,211619.08734650433,e6483125bb95a2e0473ada07421fb3f5e30f4378eda9680b426d4be8bbc36141
trial-0029,pongcnn,quiet-owl-30,64173,6291456,29.989667332,209787.45547093154,2097152,9.937829802,211027.16003225834,4c43d7fa9dec7b8953d15ff38f0030b783a765311e3a703ccaf8c83528a30331
trial-0029,pongcnn,quiet-owl-30,64173,8388608,39.861379289,210444.49915246383,2097152,9.871711956999999,212440.55834843483,bfaaed409cd3677db4726a7ec61d8b92d13466b27ef9c9e97bd9b336111a2a91
trial-0029,flappycnn,quiet-owl-30,64173,4980736,21.464557764,232044.6596087625,4980736,21.464557764,232044.6596087625,2394a6c66b50992ffa53539a7fa557f67f6d70d96e18ea1c8825f32dd0fef796
trial-0029,flappycnn,quiet-owl-30,64173,9961472,42.871413009,232356.97871466907,4980736,21.406855245000003,232670.13968169614,8b5e69c1bf2c45e42c9cf8df0030551d15a795aa8f25a727260dacb76b74f4e9
trial-0029,flappycnn,quiet-owl-30,64173,14942208,64.125758748,233014.13178937286,4980736,21.254345738999994,234339.6527544367,a26c09acffa57e4e5428103a10b8e086133295b6c6bcd7e3254be5c6b4681822
trial-0029,flappycnn,quiet-owl-30,64173,19922944,85.542533197,232901.0289433269,4980736,21.416774449000002,232562.37823583942,39eb7462baa2e7a6ae13d0aacfb6ff64628c8a0155ec0685e9cede7ed9c3a8e6
trial-0029,breakoutcnn,quiet-owl-30,64173,4194304,20.798816518,201660.7048949207,4194304,20.798816518,201660.7048949207,a05b5c3fcb652641f5c20c3f47e198a220df1ef0a1f48b25d6845ca5eac583fc
trial-0029,breakoutcnn,quiet-owl-30,64173,8388608,41.480732953,202229.02062759508,4194304,20.681916435,202800.54864267705,f35c877cbd423247cb97214b9629b07010eb561b6ec5b7f932ecd1ddefc0cc06
trial-0029,breakoutcnn,quiet-owl-30,64173,12582912,62.206013584,202278.06404936468,4194304,20.725280630999997,202376.22228990897,dbf989ae619233cd3db6aa8b507bca879a115c5fe490bc50c0676ae9b22f1b4f
trial-0029,breakoutcnn,quiet-owl-30,64173,16777216,82.886934005,202410.86488960907,4194304,20.680920421000003,202810.31572177913,e1ac283bd8c11ef25f9a5a24446a549314f7bb9e61b27e6e0c09fa1ac51c8697
trial-0029,snakecnn,quiet-owl-30,64173,2097152,9.365324461,223927.31920107684,2097152,9.365324461,223927.31920107684,7f5672ef6a8a767934c0b4e21102afed5e34fc1d2b992529d5a263b6d41b185a
trial-0029,snakecnn,quiet-owl-30,64173,4194304,18.666332278,224698.8823264105,2097152,9.301007816999999,225475.78082526842,669967454d0681f5d24cef976711ba468c1a9900c45ab6811dc0134f3efd491a
trial-0029,snakecnn,quiet-owl-30,64173,6291456,27.9793144,224860.9780088107,2097152,9.312982122000001,225185.87199323732,e6d461107621c1411c423273c703921968ceae4e82f713c2d119c6d26733f07f
trial-0029,snakecnn,quiet-owl-30,64173,8388608,37.198314352,225510.43363471603,2097152,9.218999951999997,227481.5067707032,96608b8ab605cedce10a2725722c68da1204ce610d2865f6be39f8d5aca1a124
trial-0029,mazecnn,quiet-owl-30,64173,8388608,68.536536369,122396.14728756968,8388608,68.536536369,122396.14728756968,83a787e43ba8cd7b19d1e3eed0acb43a0c8501743735c503de7f3589e206c799
trial-0029,mazecnn,quiet-owl-30,64173,16777216,137.098761302,122373.21359193967,8388608,68.56222493300001,122350.28848899622,0c70dac4410f274c92559c41e3b33e77b07c350e7df3c852662b4025ae338281
trial-0029,mazecnn,quiet-owl-30,64173,25165824,205.956379798,122190.06774484186,8388608,68.85761849599999,121825.41573794486,a3c70ad06a573fb426bc1bebbc9a3785e816fd45c40c4a796447249cec13d9d1
trial-0029,mazecnn,quiet-owl-30,64173,33554432,274.734790301,122133.90216520338,8388608,68.77841050299998,121965.71480281746,921d5b0b66fca303500bacacb4c2b21117621206c743fa5b705c62b66b903b98
trial-0029,connect4cnn,quiet-owl-30,64174,3328000,27.039943942,123077.17823448437,3328000,27.039943942,123077.17823448437,8150e21c4b2ff6c9c0cf091b65256b2b7a1cc44e216086b031b27565ebc4f48d
trial-0029,connect4cnn,quiet-owl-30,64174,6656000,52.843972214,125955.70925375327,3328000,25.804028271999996,128972.11105644383,7769ef43f467f3edce0e6630320abe791ea0681db6f7a6d457a759181607e69e
trial-0029,connect4cnn,quiet-owl-30,64174,9984000,78.528915983,127137.88131446185,3328000,25.684943769000007,129570.07147575193,6bddffd6e468ab7bc988ae758af05f24e59b2d78daf621cb662150014de6297c
trial-0029,connect4cnn,quiet-owl-30,64174,13312000,104.271706945,127666.46284041034,3328000,25.742790962,129278.9117121216,44cefe75ff55cbd197e04edadfe9c742becec106b772b5f8b1f63fd24afbd33b
trial-0029,pongcnn,quiet-owl-30,64174,2097152,10.098698804,207665.56570330999,2097152,10.098698804,207665.56570330999,2ddf1e2bb80e90e872862b42e97ea113f8fa00b53024900c2576eb5bda968548
trial-0029,pongcnn,quiet-owl-30,64174,4194304,20.021271344,209492.39076453328,2097152,9.922572539999999,211351.64208131857,35ca84febf7b5c03ec15c0c8d3cf4ec196570fad143941d75a9dc310a130ecc6
trial-0029,pongcnn,quiet-owl-30,64174,6291456,29.930046636,210205.35238433632,2097152,9.908775292000001,211645.933851499,4a9c4275980244724b73e00a803d754ef26d489ca190629e4f06c3cecd14838e
trial-0029,pongcnn,quiet-owl-30,64174,8388608,39.806515379,210734.54735064367,2097152,9.876468742999997,212338.2409817647,f1cd60c72a5de9ec68055b579124fb71f0691aa519b02e05f0ef25c0c7aa7395
trial-0029,flappycnn,quiet-owl-30,64174,4980736,21.353286706,233253.8343430043,4980736,21.353286706,233253.8343430043,daa6c17c1862d40d9c0d21610a1b68a5517235a5d0aef324b6a902c3b176999a
trial-0029,flappycnn,quiet-owl-30,64174,9961472,42.592553934,233878.2505373114,4980736,21.239267228000003,234506.0188062341,b427ce0c1a059f3df09a5293d37cebe25c59a7b4179a74863320e1ba816efc97
trial-0029,flappycnn,quiet-owl-30,64174,14942208,63.88715961,233884.36880297863,4980736,21.294605675999996,233896.606294688,eb6e4cb10f82a995b140dd7f6a71b2734bc6c4373ed3e2818eff2c4d07c3314d
trial-0029,flappycnn,quiet-owl-30,64174,19922944,85.15737103,233954.42765584402,4980736,21.270211419999995,234164.8562701499,0f154c9c626d6adfa2e426c402363568c6bef8108e878794334a8fd554dc3900
trial-0029,breakoutcnn,quiet-owl-30,64174,4194304,20.956098963,200147.1746915037,4194304,20.956098963,200147.1746915037,e1ade1d0b93aac4f2b3331381f3dd26686db0152a5352dab0a79f03f83020c51
trial-0029,breakoutcnn,quiet-owl-30,64174,8388608,41.671940864,201301.1111571921,4194304,20.715841901,202468.43068432237,a0909b920683c8434ab73ede942a7188bc86678992153e62dae8c9794d2f510b
trial-0029,breakoutcnn,quiet-owl-30,64174,12582912,62.282633447,202029.2223306124,4194304,20.610692583000002,203501.36139818624,c1d15295b496b7ccdc1abe9ec28b6269d3a7b96263206d8fd299ed078570b563
trial-0029,breakoutcnn,quiet-owl-30,64174,16777216,82.880440031,202426.72449283293,4194304,20.597806584000004,203628.67196054058,5f494ca16416becc6116896f28a648e3e7872c57b9af1607ba87e9e6a0cf5466
trial-0029,snakecnn,quiet-owl-30,64174,2097152,9.42750525,222450.3667075656,2097152,9.42750525,222450.3667075656,e880db246a9e9fdf442c576979dbdad901eec9638c9a59b031d9e4b927fd3ac0
trial-0029,snakecnn,quiet-owl-30,64174,4194304,18.62575397,225188.4142116154,2097152,9.198248720000002,227994.70462677372,601613a496955a792dadaa1f394adaabdc57fe9bc95cf0da45e32fa1fa78e410
trial-0029,snakecnn,quiet-owl-30,64174,6291456,27.855950823,225856.80309305017,2097152,9.230196852999999,227205.55513595397,80cc1ed881a4b396163df256f1169c16983f4e6d6489c97177c130e5389f221d
trial-0029,snakecnn,quiet-owl-30,64174,8388608,37.125501855,225952.71661951247,2097152,9.269551032000003,226240.94659604217,b21e3c2ebe8efeb87c99f68c008e48cb774171f17ccf543bda8df809c71aa0d4
trial-0029,mazecnn,quiet-owl-30,64174,8388608,68.425030207,122595.60535994955,8388608,68.425030207,122595.60535994955,99c30b4430a092dcfdca2a303a2c09dee78aef066047e468b0ab1aeb47983982
trial-0029,mazecnn,quiet-owl-30,64174,16777216,136.750852338,122684.54428739227,8388608,68.32582213099998,122773.61235283286,1c08eca4b60f0eb4b33af76c08ad10388099fe48a99d5029d5fc14edfce5aab6
trial-0029,mazecnn,quiet-owl-30,64174,25165824,205.925295354,122208.51234783072,8388608,69.17444301600003,121267.44552261473,3bf7ce3302efef5822f8f63d567df2c2ed07d28329f55b9bba98b1478a683ec3
trial-0029,mazecnn,quiet-owl-30,64174,33554432,274.945108345,122040.47637718303,8388608,69.01981299099998,121539.1296567821,40f561926191284f5de72caa92cb394fe5f11dede7dbcfdca0584dadba1619a5
trial-0030,connect4cnn,quiet-owl-31,64173,3328000,22.435472355,148336.52473817058,3328000,22.435472355,148336.52473817058,79b995f16e72e642f16bc08140113f417a4d27f4ecbfa68d9c25ce88c273c888
trial-0030,connect4cnn,quiet-owl-31,64173,6656000,43.211254436,154033.94525049423,3328000,20.775782080999996,160186.50884115425,90687a12cfcfd5824a7570255e576aa6e26a35ffc0df78b743d95c59f2f67d20
trial-0030,connect4cnn,quiet-owl-31,64173,9984000,63.575943493,157040.53218021506,3328000,20.364689057,163420.12346395533,fb765d4f6b40ee49762529a7206d773f18c7aaa93256ab67b732b577a6b1da0a
trial-0030,connect4cnn,quiet-owl-31,64173,13312000,83.917794066,158631.4338712279,3328000,20.341850573000002,163603.60076665282,b803e7f908089d0673dc60dce7b45361fae4e5569a2e510ddfda00ee0c30c907
trial-0030,pongcnn,quiet-owl-31,64173,2097152,6.94446163,301989.1406614338,2097152,6.94446163,301989.1406614338,733016490682e2e3b87a88307d66a6ac0a763cf49dd3f606689efda7a4acab21
trial-0030,pongcnn,quiet-owl-31,64173,4194304,13.704322535,306057.0115223138,2097152,6.759860904999999,310235.96927102754,f5e9324e3c1bc6089e3490ecd6ea258e970e858022df491f57c1acd613ad785b
trial-0030,pongcnn,quiet-owl-31,64173,6291456,20.498287942,306925.9256090901,2097152,6.793965407000002,308678.63969976193,fb500e76f6e8005015272d0fc2023224e80377589d8079a7f76c37d5961f573f
trial-0030,pongcnn,quiet-owl-31,64173,8388608,27.270492988,307607.4936999228,2097152,6.772205046,309670.48188221676,fe78d74da3f2a7de3110221b9ba27f510f0c2938badae8ff3fd1cf5b34716f29
trial-0030,flappycnn,quiet-owl-31,64173,4980736,13.986268276,356116.1491909023,4980736,13.986268276,356116.1491909023,288472656faf86169ec9166d42d19c1703a4e43ee33a7b4ce285dfcf8162d406
trial-0030,flappycnn,quiet-owl-31,64173,9961472,27.748336213,358993.487881017,4980736,13.762067937000001,361917.7018163851,612be03eb9d9225331c8a684ab374fbdc17b6207658e4e3482fe348bed08f352
trial-0030,flappycnn,quiet-owl-31,64173,14942208,41.506397156,359997.7117705581,4980736,13.758060942999997,362023.1092619315,ca45d4d749285bbf89ae9ef033e9a99cf12de040b4cebb846acd455eddbd7eb7
trial-0030,flappycnn,quiet-owl-31,64173,19922944,55.327694644,360089.8994290654,4980736,13.821297487999999,360366.74590966594,33c80a1c2753398ffff211e1bc1d7c8fef38734da88977bb6227d6fda4d7b243
trial-0030,breakoutcnn,quiet-owl-31,64173,4194304,14.651728696,286266.83492611133,4194304,14.651728696,286266.83492611133,da5f68841009b761710bd2401223f19825b4b228adf6e2fabc469a619f04c8ce
trial-0030,breakoutcnn,quiet-owl-31,64173,8388608,29.077328287,288493.0801483027,4194304,14.425599591000001,290754.22297294234,904da8734ba738c1ce957b2991027293e67a09df376ffdecea5874f9a525e8b2
trial-0030,breakoutcnn,quiet-owl-31,64173,12582912,43.519722286,289131.2567968256,4194304,14.442393998999997,290416.1180127351,2f0fb938aaab34ab4ba63a281a93e761b9152aebf458b401a1d2d166acc20a3a
trial-0030,breakoutcnn,quiet-owl-31,64173,16777216,57.985667557,289333.8424276649,4194304,14.465945271000002,289943.3062565469,aeafcc578b40c656126a0cb4237e683ac1a1e7387e407a0998c70d9312d8c6a9
trial-0030,snakecnn,quiet-owl-31,64173,2097152,6.28984383,333418.7710666896,2097152,6.28984383,333418.7710666896,ee35b20a612f8cdd705ba82a8e8468c08b25f21b074f7be47e5b8551d53ecba3
trial-0030,snakecnn,quiet-owl-31,64173,4194304,12.40994015,337979.3898522548,2097152,6.120096320000001,342666.5023468127,6bd7729401932cc886be4b2d092f85bb3a40a9a6b92a8b6db2db2bd7ea3f3d3b
trial-0030,snakecnn,quiet-owl-31,64173,6291456,18.546859431,339219.4793628616,2097152,6.136919281000001,341727.1604814513,058df68be292bb052863fb8522fd7966bab29f14fa1f07d56515babf5dd87edc
trial-0030,snakecnn,quiet-owl-31,64173,8388608,24.674368649,339972.5488149409,2097152,6.127509218,342251.9535081995,97009cbbb8e72275a8a08b61d938f49ec29e9714ef222f450a7def7e02f2670b
trial-0030,mazecnn,quiet-owl-31,64173,8388608,40.408922242,207592.9654783293,8388608,40.408922242,207592.9654783293,f2ccf149adf0ddd0cd703195b1c5e721a708cadcb91a771a373c7a44f222bec2
trial-0030,mazecnn,quiet-owl-31,64173,16777216,80.836752643,207544.40834719516,8388608,40.427830400999994,207495.8739263066,6940c7b7760920e01804e863c71c1b1ba36352e3f21a299416d73c46c62a8c00
trial-0030,mazecnn,quiet-owl-31,64173,25165824,120.867729206,208209.62026273215,8388608,40.03097656300001,209552.91926986002,a00cf4ac98b82610931c8c44a8a5976256de89bb7c9bc26c022ef054d081053b
trial-0030,mazecnn,quiet-owl-31,64173,33554432,160.897231021,208545.73933357833,8388608,40.029501815,209560.6395195403,42d74e37e08cd51aed0194eef92a62dcf477b8822700bcbb699060aeb0984e6e
trial-0030,connect4cnn,quiet-owl-31,64174,3328000,22.406929085,148525.48456664156,3328000,22.406929085,148525.48456664156,2037ce102b0a1a40c5a9adf66cd41c0d8e5ec5a2d7250beff3cde4c2bfce1de4
trial-0030,connect4cnn,quiet-owl-31,64174,6656000,43.318936405,153651.04853386345,3328000,20.91200732,159143.02003983804,7b5db752c4f9a7e0bce81c96f17c9963db3f81b3671c7386effa04fd4c1a435c
trial-0030,connect4cnn,quiet-owl-31,64174,9984000,64.034179794,155916.73122258842,3328000,20.715243388999994,160654.64148817107,6bb366caadfe6dbe2904c4cc05c9f72a41a72164693a905a7fd28a05dffe2485
trial-0030,connect4cnn,quiet-owl-31,64174,13312000,84.706412177,157154.5725745489,3328000,20.672232383000008,160988.9023275885,899405fd8adb349a9654f12808ab4bc3b426c724e5837b4f8b4a346cbc8a0ed9
trial-0030,pongcnn,quiet-owl-31,64174,2097152,6.926275532,302782.063796188,2097152,6.926275532,302782.063796188,9e44d6224235c134eddf200911c57a3980ca41388daca6be33e2f45d01dd9888
trial-0030,pongcnn,quiet-owl-31,64174,4194304,13.674983437,306713.64388285804,2097152,6.748707905,310748.6691558034,b0a0036841025a5566d39d6dd1a026c117d584fecdc1ae3e05105abe26481dc9
trial-0030,pongcnn,quiet-owl-31,64174,6291456,20.424331041,308037.31037116813,2097152,6.749347603999999,310719.2165887446,2bb463ee4f51ed9b38076581320e137eb3123d773e8e544cd839cfb9b45e52bc
trial-0030,pongcnn,quiet-owl-31,64174,8388608,27.196573381,308443.56318286876,2097152,6.772242340000002,309668.77656064497,806453ebbedfb83db3b86114986fab6559cc20ddbc65aea5ecbf86f67d37aa06
trial-0030,flappycnn,quiet-owl-31,64174,4980736,14.023791325,355163.2996079254,4980736,14.023791325,355163.2996079254,a3365d45db8468cd7de4ab85df6a99e567794af078a081348321c81dbcd33825
trial-0030,flappycnn,quiet-owl-31,64174,9961472,27.839724508,357815.035028004,4980736,13.815933183,360506.66531368386,97203f4649a44aee16ae34f1fadea07131c1b3ae1872ba9651dc5007b7f11855
trial-0030,flappycnn,quiet-owl-31,64174,14942208,41.763174764,357784.2940446241,4980736,13.923450255999999,357722.8279214531,124e5f04becea2d66a2c596c3fd45482d1e7756a0b9af391cdc194c65517b249
trial-0030,flappycnn,quiet-owl-31,64174,19922944,55.781431924,357160.85645030095,4980736,14.018257160000005,355303.51192387444,b383bb6a7549f200fbe0c1b586f4cfa3dea9d6fc9f3a9a58bf375e5a5f34cbe5
trial-0030,breakoutcnn,quiet-owl-31,64174,4194304,14.785237592,283681.8802471903,4194304,14.785237592,283681.8802471903,628eed0498d593a1a5a2fb788e6fa6cb74413fec62504963276994de24f26be2
trial-0030,breakoutcnn,quiet-owl-31,64174,8388608,29.223558066,287049.50920263486,4194304,14.438320474,290498.05394976167,7115ef2748c5d8379d2fb5c10594e60c240fedecf3dcf03428348182fa3710b9
trial-0030,breakoutcnn,quiet-owl-31,64174,12582912,43.60959969,288535.3704103217,4194304,14.386041624000004,291553.72336770594,3e0688f80ba89207988dfbfd3a619b2ae2a42041434d43bb52f8aa963d71aa8a
trial-0030,breakoutcnn,quiet-owl-31,64174,16777216,58.006948646,289227.6941231059,4194304,14.397348955999995,291324.7440774194,65ce6be3ab384eec9c2a0bc9c7103dae7affcf7d4eb3c3452bec791b606c3cac
trial-0030,snakecnn,quiet-owl-31,64174,2097152,6.263391729,334826.8942352783,2097152,6.263391729,334826.8942352783,e707b04f36538e4a2a4160b597177e2340c81b3915817204fd33279de72188cc
trial-0030,snakecnn,quiet-owl-31,64174,4194304,12.324469197,340323.2977385322,2097152,6.061077468000001,346003.16710553545,bdfef554b77b35ce88832d3128f631f8c093bb2e2c9ed279da835a8cd75d3418
trial-0030,snakecnn,quiet-owl-31,64174,6291456,18.393068214,342055.8183550485,2097152,6.068599016999999,345574.32351770764,41e791f0087f6f41b048bb9493b41b879b038959711c115479afb57b1fd59422
trial-0030,snakecnn,quiet-owl-31,64174,8388608,24.488669213,342550.5864380267,2097152,6.095600999000002,344043.516028041,1cc0e9c1f3333f9c5eccfd5449c7ce130824775cf1cb47dbe6df874e18bcf4aa
trial-0030,mazecnn,quiet-owl-31,64174,8388608,40.15705351,208895.0076456942,8388608,40.15705351,208895.0076456942,17e639515b8a5d4f494e8acd3489367dee2c48ea681cb0edfec4251d2c3b6709
trial-0030,mazecnn,quiet-owl-31,64174,16777216,79.966264903,209803.6718402561,8388608,39.809211393,210720.2756966706,ce1c1138a3475f0df18e9cf81cc2afd561aa0ae625421ffdddbce576f931fb4e
trial-0030,mazecnn,quiet-owl-31,64174,25165824,119.917812706,209858.9311472727,8388608,39.95154780300001,209969.53713443084,ef46050e9a0808215bc039f42ae90c6e672d5cbed490186f0f264d59a6dfbea9
trial-0030,mazecnn,quiet-owl-31,64174,33554432,159.953195296,209776.56581293134,8388608,40.03538258999998,209529.8572741828,bc7a768f4d4da286110b8cd50bce170e722bcd76a5642aaa320f59a3da60962e
trial-0031,connect4cnn,quiet-owl-32,64173,3328000,23.644800258,140749.7616256666,3328000,23.644800258,140749.7616256666,56cf487d0a1355faa152e2174f8bfcf325c30a5115bc0d442c5e79d242b1832f
trial-0031,connect4cnn,quiet-owl-32,64173,6656000,45.942106707,144877.98834409684,3328000,22.297306449,149255.69631524957,d40bd2fabb551e5e46acc7e2086cab0e50f2b0f50ce15a762a1933504299c410
trial-0031,connect4cnn,quiet-owl-32,64173,9984000,67.970117377,146888.07942795206,3328000,22.028010669999993,151080.36989161314,eb1dd2448fd254b467975fca482ffb890812b3dc6f4ab51c9752cec7135f3716
trial-0031,connect4cnn,quiet-owl-32,64173,13312000,89.989217716,147928.83345215634,3328000,22.019100339000005,151141.50663574025,2daae8d44e51201ab65eb6edc7b4744eea6555cd2039f541a3758c4fee49be1d
trial-0031,pongcnn,quiet-owl-32,64173,2097152,7.82022216,268170.3866070219,2097152,7.82022216,268170.3866070219,a017cd2c34eade0475be293a50dbe450fc6c60f62aa81079e2d2d5951e27fef5
trial-0031,pongcnn,quiet-owl-32,64173,4194304,15.416298015,272069.46803434636,2097152,7.5960758550000005,276083.60422303865,f52e132c106da055bce0fc7f4409ad6ded85618344c9ddd8fa830a8c094bb206
trial-0031,pongcnn,quiet-owl-32,64173,6291456,23.045076378,273006.5154397207,2097152,7.628778363,274900.1085378629,30e2a3946114c22aff30644bcc8dcfe5c6ecf71c804fc8f56f680ab190ad8d53
trial-0031,pongcnn,quiet-owl-32,64173,8388608,30.6593066,273607.23154776107,2097152,7.614230222,275425.3468644332,879971e8f16d0f2386f1501f3f8e2a497e46362764fc6c2e35642ad15e0160a2
trial-0031,flappycnn,quiet-owl-32,64173,4980736,16.180339619,307826.41880713665,4980736,16.180339619,307826.41880713665,45c90e4c2156cc5587d3d1f5cfec4af2a630020ba2945f3b03b4afce4447767d
trial-0031,flappycnn,quiet-owl-32,64173,9961472,32.226957617,309103.70499091846,4980736,16.046617997999995,310391.6352106584,bf16088a7ecb19c14e44a024e1133b3f64a4c81d32dd39bd24ec6945141db837
trial-0031,flappycnn,quiet-owl-32,64173,14942208,48.27890788,309497.63895114855,4980736,16.051950263000002,310288.52683905174,65e3cebd0af52330972c1aa7ffe62b788850c0aac1c7093ebc41e0d70c36ace9
trial-0031,flappycnn,quiet-owl-32,64173,19922944,64.281973881,309930.49524088553,4980736,16.003066001,311236.35931319435,d6a9db1d686b5b13a8d0c9a8c5911948abffee8f45509efb25b6e8a6289249ab
trial-0031,breakoutcnn,quiet-owl-32,64173,4194304,16.417098518,255483.8783114623,4194304,16.417098518,255483.8783114623,e6252b27891a738a1935be8097173522d613c80ec1e0349e7933004cc73363f7
trial-0031,breakoutcnn,quiet-owl-32,64173,8388608,32.624848121,257123.2812759184,4194304,16.207749603,258783.85974223397,ac281303de62d9b00cf7e0784149cafd87b6e5b537ef3b06c72cb0bfc20eca66
trial-0031,breakoutcnn,quiet-owl-32,64173,12582912,48.852843226,257567.64947722104,4194304,16.227995104999998,258461.0096849053,bb7ed7c212901671a6c8f41142de3cfe4c82e835a121ca9bb8adf0a710c0da55
trial-0031,breakoutcnn,quiet-owl-32,64173,16777216,65.154192153,257500.176820587,4194304,16.301348927,257297.97078651295,0063e72beb456d58a6b2de74496609c5a40ef603b69193b3a11e6e4de99ca96e
trial-0031,snakecnn,quiet-owl-32,64173,2097152,7.18579592,291846.86336040555,2097152,7.18579592,291846.86336040555,29fff0c7246655b81247cc0c4c2b48c8023262220ee8702094035e5438d03e1d
trial-0031,snakecnn,quiet-owl-32,64173,4194304,14.148304909,296452.7572014599,2097152,6.962508989,301206.361573575,72885e54f48fe0ba0850227d79dbf0821f57d1879c58a46fb4a298b346fa14ba
trial-0031,snakecnn,quiet-owl-32,64173,6291456,21.141451052,297588.6557893018,2097152,6.993146143000001,299886.7687184269,6aded80bdce37626b786a66dcb6057e59948e8efebb0f5a622199e9e428a3cfd
trial-0031,snakecnn,quiet-owl-32,64173,8388608,28.117638229,298339.7087507922,2097152,6.976187177,300615.7872188641,f09ed41a2fd4c081534ec63434c2986a97e6ffead81df0f0a80575ccc0d92105
trial-0031,mazecnn,quiet-owl-32,64173,8388608,49.413551864,169763.30750494945,8388608,49.413551864,169763.30750494945,d75628e3998f01ebb630b39fedb5c2d9075511eb3d1d5f438a7dd7c6fbb09d6c
trial-0031,mazecnn,quiet-owl-32,64173,16777216,98.444875845,170422.44053835244,8388608,49.031323981,171086.71189973675,d3e6f5edb63deed5737a8d5594e18334284e0391dcb06bff3e46a37a7a26866f
trial-0031,mazecnn,quiet-owl-32,64173,25165824,147.659482525,170431.479033114,8388608,49.21460667999999,170449.55889912645,6a787718be0d4a59cb6e6dfec0c7b956f9cb08f512056604f03072696535685b
trial-0031,mazecnn,quiet-owl-32,64173,33554432,196.838017516,170467.23200853475,8388608,49.17853499100002,170574.5809942319,7a547a7a8b121c8fb417ce2cc4098cb79da905f51eb6996c3c4390d7aee03195
trial-0031,connect4cnn,quiet-owl-32,64174,3328000,23.632937396,140820.412809255,3328000,23.632937396,140820.412809255,ef7d7a08ac8a293206ae31725af77a39a242bcaa7d40b636e072f9d1ecd922bc
trial-0031,connect4cnn,quiet-owl-32,64174,6656000,45.678233092,145714.9182323718,3328000,22.045295696,150961.91250470947,bcfc5cb3f83b4f55df7259d4ef66969646823a7543c7cf42d2118f5318b6557c
trial-0031,connect4cnn,quiet-owl-32,64174,9984000,67.646051124,147591.7638074486,3328000,21.967818031999997,151494.3357211072,33252d81361442d38bae74d418809c0788629072bfd0a9b4fe4e661d3107b35a
trial-0031,connect4cnn,quiet-owl-32,64174,13312000,89.424591353,148862.85526820485,3328000,21.778540229,152810.97653957916,e36435355599817ab51f4bdcd85d80b75be0fb975aee744cb371408a1d098a55
trial-0031,pongcnn,quiet-owl-32,64174,2097152,7.892024433,265730.55086232274,2097152,7.892024433,265730.55086232274,6af6cc3080724357fadd283e4636890f95b9e9d27ca781db71ebd516b22b960a
trial-0031,pongcnn,quiet-owl-32,64174,4194304,15.547823417,269767.9210463598,2097152,7.6557989840000005,273929.8673310098,44b1ecce70e64c642e07619747e46c213db30955c8b7dbad4c8ff8a8d67315c9
trial-0031,pongcnn,quiet-owl-32,64174,6291456,23.234373068,270782.2578894987,2097152,7.686549651,272833.9886189594,ecf416efd1f0e58fbf03eeb12386520053c912d73927d176aa617eff03988369
trial-0031,pongcnn,quiet-owl-32,64174,8388608,30.908581449,271400.61454588047,2097152,7.674208381,273272.74630594894,d46b4abd87fa7cda86907fdfd9cdaae245d0559810d835cd568348a23cbc9b4e
trial-0031,flappycnn,quiet-owl-32,64174,4980736,16.20361687,307384.2118065335,4980736,16.20361687,307384.2118065335,de67e72c059355405af672dd4184f097033890f7372e97fc260fbcc59138d844
trial-0031,flappycnn,quiet-owl-32,64174,9961472,32.263534394,308753.27787561057,4980736,16.059917523999996,310134.5939390268,929825a3f864d95dae02c977f1709d6c0f035cb8df392a70d1de9e14582b6b9f
trial-0031,flappycnn,quiet-owl-32,64174,14942208,48.255801186,309645.8380704503,4980736,15.992266792000002,311446.53004985955,e739b2bb86812489953c310692b89236b4e9ca25d11b540084ae2c67ba04d5db
trial-0031,flappycnn,quiet-owl-32,64174,19922944,64.231869773,310172.25670697587,4980736,15.976068587,311762.3070329649,9dc7128808748cec07c829d2c1ac857284ee92d226938f92a2405dfb68715f9f
trial-0031,breakoutcnn,quiet-owl-32,64174,4194304,16.465574725,254731.70964580466,4194304,16.465574725,254731.70964580466,d6d05fb11e61ed5aeeb0e6b0a18fcb729be1719b29fd5ed894bbfd5adc75dbab
trial-0031,breakoutcnn,quiet-owl-32,64174,8388608,32.741003316,256211.0855014826,4194304,16.275428590999997,257707.7449327123,ab1166155e29e4783c33d31cc9440ee47d00f3c3bf584c618f814d57ceb9a2f5
trial-0031,breakoutcnn,quiet-owl-32,64174,12582912,48.946283832,257075.9415196618,4194304,16.205280516000002,258823.28885691467,14fa361c41bf57cd0077959189c851dc6ebcef84c6716d2755caa0694c419204
trial-0031,breakoutcnn,quiet-owl-32,64174,16777216,65.176622893,257411.55732390485,4194304,16.230339061000002,258423.683216731,54a4cca8725f35182474f11846a43a632a11f68ecdff95ccc8c33a8920428b88
trial-0031,snakecnn,quiet-owl-32,64174,2097152,7.202080218,291186.9816110399,2097152,7.202080218,291186.9816110399,8fef544e3063942509a0d79b6cade719a176ce90d784661de1598b6018c8b82e
trial-0031,snakecnn,quiet-owl-32,64174,4194304,14.17246845,295947.3160795782,2097152,6.970388232,300865.88152612385,795a18bd113db12548f03b27520f130080471f25ec40df1e4cec704cb5e83c07
trial-0031,snakecnn,quiet-owl-32,64174,6291456,21.13803121,297636.80153067573,2097152,6.965562760000001,301074.3097518225,4ed17c6abee1b34f275e36d56eb13d234aed7f5b9453cd52dbdb043b35ffd929
trial-0031,snakecnn,quiet-owl-32,64174,8388608,28.117534057,298340.8140626619,2097152,6.979502846999999,300472.97722665436,e1a8399a82c280e380275098d0caed6ff58fca31d437b33c69ed11e306558793
trial-0031,mazecnn,quiet-owl-32,64174,8388608,49.53952187,169331.63024893764,8388608,49.53952187,169331.63024893764,f0a9ded007ee536a12948022ee4d42e8936ca3b7462f3ce419f409bd07808d91
trial-0031,mazecnn,quiet-owl-32,64174,16777216,98.814198976,169785.477935968,8388608,49.274677106,170241.76499329205,5e6f1b02d86ed47831f68e2c73eef51f1a804695da1d5c794ea92349c0a6b0aa
trial-0031,mazecnn,quiet-owl-32,64174,25165824,148.576268647,169379.8358861137,8388608,49.762069671000006,168574.33895858747,cf2f96b1ded467c676f25828169915f3851d4ce8d5dce82b1b5ca7b05091f709
trial-0031,mazecnn,quiet-owl-32,64174,33554432,198.237852723,169263.49604324048,8388608,49.661584076,168915.43344977533,c3ab8a9488a44d9a2b23e95e547ed6e578723c7fe54b8730b778ff7ae808c9ce
trial-0032,connect4cnn,quiet-owl-33,64173,3328000,22.784806607,146062.2447845383,3328000,22.784806607,146062.2447845383,674028143dc9ff17cdcddb3b4bb93adc7bc23e9dc24fb3b2216f1e1292b3149b
trial-0032,connect4cnn,quiet-owl-33,64173,6656000,44.151790374,150752.6635640028,3328000,21.366983767,155754.31873261833,b8b3c80e0086e95ecfc3199469ec6d5b114c71f2b682046321ceb941dee02449
trial-0032,connect4cnn,quiet-owl-33,64173,9984000,65.380883802,152705.18566612876,3328000,21.229093428,156765.997157964,d8a4994248bcf2b88f8ac658a9c3ba75be6db8d6003bb7fb1b71fb7c0398e60a
trial-0032,connect4cnn,quiet-owl-33,64173,13312000,86.551909297,153803.65503342412,3328000,21.171025494999995,157195.97526279397,edd69477fd29877e6e36c6397fe17ae83b2763c8b6c5325f75a2c52f0443e9d4
trial-0032,pongcnn,quiet-owl-33,64173,2097152,7.380567509,284145.08741268126,2097152,7.380567509,284145.08741268126,0bef346fe7cface111e9c3db131658e37f9dde0eb3df330d6e8fea73fe3ca3da
trial-0032,pongcnn,quiet-owl-33,64173,4194304,14.538502024,288496.29714781407,2097152,7.157934515,292982.8424114886,60b74f65b731b65e84f342b2b74a01fb16e25869581be46726da8a4f62f1ae74
trial-0032,pongcnn,quiet-owl-33,64173,6291456,21.727900079,289556.5598665785,2097152,7.189398055000002,291700.6380724039,8eec27f7389a0b0c68ca789ecdd8facef1281e28f4f8861fbea77755fa1a3dc4
trial-0032,pongcnn,quiet-owl-33,64173,8388608,28.920273521,290059.7739474609,2097152,7.192373441999997,291579.96548867197,749f664553ba08079364691d18376ecc5b3709b06b333856017a15bc83cc827f
trial-0032,flappycnn,quiet-owl-33,64173,4980736,14.946604446,333235.2855121513,4980736,14.946604446,333235.2855121513,24f86b3e6d7ad1908e6f802e8acf7f921cbf3c4d6bd688d890e682e29c7c52ef
trial-0032,flappycnn,quiet-owl-33,64173,9961472,29.699027244,335414.08336909366,4980736,14.752422798,337621.56007860915,d11f61e15afe2b1f12ef605eb680c921143c25ec37537c46425990bb84b33952
trial-0032,flappycnn,quiet-owl-33,64173,14942208,44.529563799,335557.02605682286,4980736,14.830536555000002,335843.27724951954,2e14b87c00a512b792f9e425562a47d9ae358cc5c5b55bebd6cba7f626a1d43d
trial-0032,flappycnn,quiet-owl-33,64173,19922944,59.312686751,335896.8391305272,4980736,14.783122952,336920.4204126679,acbad2b2bc713e1e6fb1646148d6ceb9a02821f327c68f7f5205262e71b8c13c
trial-0032,breakoutcnn,quiet-owl-33,64173,4194304,15.42881731,271848.7046496761,4194304,15.42881731,271848.7046496761,69e4506ade7d99947707092f900aa4c9b44bb0bf19f6d3cbecaaf447e3f1a616
trial-0032,breakoutcnn,quiet-owl-33,64173,8388608,30.640458311,273775.5393491771,4194304,15.211641001,275729.88343100325,55697c9fa7236e08e808e6f6f715a289ea09d9a6efd35a5d5f0ea820798d939c
trial-0032,breakoutcnn,quiet-owl-33,64173,12582912,45.880590477,274253.4886578635,4194304,15.240132165999999,275214.41115565196,31fcaac3b29c4441e7a732df166955283fca5d58348baf6a85480fd5f580b7a6
trial-0032,breakoutcnn,quiet-owl-33,64173,16777216,60.984602635,275105.76891701017,4194304,15.104012158000003,277694.69172324793,04065e39fb41aa5d58154eac537f62ff31ebd3782c9630ae6c15b14681ca1106
trial-0032,snakecnn,quiet-owl-33,64173,2097152,6.622946958,316649.37274890975,2097152,6.622946958,316649.37274890975,26ca4929be6e0ed99a9ebc5445602a6c11c427fb0e573bb15ac10748644018d1
trial-0032,snakecnn,quiet-owl-33,64173,4194304,13.060953483,321133.06317638006,2097152,6.4380065250000005,325745.5536673287,5df4153a4e907af270e560c02a3fbc661890b3b1abe1613632bdcca2b33c4557
trial-0032,snakecnn,quiet-owl-33,64173,6291456,19.542771165,321932.6443973126,2097152,6.481817682000001,323543.8117649912,45dec5812c781c31fe9c9e85e4a91096d62e06b2b0d011d4efa895679298a6dc
trial-0032,snakecnn,quiet-owl-33,64173,8388608,26.003749139,322592.2521848552,2097152,6.460977973999999,324587.39349356596,f15f5188659076d3a1c4aeeb6b8288c7163e25b032f87015cdb0db80a9eb9329
trial-0032,mazecnn,quiet-owl-33,64173,8388608,46.041972388,182194.80106778262,8388608,46.041972388,182194.80106778262,576d6f78fc9568919c80cb44a5800ce8fbe389d1baf649e4da5b65d0a0fe8c0d
trial-0032,mazecnn,quiet-owl-33,64173,16777216,92.315394562,181738.00891607784,8388608,46.273422174,181283.50154126642,8e1e76ffdce79825c64599e77ccd639e2792ed65e819045f50e39149aa9ed22a
trial-0032,mazecnn,quiet-owl-33,64173,25165824,138.878143506,181207.95227157365,8388608,46.56274894399999,180157.06096065757,01258d6311b82b90f3f3a95041023939ca0308c6206c022914aacd2b458f3638
trial-0032,mazecnn,quiet-owl-33,64173,33554432,185.349543645,181033.25932254145,8388608,46.471400139000025,180511.1955936111,e148942d7cd8b0f06a30174a2d12f6058018e3aff8888e25587512c7f3de436a
trial-0032,connect4cnn,quiet-owl-33,64174,3328000,22.924738115,145170.68780918547,3328000,22.924738115,145170.68780918547,5114614aac09f9164ae5489c658af76dedea8bfe83fba57b25185ad7fd7b710a
trial-0032,connect4cnn,quiet-owl-33,64174,6656000,44.379810964,149978.1061573068,3328000,21.455072849,155114.83104356437,05bcacbf5280e5b883305d532f085a3cd642555aa9e34f3f92f1f49c8a76d974
trial-0032,connect4cnn,quiet-owl-33,64174,9984000,65.58261425,152235.46841150816,3328000,21.202803286000005,156960.37713076573,5d3fc199b42335fa4f149b0f941c59c5b557fec7660a00bf355f7220d40a5b5b
trial-0032,connect4cnn,quiet-owl-33,64174,13312000,86.743480978,153463.98196051424,3328000,21.160866727999988,157271.44085248653,b767ba5950a403f1dcdbc5483b71f903abb226dadd65f9eb4fcb6848136a2b56
trial-0032,pongcnn,quiet-owl-33,64174,2097152,7.373578613,284414.408534631,2097152,7.373578613,284414.408534631,9ff258875e9c80e8f30e760a661275988e49fbb900466229a760a349b2673ebb
trial-0032,pongcnn,quiet-owl-33,64174,4194304,14.534804083,288569.6962992219,2097152,7.161225469999999,292848.20158022485,eaeb4f6546746c2ad08701bef891c5e4610b298129e1bd404b4c2dc6c0438a3e
trial-0032,pongcnn,quiet-owl-33,64174,6291456,21.752248189,289232.44831224193,2097152,7.217444106,290567.12725445244,12e5b1952cfa46338beed9d1e19ffbb127eef2ec9ed933173f8110455c9de057
trial-0032,pongcnn,quiet-owl-33,64174,8388608,28.99245258,289337.64664624317,2097152,7.240204390999999,289653.7012970081,f9ca68759ea05885bde04044b566785aa8112b9ec11ddeb1eff0985bc2f851df
trial-0032,flappycnn,quiet-owl-33,64174,4980736,15.070696678,330491.4236161897,4980736,15.070696678,330491.4236161897,bb8ba8017bc4d8def42610157ea9d8917cb5ba970f9e67ebc09be407ae84b79b
trial-0032,flappycnn,quiet-owl-33,64174,9961472,29.94162282,332696.4627096321,4980736,14.870926142,334931.1234848308,470db2b61a6abf16a5333a881a183731a41f530338e82fcfdbbf8f1ff127dd91
trial-0032,flappycnn,quiet-owl-33,64174,14942208,44.815444659,333416.4842878392,4980736,14.873821839000001,334865.9177118976,a64fbf189294d489b2b333ef18ea673598cd0f3dcae79b2f55952e4e74907c65
trial-0032,flappycnn,quiet-owl-33,64174,19922944,59.675361036,333855.4414104207,4980736,14.859916376999998,335179.2751478147,73a0a6f8d1d56c41ba90c17ba6576a04656f84f72c0550dceaabe4309e800de0
trial-0032,breakoutcnn,quiet-owl-33,64174,4194304,15.520394151,270244.68316932244,4194304,15.520394151,270244.68316932244,05de23c1a9f18217501af0579ff530780cfb5b8d5bb5b70a32c2e2fff198ecd1
trial-0032,breakoutcnn,quiet-owl-33,64174,8388608,30.804110874,272321.0559237517,4194304,15.283716723,274429.58254310745,c78267f6f39165f452402d4f900274a7478dffdef007a9f37b48bfd172dac291
trial-0032,breakoutcnn,quiet-owl-33,64174,12582912,46.146932683,272670.60383918864,4194304,15.342821809000004,273372.3986509214,9cf84d988043056bc8084afafe2555ca163cecfb4c3337bc0c559ce9ac9f32ec
trial-0032,breakoutcnn,quiet-owl-33,64174,16777216,61.43401183,273093.28334971605,4194304,15.287079147,274369.2212009714,7851d852bc34015a44ae855dfbc2218b6034fc3628065f2e25fbe0978ef4bba7
trial-0032,snakecnn,quiet-owl-33,64174,2097152,6.711155735,312487.4586150548,2097152,6.711155735,312487.4586150548,bc2ede8ccec227c74dd5aca4a50db402f2a0ca1cc8364d65d68972503f5098ea
trial-0032,snakecnn,quiet-owl-33,64174,4194304,13.199390652,317764.971928039,2097152,6.488234917,323223.80845138564,d569113455e97da988a6721782cd3af9ea70a6d5e0e8c618f3962d3a5951cc83
trial-0032,snakecnn,quiet-owl-33,64174,6291456,19.749424462,318564.0175036712,2097152,6.55003381,320174.22517701477,96a475bb70b726f037ddd2a9bcd5c9975f4a8d064c81e3a98a8ae9ecea520e6a
trial-0032,snakecnn,quiet-owl-33,64174,8388608,26.268004421,319346.98447415035,2097152,6.518579959,321719.14944519894,b50ada536db30e1efae06d2da82e9b00fb462516ff0daa8a59f443ad25f6fefd
trial-0032,mazecnn,quiet-owl-33,64174,8388608,46.823430712,179154.06608277748,8388608,46.823430712,179154.06608277748,b02c80141f6a7e59ed369e0baa79343fe867c0ca215a4d9ddcc77f2d54315937
trial-0032,mazecnn,quiet-owl-33,64174,16777216,93.258388939,179900.34130842556,8388608,46.434958227,180652.85983443336,50bc112b894eacd979a26f356879d7c1bcd2dacb0315ebd10cd96184b2384345
trial-0032,mazecnn,quiet-owl-33,64174,25165824,139.888014672,179899.78669014017,8388608,46.629625733,179898.6774638284,4bb661d7e14899e7c67e72a1173d60b97344c3721f39356410fcf22f5781fef1
trial-0032,mazecnn,quiet-owl-33,64174,33554432,186.092554446,180310.4487435942,8388608,46.20453977400001,181553.7616223676,4dc249ae45bdada94f2203d2e68769e6d957efc168fcf54c10a6f484a5a5b3fb
trial-0033,connect4cnn,quiet-owl-34,64173,3328000,25.508760769,130464.98142882796,3328000,25.508760769,130464.98142882796,23a5a503d3d82e3109774dd8ed71d48978c59234b41218d41b7c7ae1a661f42d
trial-0033,connect4cnn,quiet-owl-34,64173,6656000,49.442152806,134621.96976164574,3328000,23.933392037000004,139052.58372298643,f2ff64129a102f91a0f318b8c85ee480f0ef09180cbb7c5116942a81cd574565
trial-0033,connect4cnn,quiet-owl-34,64173,9984000,73.16634206,136456.18625860274,3328000,23.724189254000002,140278.76629920598,a53dd5aeb8604ec43526f746a08fd1301cbc786ab088ca70f9b7da3437b0b72f
trial-0033,connect4cnn,quiet-owl-34,64173,13312000,96.855552436,137441.78485581686,3328000,23.68921037599999,140485.89831308447,789837498be749de0375aa2976e5f286558ac685823eb2827ccf803a8137a6c9
trial-0033,pongcnn,quiet-owl-34,64173,2097152,8.912862852,235294.9927339463,2097152,8.912862852,235294.9927339463,b49d39e3ae0cba207503d104b1e48253933e575fc8d369f3a95fd1bd02c80755
trial-0033,pongcnn,quiet-owl-34,64173,4194304,17.661401838,237484.2064334667,2097152,8.748538986,239714.5401484755,fbffbbba87b26834059c960277a21129c4055a5fd8a1e5e1a9a9b53ffbd2371c
trial-0033,pongcnn,quiet-owl-34,64173,6291456,26.409760184,238224.65467943152,2097152,8.748358346,239719.489881079,32109a2082baf16d8e1b583392a6f25fee262368b292a31f27927e33b4ce6d39
trial-0033,pongcnn,quiet-owl-34,64173,8388608,35.185314998,238412.18987173552,2097152,8.775554814000003,238976.57121967117,5e6a999e56f04642e07a4a8cc619fef16a42611443c1d63d8ad8445be0d291bd
trial-0033,flappycnn,quiet-owl-34,64173,4980736,18.783388615,265167.0634138131,4980736,18.783388615,265167.0634138131,13f3f9cc2c48569fa063f4b9f5864ca43ed4b4099df5825898d4c01cd86f8223
trial-0033,flappycnn,quiet-owl-34,64173,9961472,37.318442035,266931.6149548096,4980736,18.535053419999997,268719.80820004566,67874f3f108a29b82638b012b324e52683aa6dfd6734a84744fe3d3573b5d601
trial-0033,flappycnn,quiet-owl-34,64173,14942208,55.811239926,267727.5763773004,4980736,18.492797891000002,269333.8254901928,020bab01ac8aab00513394cf86702d9520be0ec8adc5427f7c8c948fbd231368
trial-0033,flappycnn,quiet-owl-34,64173,19922944,74.318327876,268075.78385296016,4980736,18.50708795,269125.86212678585,1bee207c7ae2e3cf6bd283ce8f620054a0e2923366924f1ea21afdb887ffeadb
trial-0033,breakoutcnn,quiet-owl-34,64173,4194304,18.725442595,223989.5788161476,4194304,18.725442595,223989.5788161476,24c3237027e1c346e4433cf855b1b0a53083f12e73b5cda1d4e9622f9f107abb
trial-0033,breakoutcnn,quiet-owl-34,64173,8388608,37.313711812,224813.01357165555,4194304,18.588269217,225642.5249191074,dad8bf500c6a34428f6aa00a04e986759a16538beea3f0c49a0e9816784c0983
trial-0033,breakoutcnn,quiet-owl-34,64173,12582912,55.823100641,225406.89885574568,4194304,18.509388829000002,226604.13257019484,33a677a9792a1503b0eb959efb8b17d130d4b9107fccf3c417ee543d7e79cc2f
trial-0033,breakoutcnn,quiet-owl-34,64173,16777216,74.389097955,225533.2630884837,4194304,18.565997313999993,225913.2073038283,f1c14ac7ec458726c47ee564efe39705badc635aa77ff0bab400280f8fbb8703
trial-0033,snakecnn,quiet-owl-34,64173,2097152,8.399342206,249680.50456402608,2097152,8.399342206,249680.50456402608,4924d5fbd45e9caaf49715dae6a99cdb6beec074f616f2ab32d68c3befe23f37
trial-0033,snakecnn,quiet-owl-34,64173,4194304,16.592410382,252784.49022392315,2097152,8.193068176,255966.62385200197,0dd2f709b487c586857b2da639c06e843f2d09ebff30ec3b6215b8526f5e15f7
trial-0033,snakecnn,quiet-owl-34,64173,6291456,24.942706048,252236.30458911142,2097152,8.350295666000001,251147.03525277541,411f30fcf4cec8996aae424e8e579fe77f659086fe631d599e5209c618fd719f
trial-0033,snakecnn,quiet-owl-34,64173,8388608,33.237990818,252380.1166542581,2097152,8.295284769999999,252812.53846575305,8f9f086e41d838efd18af81b5c27f9b2ea33910b93e4fb7833282af65bddf202
trial-0033,mazecnn,quiet-owl-34,64173,8388608,61.850583035,135626.98342314825,8388608,61.850583035,135626.98342314825,2087ed0e3bce36a85a9513139b3935891f5d008ba1b6baf2ee9ef3d59517091e
trial-0033,mazecnn,quiet-owl-34,64173,16777216,123.034061184,136362.36858758426,8388608,61.183478148999995,137105.7719139674,81ec90be75aaeae5a47a7964a68417d13a0b20ef09c8b4fd4201b719b1dbb930
trial-0033,mazecnn,quiet-owl-34,64173,25165824,184.257269614,136579.81610559957,8388608,61.22320843,137016.79828804097,059e507b90693af708480046e65cb27d68c8038230aa4937fb639896ee5c3c4b
trial-0033,mazecnn,quiet-owl-34,64173,33554432,245.485323607,136686.10207312286,8388608,61.228053993,137005.95483500164,038157373af0b3721059df5a7e3c4d633fb90d0213f21804e9441f661b4c624e
trial-0033,connect4cnn,quiet-owl-34,64174,3328000,25.877495278,128605.95526141708,3328000,25.877495278,128605.95526141708,af21c84f17bc63b08be976594456fe5ffb13d9ac1303451343d47b115c3cce04
trial-0033,connect4cnn,quiet-owl-34,64174,6656000,50.36164164,132164.07931216914,3328000,24.484146362,135924.68982970703,ce70d8e0f0f0d902370bc8ef8167b1626332f0ee14ba2ca3f4e0f6ff5b600305
trial-0033,connect4cnn,quiet-owl-34,64174,9984000,74.633174316,133774.2912786655,3328000,24.271532675999993,137115.36244642554,3e34c2f6c87cf6771bd295c11c8763da2c780ce9d56c85fabf9e03a279416e34
trial-0033,connect4cnn,quiet-owl-34,64174,13312000,98.808739791,134724.92441617523,3328000,24.175565475,137659.65488755543,3d18a4ca37c61dd9818f6bc94f882bab9b1997e7c9f6ab2172cda2dc6420e15f
trial-0033,pongcnn,quiet-owl-34,64174,2097152,9.112641458,230136.5646465666,2097152,9.112641458,230136.5646465666,c4cf1e2449588a648658588ec53d5551d0a549f0dc5a2430d6b1edba4d6da31f
trial-0033,pongcnn,quiet-owl-34,64174,4194304,17.962482278,233503.58458736402,2097152,8.849840819999999,236970.58994107426,ae7c8569f620adb4f2f89a7d87d0075ddc0ae0e7645a92c6750d682c39420931
trial-0033,pongcnn,quiet-owl-34,64174,6291456,26.769973591,235019.13360553977,2097152,8.807491313,238110.0276425558,acf25ae49b4b38d1996ad9ccdba93a1f96bf944ac22b808f5fcfd4fd5cd04852
trial-0033,pongcnn,quiet-owl-34,64174,8388608,35.577544146,235783.7844449175,2097152,8.807570555000002,238107.8853588587,41bf438d06bb925b003f3f02120d396ea082a5671dc08be0c5d51725e3c61b89
trial-0033,flappycnn,quiet-owl-34,64174,4980736,19.099744346,260775.00880492674,4980736,19.099744346,260775.00880492674,f197e606e451d407f74c422ff41d9d9ce85343a8afc13884b9110c51f5470c0c
trial-0033,flappycnn,quiet-owl-34,64174,9961472,37.829491133,263325.56166239985,4980736,18.729746786999996,265926.4995219821,97c40c2be2282857b5cf0f746107f5e50b1c5e3fe478d52861be0c88579acbe2
trial-0033,flappycnn,quiet-owl-34,64174,14942208,56.741651716,263337.5580039134,4980736,18.912160583000002,263361.5539663483,155a1ef4a63441c22295263609ba79a2d3b371111c06226072a671d353ffd99e
trial-0033,flappycnn,quiet-owl-34,64174,19922944,75.576986196,263611.25261507777,4980736,18.835334479999993,264435.7606332246,0b732c3013bb04f1b010bda68302bcf4495a13cacf10aed296b2e6e7d42f3a5a
trial-0033,breakoutcnn,quiet-owl-34,64174,4194304,20.904309872,200643.0265185652,4194304,20.904309872,200643.0265185652,9c1e98df4b3ad4a3a6ccab275728b59cdd11d480fb158d3dd49ca510acd58eb7
trial-0033,breakoutcnn,quiet-owl-34,64174,8388608,41.643612247,201438.04889558576,4194304,20.739302375,202239.39668558884,bcdd02323ffce0919b7d84f6075022d212a2dd45209bbb0afb02102a36a8651a
trial-0033,breakoutcnn,quiet-owl-34,64174,12582912,62.409213516,201619.46115174305,4194304,20.765601269,201983.2676967308,f86b83b3293966fc663ae4f6fc0068a1532ccf715e58075b833e06693bbd291d
trial-0033,breakoutcnn,quiet-owl-34,64174,16777216,83.108897926,201870.27404620862,4194304,20.699684409999996,202626.47086415172,ca5197d14d0daa86e9725e8ea6427ee8c1a8cf11b45e4d746cb68e26b900c8f6
trial-0033,snakecnn,quiet-owl-34,64174,2097152,8.36146679,250811.49667521432,2097152,8.36146679,250811.49667521432,9a044ef0758c2e3c928a05f0027e4cbc543e0d742b437fc7262c046833592049
trial-0033,snakecnn,quiet-owl-34,64174,4194304,16.618700679,252384.59257528337,2097152,8.257233889,253977.5460149861,ba37b67b014b9dd474d58cc810d0b781f7fe75ec138a92bb4937e7a194831a2b
trial-0033,snakecnn,quiet-owl-34,64174,6291456,24.80655289,253620.7278737308,2097152,8.187852211,256129.68406813373,1c3edbc6b8547ffc2e7b9bf3df12c3dca694c3615c0386ab179a6681c840a5ee
trial-0033,snakecnn,quiet-owl-34,64174,8388608,32.986087333,254307.45742335598,2097152,8.179534443000001,256390.14232585457,80eba41ca2f16f64231c1fbae3397bb10cfc220b578d0aab22cab850666c8ee0
trial-0033,mazecnn,quiet-owl-34,64174,8388608,61.50803144,136382.3195704603,8388608,61.50803144,136382.3195704603,de9834a16948d00fc16a53f4447f6b1f3c748a4b6321e43bc56beeb6c5952629
trial-0033,mazecnn,quiet-owl-34,64174,16777216,122.67733141,136758.89267536197,8388608,61.16929996999999,137137.55109367162,fc53cc89c546818b3b700b4396ce52d4293234f98e04656aae75e23738edf30f
trial-0033,mazecnn,quiet-owl-34,64174,25165824,184.193531787,136627.0778123825,8388608,61.51620037700002,136364.20891717452,c7cb9a5a44599ba7849247ef285201f37dafcc3d5ae5b3a0c20ef17dc01d2f98
trial-0033,mazecnn,quiet-owl-34,64174,33554432,245.909901576,136450.10544493992,8388608,61.716369789,135921.92847180623,df95d65231a4bf531ed77403346f34715fe3f807ebd542abb02e12b457e8419f
trial-0034,connect4cnn,quiet-owl-35,64173,3328000,27.260428312,122081.7208706519,3328000,27.260428312,122081.7208706519,222d03a2933ab17451e4606c2a55b8fbd614a0e9049477bfbf87af2823a24424
trial-0034,connect4cnn,quiet-owl-35,64173,6656000,52.832097177,125984.02023869747,3328000,25.571668865000003,130144.02843902928,b02aa3ba657eee8af1c9f2f04a47601034d2904a9af63294a7c7077d204a6933
trial-0034,connect4cnn,quiet-owl-35,64173,9984000,78.572940625,127066.64559813272,3328000,25.740843448,129288.69276265216,88bcc446967399bba4f60b25b8176422f7657b74b55e5bc4706355e20d9693b9
trial-0034,connect4cnn,quiet-owl-35,64173,13312000,104.224540548,127724.23778514272,3328000,25.651599922999992,129738.49623375795,bacbe9556fb18797613a3779b0d838a34ace8d50dd8d25de3568ffc5f70e7640
trial-0034,pongcnn,quiet-owl-35,64173,2097152,10.108957304,207454.82812259783,2097152,10.108957304,207454.82812259783,9cf85ea32da57ef6e7a12d263c1462431fda22e88b055fa4bf3dd25e6b3cd65a
trial-0034,pongcnn,quiet-owl-35,64173,4194304,20.06820382,209002.46168617994,2097152,9.959246516,210573.35980496378,ca10fb66cc63b10c4ea18a2393fc698f004b529299835934150581b2ef525e12
trial-0034,pongcnn,quiet-owl-35,64173,6291456,30.00349065,209690.8014268,2097152,9.935286829999999,211081.17318440822,b3dc46f5d2a6e20ee11c71a4b4423c2f222c3d24a69dd54066d646abef020453
trial-0034,pongcnn,quiet-owl-35,64173,8388608,39.968441016,209880.79061282144,2097152,9.964950366,210452.82946470022,e076e8bf3c521074e37f00038a73c7c76cb22ce4b92749edec52657df3a3d040
trial-0034,flappycnn,quiet-owl-35,64173,4980736,21.275275038,234109.12390574755,4980736,21.275275038,234109.12390574755,0e0feb8c9014ee0386e3cee0d8be016308062a5d398c3477a2c5b131dddb34ac
trial-0034,flappycnn,quiet-owl-35,64173,9961472,42.358314929,235171.58358865744,4980736,21.083039891000002,236243.73077841554,8603d8675aaa7f53b3e333c6c0d8c8d309aba78a5fd6e83a3a6fed48f1b7c840
trial-0034,flappycnn,quiet-owl-35,64173,14942208,63.517879879,235244.1238351239,4980736,21.159564949999996,235389.3386640731,33cf0b61f868923ff0754aa612d8cdc3bef169129bbdf88efdcbeb6eeb882805
trial-0034,flappycnn,quiet-owl-35,64173,19922944,84.672755022,235293.4423218371,4980736,21.154875143000005,235441.5219343939,5d22cec5dde9d3a3fc9e1b07508075413d59d21c7930541eec1a61ef22004ee7
trial-0034,breakoutcnn,quiet-owl-35,64173,4194304,20.734225415,202288.91680543157,4194304,20.734225415,202288.91680543157,7e31b6743f49539b5d896beb389e74946496868736961d1786206a4dd71caa83
trial-0034,breakoutcnn,quiet-owl-35,64173,8388608,41.275480329,203234.6548879819,4194304,20.541254913999996,204189.27750813076,fb306934bbc1ab02dc5ff7eeb9529a30920e8101fe5536d4fb813742b2578b94
trial-0034,breakoutcnn,quiet-owl-35,64173,12582912,61.966628212,203059.49126280338,4194304,20.691147883000006,202710.0682725326,26f4dc11e7d66ff1b1633a330ef7bbe5351000e5eae78071fb92635730964ff4
trial-0034,breakoutcnn,quiet-owl-35,64173,16777216,82.735741239,202780.75410644352,4194304,20.769113027000003,201949.11523411583,6f751de0f751871af1efe9ff19d0b6420d600d4c68e1c356edd84001fe6bf91e
trial-0034,snakecnn,quiet-owl-35,64173,2097152,9.460488795,221674.80406597746,2097152,9.460488795,221674.80406597746,b03684b865f7e0383d590a985c831a61ca4f2e2c1f833d16445a1133b96f5a57
trial-0034,snakecnn,quiet-owl-35,64173,4194304,18.708264654,224195.24619581533,2097152,9.247775859,226773.66233514805,e9c770df4c0ed9f4d0856c252d6049358b18d27ac43f453ba1ad98083cd84a2e
trial-0034,snakecnn,quiet-owl-35,64173,6291456,28.011812992,224600.10002911274,2097152,9.303548337999999,225414.21012822175,71221305a9a26bf26719d183753f554e92438687060cc8fadb83e0ca6b46094a
trial-0034,snakecnn,quiet-owl-35,64173,8388608,37.267105073,225094.16772695718,2097152,9.255292081000004,226589.49946109205,bd219f91603d2051fe3e0cdc0545061597aeb5ece5799226abfd2ea920aa672c
trial-0034,mazecnn,quiet-owl-35,64173,8388608,68.925240218,121705.8942916719,8388608,68.925240218,121705.8942916719,6ae8c5706184314262ded19041fea2138373973b3989613e14ad4113d18c15a1
trial-0034,mazecnn,quiet-owl-35,64173,16777216,137.166794735,122312.51763528351,8388608,68.241554517,122925.2185031962,e453b7e43a664580094ecfa841dc85ad2a02279aa7fa95c025725288c52f53e6
trial-0034,mazecnn,quiet-owl-35,64173,25165824,205.40108909,122520.40196813739,8388608,68.234294355,122938.29780604022,b4c10c187c5f7fe91755ce9d6f1e3ba7e05bfea1cde55b0066c6df02c0bc7291
trial-0034,mazecnn,quiet-owl-35,64173,33554432,273.96415103,122477.45507522872,8388608,68.56306193999998,122348.79485605427,b1d02f1acbb7caac078a716729e548219b03481b1d3655e2ed724b6f6a89b056
trial-0034,connect4cnn,quiet-owl-35,64174,3328000,27.230402001,122216.33745538474,3328000,27.230402001,122216.33745538474,79845bc41aa5a0c0c26fc24ba9ecb6aa6a98261261d89034a3d3d32961757413
trial-0034,connect4cnn,quiet-owl-35,64174,6656000,53.000035241,125584.82215594873,3328000,25.769633239999997,129144.25164709873,4c6b0e99974a4e91f1e5b123752201889b8854e45879e2d4c4e3b9fe064a9fc3
trial-0034,connect4cnn,quiet-owl-35,64174,9984000,78.536850191,127125.03717323928,3328000,25.53681495,130321.65548115858,77d08cab0a0298c936c3c479390147cfeb09537be3f5daf2a22661a3ae599f89
trial-0034,connect4cnn,quiet-owl-35,64174,13312000,103.870486532,128159.59994467623,3328000,25.333636341000002,131366.8497962118,153331c93af1fc0b0c04ba997ad3d79d84b1d0a7606707332c789386b44a6f3b
trial-0034,pongcnn,quiet-owl-35,64174,2097152,10.040787646,208863.29578292128,2097152,10.040787646,208863.29578292128,fa8e486e37f2d1098e33049a9f3fc5bf4fe087e5d01ad232b68e31d7707a59c2
trial-0034,pongcnn,quiet-owl-35,64174,4194304,19.857147717,211223.8907508954,2097152,9.816360071,213638.45507211122,30fdb979a8b37bdb45f453845a3d39b07a1e093cad935af9833b7a26223848ab
trial-0034,pongcnn,quiet-owl-35,64174,6291456,29.724420153,211659.5031161616,2097152,9.867272436,212536.14041796382,a2b58ddbe2bed4c2e44929936fbfde5bac6e555a703250c22904c47813d3a22c
trial-0034,pongcnn,quiet-owl-35,64174,8388608,39.569566257,211996.4607526125,2097152,9.845146103999998,213013.80170965113,24919d4fd4f9f324be247574d4c59f54afa16f959af79792b178f605d9bb2e6f
trial-0034,flappycnn,quiet-owl-35,64174,4980736,21.638203351,230182.5118844637,4980736,21.638203351,230182.5118844637,3af8b2624e060415ee3c1a19438bb9fc93ed2cc4efd5223e067053682688990a
trial-0034,flappycnn,quiet-owl-35,64174,9961472,43.132932318,230948.17497123728,4980736,21.494728967,231718.9487546796,99d0a8731177e72ac1301d357cd82f42010ab93d493e3cd6ea959eab86c7d8a3
trial-0034,flappycnn,quiet-owl-35,64174,14942208,64.461456571,231800.65724301705,4980736,21.328524252999998,233524.64244212426,23071ac6c5ce0d356ffbf5e4695b98c0124a6407d59fc34cd7fbccb887a94274
trial-0034,flappycnn,quiet-owl-35,64174,19922944,85.661256453,232578.23694112143,4980736,21.199799881999994,234942.59510576646,1216758c4c1e73b33a935f3f28eaf61de65e1091d7f19bf3b998dcb9c47f2b21
trial-0034,breakoutcnn,quiet-owl-35,64174,4194304,20.989950006,199824.3920924563,4194304,20.989950006,199824.3920924563,6a9f63604cc87a273a8fdfbfb16499a453e99eda17d3f813bf30e22a11c469e3
trial-0034,breakoutcnn,quiet-owl-35,64174,8388608,41.800385819,200682.5495899378,4194304,20.810435812999998,201548.1096931125,33388ffafc2d6ef5888575a775e76de33a229b32a7b631edf1c576ff50f30186
trial-0034,breakoutcnn,quiet-owl-35,64174,12582912,62.583457065,201058.11647527275,4194304,20.783071246,201813.48321207598,57a69e40c19508c77453cfcf15f37ec1cd04fa9845342940b437ccba4fbb6db5
trial-0034,breakoutcnn,quiet-owl-35,64174,16777216,83.366886923,201245.56186793814,4194304,20.783429857999998,201810.0009794832,725cb8beaf3f1fb12ebc2ecd2fa235a798af573d2344546e4ae335e2874d1000
trial-0034,snakecnn,quiet-owl-35,64174,2097152,9.35117591,224266.1265475007,2097152,9.35117591,224266.1265475007,d6c96897d8bf8ab285364cbd0ffba49ea20737e5528d31c1dfb3dcfedfe89991
trial-0034,snakecnn,quiet-owl-35,64174,4194304,18.509221433,226606.1819608466,2097152,9.158045523,228995.58587398386,2abd19cd61c4ff10f23faa1477058db04702018720f6b061cfd32e163fd20949
trial-0034,snakecnn,quiet-owl-35,64174,6291456,27.724401674,226928.46806862348,2097152,9.215180240999999,227575.79831910314,e06aa830793cd9aa4a95796dbcfd9db3be9c65072095eefe47825ac1e3740f2a
trial-0034,snakecnn,quiet-owl-35,64174,8388608,36.88896144,227401.5768550192,2097152,9.164559766000004,228832.81396454142,7f4803d30f431f3c65429c34004073405ea546f7eb324a90c3d4b6101fc4477b
trial-0034,mazecnn,quiet-owl-35,64174,8388608,69.020037142,121538.73494361498,8388608,69.020037142,121538.73494361498,930a99ddda2a944263395d30e9b7bf8de146ac96e6a21b079b38100628997f88
trial-0034,mazecnn,quiet-owl-35,64174,16777216,137.355254623,122144.69731098785,8388608,68.335217481,122756.73231496451,1544eebdbb99fc5e30ad6d213a529622b0af7b355ef150963e1d6108d09d3793
trial-0034,mazecnn,quiet-owl-35,64174,25165824,205.59483602,122404.94210444031,8388608,68.239581397,122928.77283635839,6252de7557a62f2c18a37b15c66577cb6b729fa81c3c8f806db13240dabb22f8
trial-0034,mazecnn,quiet-owl-35,64174,33554432,274.044350905,122441.61169237878,8388608,68.44951488499999,122551.75239873436,3fe4e24795ef5d9242e8a4449c82b6ad17e84e35179ffb53c2d80908781c00e4
trial-0035,connect4cnn,quiet-owl-36,64173,3328000,28.993469183,114784.47021963609,3328000,28.993469183,114784.47021963609,473cf15887fbe588036955d2406406b7fcbb48d9f96af3eec6f57ceac4a80412
trial-0035,connect4cnn,quiet-owl-36,64173,6656000,56.429325941,117952.85321960461,3328000,27.435856758000003,121301.11442681996,77f4dec905a0e179d658c08a9c26bded198c435d17b51cd310dead10b91ccdfd
trial-0035,connect4cnn,quiet-owl-36,64173,9984000,83.581770704,119451.88425545277,3328000,27.15244476299999,122567.23212397392,9e96691351197bacf1cfe93b8b6e3210afd3ee617c627c24d96b9d828434cf3a
trial-0035,connect4cnn,quiet-owl-36,64173,13312000,110.852571705,120087.42598616287,3328000,27.27080100100001,122035.28601444319,f061b0f3b504521a2cb0601399a320a4edfd0a26de4060ed206b9d44e9f159ce
trial-0035,pongcnn,quiet-owl-36,64173,2097152,11.257559209,186288.33844581558,2097152,11.257559209,186288.33844581558,2b06aebadf42c6120d9a28d20310575ffd21335c315bc83c443a0b67cc2d90d7
trial-0035,pongcnn,quiet-owl-36,64173,4194304,22.220677966,188756.79699862134,2097152,10.963118757,191291.55183701345,495005edbc7ca2d93f29192ed8a8b51e8cbd6377e05554953539a568b5c2fe5c
trial-0035,pongcnn,quiet-owl-36,64173,6291456,33.236170259,189295.45585344153,2097152,11.015492292999998,190382.0495914354,3b61146b2d560540ba0ab3784b0e80cce5130d03205ba21e15bd46c788f4e587
trial-0035,pongcnn,quiet-owl-36,64173,8388608,44.287405345,189412.94787203116,2097152,11.051235086000005,189766.3006605232,315be6595fc2dc95269061bfee3d7e3c5ff9f218a9f75ca3109f5a6eadb76c71
trial-0035,flappycnn,quiet-owl-36,64173,4980736,24.253883782,205358.28590456303,4980736,24.253883782,205358.28590456303,d3db7742409b17bb7768e4726939c2ba2b3b6e7752c25f40e8800aab361d4969
trial-0035,flappycnn,quiet-owl-36,64173,9961472,48.388765692,205863.32090811952,4980736,24.13488191,206370.84608797243,a50341fbe181c570a5df25c0db18e7d2d1b8ffd009fa63b64b7e8dc0791a3259
trial-0035,flappycnn,quiet-owl-36,64173,14942208,72.444450349,206257.4555817064,4980736,24.055684656999993,207050.26986420233,4125083eee3cbd9246f76cb82410c95edbc0050f25b2f95c2f65a9558338cc25
trial-0035,flappycnn,quiet-owl-36,64173,19922944,96.522894413,206406.40877131338,4980736,24.07844406400001,206854.5619792253,b5406f1ef917490f95c8d30e688507f9262b7dbd1c9510f3ffd74a148fcf57c9
trial-0035,breakoutcnn,quiet-owl-36,64173,4194304,23.504745588,178444.98611128726,4194304,23.504745588,178444.98611128726,bedb6143d8cc4aaccfa1084e56539035d4b00f9a7d680bef1d98c788d5410b0c
trial-0035,breakoutcnn,quiet-owl-36,64173,8388608,46.677361078,179714.70122276735,4194304,23.17261549,181002.61499656897,74ae9a815c3f08982283b28f662fa3776333c9559b23219f9c816784c5745c9c
trial-0035,breakoutcnn,quiet-owl-36,64173,12582912,69.797653021,180277.007254301,4194304,23.120291943000005,181412.24212654826,9f3978e7e7dd3871907e25b43b973c30836feee4893b17eb165b5f28bd984f32
trial-0035,breakoutcnn,quiet-owl-36,64173,16777216,92.858345822,180675.37011869904,4194304,23.060692801000002,181881.09248036635,623153ec64793e16c45f66b721e76922e498d52ff873bc32da71b438e3b5d54e
trial-0035,snakecnn,quiet-owl-36,64173,2097152,10.531022346,199140.3997729206,2097152,10.531022346,199140.3997729206,04d7c18837db78dbe4dcec12250e1e99bd67f7c291978c17b3048a18e2777a69
trial-0035,snakecnn,quiet-owl-36,64173,4194304,20.898150006,200702.16735911008,2097152,10.367127660000001,202288.62504428733,d5bd4566967dd371e800fab4cdf484cc5b55b30576649ad1de619c90d6fd9527
trial-0035,snakecnn,quiet-owl-36,64173,6291456,31.261793767,201250.63989902177,2097152,10.363643760999999,202356.627491569,2f3e7decf73b022336c4fc873a8a7546a303a27a911e8251f0038f34572f9211
trial-0035,snakecnn,quiet-owl-36,64173,8388608,41.63564418,201476.59932278728,2097152,10.373850413,202157.5323056473,86f032160c8c7af8828570e76bb222d58e270c1b29c1d80adb40375a7083fdfb
trial-0035,mazecnn,quiet-owl-36,64173,8388608,78.600114762,106725.13679401846,8388608,78.600114762,106725.13679401846,2bb6b6baed8f81e005e24fe9881b8d30938ebd05e600bccb01381b72e8241237
trial-0035,mazecnn,quiet-owl-36,64173,16777216,157.181626889,106737.76784259838,8388608,78.581512127,106750.40188133183,71843da6f94a47e2ff43d7e2154b6a25b271dc2cf0f43acfc87325dc9c7510f7
trial-0035,mazecnn,quiet-owl-36,64173,25165824,235.34342837,106932.3421278415,8388608,78.161801481,107323.6266443929,8440fc0900e98b46c7556b4e212ff061983a5fd83aca48f60bea92cb4dde67e4
trial-0035,mazecnn,quiet-owl-36,64173,33554432,313.272873997,107109.28007230314,8388608,77.92944562699998,107643.62472371578,ee13771caba6445f8225d6b32be218f3964e53e880becfa87021e186406b8e37
trial-0035,connect4cnn,quiet-owl-36,64174,3328000,28.95034933,114955.43497816577,3328000,28.95034933,114955.43497816577,65d67d97bfdfa7cc32ecb57cd553553edefbfb56a37b4c626cbe0584e49b8e7e
trial-0035,connect4cnn,quiet-owl-36,64174,6656000,56.324117213,118173.17925870215,3328000,27.373767883,121576.24826163577,a1778cf3a5ee8e3749da6e88824afb1fd01bac0baa72727e04431ca50ef20a34
trial-0035,connect4cnn,quiet-owl-36,64174,9984000,83.478261294,119599.99939190874,3328000,27.154144081000005,122559.56181394172,373b12b875aa2300235281cde7edc816b05f612862116aee2106b27f875c4090
trial-0035,connect4cnn,quiet-owl-36,64174,13312000,110.692476492,120261.1091726915,3328000,27.21421519799999,122289.03077993516,2b993de5557f1b0e9ba8a2cf4b809ead93ee1c22b266701418ca18538e6b0012
trial-0035,pongcnn,quiet-owl-36,64174,2097152,11.183559939,187520.96930125818,2097152,11.183559939,187520.96930125818,d754c2af8bc1db768d51a4c072c85a3d56a2051ed7df8f10d5c98825d302043d
trial-0035,pongcnn,quiet-owl-36,64174,4194304,22.245923025,188542.59251398267,2097152,11.062363086,189575.40840926257,ffd8ed63685b7034b6e0757481ae56523498333a639dfd9fcf1fb0dcb051f91f
trial-0035,pongcnn,quiet-owl-36,64174,6291456,33.21708963,189404.1913388425,2097152,10.971166604999997,191151.23081297884,50f69cc046dda1b0e3b951c262ec3c0d4221eec1be2d1c9da2d169410fb11eb9
trial-0035,pongcnn,quiet-owl-36,64174,8388608,44.197237553,189799.3735454763,2097152,10.980147923000004,190994.87681829103,55c59a79ff629055fac5062734f4cabd92c80cd6b47fb7db8088d05422713a8b
trial-0035,flappycnn,quiet-owl-36,64174,4980736,24.138830791,206337.08579858116,4980736,24.138830791,206337.08579858116,f260682013ee8aecd64e4c9b7021e418d51b8a624963999b04611f04f7f1f496
trial-0035,flappycnn,quiet-owl-36,64174,9961472,48.015608785,207463.2031555528,4980736,23.876777993999998,208601.6798938119,aef5b68d428020502f5880b12907ee2402c30f163710d2a687c653d56ea274a0
trial-0035,flappycnn,quiet-owl-36,64174,14942208,71.925774492,207744.83285768382,4980736,23.910165707000004,208310.3923676207,91a9888c785a0a570cca19cc341ca688432e08374120d49fa54039159d024301
trial-0035,flappycnn,quiet-owl-36,64174,19922944,95.794992988,207974.79470034197,4980736,23.869218496000002,208667.74506398986,df4f9b8d34ecfc741e1830d1b10a796404f96c46b178e90459af11a4bcfdd1ae
trial-0035,breakoutcnn,quiet-owl-36,64174,4194304,23.186547405,180893.857405244,4194304,23.186547405,180893.857405244,3d42382c7a4f521008de84f0f08f4bb1f0389ac5829610bf06e6208fc8d82ef1
trial-0035,breakoutcnn,quiet-owl-36,64174,8388608,46.308263374,181147.10828715345,4194304,23.121715969,181401.06926421175,729e63c76992e1a5d7e9e6f54217de166e3c97f4d25875f247ace1057a11fdd2
trial-0035,breakoutcnn,quiet-owl-36,64174,12582912,69.428477764,181235.60252568987,4194304,23.120214389999994,181412.85064441833,1bd9eeb1b51cba6d4db5d78cf1fe3d7173198d44c25ca35ec997eed118353524
trial-0035,breakoutcnn,quiet-owl-36,64174,16777216,92.598934824,181181.52257245668,4194304,23.170457060000004,181019.47618637088,3e5b172802e787160ffd316ac46aab4c643eb00571946350d8f33df7709fb00a
trial-0035,snakecnn,quiet-owl-36,64174,2097152,10.621270556,197448.3174063681,2097152,10.621270556,197448.3174063681,8534cc7f413e405ba43ad999ddaa518efb34b2934456fac00f8c7bdfa74461e1
trial-0035,snakecnn,quiet-owl-36,64174,4194304,21.001538312,199714.13225494203,2097152,10.380267756,202032.55342693877,0b1ca22389849f39860732161b566107ec8dde2a990fe301ae89055c8ae506a1
trial-0035,snakecnn,quiet-owl-36,64174,6291456,31.420644449,200233.19414125616,2097152,10.419106137,201279.45453522739,525b46ba196a4577dc3b2cb112676a71c67e5f680d4b26143e46cd5a19f6d3a2
trial-0035,snakecnn,quiet-owl-36,64174,8388608,41.908370204,200165.45523403195,2097152,10.487725755,199962.51322649122,1ecd84aea9b962daf34d25ba2197fda763149f6632a20cb8a0d7df1beedea313
trial-0035,mazecnn,quiet-owl-36,64174,8388608,78.460425878,106915.14742787209,8388608,78.460425878,106915.14742787209,ab0115bce6a480e7d665b468cec690ab81434d1d05acbfc5344239cbdc5a8c07
trial-0035,mazecnn,quiet-owl-36,64174,16777216,157.065582351,106816.62875388807,8388608,78.605156473,106718.29147597199,bf4b899f42666036a2cc59e43a0bdc3e2f21f4d89e7fa0480116f091b5d6522e
trial-0035,mazecnn,quiet-owl-36,64174,25165824,235.727721485,106758.01658567922,8388608,78.662139134,106640.9850069054,003e09269b04aec01c53aef9dc3b5cdcfb39b985980b175ebac0d55a32048c34
trial-0035,mazecnn,quiet-owl-36,64174,33554432,313.917708231,106889.26148539725,8388608,78.18998674600002,107284.93953132865,25eabda30e9022afd86ac3bda4e88d1e2fb20bc6e2ea55631e7aab7ff03f1c56
trial-0036,connect4cnn,quiet-owl-37,64173,3328000,28.682439947,116029.18043756203,3328000,28.682439947,116029.18043756203,8b0f7442b0258bb9d31ca249674a38b546ba75adb0570b8c77003fae23f0c115
trial-0036,connect4cnn,quiet-owl-37,64173,6656000,55.814947669,119251.20918274707,3328000,27.132507722,122657.2948618951,c883d6ee421d169822507b5b084978b09f307f8449981c357a1afb70472ea56b
trial-0036,connect4cnn,quiet-owl-37,64173,9984000,83.05781969,120205.418794566,3328000,27.242872021000004,122160.39474232493,440d74f99b686b4a1a962048987332386bd8f5dd65647a37ebf8b3998cf47c4f
trial-0036,connect4cnn,quiet-owl-37,64173,13312000,110.299115387,120689.99785984657,3328000,27.241295696999998,122167.46358237661,9a744b8078e9af3247b0c9da4749975edf268350088c2e67e8e62c826bf42e88
trial-0036,pongcnn,quiet-owl-37,64173,2097152,11.051123068,189768.2241972839,2097152,11.051123068,189768.2241972839,de2ed86400dceb6baf9f67b6462736d8a3e7af8804e40654c49a836e96654bc8
trial-0036,pongcnn,quiet-owl-37,64173,4194304,21.873508674,191752.6841491859,2097152,10.822385606,193779.08682511974,58dca38b75d0d7ee34026e24fde776b555271a2409cd87fd2513bc708ed093af
trial-0036,pongcnn,quiet-owl-37,64173,6291456,32.673827341,192553.3833039912,2097152,10.800318666999999,194175.011373301,eb136205d7b77da7c387f4771b69825b0c0fbe410074f496c45dcd20544d3c61
trial-0036,pongcnn,quiet-owl-37,64173,8388608,43.466412805,192990.57499023815,2097152,10.792585463999998,194314.14344554505,a55c636908bc6654e288d52f65a37d4f9d2c830a9cce0c85d0ebc6ee7c4aad66
trial-0036,flappycnn,quiet-owl-37,64173,4980736,23.512249057,211835.7962237198,4980736,23.512249057,211835.7962237198,1c0061c9103a5a0c6c51452139c5c582225db550c0e533a99c21a2a859441555
trial-0036,flappycnn,quiet-owl-37,64173,9961472,46.835263144,212691.705593121,4980736,23.323014087000004,213554.55951879773,0408e84941204c862abd588cb736027fd04cfdf8fe747b56a48a8d301ae1a384
trial-0036,flappycnn,quiet-owl-37,64173,14942208,70.262822626,212661.6529417763,4980736,23.427559482,212601.57310994464,53eeca2324a59161e55c0fe260c5591ef0dd037266ecb67a2353eae0adfe537f
trial-0036,flappycnn,quiet-owl-37,64173,19922944,93.725432602,212567.1063541708,4980736,23.462609975999996,212283.97032959317,e15b75444a2699e88d8d5ae07d57a8eb1e220ad7b1e845d2d2521546d47849e8
trial-0036,breakoutcnn,quiet-owl-37,64173,4194304,22.798757212,183970.72967610494,4194304,22.798757212,183970.72967610494,8a3fb2e1bd0ca32a9c20b55dabb27db3c174cb188d4e21bf792c942c249561a3
trial-0036,breakoutcnn,quiet-owl-37,64173,8388608,45.443606981,184593.7978362343,4194304,22.644849769,185221.10072648193,abdf6e03b26f34f39ed363eadf339dfb3d67bb38a479bb3bb166d7545d71bff1
trial-0036,breakoutcnn,quiet-owl-37,64173,12582912,68.175406656,184566.73186404232,4194304,22.731799675000005,184512.6237238847,40e6c466a6b551a140873dfffc32e13997e1f7472ef8d6b79e0a06be8b20f2a0
trial-0036,breakoutcnn,quiet-owl-37,64173,16777216,90.795862831,184779.5205297816,4194304,22.620456174999987,185420.84065641096,693f754fcbf30b184f29d7a781076b1cc2c071cabc04771dc6a9b88aa780803f
trial-0036,snakecnn,quiet-owl-37,64173,2097152,10.368361343,202264.5556634513,2097152,10.368361343,202264.5556634513,292b7bed36ac9d835505fb2e57bec2869fcfef8a0b797cb0328fea1c10ff9f8b
trial-0036,snakecnn,quiet-owl-37,64173,4194304,20.512116464,204479.33821754844,2097152,10.143755121000002,206743.1611847957,8a20237d4c9042bde3b471be718f402d3c527b8f3e0dca40dd7afbee8d1be2ab
trial-0036,snakecnn,quiet-owl-37,64173,6291456,30.712738626,204848.42060531655,2097152,10.200622161999998,205590.59699441108,9d3e255ab813927d6fdb2485baca272390ef3d6bf963401e6df6885e39f0821b
trial-0036,snakecnn,quiet-owl-37,64173,8388608,40.897591711,205112.51760928903,2097152,10.184853084999997,205908.9102707465,3ea613b1b5e42864282aa8dc6c047efdf9a9710459bfbd0a075e37efdc81e60a
trial-0036,mazecnn,quiet-owl-37,64173,8388608,78.564940294,106772.91892043401,8388608,78.564940294,106772.91892043401,ccfd2f3414b7900a4113249e6075b64fb845105f03ceb0728c6fde359d52b899
trial-0036,mazecnn,quiet-owl-37,64173,16777216,156.633888054,107111.02308981823,8388608,78.06894776000001,107451.27532381126,2828ff5fc46d628262e3b4146808931c3e0440b96f6b8ad671bb38bb1cadeb71
trial-0036,mazecnn,quiet-owl-37,64173,25165824,234.541041658,107298.16761322299,8388608,77.907153604,107674.42541462973,d8984cb8898130f0a9504c2a7cbe063eebac9febbba0a6058603c122dd848f98
trial-0036,mazecnn,quiet-owl-37,64173,33554432,312.201117544,107476.9759441076,8388608,77.66007588599999,108016.99463072814,882b9c3504f346aee390ee21a05719e33bc3212fac6ed82f7d07041ec65a1a14
trial-0036,connect4cnn,quiet-owl-37,64174,3328000,28.339521434,117433.17570660426,3328000,28.339521434,117433.17570660426,ed1814864b693f9e54c001d8694346c395af091818d822d3bc47db33b0e19aac
trial-0036,connect4cnn,quiet-owl-37,64174,6656000,55.422761666,120095.06202725427,3328000,27.083240231999998,122880.42241222772,5e384103ec4f6e716f79ac0c71c5c0ddca88c6190bdc68f540893676f9a5077a
trial-0036,connect4cnn,quiet-owl-37,64174,9984000,82.471300608,121060.29523477063,3328000,27.048538942000008,123038.06897430605,9dfa65d4806a033f29d598842d85a941f10097390d0b4681f7cb33619edeb6b1
trial-0036,connect4cnn,quiet-owl-37,64174,13312000,109.438012733,121639.63569475428,3328000,26.966712124999987,123411.41124559699,3ff00b8acaf627e5279104862d64aa2ab70284d3dea26d637185e15ee1811080
trial-0036,pongcnn,quiet-owl-37,64174,2097152,11.0748594,189361.50105887576,2097152,11.0748594,189361.50105887576,ff08f16d0b0bd1a54b1fd3fac2e53dd05afedf27c244a2573ed99b55fd47d494
trial-0036,pongcnn,quiet-owl-37,64174,4194304,21.898047821,191537.80438718863,2097152,10.823188421,193764.71317185435,619daea814da2f3ebe5877b1607706162c4e6fc89d1a5570af3524eacc0adee3
trial-0036,pongcnn,quiet-owl-37,64174,6291456,32.871062327,191398.01255623717,2097152,10.973014505999998,191119.04015558222,5089624b706c7a6cc63aa9aa957ff6006041ed1885c9073b6a82ca5e8a9901da
trial-0036,pongcnn,quiet-owl-37,64174,8388608,43.817551487,191444.01536194398,2097152,10.946489160000006,191582.15655694294,89b66fd0a3e374a1ccd8402f4d2f254df0f306bde0f289be4948a7088cbdf827
trial-0036,flappycnn,quiet-owl-37,64174,4980736,23.516189567,211800.2997811095,4980736,23.516189567,211800.2997811095,6c6c08c423fb0adbbe1b0a5ea218f7520961731929a232885ab536f7ab2637ff
trial-0036,flappycnn,quiet-owl-37,64174,9961472,47.026258494,211827.8663668505,4980736,23.510068926999995,211855.44012931004,ee0ee5c088fdc0251dfebbc4d3ac2b409ea9f1bc24619004b827280eca701db6
trial-0036,flappycnn,quiet-owl-37,64174,14942208,70.538332635,211831.0348689177,4980736,23.512074141000006,211837.37215742556,20224bf8b28ee84a86e59be2c76b3a8a3a91907ca419aa300d4d53198dcea2c2
trial-0036,flappycnn,quiet-owl-37,64174,19922944,94.038316438,211859.85409612593,4980736,23.499983802999992,211946.35884660322,dd381c8a3feae7035f5585a97a0fbd4dcddc4fff47ff81a613ba3053b1980b9e
trial-0036,breakoutcnn,quiet-owl-37,64174,4194304,22.759832129,184285.36626400353,4194304,22.759832129,184285.36626400353,36e890c7b900118af82523fb9b90cc7e869a0961c267688ff48166d24b1abfee
trial-0036,breakoutcnn,quiet-owl-37,64174,8388608,45.393242247,184798.60844384597,4194304,22.633410118000004,185314.71740815294,e8d762b42241e6d8f22e743828d28d778479c946c2637da3757d64712cad9fa6
trial-0036,breakoutcnn,quiet-owl-37,64174,12582912,68.007797114,185021.60831511035,4194304,22.614554866999995,185469.22655198866,3035a968ee343e60a97b4383758d91d65b142287fe247a05f453b3d10920a872
trial-0036,breakoutcnn,quiet-owl-37,64174,16777216,90.601184865,185176.56281205194,4194304,22.593387750999995,185642.98750701334,4856fc137df0eee1472bd94098be4a677ce3502dc466e3653d4846b572fd33fc
trial-0036,snakecnn,quiet-owl-37,64174,2097152,10.381772312,202003.27429411648,2097152,10.381772312,202003.27429411648,0870c6ace2a80e2e1256fec40cb85dda9d600d308c409be392ffcf0664015061
trial-0036,snakecnn,quiet-owl-37,64174,4194304,20.558178929,204021.18370919448,2097152,10.176406617,206079.81568824532,6b32925100124eeff236faeb2dd2576d0c7175143709a30202a86961cdffb38c
trial-0036,snakecnn,quiet-owl-37,64174,6291456,30.756124115,204559.45542668714,2097152,10.197945185999998,205644.56483635784,c91c24e58ba7b44140289c913ec7e3be9d2742500af92ed5179476622de8c0a8
trial-0036,snakecnn,quiet-owl-37,64174,8388608,40.948985262,204855.08850409763,2097152,10.192861147000002,205747.1371144147,717e80d9296b689984c6d1c762c5357d19fd8205a98fb167d6324ec7805d51c2
trial-0036,mazecnn,quiet-owl-37,64174,8388608,77.873679156,107720.7098844729,8388608,77.873679156,107720.7098844729,4d04dfa2731c39b27af54ec8ef9faa84a982a0f9e9d1f6ba514d887e2f23b942
trial-0036,mazecnn,quiet-owl-37,64174,16777216,155.440267705,107933.52486911815,8388608,77.566588549,108147.18240058717,e20de442c9e35ff48e9ad67e852b960667f0f986e9db72237539660d54a3b8b1
trial-0036,mazecnn,quiet-owl-37,64174,25165824,233.60426126,107728.4458094307,8388608,78.16399355499999,107320.61680161425,830803fe0e9c6c9eb5b65b09cd6253b69cab1095a67ff21d5923beb78f59ed93
trial-0036,mazecnn,quiet-owl-37,64174,33554432,311.67925549,107656.9306713984,8388608,78.07499423000002,107442.95382575526,56cd10e95c0632da3959a8968ed31651ae3cd85a6abecb89e0f00f5c6788e8e4
trial-0037,connect4cnn,quiet-owl-38,64173,3328000,21.718037489,153236.68179897027,3328000,21.718037489,153236.68179897027,49ec47a1037fb2d9e67401908abfe702e414cb54b61e94b6d7a47604df77a274
trial-0037,connect4cnn,quiet-owl-38,64173,6656000,41.869850929,158968.80099446222,3328000,20.15181344,165146.42763584456,c6561f13b9d0e629a50c16e133f516601cac68c1e12bd11696b11b88fec7107f
trial-0037,connect4cnn,quiet-owl-38,64173,9984000,61.749363365,161685.87748807474,3328000,19.879512436,167408.53231255777,850520b79bfc1bbe231f9778940a6436e82ce1c343908a9cc551b712dadecc9d
trial-0037,connect4cnn,quiet-owl-38,64173,13312000,81.460201921,163417.22320931588,3328000,19.710838556000006,168841.11706079356,89d466443163bd94bd11615a968644cfd37d3236a05634d00223d314ce1629ca
trial-0037,pongcnn,quiet-owl-38,64173,2097152,6.571859167,319110.91621236503,2097152,6.571859167,319110.91621236503,4b6fc563bd0cd03d5b2ffc59b747976664e62da1fa103f592f9e10ade750d9bb
trial-0037,pongcnn,quiet-owl-38,64173,4194304,12.971301953,323352.5836648913,2097152,6.399442785999999,327708.53184091585,e15f839d7301c01710537d8608d632cc62e7ab07193ea44ed7f877cc8a1abd16
trial-0037,pongcnn,quiet-owl-38,64173,6291456,19.325934368,325544.72555890656,2097152,6.354632414999999,330019.4036479135,ee8cf41c94b4fcef1c5ad6bb370d287795959c30de2855634f0b560226476f96
trial-0037,pongcnn,quiet-owl-38,64173,8388608,25.720819887,326140.769884238,2097152,6.3948855190000025,327942.070857891,950846f1118913d01555894cad4956ad8402cd0c1343c48f2e1af49bbb25ecb0
trial-0037,flappycnn,quiet-owl-38,64173,4980736,13.01338496,382739.4651975315,4980736,13.01338496,382739.4651975315,de3173b8cfdfd3310e93ea92a3f657d657eeddb688eafcf7bbe601312479d66e
trial-0037,flappycnn,quiet-owl-38,64173,9961472,25.864598522,385139.2470494733,4980736,12.851213562000002,387569.31210976315,f84dc24e0552d805d2155aacacf218b46ad4b6907fd2fb01931e4f06508604ae
trial-0037,flappycnn,quiet-owl-38,64173,14942208,38.707907081,386024.6943533268,4980736,12.843308559,387807.8594093832,9b2c46a530074a36fe893ad36b985addb048ba5bf1c8c532ad6bf0e12eb1589e
trial-0037,flappycnn,quiet-owl-38,64173,19922944,51.533547597,386601.445640816,4980736,12.825640516,388342.0866027335,3f88fa2080aa440f4ee037ff22167fc638fe1d297c16d684c0e652f6e3bf0fe5
trial-0037,breakoutcnn,quiet-owl-38,64173,4194304,14.014219819,299289.15445678297,4194304,14.014219819,299289.15445678297,67153151a0b20f51ef142b44eead2c156d259244d90df9e33c3a76295a677ada
trial-0037,breakoutcnn,quiet-owl-38,64173,8388608,27.667448753,303194.12804877496,4194304,13.653228934,307202.34900296154,e17ff7f5521e0d313dbffecc19232ab1eded2c3e8ed178f1bbcce8b82994afc7
trial-0037,breakoutcnn,quiet-owl-38,64173,12582912,41.263777016,304938.4450463898,4194304,13.596328263,308487.99167449167,2923937ed16fc6c9084df9ed8f11fcef78fac182e2268d4c746ab603b1d89b0f
trial-0037,breakoutcnn,quiet-owl-38,64173,16777216,54.89883759,305602.39044216165,4194304,13.635060574,307611.68806231074,4a07744a3dcdb625bc88d5fa0fa8a341bed89f249afe9191310b6aaa7d0abbc8
trial-0037,snakecnn,quiet-owl-38,64173,2097152,5.803664527,361349.6249212132,2097152,5.803664527,361349.6249212132,aeabccb93e4126b63cf5bf855d5b742249dd8e58dcb8ce0c9a833df54a34c142
trial-0037,snakecnn,quiet-owl-38,64173,4194304,11.518514578,364135.8416137258,2097152,5.714850051,366965.3588956432,fb4f79ec4faf4d8c6df2bc0f67b264e132097c4d11039e6ea4d3875ef39a4d2e
trial-0037,snakecnn,quiet-owl-38,64173,6291456,17.16186411,366595.14139457897,2097152,5.643349532,371614.76320194727,3fa9ac85d4e0d83f3481e2f896b72d03a33afa1e553bff788eed882c23fc1595
trial-0037,snakecnn,quiet-owl-38,64173,8388608,22.921814478,365966.14146978874,2097152,5.759950368000002,364092.02614851407,e0c6e099832468413f70c7645540467626b22eaf908d6c05bd1d1e5e879e603c
trial-0037,mazecnn,quiet-owl-38,64173,8388608,38.6438975,217074.58467407434,8388608,38.6438975,217074.58467407434,a05b0d459aeee93241968373c3cedb9a183de8f4179d3501304d7dcfe92212b1
trial-0037,mazecnn,quiet-owl-38,64173,16777216,76.824416258,218383.90471665873,8388608,38.180518758,219709.11535198372,0e360b966e350871cda3ffa4672559ddae4de17c584250507dc21d3c125707e2
trial-0037,mazecnn,quiet-owl-38,64173,25165824,115.231672889,218393.28865980846,8388608,38.407256630999996,218412.05896568066,9c91eaa3a4917f0979ff34bf6788ef11826d0525d483f0b5338af76599d611d3
trial-0037,mazecnn,quiet-owl-38,64173,33554432,153.513787056,218576.01615781742,8388608,38.28211416700002,219126.03790391376,c7c07b8f77d6a3763f32fc0792ed1499fb78d4af700e1598666d4f008c2c4a58
trial-0037,connect4cnn,quiet-owl-38,64174,3328000,21.561652958,154348.0922581687,3328000,21.561652958,154348.0922581687,7cb0771597d446f75a3e20265145f8762a3f99b0d06db6f0f5a3bebc087a278e
trial-0037,connect4cnn,quiet-owl-38,64174,6656000,41.531363613,160264.42237780418,3328000,19.969710655000004,166652.38958616246,13ec46e0385a8fea9f7444e07ed8409e9cf1192ada0b3e48fcd696a191e2d37b
trial-0037,connect4cnn,quiet-owl-38,64174,9984000,61.03397191,163581.03016337022,3328000,19.502608296999995,170643.8415476935,9072bf7aa0f9298808b8fb6f2edb2b029c756e3e5560f75b5f489f2ce2d32b76
trial-0037,connect4cnn,quiet-owl-38,64174,13312000,80.347714843,165679.8830683827,3328000,19.313742933000007,172312.53473471914,c5069b3b48639c56b6a587a3ea6b8e3ff5c277983617edda613beac966534e30
trial-0037,pongcnn,quiet-owl-38,64174,2097152,6.507440936,322269.8477981238,2097152,6.507440936,322269.8477981238,25dd08197bb6a414cff11e3a92e95a50e384145c2758738308651321abeeb171
trial-0037,pongcnn,quiet-owl-38,64174,4194304,12.846633386,326490.51887561975,2097152,6.3391924500000005,330823.2107703245,f36ad7bff2ae1c6dbc51335d49a63ec0077e07149d9348a730edcc016662ede1
trial-0037,pongcnn,quiet-owl-38,64174,6291456,19.156897456,328417.2718703725,2097152,6.310264069999999,332339.8160102673,c761860327ab92cefae76073c9c15e87f4389682909927957f19ebb0196289f0
trial-0037,pongcnn,quiet-owl-38,64174,8388608,25.474086611,329299.6576520119,2097152,6.317189155000001,331975.49551609077,8c8cb7b2dc253705f9e882cb53b22f5855ea316fe012202b3a7ed009d540a0ee
trial-0037,flappycnn,quiet-owl-38,64174,4980736,13.048066464,381722.1512276932,4980736,13.048066464,381722.1512276932,ffa17e5324f7caf2bea94f5a401bbdedc511b07ef9b35f97868d9522dce3e9e7
trial-0037,flappycnn,quiet-owl-38,64174,9961472,25.855651332,385272.52213025006,4980736,12.807584868000001,388889.55656616145,45155a1bafd502812dc0be4a34cb2bba1402022f4cea4a63207bdcbb7b0d858b
trial-0037,flappycnn,quiet-owl-38,64174,14942208,38.586284063,387241.43469228054,4980736,12.730632731,391240.2553151621,26f9370a2b0abfcf822a3704cb4ec2faa1c9e241122eb47ccdd19777cc208344
trial-0037,flappycnn,quiet-owl-38,64174,19922944,51.341772584,388045.50363749475,4980736,12.755488520999997,390477.8709023936,a40ed343d07be34211d7e96caf253140621db5d7cadf1931d260f30e9002a667
trial-0037,breakoutcnn,quiet-owl-38,64174,4194304,13.755848585,304910.5966878451,4194304,13.755848585,304910.5966878451,d7e4c6baaade658c5a2a455f859a252181d39e006a4ea4f65a8915b9de251ab6
trial-0037,breakoutcnn,quiet-owl-38,64174,8388608,27.313157238,307126.99842437747,4194304,13.557308652999998,309375.8582439497,5f4b9fe0b2f7c3f187eb8304476c62066d275ecf313cebd390e250c0308dd613
trial-0037,breakoutcnn,quiet-owl-38,64174,12582912,40.891232367,307716.6246071529,4194304,13.578075129000002,308902.6949808093,e5c317e6ad30dc6fff55c0f613286e51ba29901b81583f416f35d31b56e99afb
trial-0037,breakoutcnn,quiet-owl-38,64174,16777216,54.379791887,308519.31237366045,4194304,13.488559520000003,310952.6998624979,81f46e3c171e300c16cba81710f09bf922417711f294397742745931ba1fdbbf
trial-0037,snakecnn,quiet-owl-38,64174,2097152,5.826395825,359939.84325635823,2097152,5.826395825,359939.84325635823,9580edf2340005cc7b69ce54431836306f8df3e20adb06304efb756d64e17eb1
trial-0037,snakecnn,quiet-owl-38,64174,4194304,11.458158485,366053.9348876007,2097152,5.631762660000001,372379.3289257683,a45ade1eabe2e54ddc9851af19f0e7a1266778951d1ff541f5906d5413debeef
trial-0037,snakecnn,quiet-owl-38,64174,6291456,17.12640134,367354.2313472376,2097152,5.668242855000001,369982.73603434017,207baabdd32ca1ff3d037b0a5ab18d75043d39f5ab94aa6760f99175e41bd90a
trial-0037,snakecnn,quiet-owl-38,64174,8388608,22.791697714,368055.4255002787,2097152,5.665296374,370175.1614663187,73ff0324ad101528df0550c889134310c6bdfed5c882eb074a1e5d049e77737a
trial-0037,mazecnn,quiet-owl-38,64174,8388608,38.421180729,218332.90494553559,8388608,38.421180729,218332.90494553559,dcff7720d29ac2685d9eafd644e96ca103a0d56767bccfa3e4eefc6b57eaf253
trial-0037,mazecnn,quiet-owl-38,64174,16777216,76.481215691,219363.87710916414,8388608,38.060034962,220404.63200770508,7229d317ac85afea85d37a1b3e5544518661fe51923f2fa7c9d007977d6f4a1d
trial-0037,mazecnn,quiet-owl-38,64174,25165824,114.600645603,219595.83096224035,8388608,38.119429912,220061.21338554609,0a507048c769f1eff97ede22754f8ba6d757d9794d28ddb467820b294c1c7660
trial-0037,mazecnn,quiet-owl-38,64174,33554432,153.170410748,219066.01827427777,8388608,38.56976514499999,217491.80915319783,814477515c76e150b207ecb33aa56446ce6726fb78c04c7b82632355035326ad
trial-0038,connect4cnn,quiet-owl-39,64173,3328000,23.876976733,139381.13008253774,3328000,23.876976733,139381.13008253774,5769bd37d6bf0e04191acf28370eace7ed888eb1a10f5d1c97d687f30a38f216
trial-0038,connect4cnn,quiet-owl-39,64173,6656000,46.094208354,144399.9200264473,3328000,22.217231621000003,149793.64021457708,45acd911f182e21d073b39ee65cad006ff445350eb17461282ead4c55dce8328
trial-0038,connect4cnn,quiet-owl-39,64173,9984000,68.231000192,146326.4494424136,3328000,22.136791837999994,150337.95431401033,1275ddda970fd06f6d46bd4e3370bd22b55f3066bd38046e323ee4709fff8938
trial-0038,connect4cnn,quiet-owl-39,64173,13312000,90.214892456,147558.78588995256,3328000,21.983892264000005,151383.56575053852,4db77d54d2cd8d95088fcb7efac96f51082f5dd3c9d3796d7221849acaaecdbc
trial-0038,pongcnn,quiet-owl-39,64173,2097152,7.836617134,267609.3477760043,2097152,7.836617134,267609.3477760043,b094de702b3d8c87d878052c98bc3fa5d169090f0daa4d8537b7388e97bc00d2
trial-0038,pongcnn,quiet-owl-39,64173,4194304,15.509122835,270441.0845553794,2097152,7.6725057009999995,273333.390906007,cbd2331e844902560938b73e0a4c2868f8dddd4c43f7df6af5d9df27566a675d
trial-0038,pongcnn,quiet-owl-39,64173,6291456,23.15144427,271752.2037341129,2097152,7.6423214349999995,274412.95394820045,ea02f07026b29a713d87c32739d1946c84e1f0ff482f82f046dd3e93c31de818
trial-0038,pongcnn,quiet-owl-39,64173,8388608,30.882167942,271632.74339271453,2097152,7.730723672,271274.99170558894,2c7e6295d325232c1ecc8d47ce839f5cd7b5ac71e2ac6d25a816aac30e9c9f5b
trial-0038,flappycnn,quiet-owl-39,64173,4980736,16.124835597,308886.0019711865,4980736,16.124835597,308886.0019711865,b942d9c92762daa3434c9672b78d4eec5e09546fb3540a3f25e030f39b4ac62f
trial-0038,flappycnn,quiet-owl-39,64173,9961472,32.136954414,309969.3851406289,4980736,16.012118817,311060.3947500048,d1ff52620bb81b313a1ec73e1cc49f779c5942b3eca359128d2808e2ce9ac816
trial-0038,flappycnn,quiet-owl-39,64173,14942208,48.189484115,310071.9643385624,4980736,16.052529700999997,310277.32655057625,0cf887ea71c1df9a04ea7a1fef9a9e34457a6fffc66877a6d04f4f5dc11868b4
trial-0038,flappycnn,quiet-owl-39,64173,19922944,64.19573052,310346.86946654593,4980736,16.006246405,311174.5173711763,21d79ddfcad0582ee3d0c8fe0eb225fc40a68e54f28c531667b4fe264369f076
trial-0038,breakoutcnn,quiet-owl-39,64173,4194304,16.391768338,255878.67724293118,4194304,16.391768338,255878.67724293118,51314ef547d293f05007cb92f07b268b1fb19280967fcb3baf3b8c5018925a71
trial-0038,breakoutcnn,quiet-owl-39,64173,8388608,32.788263652,255841.7880566334,4194304,16.396495314,255804.90950518745,0e23b6a672a0f36a1a998b9d9e1bff99978c96976c738048b61a1ee1c823596c
trial-0038,breakoutcnn,quiet-owl-39,64173,12582912,48.999490335,256796.79347628055,4194304,16.211226683,258728.3542459117,0f816fba9e7e620d5b61e8ba3e3fd1fb328262056014b49d446080ee6a0a0af7
trial-0038,breakoutcnn,quiet-owl-39,64173,16777216,65.256141305,257097.88633663068,4194304,16.256650970000003,258005.41622872767,cdbbac200e8a76e462c1ef493ab71b740520ae74c9bdce29de6fc3510521dcd8
trial-0038,snakecnn,quiet-owl-39,64173,2097152,7.260867388,288829.40397258225,2097152,7.260867388,288829.40397258225,342e9fac1d1ea380f5ad35c08bcc03e76772300a757ce0417779ca79375bfe5d
trial-0038,snakecnn,quiet-owl-39,64173,4194304,14.393461656,291403.42332114244,2097152,7.132594267999999,294023.7340302335,8080a1e6b74ce2405101ac534f660d5be9befc945dffec6608697534947eccd8
trial-0038,snakecnn,quiet-owl-39,64173,6291456,21.502142627,292596.7011352575,2097152,7.108680971000002,295012.81722381,0d30d4525b84364a3de58a475c45100466c77f08b56d6177dae31f0f5cf4e93a
trial-0038,snakecnn,quiet-owl-39,64173,8388608,28.623060205,293071.6680858129,2097152,7.120917578,294505.86627756077,836e0cd460a1c2540ef4547c081e03895bfb54ff348aa326c64aff90b79af36e
trial-0038,mazecnn,quiet-owl-39,64173,8388608,49.379384847,169880.77162143186,8388608,49.379384847,169880.77162143186,2e2bc8c839d85a31d98d304269edafdeabc368f2cd10c4e26f100cb6fdb8d691
trial-0038,mazecnn,quiet-owl-39,64173,16777216,98.18585585,170872.02484266984,8388608,48.806471003,171874.91387124415,e8085967d063b1bffca10c0f7cc4308217850d509ad4183876fc91f5e3ed908e
trial-0038,mazecnn,quiet-owl-39,64173,25165824,147.123036182,171052.91362304657,8388608,48.937180332,171415.84257797324,8bfcda42fb06ff71181408560a3cf362d4cc11c2aef262b549ea09e68fc672ae
trial-0038,mazecnn,quiet-owl-39,64173,33554432,196.224400916,171000.30293563756,8388608,49.101364734000015,170842.66487182476,13ef6003d180a7146f15d1249360df99b488dd13314e9bf746232c80b22f72cd
trial-0038,connect4cnn,quiet-owl-39,64174,3328000,23.471495026,141789.00816984542,3328000,23.471495026,141789.00816984542,9bc269759e469aa52c5c9f18045403462b9ddbb95ec9838ebb4b575f6d6a3061
trial-0038,connect4cnn,quiet-owl-39,64174,6656000,45.4255747,146525.3889236981,3328000,21.954079674,151589.13739123018,23786066b1354d0bfe635f3f268531cc13fd93075090d7bd5a556fb066c9e40b
trial-0038,connect4cnn,quiet-owl-39,64174,9984000,67.202185808,148566.5961599045,3328000,21.776611107999997,152824.51357995754,f7262af21cc8cc91e3d5fc39f4e93a007a19093c3bb886ad1386a3128d8d87a7
trial-0038,connect4cnn,quiet-owl-39,64174,13312000,88.969454682,149624.38566787392,3328000,21.76726887400001,152890.10391079154,9597e60ce3236b0f7744ed2e3675f501d1482c969179a654fdba91078d34c8ce
trial-0038,pongcnn,quiet-owl-39,64174,2097152,7.863903942,266680.7752825422,2097152,7.863903942,266680.7752825422,f729be45e2369b5dde103c94bfb7195a789005738e3de51504e442e3612e51fe
trial-0038,pongcnn,quiet-owl-39,64174,4194304,15.519225721,270265.02967377,2097152,7.655321778999999,273946.9431256157,3f3ef13ac1c510cdbbc0b1b1126d95efdfea19ba7a8be1e22b807904c5d3f051
trial-0038,pongcnn,quiet-owl-39,64174,6291456,23.166967653,271570.1119902625,2097152,7.647741932000001,274218.4580294229,ce1fb6570868d1c10dfb3c5db31c291af546af59b5c13ff2667356976655d330
trial-0038,pongcnn,quiet-owl-39,64174,8388608,30.774896013,272579.5725339402,2097152,7.607928359999999,275653.4894605659,4320c527f3a84bfe735c3d44a1e65d985de5e8371c097431f34badbff882e3d8
trial-0038,flappycnn,quiet-owl-39,64174,4980736,16.220181706,307070.29614579334,4980736,16.220181706,307070.29614579334,78ec6b8148630a5562acfe23a62772f7c30421170021b31b0b26f3d465432374
trial-0038,flappycnn,quiet-owl-39,64174,9961472,32.311008186,308299.63406453514,4980736,16.09082648,309538.8547127009,a899089754b3675e0ada88596dfee529a383aca1e91c388877d9d489a46b3096
trial-0038,flappycnn,quiet-owl-39,64174,14942208,48.191208466,310060.8695161083,4980736,15.880200279999997,313644.4070087006,6052addc6f0d09c4a35460741e10725251dac0c3856825c43abdf83c80aaad49
trial-0038,flappycnn,quiet-owl-39,64174,19922944,64.095689768,310831.2598259392,4980736,15.904481302,313165.57298688317,7c6276bd14e6ff8ab63b0b2699d9eff9f5f304432ec2aecfa1a78e1771d58e41
trial-0038,breakoutcnn,quiet-owl-39,64174,4194304,16.339434145,256698.24075783504,4194304,16.339434145,256698.24075783504,5f27379338ecf185f0104d053273cb6b480b2edf645bf56265e649657ba5f1f9
trial-0038,breakoutcnn,quiet-owl-39,64174,8388608,32.454431893,258473.41982927496,4194304,16.114997748,260273.322130656,37155268ba11bedd2a022d6afb06a7edaf7dab9f27c5b28a18671adc1ca94a37
trial-0038,breakoutcnn,quiet-owl-39,64174,12582912,48.617298937,258815.5301738457,4194304,16.162867044000002,259502.47493726766,2e5b4b8272214d0ffbeb80cbdf58a9f92e0917e33433d5c5aca80583d36a5717
trial-0038,breakoutcnn,quiet-owl-39,64174,16777216,64.707012084,259279.72038363482,4194304,16.089713146999998,260682.33545742533,576f481c3615e90cd7f042b91d055c2188b24724ac1c09338848371b01879528
trial-0038,snakecnn,quiet-owl-39,64174,2097152,7.197854297,291357.939945252,2097152,7.197854297,291357.939945252,dd9a809e589862adb6c021f18815343f9bb500fd05153367d1029761952d4667
trial-0038,snakecnn,quiet-owl-39,64174,4194304,14.247997936,294378.4817235532,2097152,7.050143639000001,297462.3082002145,5a0f9c778a6e4f7b941e94b22246090ecb3c8bcedc6fa8e01934893acd2e3f8b
trial-0038,snakecnn,quiet-owl-39,64174,6291456,21.304501533,295311.1102015099,2097152,7.056503596999999,297194.2083174992,665ae073c9454957d0e6ac9a975be5d0014ac733183245b40ba10be9280ffb19
trial-0038,snakecnn,quiet-owl-39,64174,8388608,28.328326132,296120.8495310329,2097152,7.023824599000001,298576.9320461927,b8be85312fc0f317d8820df6284cad9e13a445623f85b03276a2badd6b161e51
trial-0038,mazecnn,quiet-owl-39,64174,8388608,49.44955992,169639.68968725254,8388608,49.44955992,169639.68968725254,a38b8ea2cb26641a56c7ed20957abe8549ca22002231f113be5e1085079d72ed
trial-0038,mazecnn,quiet-owl-39,64174,16777216,98.604915461,170145.83828364708,8388608,49.155355541000006,170655.01627799525,eb04a4eed6327da36792335f6d141fad322e50b77d3faea4c73582716f0ae6c4
trial-0038,mazecnn,quiet-owl-39,64174,25165824,147.875806926,170182.1584148209,8388608,49.27089146499999,170254.84521543357,393a47f88e8551c75839d3205c9310577849a404e2ecf94baa26986b96c48524
trial-0038,mazecnn,quiet-owl-39,64174,33554432,196.934144405,170384.0240674287,8388608,49.058337479000016,170992.50466020868,efd4d2a82deb58f879ff50572426f74b687f42d968547d62d2489a99e1cabc0f
trial-0039,connect4cnn,quiet-owl-40,64173,3328000,22.308422491,149181.32384047468,3328000,22.308422491,149181.32384047468,0325e25ab3c51f781f49d04ac8b44263600dc96561333d792139776b790fa9c4
trial-0039,connect4cnn,quiet-owl-40,64173,6656000,43.279942853,153789.48217669912,3328000,20.971520362,158691.40351074754,cd5f1d481b5556cd7f9108ecb1da7c05bca7b6392f3d9b2c4bb231370818632d
trial-0039,connect4cnn,quiet-owl-40,64173,9984000,63.984772822,156037.12507934676,3328000,20.704829968999995,160735.44216411337,d90224ef346b80ba49b031afc15de9bd96e20b13d790dff6ba6bb0889dfb5b49
trial-0039,connect4cnn,quiet-owl-40,64173,13312000,84.570985231,157406.23056050678,3328000,20.586212408999998,161661.59825228684,1fa7a3899c2a19cb7aeaaa26c6372d39a82184ab2bc67836494db880abc27256
trial-0039,pongcnn,quiet-owl-40,64173,2097152,6.930999105,302575.7135774439,2097152,6.930999105,302575.7135774439,2e6e6005871b9639e0a55967f9e0cd800f287243a265cf841773b894a9f1deea
trial-0039,pongcnn,quiet-owl-40,64173,4194304,13.689567877,306386.88070256024,2097152,6.758568772,310295.2815525482,449896fb57bc1d095f24eb29b27a007eb9de3b17f24c5ca11fce49635c1b6090
trial-0039,pongcnn,quiet-owl-40,64173,6291456,20.446106335,307709.2477617695,2097152,6.756538458,310388.52409948054,472925259f402c459e3f1ef87d176f6c641e379b712bc7e9cadb9803d0dba2b5
trial-0039,pongcnn,quiet-owl-40,64173,8388608,27.229161758,308074.41207900585,2097152,6.783055423,309175.12377813866,c2a3812fc372a482a7ff8d826f2204bd085bf431e51b27fba64c281ac339cc96
trial-0039,flappycnn,quiet-owl-40,64173,4980736,14.135945292,352345.44964027015,4980736,14.135945292,352345.44964027015,369810489772e9f1181ef224ce724d4b7789ba965b539624e0ab1b1544182a94
trial-0039,flappycnn,quiet-owl-40,64173,9961472,27.955788214,356329.4986979257,4980736,13.819842921999998,360404.67522761045,d9bd9297a068b63bcbbd3b54d9ac83515e6759802eed8caf62342281a777cbd9
trial-0039,flappycnn,quiet-owl-40,64173,14942208,41.697660092,358346.4387937387,4980736,13.741871878000001,362449.60251549794,fba24ab28f23e72def7295722d3513502a9eac6bfc62ccd6eb4091f51f6c30cd
trial-0039,flappycnn,quiet-owl-40,64173,19922944,55.481855416,359089.36084813357,4980736,13.784195324000002,361336.72535297857,00c2de4e169d82d41f8d8e84e29fee23cd89c7bc495fd22da6801f8a8080f3e8
trial-0039,breakoutcnn,quiet-owl-40,64173,4194304,14.584108635,287594.1276201279,4194304,14.584108635,287594.1276201279,ea65049508cf0fea624a64cc885a108a6a65f9c8ad0928c104f8d19204ab9690
trial-0039,breakoutcnn,quiet-owl-40,64173,8388608,29.066536449,288600.19200150005,4194304,14.482427814000001,289613.3199397281,0fdf5374f2ce53572ba0feac7e29ef031116d25e74d2c5608baac0000769bdda
trial-0039,breakoutcnn,quiet-owl-40,64173,12582912,43.523908327,289103.4487404755,4194304,14.457371878,290115.2460761237,47eaf504dc7470fd8e388675d8f4f686ca6abf1764a92d8ebc005fa86fb7eccd
trial-0039,breakoutcnn,quiet-owl-40,64173,16777216,57.933939385,289592.1834092277,4194304,14.410031058000001,291068.3525329012,f5c24b3c93cb81a6f7752ba1f814bdd44a10b6cd3b34381800f7bf22fae2427a
trial-0039,snakecnn,quiet-owl-40,64173,2097152,6.344877145,330526.80959356856,2097152,6.344877145,330526.80959356856,9e196701286d1a1d397daa27692966f2fd67dd261620cf25c9d4ad946330b6ca
trial-0039,snakecnn,quiet-owl-40,64173,4194304,12.511972787,335223.2354883238,2097152,6.167095642,340055.04726044595,323fbc4dcd23e92e94499d553f8466ca43767a83a17f04764cebc9a098d90bf4
trial-0039,snakecnn,quiet-owl-40,64173,6291456,18.612182718,338028.91876380943,2097152,6.100209931,343783.57855238864,d60a97a2e2e5dfc00347aa592d893679251e199f275eb21a5d2ac3f1b7cadeb0
trial-0039,snakecnn,quiet-owl-40,64173,8388608,24.709690052,339486.5731762195,2097152,6.0975073339999994,343935.95368162624,a029e5eff7f5964f185ab2df3e4c481f1a7234b1d4dee06ad6a49971afb93b9a
trial-0039,mazecnn,quiet-owl-40,64173,8388608,40.227611443,208528.61253982555,8388608,40.227611443,208528.61253982555,ea438f92267ea504af8f1c764402568f1b72ed28a6f5412761fb6f35bf38d62e
trial-0039,mazecnn,quiet-owl-40,64173,16777216,80.120189198,209400.60386700634,8388608,39.892577755000005,210279.91852315434,81ccfe3dd4d90b6a4414f4cf156288bea39b00d7be9ce7a5bf6c84d918121df8
trial-0039,mazecnn,quiet-owl-40,64173,25165824,120.233826428,209307.35340998342,8388608,40.113637229999995,209121.10143246668,327339ef1a51bac3589d7429ba4ae8608fd62c3febac478183b0e37300437e57
trial-0039,mazecnn,quiet-owl-40,64173,33554432,160.145144025,209525.12924626595,8388608,39.91131759700001,210181.1843122549,204edc05301086d1060124ea8f81d2bb696ce2dfcd607a2b1f90117da0544634
trial-0039,connect4cnn,quiet-owl-40,64174,3328000,22.275070592,149404.68925809994,3328000,22.275070592,149404.68925809994,32fe0e1eaf6b7db3e675551d598d80e6ad87ab37ae5cfd1a3ab6f767deaee4cb
trial-0039,connect4cnn,quiet-owl-40,64174,6656000,43.31538655,153663.64080156176,3328000,21.040315958,158172.52966368216,25912207f583ec395a37355362b497986f7f19b1a33f44e30640b8875baa2b20
trial-0039,connect4cnn,quiet-owl-40,64174,9984000,63.978365017,156052.75310407046,3328000,20.662978467000002,161061.001216016,d6850edb8120df595d2581702f390542507c4396fd5d7a806765a59c9eb891bb
trial-0039,connect4cnn,quiet-owl-40,64174,13312000,84.587676638,157375.17010864135,3328000,20.609311621000003,161480.40561475672,c2005d5f093247e620f4d3400c620420f0944c620e6ff098cbf5827630619be2
trial-0039,pongcnn,quiet-owl-40,64174,2097152,6.947524076,301856.0248311402,2097152,6.947524076,301856.0248311402,4dc642526ae31c6d01e1e927abc3ee40e1d5a7e76090bd49b0b63462f6141e86
trial-0039,pongcnn,quiet-owl-40,64174,4194304,13.663868026,306963.1521629862,2097152,6.71634395,312246.0695301348,e492ffbd210374b5ecbe71cb19a6afba1db29c4f01fdd961c7bfb5f23da70530
trial-0039,pongcnn,quiet-owl-40,64174,6291456,20.398726555,308423.9588700149,2097152,6.734858529,311387.6840871649,5d6e969b237cb8eec6760c5848418e855b203bd602f4e47d8899257da5cee35c
trial-0039,pongcnn,quiet-owl-40,64174,8388608,27.176920763,308666.6099207481,2097152,6.778194207999999,309396.8593471142,91149d07834734d052ead1da769d550d0c0714cefee68638a5ac17414d51671d
trial-0039,flappycnn,quiet-owl-40,64174,4980736,14.07259385,353931.62433946034,4980736,14.07259385,353931.62433946034,c4a1ab47e43267c1e2ca4aedb9d1aa0a4ca57a402c2370248b072c349c75ae56
trial-0039,flappycnn,quiet-owl-40,64174,9961472,27.939684495,356534.8779003812,4980736,13.867090645000001,359176.71035026247,43ecd3222c5e38e061b85d0d21d3de9add69cea6c6c37f6933ae408cb75e6a35
trial-0039,flappycnn,quiet-owl-40,64174,14942208,41.805981912,357417.94156283134,4980736,13.866297416999998,359197.2572212137,ad2457332f9fc219f3bafa32c3f385723628cb720b0360b8198edbd6edc6a8f3
trial-0039,flappycnn,quiet-owl-40,64174,19922944,55.678994552,357817.9555917352,4980736,13.873012639999999,359023.38801588526,4e631e65eaa4594f13b658596c5045d44acdf6824468d0fe1d631a4668bfe94e
trial-0039,breakoutcnn,quiet-owl-40,64174,4194304,14.603704703,287208.2177297364,4194304,14.603704703,287208.2177297364,bf9da26a5682517d01467e599eafd72014b198649a19fd29f65560a683104321
trial-0039,breakoutcnn,quiet-owl-40,64174,8388608,28.988431422,289377.7823947276,4194304,14.384726719000001,291580.3742354015,0812a143f6779ff8623d8a5725b95d29b32b03cdb382192ccfac831bf8c59d35
trial-0039,breakoutcnn,quiet-owl-40,64174,12582912,43.362193479,290181.6303664116,4194304,14.373762056999997,291802.7989726866,07f538e54adc989af14d6da63f76668b8f93ca323c39d09ce08d5e162d1455d5
trial-0039,breakoutcnn,quiet-owl-40,64174,16777216,57.741814896,290555.74422483594,4194304,14.379621417000003,291683.896144955,7731cae012e3fe10adc8b96fae32728b852c5e64142b71770afb88e0b54285b1
trial-0039,snakecnn,quiet-owl-40,64174,2097152,6.298782497,332945.6130607521,2097152,6.298782497,332945.6130607521,50e53f64de585aa23df7ebeeee43966b06abcffcc62a0955c7d4288bfd979059
trial-0039,snakecnn,quiet-owl-40,64174,4194304,12.396690548,338340.6227460184,2097152,6.097908051,343913.3523268011,1cbfd39b3c473d60a99aa18545a8ec5697f1e95890823f0a77be1ed38b3d007d
trial-0039,snakecnn,quiet-owl-40,64174,6291456,18.551331264,339137.7098747062,2097152,6.154640716000001,340743.20448115,9c2781604584a069a5a66c7a2a3f75acbf3c2bd124149f5e4ccb3c058cfc6ac3
trial-0039,snakecnn,quiet-owl-40,64174,8388608,24.65941051,340178.7725865633,2097152,6.108079245999999,343340.6666053593,8e4db1e360b883e993db77d458c0923b4e8bc3a129b1f31f6ab8ec7f2e44fded
trial-0039,mazecnn,quiet-owl-40,64174,8388608,40.361597147,207836.3740029428,8388608,40.361597147,207836.3740029428,41da8794d234501c81414390bcbb5d2802a9dad044b970963b91c4ac7cf4ccbb
trial-0039,mazecnn,quiet-owl-40,64174,16777216,80.38912252,208700.07625504307,8388608,40.027525373,209570.98701031407,2a183ac5cf898f81389e83d515f783097bf0503853308d3bfce6f50c4f04979b
trial-0039,mazecnn,quiet-owl-40,64174,25165824,120.709515696,208482.51983197982,8388608,40.320393175999996,208048.76488637942,96b52ee9a34492807a2c0d0b058dd21a4a3089f66f130a7e31cfaa99723e68f0
trial-0039,mazecnn,quiet-owl-40,64174,33554432,161.14795049,208221.27677064197,8388608,40.438434794,207441.46114291862,00ff09fc8cd9cad12cea070313a83fa3ac0976de23d05c06a3a21014f078cbf4
trial-0040,connect4cnn,quiet-owl-41,64173,3328000,22.755666961,146249.28400049632,3328000,22.755666961,146249.28400049632,674028143dc9ff17cdcddb3b4bb93adc7bc23e9dc24fb3b2216f1e1292b3149b
trial-0040,connect4cnn,quiet-owl-41,64173,6656000,44.066778778,151043.4886455317,3328000,21.311111817,156162.66427475805,b8b3c80e0086e95ecfc3199469ec6d5b114c71f2b682046321ceb941dee02449
trial-0040,connect4cnn,quiet-owl-41,64173,9984000,65.385127183,152695.27536524882,3328000,21.318348404999995,156109.65431165637,d8a4994248bcf2b88f8ac658a9c3ba75be6db8d6003bb7fb1b71fb7c0398e60a
trial-0040,connect4cnn,quiet-owl-41,64173,13312000,86.53770576,153828.89901101534,3328000,21.152578577,157333.06404632202,edd69477fd29877e6e36c6397fe17ae83b2763c8b6c5325f75a2c52f0443e9d4
trial-0040,pongcnn,quiet-owl-41,64173,2097152,7.308619327,286942.2945935299,2097152,7.308619327,286942.2945935299,0bef346fe7cface111e9c3db131658e37f9dde0eb3df330d6e8fea73fe3ca3da
trial-0040,pongcnn,quiet-owl-41,64173,4194304,14.450929692,290244.5786807721,2097152,7.142310365000001,293623.7565755797,60b74f65b731b65e84f342b2b74a01fb16e25869581be46726da8a4f62f1ae74
trial-0040,pongcnn,quiet-owl-41,64173,6291456,21.595306014,291334.4222082946,2097152,7.144376321999998,293538.84866648837,8eec27f7389a0b0c68ca789ecdd8facef1281e28f4f8861fbea77755fa1a3dc4
trial-0040,pongcnn,quiet-owl-41,64173,8388608,28.773664795,291537.6980918221,2097152,7.178358781,292149.23131884064,749f664553ba08079364691d18376ecc5b3709b06b333856017a15bc83cc827f
trial-0040,flappycnn,quiet-owl-41,64173,4980736,14.960915545,332916.5240602259,4980736,14.960915545,332916.5240602259,24f86b3e6d7ad1908e6f802e8acf7f921cbf3c4d6bd688d890e682e29c7c52ef
trial-0040,flappycnn,quiet-owl-41,64173,9961472,29.802707639,334247.21406736743,4980736,14.841792094,335588.5844818923,d11f61e15afe2b1f12ef605eb680c921143c25ec37537c46425990bb84b33952
trial-0040,flappycnn,quiet-owl-41,64173,14942208,44.620426545,334873.71495498106,4980736,14.817718906,336133.78898577957,2e14b87c00a512b792f9e425562a47d9ae358cc5c5b55bebd6cba7f626a1d43d
trial-0040,flappycnn,quiet-owl-41,64173,19922944,59.473818573,334986.7971827967,4980736,14.853392028000002,335326.50256660953,acbad2b2bc713e1e6fb1646148d6ceb9a02821f327c68f7f5205262e71b8c13c
trial-0040,breakoutcnn,quiet-owl-41,64173,4194304,15.346137741,273313.3294375531,4194304,15.346137741,273313.3294375531,69e4506ade7d99947707092f900aa4c9b44bb0bf19f6d3cbecaaf447e3f1a616
trial-0040,breakoutcnn,quiet-owl-41,64173,8388608,30.558746352,274507.5960699868,4194304,15.212608611,275712.34541373554,55697c9fa7236e08e808e6f6f715a289ea09d9a6efd35a5d5f0ea820798d939c
trial-0040,breakoutcnn,quiet-owl-41,64173,12582912,45.769566603,274918.7491579884,4194304,15.210820251000001,275744.7613467298,31fcaac3b29c4441e7a732df166955283fca5d58348baf6a85480fd5f580b7a6
trial-0040,breakoutcnn,quiet-owl-41,64173,16777216,60.935129564,275329.126565308,4194304,15.165562961,276567.6428093133,04065e39fb41aa5d58154eac537f62ff31ebd3782c9630ae6c15b14681ca1106
trial-0040,snakecnn,quiet-owl-41,64173,2097152,6.666419101,314584.4820475532,2097152,6.666419101,314584.4820475532,26ca4929be6e0ed99a9ebc5445602a6c11c427fb0e573bb15ac10748644018d1
trial-0040,snakecnn,quiet-owl-41,64173,4194304,13.112834332,319862.50217196747,2097152,6.4464152310000005,325320.65106744284,5df4153a4e907af270e560c02a3fbc661890b3b1abe1613632bdcca2b33c4557
trial-0040,snakecnn,quiet-owl-41,64173,6291456,19.603922347,320928.4289458933,2097152,6.491088015000001,323081.73840098514,45dec5812c781c31fe9c9e85e4a91096d62e06b2b0d011d4efa895679298a6dc
trial-0040,snakecnn,quiet-owl-41,64173,8388608,26.114067763,321229.46436883684,2097152,6.510145416,322135.96870598686,f15f5188659076d3a1c4aeeb6b8288c7163e25b032f87015cdb0db80a9eb9329
trial-0040,mazecnn,quiet-owl-41,64173,8388608,46.636854302,179870.79372204264,8388608,46.636854302,179870.79372204264,576d6f78fc9568919c80cb44a5800ce8fbe389d1baf649e4da5b65d0a0fe8c0d
trial-0040,mazecnn,quiet-owl-41,64173,16777216,93.05521617,180293.12799994112,8388608,46.41836186799999,180717.45021624642,8e1e76ffdce79825c64599e77ccd639e2792ed65e819045f50e39149aa9ed22a
trial-0040,mazecnn,quiet-owl-41,64173,25165824,139.636175377,180224.24298041294,8388608,46.58095920700001,180086.63073514795,01258d6311b82b90f3f3a95041023939ca0308c6206c022914aacd2b458f3638
trial-0040,mazecnn,quiet-owl-41,64173,33554432,185.98545744,180414.2778788221,8388608,46.349282063000004,180986.79475979437,e148942d7cd8b0f06a30174a2d12f6058018e3aff8888e25587512c7f3de436a
trial-0040,connect4cnn,quiet-owl-41,64174,3328000,22.90311225,145307.76270373474,3328000,22.90311225,145307.76270373474,5114614aac09f9164ae5489c658af76dedea8bfe83fba57b25185ad7fd7b710a
trial-0040,connect4cnn,quiet-owl-41,64174,6656000,44.232152568,150478.77196949537,3328000,21.329040317999997,156031.39899320438,05bcacbf5280e5b883305d532f085a3cd642555aa9e34f3f92f1f49c8a76d974
trial-0040,connect4cnn,quiet-owl-41,64174,9984000,65.336063811,152809.9401408857,3328000,21.103911243000006,157695.88687518152,5d3fc199b42335fa4f149b0f941c59c5b557fec7660a00bf355f7220d40a5b5b
trial-0040,connect4cnn,quiet-owl-41,64174,13312000,86.562974906,153783.9938432765,3328000,21.22691109499999,156782.11422781678,b767ba5950a403f1dcdbc5483b71f903abb226dadd65f9eb4fcb6848136a2b56
trial-0040,pongcnn,quiet-owl-41,64174,2097152,7.373924399,284401.0714680505,2097152,7.373924399,284401.0714680505,9ff258875e9c80e8f30e760a661275988e49fbb900466229a760a349b2673ebb
trial-0040,pongcnn,quiet-owl-41,64174,4194304,14.533467779,288596.2293225379,2097152,7.159543380000001,292917.0044361125,eaeb4f6546746c2ad08701bef891c5e4610b298129e1bd404b4c2dc6c0438a3e
trial-0040,pongcnn,quiet-owl-41,64174,6291456,21.696135724,289980.48684957606,2097152,7.162667945000001,292789.22548181866,12e5b1952cfa46338beed9d1e19ffbb127eef2ec9ed933173f8110455c9de057
trial-0040,pongcnn,quiet-owl-41,64174,8388608,28.878678277,290477.5599332392,2097152,7.1825425529999976,291979.05679292686,f9ca68759ea05885bde04044b566785aa8112b9ec11ddeb1eff0985bc2f851df
trial-0040,flappycnn,quiet-owl-41,64174,4980736,15.124103226,329324.3854245563,4980736,15.124103226,329324.3854245563,bb8ba8017bc4d8def42610157ea9d8917cb5ba970f9e67ebc09be407ae84b79b
trial-0040,flappycnn,quiet-owl-41,64174,9961472,30.062981416,331353.4297266453,4980736,14.938878189999999,333407.6318618139,470db2b61a6abf16a5333a881a183731a41f530338e82fcfdbbf8f1ff127dd91
trial-0040,flappycnn,quiet-owl-41,64174,14942208,45.060344842,331604.3863488727,4980736,14.997363426,332107.4417230702,a64fbf189294d489b2b333ef18ea673598cd0f3dcae79b2f55952e4e74907c65
trial-0040,flappycnn,quiet-owl-41,64174,19922944,60.025274472,331909.2528147199,4980736,14.96492963,332827.2249282872,73a0a6f8d1d56c41ba90c17ba6576a04656f84f72c0550dceaabe4309e800de0
trial-0040,breakoutcnn,quiet-owl-41,64174,4194304,15.628166514,268381.0667260721,4194304,15.628166514,268381.0667260721,05de23c1a9f18217501af0579ff530780cfb5b8d5bb5b70a32c2e2fff198ecd1
trial-0040,breakoutcnn,quiet-owl-41,64174,8388608,30.888353854,271578.34437051706,4194304,15.260187340000002,274852.72012394574,c78267f6f39165f452402d4f900274a7478dffdef007a9f37b48bfd172dac291
trial-0040,breakoutcnn,quiet-owl-41,64174,12582912,46.148867808,272659.1701523548,4194304,15.260513953999997,274846.83757329243,9cf84d988043056bc8084afafe2555ca163cecfb4c3337bc0c559ce9ac9f32ec
trial-0040,breakoutcnn,quiet-owl-41,64174,16777216,61.488101263,272853.0505152476,4194304,15.339233454999999,273436.3494958621,7851d852bc34015a44ae855dfbc2218b6034fc3628065f2e25fbe0978ef4bba7
trial-0040,snakecnn,quiet-owl-41,64174,2097152,6.828072008,307136.7726560156,2097152,6.828072008,307136.7726560156,bc2ede8ccec227c74dd5aca4a50db402f2a0ca1cc8364d65d68972503f5098ea
trial-0040,snakecnn,quiet-owl-41,64174,4194304,13.463365363,311534.5893773915,2097152,6.635293354999999,316060.1781712785,d569113455e97da988a6721782cd3af9ea70a6d5e0e8c618f3962d3a5951cc83
trial-0040,snakecnn,quiet-owl-41,64174,6291456,20.156312146,312133.2887895633,2097152,6.692946783000002,313337.6176435078,96a475bb70b726f037ddd2a9bcd5c9975f4a8d064c81e3a98a8ae9ecea520e6a
trial-0040,snakecnn,quiet-owl-41,64174,8388608,26.793683242,313081.5544930596,2097152,6.637371095999999,315961.2397239391,b50ada536db30e1efae06d2da82e9b00fb462516ff0daa8a59f443ad25f6fefd
trial-0040,mazecnn,quiet-owl-41,64174,8388608,47.142165051,177942.78202804047,8388608,47.142165051,177942.78202804047,b02c80141f6a7e59ed369e0baa79343fe867c0ca215a4d9ddcc77f2d54315937
trial-0040,mazecnn,quiet-owl-41,64174,16777216,94.170574,178157.7332214201,8388608,47.028408949,178373.2043560528,50bc112b894eacd979a26f356879d7c1bcd2dacb0315ebd10cd96184b2384345
trial-0040,mazecnn,quiet-owl-41,64174,25165824,141.398471943,177978.04781189395,8388608,47.227897943,177619.7621610076,4bb661d7e14899e7c67e72a1173d60b97344c3721f39356410fcf22f5781fef1
trial-0040,mazecnn,quiet-owl-41,64174,33554432,188.585376943,177927.0086786307,8388608,47.186904999999996,177774.06676704058,4dc249ae45bdada94f2203d2e68769e6d957efc168fcf54c10a6f484a5a5b3fb
trial-0041,connect4cnn,quiet-owl-42,64173,3328000,23.204438686,143420.8362044065,3328000,23.204438686,143420.8362044065,674028143dc9ff17cdcddb3b4bb93adc7bc23e9dc24fb3b2216f1e1292b3149b
trial-0041,connect4cnn,quiet-owl-42,64173,6656000,44.97588918,147990.40377749345,3328000,21.771450494000003,152860.7384665144,b8b3c80e0086e95ecfc3199469ec6d5b114c71f2b682046321ceb941dee02449
trial-0041,connect4cnn,quiet-owl-42,64173,9984000,66.635434691,149830.19239384466,3328000,21.659545510999997,153650.50011367252,d8a4994248bcf2b88f8ac658a9c3ba75be6db8d6003bb7fb1b71fb7c0398e60a
trial-0041,connect4cnn,quiet-owl-42,64173,13312000,88.232593449,150873.95121956343,3328000,21.597158758000006,154094.34348706837,edd69477fd29877e6e36c6397fe17ae83b2763c8b6c5325f75a2c52f0443e9d4
trial-0041,pongcnn,quiet-owl-42,64173,2097152,7.373658678,284411.32029301126,2097152,7.373658678,284411.32029301126,0bef346fe7cface111e9c3db131658e37f9dde0eb3df330d6e8fea73fe3ca3da
trial-0041,pongcnn,quiet-owl-42,64173,4194304,14.525546585,288753.6090608325,2097152,7.151887907000001,293230.54657321825,60b74f65b731b65e84f342b2b74a01fb16e25869581be46726da8a4f62f1ae74
trial-0041,pongcnn,quiet-owl-42,64173,6291456,21.689574436,290068.2085102391,2097152,7.164027851,292733.6469954212,8eec27f7389a0b0c68ca789ecdd8facef1281e28f4f8861fbea77755fa1a3dc4
trial-0041,pongcnn,quiet-owl-42,64173,8388608,28.872187419,290542.86321512604,2097152,7.1826129829999985,291976.19375617144,749f664553ba08079364691d18376ecc5b3709b06b333856017a15bc83cc827f
trial-0041,flappycnn,quiet-owl-42,64173,4980736,14.925735109,333701.2189769259,4980736,14.925735109,333701.2189769259,24f86b3e6d7ad1908e6f802e8acf7f921cbf3c4d6bd688d890e682e29c7c52ef
trial-0041,flappycnn,quiet-owl-42,64173,9961472,29.66553198,335792.79841385805,4980736,14.739796871000001,337910.7625152835,d11f61e15afe2b1f12ef605eb680c921143c25ec37537c46425990bb84b33952
trial-0041,flappycnn,quiet-owl-42,64173,14942208,44.422657215,336364.57017151447,4980736,14.757125235,337513.97516008135,2e14b87c00a512b792f9e425562a47d9ae358cc5c5b55bebd6cba7f626a1d43d
trial-0041,flappycnn,quiet-owl-42,64173,19922944,59.188395604,336602.1970471116,4980736,14.765738389,337317.09642847854,acbad2b2bc713e1e6fb1646148d6ceb9a02821f327c68f7f5205262e71b8c13c
trial-0041,breakoutcnn,quiet-owl-42,64173,4194304,15.445335615,271557.9709337381,4194304,15.445335615,271557.9709337381,69e4506ade7d99947707092f900aa4c9b44bb0bf19f6d3cbecaaf447e3f1a616
trial-0041,breakoutcnn,quiet-owl-42,64173,8388608,30.717469966,273089.1577100924,4194304,15.272134351,274637.7096745068,55697c9fa7236e08e808e6f6f715a289ea09d9a6efd35a5d5f0ea820798d939c
trial-0041,breakoutcnn,quiet-owl-42,64173,12582912,45.926870662,273977.1253435547,4194304,15.209400696,275770.4977227066,31fcaac3b29c4441e7a732df166955283fca5d58348baf6a85480fd5f580b7a6
trial-0041,breakoutcnn,quiet-owl-42,64173,16777216,61.139774673,274407.5536707695,4194304,15.212904011,275706.99170698924,04065e39fb41aa5d58154eac537f62ff31ebd3782c9630ae6c15b14681ca1106
trial-0041,snakecnn,quiet-owl-42,64173,2097152,6.719873026,312082.0872486527,2097152,6.719873026,312082.0872486527,26ca4929be6e0ed99a9ebc5445602a6c11c427fb0e573bb15ac10748644018d1
trial-0041,snakecnn,quiet-owl-42,64173,4194304,13.231082893,317003.8336181105,2097152,6.511209867,322083.30599643994,5df4153a4e907af270e560c02a3fbc661890b3b1abe1613632bdcca2b33c4557
trial-0041,snakecnn,quiet-owl-42,64173,6291456,19.708967406,319217.9412750306,2097152,6.477884512999999,323740.2574546331,45dec5812c781c31fe9c9e85e4a91096d62e06b2b0d011d4efa895679298a6dc
trial-0041,snakecnn,quiet-owl-42,64173,8388608,26.201909892,320152.5398177642,2097152,6.4929424860000005,322989.4619460826,f15f5188659076d3a1c4aeeb6b8288c7163e25b032f87015cdb0db80a9eb9329
trial-0041,mazecnn,quiet-owl-42,64173,8388608,47.089661503,178141.18284680336,8388608,47.089661503,178141.18284680336,576d6f78fc9568919c80cb44a5800ce8fbe389d1baf649e4da5b65d0a0fe8c0d
trial-0041,mazecnn,quiet-owl-42,64173,16777216,93.969550422,178538.85566820958,8388608,46.879888918999995,178938.3079489374,8e1e76ffdce79825c64599e77ccd639e2792ed65e819045f50e39149aa9ed22a
trial-0041,mazecnn,quiet-owl-42,64173,25165824,141.08408711,178374.6453303326,8388608,47.114536688000015,178047.1291811846,01258d6311b82b90f3f3a95041023939ca0308c6206c022914aacd2b458f3638
trial-0041,mazecnn,quiet-owl-42,64173,33554432,187.874598305,178600.15298889397,8388608,46.79051119499999,179280.11012832023,e148942d7cd8b0f06a30174a2d12f6058018e3aff8888e25587512c7f3de436a
trial-0041,connect4cnn,quiet-owl-42,64174,3328000,22.9312299,145129.590279848,3328000,22.9312299,145129.590279848,5114614aac09f9164ae5489c658af76dedea8bfe83fba57b25185ad7fd7b710a
trial-0041,connect4cnn,quiet-owl-42,64174,6656000,44.212103037,150547.0118539659,3328000,21.280873136999997,156384.56084838792,05bcacbf5280e5b883305d532f085a3cd642555aa9e34f3f92f1f49c8a76d974
trial-0041,connect4cnn,quiet-owl-42,64174,9984000,65.414603304,152626.470172135,3328000,21.202500266999998,156962.6203556647,5d3fc199b42335fa4f149b0f941c59c5b557fec7660a00bf355f7220d40a5b5b
trial-0041,connect4cnn,quiet-owl-42,64174,13312000,86.482350123,153927.36183818933,3328000,21.067746819000007,157966.58411513822,b767ba5950a403f1dcdbc5483b71f903abb226dadd65f9eb4fcb6848136a2b56
trial-0041,pongcnn,quiet-owl-42,64174,2097152,7.336185185,285864.10336096224,2097152,7.336185185,285864.10336096224,9ff258875e9c80e8f30e760a661275988e49fbb900466229a760a349b2673ebb
trial-0041,pongcnn,quiet-owl-42,64174,4194304,14.502529741,289211.88750555104,2097152,7.166344556,292639.01332293125,eaeb4f6546746c2ad08701bef891c5e4610b298129e1bd404b4c2dc6c0438a3e
trial-0041,pongcnn,quiet-owl-42,64174,6291456,21.651908859,290572.8100450989,2097152,7.149379117999999,293333.44411964365,12e5b1952cfa46338beed9d1e19ffbb127eef2ec9ed933173f8110455c9de057
trial-0041,pongcnn,quiet-owl-42,64174,8388608,28.816552917,291103.79802058963,2097152,7.164644058,292708.46995648474,f9ca68759ea05885bde04044b566785aa8112b9ec11ddeb1eff0985bc2f851df
trial-0041,flappycnn,quiet-owl-42,64174,4980736,14.997792091,332097.9494701011,4980736,14.997792091,332097.9494701011,bb8ba8017bc4d8def42610157ea9d8917cb5ba970f9e67ebc09be407ae84b79b
trial-0041,flappycnn,quiet-owl-42,64174,9961472,29.781093236,334489.802676497,4980736,14.783301145,336916.3592858678,470db2b61a6abf16a5333a881a183731a41f530338e82fcfdbbf8f1ff127dd91
trial-0041,flappycnn,quiet-owl-42,64174,14942208,44.550062724,335402.62541426986,4980736,14.768969488,337243.29947644076,a64fbf189294d489b2b333ef18ea673598cd0f3dcae79b2f55952e4e74907c65
trial-0041,flappycnn,quiet-owl-42,64174,19922944,59.291247397,336018.29738208634,4980736,14.741184673,337878.9500631338,73a0a6f8d1d56c41ba90c17ba6576a04656f84f72c0550dceaabe4309e800de0
trial-0041,breakoutcnn,quiet-owl-42,64174,4194304,15.474202207,271051.3888788813,4194304,15.474202207,271051.3888788813,05de23c1a9f18217501af0579ff530780cfb5b8d5bb5b70a32c2e2fff198ecd1
trial-0041,breakoutcnn,quiet-owl-42,64174,8388608,30.767391315,272646.0593982925,4194304,15.293189108000002,274259.60474169004,c78267f6f39165f452402d4f900274a7478dffdef007a9f37b48bfd172dac291
trial-0041,breakoutcnn,quiet-owl-42,64174,12582912,45.987664406,273614.93919135217,4194304,15.220273091,275573.5048197106,9cf84d988043056bc8084afafe2555ca163cecfb4c3337bc0c559ce9ac9f32ec
trial-0041,breakoutcnn,quiet-owl-42,64174,16777216,61.220419227,274046.0815498754,4194304,15.232754821,275347.69969629514,7851d852bc34015a44ae855dfbc2218b6034fc3628065f2e25fbe0978ef4bba7
trial-0041,snakecnn,quiet-owl-42,64174,2097152,6.803488765,308246.5588520745,2097152,6.803488765,308246.5588520745,bc2ede8ccec227c74dd5aca4a50db402f2a0ca1cc8364d65d68972503f5098ea
trial-0041,snakecnn,quiet-owl-42,64174,4194304,13.361331385,313913.62725339667,2097152,6.55784262,319792.974842693,d569113455e97da988a6721782cd3af9ea70a6d5e0e8c618f3962d3a5951cc83
trial-0041,snakecnn,quiet-owl-42,64174,6291456,19.946481125,315416.83771552966,2097152,6.5851497399999985,318466.8660245227,96a475bb70b726f037ddd2a9bcd5c9975f4a8d064c81e3a98a8ae9ecea520e6a
trial-0041,snakecnn,quiet-owl-42,64174,8388608,26.526896297,316230.28589849354,2097152,6.580415172000002,318696.0009641166,b50ada536db30e1efae06d2da82e9b00fb462516ff0daa8a59f443ad25f6fefd
trial-0041,mazecnn,quiet-owl-42,64174,8388608,46.132102724,181838.83900084763,8388608,46.132102724,181838.83900084763,b02c80141f6a7e59ed369e0baa79343fe867c0ca215a4d9ddcc77f2d54315937
trial-0041,mazecnn,quiet-owl-42,64174,16777216,92.306692076,181755.14280358577,8388608,46.174589352000005,181671.52361771153,50bc112b894eacd979a26f356879d7c1bcd2dacb0315ebd10cd96184b2384345
trial-0041,mazecnn,quiet-owl-42,64174,25165824,138.608675519,181560.2371624304,8388608,46.301983443,181171.67724200813,4bb661d7e14899e7c67e72a1173d60b97344c3721f39356410fcf22f5781fef1
trial-0041,mazecnn,quiet-owl-42,64174,33554432,184.781100085,181590.17337035463,8388608,46.17242456599999,181680.04125512447,4dc249ae45bdada94f2203d2e68769e6d957efc168fcf54c10a6f484a5a5b3fb
trial-0042,connect4cnn,quiet-owl-43,64173,3328000,22.908295726,145274.88381524835,3328000,22.908295726,145274.88381524835,674028143dc9ff17cdcddb3b4bb93adc7bc23e9dc24fb3b2216f1e1292b3149b
trial-0042,connect4cnn,quiet-owl-43,64173,6656000,44.418226337,149848.39668070243,3328000,21.509930611,154719.23457986835,b8b3c80e0086e95ecfc3199469ec6d5b114c71f2b682046321ceb941dee02449
trial-0042,connect4cnn,quiet-owl-43,64173,9984000,65.830329751,151662.61566308406,3328000,21.412103413999994,155426.11277619906,d8a4994248bcf2b88f8ac658a9c3ba75be6db8d6003bb7fb1b71fb7c0398e60a
trial-0042,connect4cnn,quiet-owl-43,64173,13312000,87.099753295,152836.2537941216,3328000,21.269423544000006,156468.74458611323,edd69477fd29877e6e36c6397fe17ae83b2763c8b6c5325f75a2c52f0443e9d4
trial-0042,pongcnn,quiet-owl-43,64173,2097152,7.425306801,282433.0436713493,2097152,7.425306801,282433.0436713493,0bef346fe7cface111e9c3db131658e37f9dde0eb3df330d6e8fea73fe3ca3da
trial-0042,pongcnn,quiet-owl-43,64173,4194304,14.606196032,287159.22960440244,2097152,7.180889231,292046.2818095794,60b74f65b731b65e84f342b2b74a01fb16e25869581be46726da8a4f62f1ae74
trial-0042,pongcnn,quiet-owl-43,64173,6291456,21.838706081,288087.3975163602,2097152,7.232510049000002,289961.8508362752,8eec27f7389a0b0c68ca789ecdd8facef1281e28f4f8861fbea77755fa1a3dc4
trial-0042,pongcnn,quiet-owl-43,64173,8388608,29.047722638,288787.11438211304,2097152,7.209016556999998,290906.80863586767,749f664553ba08079364691d18376ecc5b3709b06b333856017a15bc83cc827f
trial-0042,flappycnn,quiet-owl-43,64173,4980736,15.034655314,331283.68399387435,4980736,15.034655314,331283.68399387435,24f86b3e6d7ad1908e6f802e8acf7f921cbf3c4d6bd688d890e682e29c7c52ef
trial-0042,flappycnn,quiet-owl-43,64173,9961472,29.880337356,333378.8330873623,4980736,14.845682041999998,335500.651698519,d11f61e15afe2b1f12ef605eb680c921143c25ec37537c46425990bb84b33952
trial-0042,flappycnn,quiet-owl-43,64173,14942208,44.634454977,334768.46547582303,4980736,14.754117620999999,337582.77708934364,2e14b87c00a512b792f9e425562a47d9ae358cc5c5b55bebd6cba7f626a1d43d
trial-0042,flappycnn,quiet-owl-43,64173,19922944,59.441228965,335170.459071951,4980736,14.806773988000003,336382.2534224258,acbad2b2bc713e1e6fb1646148d6ceb9a02821f327c68f7f5205262e71b8c13c
trial-0042,breakoutcnn,quiet-owl-43,64173,4194304,15.421156434,271983.75283662596,4194304,15.421156434,271983.75283662596,69e4506ade7d99947707092f900aa4c9b44bb0bf19f6d3cbecaaf447e3f1a616
trial-0042,breakoutcnn,quiet-owl-43,64173,8388608,30.618792595,273969.26165435556,4194304,15.197636160999998,275983.9724787843,55697c9fa7236e08e808e6f6f715a289ea09d9a6efd35a5d5f0ea820798d939c
trial-0042,breakoutcnn,quiet-owl-43,64173,12582912,45.859933402,274377.02296033525,4194304,15.241140807000004,275196.19778551126,31fcaac3b29c4441e7a732df166955283fca5d58348baf6a85480fd5f580b7a6
trial-0042,breakoutcnn,quiet-owl-43,64173,16777216,61.100987347,274581.74946863187,4194304,15.241053944999997,275197.76618702867,04065e39fb41aa5d58154eac537f62ff31ebd3782c9630ae6c15b14681ca1106
trial-0042,snakecnn,quiet-owl-43,64173,2097152,6.691983763,313382.7089651891,2097152,6.691983763,313382.7089651891,26ca4929be6e0ed99a9ebc5445602a6c11c427fb0e573bb15ac10748644018d1
trial-0042,snakecnn,quiet-owl-43,64173,4194304,13.206817395,317586.27946108585,2097152,6.514833632,321904.1526554212,5df4153a4e907af270e560c02a3fbc661890b3b1abe1613632bdcca2b33c4557
trial-0042,snakecnn,quiet-owl-43,64173,6291456,19.718530451,319063.1277332808,2097152,6.511713056,322058.4171883387,45dec5812c781c31fe9c9e85e4a91096d62e06b2b0d011d4efa895679298a6dc
trial-0042,snakecnn,quiet-owl-43,64173,8388608,26.231477959,319791.66454560653,2097152,6.512947508,321997.3748328266,f15f5188659076d3a1c4aeeb6b8288c7163e25b032f87015cdb0db80a9eb9329
trial-0042,mazecnn,quiet-owl-43,64173,8388608,46.59435543,180034.8544922451,8388608,46.59435543,180034.8544922451,576d6f78fc9568919c80cb44a5800ce8fbe389d1baf649e4da5b65d0a0fe8c0d
trial-0042,mazecnn,quiet-owl-43,64173,16777216,93.060071802,180283.72077442813,8388608,46.465716371999996,180533.27603606973,8e1e76ffdce79825c64599e77ccd639e2792ed65e819045f50e39149aa9ed22a
trial-0042,mazecnn,quiet-owl-43,64173,25165824,139.80121091,180011.48799920647,8388608,46.74113910800001,179469.48149075473,01258d6311b82b90f3f3a95041023939ca0308c6206c022914aacd2b458f3638
trial-0042,mazecnn,quiet-owl-43,64173,33554432,186.385065817,180027.4708325882,8388608,46.58385490699999,180075.43636624786,e148942d7cd8b0f06a30174a2d12f6058018e3aff8888e25587512c7f3de436a
trial-0042,connect4cnn,quiet-owl-43,64174,3328000,23.106905692,144026.20776490247,3328000,23.106905692,144026.20776490247,5114614aac09f9164ae5489c658af76dedea8bfe83fba57b25185ad7fd7b710a
trial-0042,connect4cnn,quiet-owl-43,64174,6656000,44.801193966,148567.46909583022,3328000,21.694288273999998,153404.43336822971,05bcacbf5280e5b883305d532f085a3cd642555aa9e34f3f92f1f49c8a76d974
trial-0042,connect4cnn,quiet-owl-43,64174,9984000,66.152320365,150924.41119090896,3328000,21.351126398999995,155869.99663661167,5d3fc199b42335fa4f149b0f941c59c5b557fec7660a00bf355f7220d40a5b5b
trial-0042,connect4cnn,quiet-owl-43,64174,13312000,87.459137581,152208.22395682937,3328000,21.306817216,156194.14041346795,b767ba5950a403f1dcdbc5483b71f903abb226dadd65f9eb4fcb6848136a2b56
trial-0042,pongcnn,quiet-owl-43,64174,2097152,7.315917421,286656.0513627755,2097152,7.315917421,286656.0513627755,9ff258875e9c80e8f30e760a661275988e49fbb900466229a760a349b2673ebb
trial-0042,pongcnn,quiet-owl-43,64174,4194304,14.456798021,290126.7620884886,2097152,7.140880600000001,293682.5466595814,eaeb4f6546746c2ad08701bef891c5e4610b298129e1bd404b4c2dc6c0438a3e
trial-0042,pongcnn,quiet-owl-43,64174,6291456,21.589179547,291417.09560121986,2097152,7.132381526,294032.5040598508,12e5b1952cfa46338beed9d1e19ffbb127eef2ec9ed933173f8110455c9de057
trial-0042,pongcnn,quiet-owl-43,64174,8388608,28.720010347,292082.3460245113,2097152,7.130830799999998,294096.4466580809,f9ca68759ea05885bde04044b566785aa8112b9ec11ddeb1eff0985bc2f851df
trial-0042,flappycnn,quiet-owl-43,64174,4980736,14.94416541,333289.67281552596,4980736,14.94416541,333289.67281552596,bb8ba8017bc4d8def42610157ea9d8917cb5ba970f9e67ebc09be407ae84b79b
trial-0042,flappycnn,quiet-owl-43,64174,9961472,29.691724553,335496.5785910711,4980736,14.747559143,337732.9056085956,470db2b61a6abf16a5333a881a183731a41f530338e82fcfdbbf8f1ff127dd91
trial-0042,flappycnn,quiet-owl-43,64174,14942208,44.500909198,335773.0947364901,4980736,14.809184645000002,336327.4967120919,a64fbf189294d489b2b333ef18ea673598cd0f3dcae79b2f55952e4e74907c65
trial-0042,flappycnn,quiet-owl-43,64174,19922944,59.262982078,336178.5604001174,4980736,14.762072879999998,337400.8542355876,73a0a6f8d1d56c41ba90c17ba6576a04656f84f72c0550dceaabe4309e800de0
trial-0042,breakoutcnn,quiet-owl-43,64174,4194304,15.622581137,268477.0181840407,4194304,15.622581137,268477.0181840407,05de23c1a9f18217501af0579ff530780cfb5b8d5bb5b70a32c2e2fff198ecd1
trial-0042,breakoutcnn,quiet-owl-43,64174,8388608,30.978006851,270792.3734521741,4194304,15.355425714,273148.01153158053,c78267f6f39165f452402d4f900274a7478dffdef007a9f37b48bfd172dac291
trial-0042,breakoutcnn,quiet-owl-43,64174,12582912,46.385298662,271269.39704946295,4194304,15.407291810999997,272228.5039740396,9cf84d988043056bc8084afafe2555ca163cecfb4c3337bc0c559ce9ac9f32ec
trial-0042,breakoutcnn,quiet-owl-43,64174,16777216,61.772218277,271598.0819203761,4194304,15.386919615000004,272588.9329993747,7851d852bc34015a44ae855dfbc2218b6034fc3628065f2e25fbe0978ef4bba7
trial-0042,snakecnn,quiet-owl-43,64174,2097152,6.691195979,313419.6048930284,2097152,6.691195979,313419.6048930284,bc2ede8ccec227c74dd5aca4a50db402f2a0ca1cc8364d65d68972503f5098ea
trial-0042,snakecnn,quiet-owl-43,64174,4194304,13.164849762,318598.698490791,2097152,6.473653783,323951.83157727425,d569113455e97da988a6721782cd3af9ea70a6d5e0e8c618f3962d3a5951cc83
trial-0042,snakecnn,quiet-owl-43,64174,6291456,19.667001499,319899.095971488,2097152,6.502151737000002,322531.9993789618,96a475bb70b726f037ddd2a9bcd5c9975f4a8d064c81e3a98a8ae9ecea520e6a
trial-0042,snakecnn,quiet-owl-43,64174,8388608,26.210619946,320046.1498920091,2097152,6.543618447,320488.123961669,b50ada536db30e1efae06d2da82e9b00fb462516ff0daa8a59f443ad25f6fefd
trial-0042,mazecnn,quiet-owl-43,64174,8388608,46.718504934,179556.430837218,8388608,46.718504934,179556.430837218,b02c80141f6a7e59ed369e0baa79343fe867c0ca215a4d9ddcc77f2d54315937
trial-0042,mazecnn,quiet-owl-43,64174,16777216,93.085528076,180234.418247079,8388608,46.367023142,180917.54509039124,50bc112b894eacd979a26f356879d7c1bcd2dacb0315ebd10cd96184b2384345
trial-0042,mazecnn,quiet-owl-43,64174,25165824,139.319783263,180633.52820821851,8388608,46.234255187,181437.0744390986,4bb661d7e14899e7c67e72a1173d60b97344c3721f39356410fcf22f5781fef1
trial-0042,mazecnn,quiet-owl-43,64174,33554432,185.56454778,180823.50535933822,8388608,46.24476451699999,181395.84205075304,4dc249ae45bdada94f2203d2e68769e6d957efc168fcf54c10a6f484a5a5b3fb
trial-0043,connect4cnn,quiet-owl-44,64173,3328000,22.830305259,145771.15646266096,3328000,22.830305259,145771.15646266096,a55b23b694bc91aafbb8c754923297a35a82bbffcc9ae861d8a17762d29d86a3
trial-0043,connect4cnn,quiet-owl-44,64173,6656000,44.275877816,150330.16460251223,3328000,21.445572557,155183.54621470414,387915bcb7ed6fcb76902525a21de27b4e519c486cbdf3f3c61e10759e98a9e8
trial-0043,connect4cnn,quiet-owl-44,64173,9984000,65.426150335,152599.53319703447,3328000,21.150272519000005,157350.21839602044,8320bb69ff721a484487a660a59be561fa66d71830830322baff726463da186c
trial-0043,connect4cnn,quiet-owl-44,64173,13312000,86.507065642,153883.38398958358,3328000,21.080915306999998,157867.90808342773,d6267b3908c1da9f072c26cf1f7478027ddeafa3999163882cff5fcdddcefb3a
trial-0043,pongcnn,quiet-owl-44,64173,2097152,7.395196141,283583.0125414925,2097152,7.395196141,283583.0125414925,73d35792d57167dfc03bb31b93bb44b21b34dc6a71f6e28f8462e8795e5ef3c5
trial-0043,pongcnn,quiet-owl-44,64173,4194304,14.677023987,285773.46495550155,2097152,7.2818278460000005,287998.01977631095,1165779c3fa0629d904f69c0f0356ae1e04941595148c7f79c3316cc5c4f3cd8
trial-0043,pongcnn,quiet-owl-44,64173,6291456,21.899805017,287283.65367254085,2097152,7.222781029999998,290352.42675770284,b47623c809aa4dfcb0d1ca3ce8bd5f7b94600407acc7a11a09c53fdadc68c3c5
trial-0043,pongcnn,quiet-owl-44,64173,8388608,29.132887591,287942.8952518763,2097152,7.233082574000001,289938.89929287013,df947e20a36c3d6f4089b38b0aabbe1e820b58df04de28314a3aee8526ca8b38
trial-0043,flappycnn,quiet-owl-44,64173,4980736,15.460360703,322161.69439264864,4980736,15.460360703,322161.69439264864,a11a9f43ad68effbba1c128f3a9a2132a235af57819c2ec8cef65b64225dcc1d
trial-0043,flappycnn,quiet-owl-44,64173,9961472,30.747949241,323971.91506733565,4980736,15.287588538000001,325802.5938897754,99a8d2300443e8f2972e3820d610f2665997697a6aafaf124f4919090038fe63
trial-0043,flappycnn,quiet-owl-44,64173,14942208,45.931279433,325316.6074286307,4980736,15.183330192,328039.76051474654,52041233f2d8e7b0f5560c093f02a2603b9113c3a4cc7c0afdb3d13a51e4bd9c
trial-0043,flappycnn,quiet-owl-44,64173,19922944,61.208223448,325494.56392776564,4980736,15.276944014999998,326029.60350640526,fd3d898dc8b5428e9bb440d7974de9d30eaac97dabe3b4f13b7a091d08f97fb5
trial-0043,breakoutcnn,quiet-owl-44,64173,4194304,15.876171932,264188.6229227566,4194304,15.876171932,264188.6229227566,26f19c7d0a8e8c1a8d65b626b94c3ea7090b2fe7f5783d63c6452ff4cd64f0a6
trial-0043,breakoutcnn,quiet-owl-44,64173,8388608,31.595283552,265501.90588395577,4194304,15.719111620000001,266828.3107464822,d6b26b7a2cfa566bd80f4934b2ccdefb136cf8f59fe515543aee9bd163115f32
trial-0043,breakoutcnn,quiet-owl-44,64173,12582912,47.290545011,266076.69666469604,4194304,15.695261458999997,267233.7769559676,da6028aefed757f7d8f486d61003eab6c8c2bddfde0f458049635b52e89d2eff
trial-0043,breakoutcnn,quiet-owl-44,64173,16777216,62.823081949,267054.96577865764,4194304,15.532536938,270033.4154518397,5cf8868984eef5d8ce2343863c6ed3497e8f9df5a613c49f8c4628aca9cbe5c9
trial-0043,snakecnn,quiet-owl-44,64173,2097152,6.817483834,307613.78406812367,2097152,6.817483834,307613.78406812367,a9e76bbeef9b948b564677e17b1aee2b46f212f15407179a09ed54b57766ecbe
trial-0043,snakecnn,quiet-owl-44,64173,4194304,13.388782502,313270.00788708456,2097152,6.571298668,319138.13478185376,44d139f3f7868e4ddac400793a4ab5f4d7135ad5f9c82f7cfd9697b86fbf98bb
trial-0043,snakecnn,quiet-owl-44,64173,6291456,19.990319366,314725.13694306725,2097152,6.601536864000002,317676.3294978094,86bd06ccc13ab494508080f76e0329bd6f264b3a555ba538c3d27213b761caa1
trial-0043,snakecnn,quiet-owl-44,64173,8388608,26.595809167,315410.89602976094,2097152,6.605489800999997,317486.2217912311,31de4741217787dc50f796882ed6a4007364499d47de026a764c3a695fb59a94
trial-0043,mazecnn,quiet-owl-44,64173,8388608,46.794331079,179265.47525250498,8388608,46.794331079,179265.47525250498,fd35233bac66c83ab0af8b3d5236d88ee454db82e13060cec7f1f4ca7c31d7d3
trial-0043,mazecnn,quiet-owl-44,64173,16777216,93.227598059,179959.75815425787,8388608,46.43326698,180659.43978512622,d8103bb3ec4bfd3b8841c9c812b6338338e3bda4ac6e232810c7e3abd7be12d3
trial-0043,mazecnn,quiet-owl-44,64173,25165824,139.483872386,180421.0305429253,8388608,46.256274327,181350.70586745313,f4304c78283bc6a7f827b17a400e825409950ad7808599d7a163a6ad3ced23f3
trial-0043,mazecnn,quiet-owl-44,64173,33554432,185.671330585,180719.51062277137,8388608,46.18745819899999,181620.90591470615,b16f64eb269e0682b351ec0c18ccdbe0917b4e938b5307b825fd182561550937
trial-0043,connect4cnn,quiet-owl-44,64174,3328000,22.951475661,145001.56979688504,3328000,22.951475661,145001.56979688504,9938e2e78102d9185802439a00cbd48481920094ef51ceb3acd20a075351a3e6
trial-0043,connect4cnn,quiet-owl-44,64174,6656000,44.181685952,150650.65663703353,3328000,21.230210291000002,156757.75012981475,962c05ba1a37ecfe49b6178b311c3fb5790035180d12b4e4f41ca6cece47cd7d
trial-0043,connect4cnn,quiet-owl-44,64174,9984000,65.198648483,153132.00859682306,3328000,21.016962530999997,158348.28629927867,59886db9ab14f82557d4b628b7f214544e1438c690b0248779e7257bb3290a3f
trial-0043,connect4cnn,quiet-owl-44,64174,13312000,86.134237434,154549.46135908226,3328000,20.935588951,158963.76298699906,014e3ef5c44e8099153dc6f528dbdb3bb5d6df6a2213fbd206dd78fbdb179513
trial-0043,pongcnn,quiet-owl-44,64174,2097152,7.391799625,283713.31832469685,2097152,7.391799625,283713.31832469685,699d3f2b0529ea23dd6c19b9c9fba6cca993c384c933bdff7eddbea40ed474d2
trial-0043,pongcnn,quiet-owl-44,64174,4194304,14.541268084,288441.4189856704,2097152,7.149468459,293329.7785739626,346a4bd5dfd5a10474b66266247ce79143eaf06cc75ddb614cd45cf4a9fcbe92
trial-0043,pongcnn,quiet-owl-44,64174,6291456,21.682755133,290159.43598536233,2097152,7.141487049,293657.6073877579,5eb56daa0869d83a7dfcd41cc257c04916d06b334bcd659bbcc445baaed7648a
trial-0043,pongcnn,quiet-owl-44,64174,8388608,28.885843494,290405.50613460306,2097152,7.203088360999999,291146.2271315042,20b74bf4a59c0d532e5ebd2b1428e4257d75a1ca1165b77f5d72cbfaed643e6e
trial-0043,flappycnn,quiet-owl-44,64174,4980736,15.226304953,327113.90027812746,4980736,15.226304953,327113.90027812746,be8518e0beca0194e890123826045732248b80e37982edc8540665b22a711c29
trial-0043,flappycnn,quiet-owl-44,64174,9961472,30.245792947,329350.6643206738,4980736,15.019487994000002,331618.22839698056,800aba9ae94a82f5bf5f9a80f58b6d042fb4999bc59f8a50c782dabea03bd316
trial-0043,flappycnn,quiet-owl-44,64174,14942208,45.273146237,330045.71676505904,4980736,15.027353289999997,331444.6598733023,6834a11bb91464838cceec32514b9fd0d20c9311557baf749087eec9cf890cea
trial-0043,flappycnn,quiet-owl-44,64174,19922944,60.361053615,330062.8933198253,4980736,15.087907378000004,330114.4337128233,ae3917b3b358be1f2ef0413cd336170d6dc54cef94075875096a798124c2ad3b
trial-0043,breakoutcnn,quiet-owl-44,64174,4194304,15.615831992,268593.05364893423,4194304,15.615831992,268593.05364893423,7bdfa55270b4383f487f67cb546c5ea8be031935738c32220d33d772fd5c8c39
trial-0043,breakoutcnn,quiet-owl-44,64174,8388608,31.012106636,270494.62000308593,4194304,15.396274643999998,272423.3034927407,9874cc1b38b7e11f14a62da28bf9f33f44dd240d438e1485eec901f97ccccbc0
trial-0043,breakoutcnn,quiet-owl-44,64174,12582912,46.405450169,271151.5986629885,4194304,15.393343533,272475.1767547004,383955292f4fa7bd55944aa61fb69655c804de37a418ec1bb88c4af13194db44
trial-0043,breakoutcnn,quiet-owl-44,64174,16777216,61.740474587,271737.72330432635,4194304,15.335024418000003,273511.4001564154,9429243e181a8290edd596503f81438e810f49f5e1362010a815e827ddec8b8d
trial-0043,snakecnn,quiet-owl-44,64174,2097152,6.7605191,310205.76511646865,2097152,6.7605191,310205.76511646865,36c79277cb85cec001014d69809be48deb2a462f2901cfa774a0c67fa670f143
trial-0043,snakecnn,quiet-owl-44,64174,4194304,13.331071227,314626.178840384,2097152,6.570552127000001,319174.39500742883,77e0d7ba8c27fd30675aa7e67f461d58e1ab7a1eb26f04215a76a39ab8f1cff5
trial-0043,snakecnn,quiet-owl-44,64174,6291456,19.910994668,315978.99074883125,2097152,6.579923441,318719.8177614784,0e970563c5a0f8d8aa2bffeb41c8cd0ff7457eb643f5f4c2779f74a1e00870b3
trial-0043,snakecnn,quiet-owl-44,64174,8388608,26.539306793,316082.4080835667,2097152,6.628312125000001,316393.06665873097,16f1ced5b03760dbf79ccb5bad6c012dcc7bdab8b85b0e0dc1d75ed1815e13ca
trial-0043,mazecnn,quiet-owl-44,64174,8388608,47.724521635,175771.4422819484,8388608,47.724521635,175771.4422819484,3b7d87263e87801b4600f67c310ed4a22b4da5f7ae00084d22a20e4d4c42cfbd
trial-0043,mazecnn,quiet-owl-44,64174,16777216,95.289181636,176066.3247595949,8388608,47.56466000099999,176362.19831748275,b5dddb36f98dcd36699649328dad39ecc1006d16bac807d0c8432bb8f62e9663
trial-0043,mazecnn,quiet-owl-44,64174,25165824,142.716589671,176334.25839290282,8388608,47.42740803500001,176872.57953901798,c36577996ba9579fe94ef42eb201470073eaf815e125d19125fb54bbaf7d2edd
trial-0043,mazecnn,quiet-owl-44,64174,33554432,190.031277118,176573.20683670597,8388608,47.31468744699998,177293.95358252304,f09ae2e7da01355e1cdaa89647ad27527374f080cca404e58030e1fa408bd636
trial-0044,connect4cnn,quiet-owl-45,64173,3328000,22.876126013,145479.17764173754,3328000,22.876126013,145479.17764173754,a55b23b694bc91aafbb8c754923297a35a82bbffcc9ae861d8a17762d29d86a3
trial-0044,connect4cnn,quiet-owl-45,64173,6656000,44.181313668,150651.92606124026,3328000,21.305187655,156206.08716952417,387915bcb7ed6fcb76902525a21de27b4e519c486cbdf3f3c61e10759e98a9e8
trial-0044,connect4cnn,quiet-owl-45,64173,9984000,65.307796333,152876.08157978972,3328000,21.126482664999997,157527.4054262454,8320bb69ff721a484487a660a59be561fa66d71830830322baff726463da186c
trial-0044,connect4cnn,quiet-owl-45,64173,13312000,86.458257636,153970.2552883401,3328000,21.150461303,157348.81392529976,d6267b3908c1da9f072c26cf1f7478027ddeafa3999163882cff5fcdddcefb3a
trial-0044,pongcnn,quiet-owl-45,64173,2097152,7.453761521,281354.85608059075,2097152,7.453761521,281354.85608059075,73d35792d57167dfc03bb31b93bb44b21b34dc6a71f6e28f8462e8795e5ef3c5
trial-0044,pongcnn,quiet-owl-45,64173,4194304,14.69531097,285417.845771521,2097152,7.241549449,289599.90051432984,1165779c3fa0629d904f69c0f0356ae1e04941595148c7f79c3316cc5c4f3cd8
trial-0044,pongcnn,quiet-owl-45,64173,6291456,21.988892491,286119.73079476727,2097152,7.293581521000002,287533.9082673975,b47623c809aa4dfcb0d1ca3ce8bd5f7b94600407acc7a11a09c53fdadc68c3c5
trial-0044,pongcnn,quiet-owl-45,64173,8388608,29.235139873,286935.7915317267,2097152,7.246247382,289412.1452725198,df947e20a36c3d6f4089b38b0aabbe1e820b58df04de28314a3aee8526ca8b38
trial-0044,flappycnn,quiet-owl-45,64173,4980736,15.157779837,328592.7130200209,4980736,15.157779837,328592.7130200209,a11a9f43ad68effbba1c128f3a9a2132a235af57819c2ec8cef65b64225dcc1d
trial-0044,flappycnn,quiet-owl-45,64173,9961472,30.138132515,330527.1816374851,4980736,14.980352678,332484.56208341883,99a8d2300443e8f2972e3820d610f2665997697a6aafaf124f4919090038fe63
trial-0044,flappycnn,quiet-owl-45,64173,14942208,44.901213224,332779.60498433234,4980736,14.763080709000004,337377.820942454,52041233f2d8e7b0f5560c093f02a2603b9113c3a4cc7c0afdb3d13a51e4bd9c
trial-0044,flappycnn,quiet-owl-45,64173,19922944,59.683625172,333809.2138770863,4980736,14.782411947999996,336936.62560079544,fd3d898dc8b5428e9bb440d7974de9d30eaac97dabe3b4f13b7a091d08f97fb5
trial-0044,breakoutcnn,quiet-owl-45,64173,4194304,15.728150472,266674.9664855317,4194304,15.728150472,266674.9664855317,26f19c7d0a8e8c1a8d65b626b94c3ea7090b2fe7f5783d63c6452ff4cd64f0a6
trial-0044,breakoutcnn,quiet-owl-45,64173,8388608,31.222543515,268671.512811566,4194304,15.494393043000002,270698.18019718345,d6b26b7a2cfa566bd80f4934b2ccdefb136cf8f59fe515543aee9bd163115f32
trial-0044,breakoutcnn,quiet-owl-45,64173,12582912,46.741010041,269204.9655957926,4194304,15.518466526000001,270278.2515896635,da6028aefed757f7d8f486d61003eab6c8c2bddfde0f458049635b52e89d2eff
trial-0044,breakoutcnn,quiet-owl-45,64173,16777216,62.22158642,269636.58378545084,4194304,15.480576378999999,270939.7826872736,5cf8868984eef5d8ce2343863c6ed3497e8f9df5a613c49f8c4628aca9cbe5c9
trial-0044,snakecnn,quiet-owl-45,64173,2097152,6.821255894,307443.67790756276,2097152,6.821255894,307443.67790756276,a9e76bbeef9b948b564677e17b1aee2b46f212f15407179a09ed54b57766ecbe
trial-0044,snakecnn,quiet-owl-45,64173,4194304,13.466761807,311456.0174235656,2097152,6.645505912999999,315574.46904042806,44d139f3f7868e4ddac400793a4ab5f4d7135ad5f9c82f7cfd9697b86fbf98bb
trial-0044,snakecnn,quiet-owl-45,64173,6291456,20.096882895,313056.3099198474,2097152,6.630121088000001,316306.741938044,86bd06ccc13ab494508080f76e0329bd6f264b3a555ba538c3d27213b761caa1
trial-0044,snakecnn,quiet-owl-45,64173,8388608,26.77110983,313345.5450023829,2097152,6.674226935,314216.4658804788,31de4741217787dc50f796882ed6a4007364499d47de026a764c3a695fb59a94
trial-0044,mazecnn,quiet-owl-45,64173,8388608,46.785231863,179300.34042717042,8388608,46.785231863,179300.34042717042,fd35233bac66c83ab0af8b3d5236d88ee454db82e13060cec7f1f4ca7c31d7d3
trial-0044,mazecnn,quiet-owl-45,64173,16777216,93.122183431,180163.47321185053,8388608,46.336951567999996,181034.9562527786,d8103bb3ec4bfd3b8841c9c812b6338338e3bda4ac6e232810c7e3abd7be12d3
trial-0044,mazecnn,quiet-owl-45,64173,25165824,139.486523874,180417.60093421367,8388608,46.364340443,180928.01320689326,f4304c78283bc6a7f827b17a400e825409950ad7808599d7a163a6ad3ced23f3
trial-0044,mazecnn,quiet-owl-45,64173,33554432,185.64219075,180747.87775580052,8388608,46.155666876,181746.00363887072,b16f64eb269e0682b351ec0c18ccdbe0917b4e938b5307b825fd182561550937
trial-0044,connect4cnn,quiet-owl-45,64174,3328000,22.926249656,145161.11662114057,3328000,22.926249656,145161.11662114057,9938e2e78102d9185802439a00cbd48481920094ef51ceb3acd20a075351a3e6
trial-0044,connect4cnn,quiet-owl-45,64174,6656000,44.109561143,150896.9898481132,3328000,21.183311487,157104.80403606218,962c05ba1a37ecfe49b6178b311c3fb5790035180d12b4e4f41ca6cece47cd7d
trial-0044,connect4cnn,quiet-owl-45,64174,9984000,65.153552316,153237.99923566397,3328000,21.043991173000002,158144.9057187361,59886db9ab14f82557d4b628b7f214544e1438c690b0248779e7257bb3290a3f
trial-0044,connect4cnn,quiet-owl-45,64174,13312000,86.144016584,154531.91675848223,3328000,20.990464267999997,158548.18442837123,014e3ef5c44e8099153dc6f528dbdb3bb5d6df6a2213fbd206dd78fbdb179513
trial-0044,pongcnn,quiet-owl-45,64174,2097152,7.439483052,281894.8555083018,2097152,7.439483052,281894.8555083018,699d3f2b0529ea23dd6c19b9c9fba6cca993c384c933bdff7eddbea40ed474d2
trial-0044,pongcnn,quiet-owl-45,64174,4194304,14.656368248,286176.2156237001,2097152,7.216885196,290589.63015822374,346a4bd5dfd5a10474b66266247ce79143eaf06cc75ddb614cd45cf4a9fcbe92
trial-0044,pongcnn,quiet-owl-45,64174,6291456,21.887495578,287445.2208375907,2097152,7.23112733,290017.2966529688,5eb56daa0869d83a7dfcd41cc257c04916d06b334bcd659bbcc445baaed7648a
trial-0044,pongcnn,quiet-owl-45,64174,8388608,29.120786742,288062.5470156468,2097152,7.233291164000001,289930.5381812223,20b74bf4a59c0d532e5ebd2b1428e4257d75a1ca1165b77f5d72cbfaed643e6e
trial-0044,flappycnn,quiet-owl-45,64174,4980736,15.308778866,325351.6197207574,4980736,15.308778866,325351.6197207574,be8518e0beca0194e890123826045732248b80e37982edc8540665b22a711c29
trial-0044,flappycnn,quiet-owl-45,64174,9961472,30.401083289,327668.3237009634,4980736,15.092304422999998,330018.25701379176,800aba9ae94a82f5bf5f9a80f58b6d042fb4999bc59f8a50c782dabea03bd316
trial-0044,flappycnn,quiet-owl-45,64174,14942208,45.588359906,327763.66666424903,4980736,15.187276617000002,327954.5191416855,6834a11bb91464838cceec32514b9fd0d20c9311557baf749087eec9cf890cea
trial-0044,flappycnn,quiet-owl-45,64174,19922944,60.709426518,328168.87166761426,4980736,15.121066612,329390.520378193,ae3917b3b358be1f2ef0413cd336170d6dc54cef94075875096a798124c2ad3b
trial-0044,breakoutcnn,quiet-owl-45,64174,4194304,15.671779278,267634.19300372305,4194304,15.671779278,267634.19300372305,7bdfa55270b4383f487f67cb546c5ea8be031935738c32220d33d772fd5c8c39
trial-0044,breakoutcnn,quiet-owl-45,64174,8388608,31.071758842,269975.31883071375,4194304,15.399979564,272357.76401969255,9874cc1b38b7e11f14a62da28bf9f33f44dd240d438e1485eec901f97ccccbc0
trial-0044,breakoutcnn,quiet-owl-45,64174,12582912,46.489695969,270660.23422460037,4194304,15.417937127000002,272040.54378032876,383955292f4fa7bd55944aa61fb69655c804de37a418ec1bb88c4af13194db44
trial-0044,breakoutcnn,quiet-owl-45,64174,16777216,61.929244899,270909.4229610235,4194304,15.439548929999994,271659.74984218675,9429243e181a8290edd596503f81438e810f49f5e1362010a815e827ddec8b8d
trial-0044,snakecnn,quiet-owl-45,64174,2097152,6.830326738,307035.3850471977,2097152,6.830326738,307035.3850471977,36c79277cb85cec001014d69809be48deb2a462f2901cfa774a0c67fa670f143
trial-0044,snakecnn,quiet-owl-45,64174,4194304,13.451181166,311816.7801205273,2097152,6.6208544279999995,316749.4502115944,77e0d7ba8c27fd30675aa7e67f461d58e1ab7a1eb26f04215a76a39ab8f1cff5
trial-0044,snakecnn,quiet-owl-45,64174,6291456,20.071225622,313456.4933146861,2097152,6.6200444560000005,316788.20496428397,0e970563c5a0f8d8aa2bffeb41c8cd0ff7457eb643f5f4c2779f74a1e00870b3
trial-0044,snakecnn,quiet-owl-45,64174,8388608,26.709055857,314073.55036855355,2097152,6.637830234999999,315939.3846715334,16f1ced5b03760dbf79ccb5bad6c012dcc7bdab8b85b0e0dc1d75ed1815e13ca
trial-0044,mazecnn,quiet-owl-45,64174,8388608,46.713584342,179575.34447764128,8388608,46.713584342,179575.34447764128,3b7d87263e87801b4600f67c310ed4a22b4da5f7ae00084d22a20e4d4c42cfbd
trial-0044,mazecnn,quiet-owl-45,64174,16777216,93.043655217,180315.5299614093,8388608,46.330070875,181061.84259101894,b5dddb36f98dcd36699649328dad39ecc1006d16bac807d0c8432bb8f62e9663
trial-0044,mazecnn,quiet-owl-45,64174,25165824,139.285739736,180677.6777558055,8388608,46.24208451900002,181406.35499581072,c36577996ba9579fe94ef42eb201470073eaf815e125d19125fb54bbaf7d2edd
trial-0044,mazecnn,quiet-owl-45,64174,33554432,185.356290926,181026.66940716875,8388608,46.07055119,182081.78073243494,f09ae2e7da01355e1cdaa89647ad27527374f080cca404e58030e1fa408bd636
trial-0045,connect4cnn,quiet-owl-46,64173,3328000,22.932203723,145123.4273076931,3328000,22.932203723,145123.4273076931,a55b23b694bc91aafbb8c754923297a35a82bbffcc9ae861d8a17762d29d86a3
trial-0045,connect4cnn,quiet-owl-46,64173,6656000,44.351038259,150075.40434860782,3328000,21.418834536,155377.2682825678,387915bcb7ed6fcb76902525a21de27b4e519c486cbdf3f3c61e10759e98a9e8
trial-0045,connect4cnn,quiet-owl-46,64173,9984000,65.621256021,152145.8229450064,3328000,21.270217761999994,156462.90213095944,8320bb69ff721a484487a660a59be561fa66d71830830322baff726463da186c
trial-0045,connect4cnn,quiet-owl-46,64173,13312000,86.939459082,153118.04490805863,3328000,21.318203061000006,156110.71864158745,d6267b3908c1da9f072c26cf1f7478027ddeafa3999163882cff5fcdddcefb3a
trial-0045,pongcnn,quiet-owl-46,64173,2097152,7.435627092,282041.0402582357,2097152,7.435627092,282041.0402582357,73d35792d57167dfc03bb31b93bb44b21b34dc6a71f6e28f8462e8795e5ef3c5
trial-0045,pongcnn,quiet-owl-46,64173,4194304,14.651858311,286264.30251861585,2097152,7.216231219,290615.9650869136,1165779c3fa0629d904f69c0f0356ae1e04941595148c7f79c3316cc5c4f3cd8
trial-0045,pongcnn,quiet-owl-46,64173,6291456,21.915000373,287084.45781051775,2097152,7.263142062000002,288738.94825382525,b47623c809aa4dfcb0d1ca3ce8bd5f7b94600407acc7a11a09c53fdadc68c3c5
trial-0045,pongcnn,quiet-owl-46,64173,8388608,29.172342911,287553.4551884385,2097152,7.257342538,288969.68677159055,df947e20a36c3d6f4089b38b0aabbe1e820b58df04de28314a3aee8526ca8b38
trial-0045,flappycnn,quiet-owl-46,64173,4980736,15.07626296,330369.40342674946,4980736,15.07626296,330369.40342674946,a11a9f43ad68effbba1c128f3a9a2132a235af57819c2ec8cef65b64225dcc1d
trial-0045,flappycnn,quiet-owl-46,64173,9961472,30.001128187,332036.58002156316,4980736,14.924865227,333720.66844459955,99a8d2300443e8f2972e3820d610f2665997697a6aafaf124f4919090038fe63
trial-0045,flappycnn,quiet-owl-46,64173,14942208,44.974786671,332235.21679614374,4980736,14.973658483999998,332633.2041913559,52041233f2d8e7b0f5560c093f02a2603b9113c3a4cc7c0afdb3d13a51e4bd9c
trial-0045,flappycnn,quiet-owl-46,64173,19922944,59.890870777,332654.10473295447,4980736,14.916084106000007,333917.1303007399,fd3d898dc8b5428e9bb440d7974de9d30eaac97dabe3b4f13b7a091d08f97fb5
trial-0045,breakoutcnn,quiet-owl-46,64173,4194304,15.650072912,268005.39675338735,4194304,15.650072912,268005.39675338735,26f19c7d0a8e8c1a8d65b626b94c3ea7090b2fe7f5783d63c6452ff4cd64f0a6
trial-0045,breakoutcnn,quiet-owl-46,64173,8388608,31.057694292,270097.5777896294,4194304,15.40762138,272222.68100671616,d6b26b7a2cfa566bd80f4934b2ccdefb136cf8f59fe515543aee9bd163115f32
trial-0045,breakoutcnn,quiet-owl-46,64173,12582912,46.554315054,270284.5479609062,4194304,15.496620762,270659.2659404205,da6028aefed757f7d8f486d61003eab6c8c2bddfde0f458049635b52e89d2eff
trial-0045,breakoutcnn,quiet-owl-46,64173,16777216,61.975510714,270707.18428480974,4194304,15.421195660000002,271983.061007346,5cf8868984eef5d8ce2343863c6ed3497e8f9df5a613c49f8c4628aca9cbe5c9
trial-0045,snakecnn,quiet-owl-46,64173,2097152,6.790890915,308818.39014196565,2097152,6.790890915,308818.39014196565,a9e76bbeef9b948b564677e17b1aee2b46f212f15407179a09ed54b57766ecbe
trial-0045,snakecnn,quiet-owl-46,64173,4194304,13.297781862,315413.8068684766,2097152,6.5068909470000005,322297.0873619591,44d139f3f7868e4ddac400793a4ab5f4d7135ad5f9c82f7cfd9697b86fbf98bb
trial-0045,snakecnn,quiet-owl-46,64173,6291456,19.885149707,316389.67232845485,2097152,6.587367844999999,318359.63154718897,86bd06ccc13ab494508080f76e0329bd6f264b3a555ba538c3d27213b761caa1
trial-0045,snakecnn,quiet-owl-46,64173,8388608,26.428855839,317403.3734605063,2097152,6.5437061320000005,320483.82945323864,31de4741217787dc50f796882ed6a4007364499d47de026a764c3a695fb59a94
trial-0045,mazecnn,quiet-owl-46,64173,8388608,46.651823977,179813.07663631116,8388608,46.651823977,179813.07663631116,fd35233bac66c83ab0af8b3d5236d88ee454db82e13060cec7f1f4ca7c31d7d3
trial-0045,mazecnn,quiet-owl-46,64173,16777216,92.880859564,180631.57553402678,8388608,46.229035587000006,181457.5600266026,d8103bb3ec4bfd3b8841c9c812b6338338e3bda4ac6e232810c7e3abd7be12d3
trial-0045,mazecnn,quiet-owl-46,64173,25165824,138.70569451,181433.24316209432,8388608,45.824834945999996,183058.11706436344,f4304c78283bc6a7f827b17a400e825409950ad7808599d7a163a6ad3ced23f3
trial-0045,mazecnn,quiet-owl-46,64173,33554432,184.489130529,181877.5550829839,8388608,45.78343601899999,183223.64438786884,b16f64eb269e0682b351ec0c18ccdbe0917b4e938b5307b825fd182561550937
