╭──────────────────────────────────────────────────────────────────────────────╮
│ PufferLib 5.0               🐡 GPU:   6%   VRAM:   5.3/31G    RAM:  0.5G     │
│                                                                              │
│ Env         connect4cnn    Evaluate       68ms  57%    Losses       2.059    │
│ Params           270.5K      Model        58ms  49%    policy       0.650    │
│ Steps              2.0K      Env           8ms   7%    value        0.282    │
│ SPS               17.4K      Copy          1ms   1%    entropy      1.941    │
│ Epoch                 1    Train          50ms  42%    old_kl      -0.000    │
│ Uptime            118ms      Model        50ms  42%    kl           0.000    │
│ To go     12m 46s 724ms      Misc          0ms   0%    clipfrac     0.000    │
│                                                                              │
│ perf                          0.000   score                        -0.945    │
│ episode_return               -0.945   episode_length                6.441    │
│ invalids                      0.024                                          │
╰──────────────────────────────────────────────────────────────────────────────╯
╭──────────────────────────────────────────────────────────────────────────────╮
│ PufferLib 5.0              🐡  GPU:  92%   VRAM:   5.3/31G    RAM:  0.5G     │
│                                                                              │
│ Env         connect4cnn    Evaluate      197ms  30%    Losses       1.953    │
│ Params           270.5K      Model       112ms  17%    policy       0.629    │
│ Steps             20.5K      Env          73ms  11%    value        0.265    │
│ SPS               28.4K      Copy         11ms   1%    entropy      1.940    │
│ Epoch                10    Train         450ms  69%    old_kl      -0.000    │
│ Uptime            768ms      Model       450ms  69%    kl           0.000    │
│ To go      7m 48s 442ms      Misc          0ms   0%    clipfrac     0.000    │
│                                                                              │
│ perf                          0.000   score                        -0.958    │
│ episode_return               -0.958   episode_length                6.524    │
│ invalids                      0.032                                          │
╰──────────────────────────────────────────────────────────────────────────────╯
╭──────────────────────────────────────────────────────────────────────────────╮
│ PufferLib 5.0             🐡   GPU:  93%   VRAM:   5.3/31G    RAM:  0.5G     │
│                                                                              │
│ Env         connect4cnn    Evaluate      200ms  30%    Losses       1.636    │
│ Params           270.5K      Model       112ms  17%    policy       0.562    │
│ Steps             38.9K      Env          73ms  11%    value        0.215    │
│ SPS               28.5K      Copy         13ms   1%    entropy      1.940    │
│ Epoch                19    Train         447ms  69%    old_kl      -0.000    │
│ Uptime         1s 415ms      Model       447ms  69%    kl           0.000    │
│ To go      7m 45s 868ms      Misc          0ms   0%    clipfrac     0.000    │
│                                                                              │
│ perf                          0.000   score                        -0.954    │
│ episode_return               -0.954   episode_length                6.484    │
│ invalids                      0.031                                          │
╰──────────────────────────────────────────────────────────────────────────────╯
╭──────────────────────────────────────────────────────────────────────────────╮
│ PufferLib 5.0            🐡    GPU:  93%   VRAM:   5.3/31G    RAM:  0.5G     │
│                                                                              │
│ Env         connect4cnn    Evaluate      197ms  30%    Losses       1.305    │
│ Params           270.5K      Model       112ms  17%    policy       0.486    │
│ Steps             57.3K      Env          72ms  11%    value        0.164    │
│ SPS               28.2K      Copy         11ms   1%    entropy      1.940    │
│ Epoch                28    Train         456ms  69%    old_kl       0.000    │
│ Uptime         2s 068ms      Model       456ms  69%    kl           0.000    │
│ To go      7m 49s 923ms      Misc          0ms   0%    clipfrac     0.000    │
│                                                                              │
│ perf                          0.000   score                        -0.956    │
│ episode_return               -0.956   episode_length                6.530    │
│ invalids                      0.030                                          │
╰──────────────────────────────────────────────────────────────────────────────╯
╭──────────────────────────────────────────────────────────────────────────────╮
│ PufferLib 5.0           🐡     GPU:  92%   VRAM:   5.3/31G    RAM:  0.5G     │
│                                                                              │
│ Env         connect4cnn    Evaluate      201ms  30%    Losses       0.945    │
│ Params           270.5K      Model       112ms  17%    policy       0.390    │
│ Steps             75.8K      Env          72ms  11%    value        0.111    │
│ SPS               28.2K      Copy         15ms   2%    entropy      1.939    │
│ Epoch                37    Train         452ms  69%    old_kl      -0.000    │
│ Uptime         2s 721ms      Model       451ms  69%    kl           0.000    │
│ To go      7m 48s 987ms      Misc          0ms   0%    clipfrac     0.000    │
│                                                                              │
│ perf                          0.000   score                        -0.959    │
│ episode_return               -0.959   episode_length                6.516    │
│ invalids                      0.035                                          │
╰──────────────────────────────────────────────────────────────────────────────╯
╭──────────────────────────────────────────────────────────────────────────────╮
│ PufferLib 5.0          🐡      GPU:  92%   VRAM:   5.3/31G    RAM:  0.5G     │
│                                                                              │
│ Env         connect4cnn    Evaluate      186ms  30%    Losses       0.559    │
│ Params           270.5K      Model       100ms  16%    policy       0.259    │
│ Steps             92.2K      Env          65ms  10%    value        0.060    │
│ SPS               26.6K      Copy         19ms   3%    entropy      1.938    │
│ Epoch                45    Train         429ms  69%    old_kl       0.000    │
│ Uptime         3s 336ms      Model       428ms  69%    kl           0.000    │
│ To go      8m 16s 304ms      Misc          0ms   0%    clipfrac     0.000    │
│                                                                              │
│ perf                          0.000   score                        -0.951    │
│ episode_return               -0.951   episode_length                6.600    │
│ invalids                      0.031                                          │
╰──────────────────────────────────────────────────────────────────────────────╯
╭──────────────────────────────────────────────────────────────────────────────╮
│ PufferLib 5.0         🐡       GPU:  93%   VRAM:   5.3/31G    RAM:  0.5G     │
│                                                                              │
│ Env         connect4cnn    Evaluate      190ms  30%    Losses       0.275    │
│ Params           270.5K      Model       100ms  16%    policy       0.112    │
│ Steps            108.5K      Env          68ms  10%    value        0.033    │
│ SPS               26.4K      Copy         18ms   2%    entropy      1.937    │
│ Epoch                53    Train         429ms  69%    old_kl      -0.000    │
│ Uptime         3s 956ms      Model       429ms  69%    kl           0.000    │
│ To go      8m 19s 440ms      Misc          0ms   0%    clipfrac     0.000    │
│                                                                              │
│ perf                          0.000   score                        -0.962    │
│ episode_return               -0.962   episode_length                6.570    │
│ invalids                      0.030                                          │
╰──────────────────────────────────────────────────────────────────────────────╯
╭──────────────────────────────────────────────────────────────────────────────╮
│ PufferLib 5.0        🐡        GPU:  93%   VRAM:   5.3/31G    RAM:  0.5G     │
│                                                                              │
│ Env         connect4cnn    Evaluate      186ms  30%    Losses       0.163    │
│ Params           270.5K      Model       100ms  16%    policy       0.028    │
│ Steps            124.9K      Env          65ms  10%    value        0.027    │
│ SPS               26.5K      Copy         20ms   3%    entropy      1.937    │
│ Epoch                61    Train         430ms  69%    old_kl       0.000    │
│ Uptime         4s 573ms      Model       429ms  69%    kl           0.000    │
│ To go      8m 16s 705ms      Misc          0ms   0%    clipfrac     0.000    │
│                                                                              │
│ perf                          0.000   score                        -0.954    │
│ episode_return               -0.954   episode_length                6.577    │
│ invalids                      0.029                                          │
╰──────────────────────────────────────────────────────────────────────────────╯
╭──────────────────────────────────────────────────────────────────────────────╮
│ PufferLib 5.0       🐡         GPU:  93%   VRAM:   5.3/31G    RAM:  0.5G     │
│                                                                              │
│ Env         connect4cnn    Evaluate      184ms  29%    Losses       0.181    │
│ Params           270.5K      Model       100ms  16%    policy       0.050    │
│ Steps            141.3K      Env          64ms  10%    value        0.026    │
│ SPS               26.5K      Copy         19ms   3%    entropy      1.939    │
│ Epoch                69    Train         434ms  70%    old_kl       0.000    │
│ Uptime         5s 192ms      Model       434ms  70%    kl           0.000    │
│ To go      8m 17s 699ms      Misc          0ms   0%    clipfrac     0.000    │
│                                                                              │
│ perf                          0.001   score                        -0.958    │
│ episode_return               -0.958   episode_length                6.635    │
│ invalids                      0.037                                          │
╰──────────────────────────────────────────────────────────────────────────────╯
╭──────────────────────────────────────────────────────────────────────────────╮
│ PufferLib 5.0      🐡          GPU:  92%   VRAM:   5.3/31G    RAM:  0.5G     │
│                                                                              │
│ Env         connect4cnn    Evaluate      186ms  30%    Losses       0.160    │
│ Params           270.5K      Model       100ms  16%    policy       0.040    │
│ Steps            157.7K      Env          65ms  10%    value        0.024    │
│ SPS               26.6K      Copy         18ms   2%    entropy      1.940    │
│ Epoch                77    Train         431ms  69%    old_kl      -0.000    │
│ Uptime         5s 809ms      Model       430ms  69%    kl           0.000    │
│ To go      8m 15s 109ms      Misc          0ms   0%    clipfrac     0.000    │
│                                                                              │
│ perf                          0.000   score                        -0.960    │
│ episode_return               -0.960   episode_length                6.656    │
│ invalids                      0.030                                          │
╰──────────────────────────────────────────────────────────────────────────────╯
╭──────────────────────────────────────────────────────────────────────────────╮
│ PufferLib 5.0     🐡           GPU:  93%   VRAM:   5.3/31G    RAM:  0.5G     │
│                                                                              │
│ Env         connect4cnn    Evaluate      187ms  30%    Losses       0.143    │
│ Params           270.5K      Model       100ms  16%    policy       0.035    │
│ Steps            174.1K      Env          65ms  10%    value        0.022    │
│ SPS               26.6K      Copy         20ms   3%    entropy      1.941    │
│ Epoch                85    Train         428ms  69%    old_kl      -0.000    │
│ Uptime         6s 424ms      Model       428ms  69%    kl           0.000    │
│ To go      8m 13s 646ms      Misc          0ms   0%    clipfrac     0.000    │
│                                                                              │
│ perf                          0.000   score                        -0.958    │
│ episode_return               -0.958   episode_length                6.570    │
│ invalids                      0.035                                          │
╰──────────────────────────────────────────────────────────────────────────────╯
╭──────────────────────────────────────────────────────────────────────────────╮
│ PufferLib 5.0    🐡            GPU:  93%   VRAM:   5.3/31G    RAM:  0.5G     │
│                                                                              │
│ Env         connect4cnn    Evaluate      186ms  30%    Losses       0.131    │
│ Params           270.5K      Model       100ms  16%    policy       0.030    │
│ Steps            190.5K      Env          65ms  10%    value        0.020    │
│ SPS               26.6K      Copy         18ms   2%    entropy      1.942    │
│ Epoch                93    Train         428ms  69%    old_kl       0.000    │
│ Uptime         7s 039ms      Model       428ms  69%    kl           0.000    │
│ To go      8m 12s 511ms      Misc          0ms   0%    clipfrac     0.000    │
│                                                                              │
│ perf                          0.000   score                        -0.957    │
│ episode_return               -0.957   episode_length                6.505    │
│ invalids                      0.030                                          │
╰──────────────────────────────────────────────────────────────────────────────╯
╭──────────────────────────────────────────────────────────────────────────────╮
│ PufferLib 5.0   🐡             GPU:  93%   VRAM:   5.3/31G    RAM:  0.5G     │
│                                                                              │
│ Env         connect4cnn    Evaluate      187ms  30%    Losses       0.115    │
│ Params           270.5K      Model       100ms  16%    policy       0.018    │
│ Steps            206.8K      Env          65ms  10%    value        0.019    │
│ SPS               26.6K      Copy         20ms   3%    entropy      1.942    │
│ Epoch               101    Train         429ms  69%    old_kl       0.000    │
│ Uptime         7s 655ms      Model       428ms  69%    kl           0.000    │
│ To go      8m 12s 657ms      Misc          0ms   0%    clipfrac     0.000    │
│                                                                              │
│ perf                          0.000   score                        -0.961    │
│ episode_return               -0.961   episode_length                6.578    │
│ invalids                      0.036                                          │
╰──────────────────────────────────────────────────────────────────────────────╯
╭──────────────────────────────────────────────────────────────────────────────╮
│ PufferLib 5.0  🐡              GPU:  93%   VRAM:   5.3/31G    RAM:  0.5G     │
│                                                                              │
│ Env         connect4cnn    Evaluate      187ms  30%    Losses       0.101    │
│ Params           270.5K      Model       100ms  16%    policy       0.012    │
│ Steps            223.2K      Env          65ms  10%    value        0.018    │
│ SPS               26.5K      Copy         18ms   2%    entropy      1.942    │
│ Epoch               109    Train         432ms  69%    old_kl      -0.000    │
│ Uptime         8s 275ms      Model       432ms  69%    kl           0.000    │
│ To go      8m 14s 693ms      Misc          0ms   0%    clipfrac     0.000    │
│                                                                              │
│ perf                          0.000   score                        -0.959    │
│ episode_return               -0.959   episode_length                6.601    │
│ invalids                      0.037                                          │
╰──────────────────────────────────────────────────────────────────────────────╯
╭──────────────────────────────────────────────────────────────────────────────╮
│ PufferLib 5.0 🐡               GPU:  92%   VRAM:   5.3/31G    RAM:  0.5G     │
│                                                                              │
│ Env         connect4cnn    Evaluate      184ms  29%    Losses       0.092    │
│ Params           270.5K      Model       100ms  16%    policy       0.004    │
│ Steps            239.6K      Env          65ms  10%    value        0.018    │
│ SPS               26.5K      Copy         18ms   2%    entropy      1.942    │
│ Epoch               117    Train         434ms  70%    old_kl      -0.000    │
│ Uptime         8s 893ms      Model       434ms  70%    kl           0.000    │
│ To go      8m 13s 467ms      Misc          0ms   0%    clipfrac     0.000    │
│                                                                              │
│ perf                          0.001   score                        -0.954    │
│ episode_return               -0.954   episode_length                6.643    │
│ invalids                      0.034                                          │
╰──────────────────────────────────────────────────────────────────────────────╯
╭──────────────────────────────────────────────────────────────────────────────╮
│ PufferLib 5.0🐡                GPU:  92%   VRAM:   5.3/31G    RAM:  0.5G     │
│                                                                              │
│ Env         connect4cnn    Evaluate      184ms  30%    Losses       0.083    │
│ Params           270.5K      Model       100ms  16%    policy       0.000    │
│ Steps            256.0K      Env          65ms  10%    value        0.016    │
│ SPS               26.7K      Copy         17ms   2%    entropy      1.942    │
│ Epoch               125    Train         428ms  69%    old_kl       0.000    │
│ Uptime         9s 506ms      Model       428ms  69%    kl           0.000    │
│ To go      8m 08s 137ms      Misc          0ms   0%    clipfrac     0.000    │
│                                                                              │
│ perf                          0.000   score                        -0.960    │
│ episode_return               -0.960   episode_length                6.541    │
│ invalids                      0.034                                          │
╰──────────────────────────────────────────────────────────────────────────────╯
╭──────────────────────────────────────────────────────────────────────────────╮
│ PufferLib 5.0               🐡 GPU:  92%   VRAM:   5.3/31G    RAM:  0.5G     │
│                                                                              │
│ Env         connect4cnn    Evaluate      187ms  30%    Losses       0.084    │
│ Params           270.5K      Model       100ms  16%    policy      -0.000    │
│ Steps            272.4K      Env          65ms  10%    value        0.017    │
│ SPS               26.5K      Copy         21ms   3%    entropy      1.941    │
│ Epoch               133    Train         429ms  69%    old_kl      -0.000    │
│ Uptime        10s 123ms      Model       429ms  69%    kl           0.000    │
│ To go      8m 11s 443ms      Misc          0ms   0%    clipfrac     0.000    │
│                                                                              │
│ perf                          0.000   score                        -0.960    │
│ episode_return               -0.960   episode_length                6.572    │
│ invalids                      0.033                                          │
╰──────────────────────────────────────────────────────────────────────────────╯
╭──────────────────────────────────────────────────────────────────────────────╮
│ PufferLib 5.0              🐡  GPU:  92%   VRAM:   5.3/31G    RAM:  0.5G     │
│                                                                              │
│ Env         connect4cnn    Evaluate      191ms  30%    Losses       0.075    │
│ Params           270.5K      Model       100ms  16%    policy      -0.006    │
│ Steps            288.8K      Env          70ms  11%    value        0.016    │
│ SPS               26.3K      Copy         20ms   3%    entropy      1.941    │
│ Epoch               141    Train         430ms  69%    old_kl      -0.000    │
│ Uptime        10s 745ms      Model       430ms  69%    kl           0.000    │
│ To go      8m 14s 594ms      Misc          0ms   0%    clipfrac     0.000    │
│                                                                              │
│ perf                          0.000   score                        -0.959    │
│ episode_return               -0.959   episode_length                6.614    │
│ invalids                      0.033                                          │
╰──────────────────────────────────────────────────────────────────────────────╯
╭──────────────────────────────────────────────────────────────────────────────╮
│ PufferLib 5.0             🐡   GPU:  92%   VRAM:   5.3/31G    RAM:  0.5G     │
│                                                                              │
│ Env         connect4cnn    Evaluate      188ms  30%    Losses       0.088    │
│ Params           270.5K      Model       100ms  16%    policy      -0.002    │
│ Steps            305.2K      Env          66ms  10%    value        0.018    │
│ SPS               26.8K      Copy         20ms   3%    entropy      1.940    │
│ Epoch               149    Train         424ms  69%    old_kl      -0.000    │
│ Uptime        11s 358ms      Model       424ms  69%    kl           0.000    │
│ To go      8m 06s 236ms      Misc          0ms   0%    clipfrac     0.000    │
│                                                                              │
│ perf                          0.002   score                        -0.953    │
│ episode_return               -0.953   episode_length                6.647    │
│ invalids                      0.031                                          │
╰──────────────────────────────────────────────────────────────────────────────╯
╭──────────────────────────────────────────────────────────────────────────────╮
│ PufferLib 5.0            🐡    GPU:  92%   VRAM:   5.3/31G    RAM:  0.5G     │
│                                                                              │
│ Env         connect4cnn    Evaluate      186ms  30%    Losses       0.080    │
│ Params           270.5K      Model       100ms  16%    policy       0.003    │
│ Steps            321.5K      Env          66ms  10%    value        0.015    │
│ SPS               26.8K      Copy         18ms   2%    entropy      1.939    │
│ Epoch               157    Train         425ms  69%    old_kl      -0.000    │
│ Uptime        11s 970ms      Model       425ms  69%    kl           0.000    │
│ To go      8m 05s 494ms      Misc          0ms   0%    clipfrac     0.000    │
│                                                                              │
│ perf                          0.000   score                        -0.957    │
│ episode_return               -0.957   episode_length                6.587    │
│ invalids                      0.033                                          │
╰──────────────────────────────────────────────────────────────────────────────╯
╭──────────────────────────────────────────────────────────────────────────────╮
│ PufferLib 5.0           🐡     GPU:  92%   VRAM:   5.3/31G    RAM:  0.5G     │
│                                                                              │
│ Env         connect4cnn    Evaluate      187ms  30%    Losses       0.072    │
│ Params           270.5K      Model       100ms  16%    policy      -0.005    │
│ Steps            337.9K      Env          67ms  10%    value        0.016    │
│ SPS               26.5K      Copy         18ms   2%    entropy      1.938    │
│ Epoch               165    Train         430ms  69%    old_kl      -0.000    │
│ Uptime        12s 588ms      Model       430ms  69%    kl           0.000    │
│ To go      8m 09s 287ms      Misc          0ms   0%    clipfrac     0.000    │
│                                                                              │
│ perf                          0.000   score                        -0.958    │
│ episode_return               -0.958   episode_length                6.630    │
│ invalids                      0.033                                          │
╰──────────────────────────────────────────────────────────────────────────────╯
╭──────────────────────────────────────────────────────────────────────────────╮
│ PufferLib 5.0          🐡      GPU:  92%   VRAM:   5.3/31G    RAM:  0.5G     │
│                                                                              │
│ Env         connect4cnn    Evaluate      184ms  30%    Losses       0.077    │
│ Params           270.5K      Model       100ms  16%    policy      -0.002    │
│ Steps            354.3K      Env          64ms  10%    value        0.016    │
│ SPS               26.6K      Copy         18ms   2%    entropy      1.937    │
│ Epoch               173    Train         430ms  69%    old_kl       0.000    │
│ Uptime        13s 203ms      Model       429ms  69%    kl          -0.000    │
│ To go      8m 06s 599ms      Misc          0ms   0%    clipfrac     0.000    │
│                                                                              │
│ perf                          0.000   score                        -0.956    │
│ episode_return               -0.956   episode_length                6.608    │
│ invalids                      0.034                                          │
╰──────────────────────────────────────────────────────────────────────────────╯
╭──────────────────────────────────────────────────────────────────────────────╮
│ PufferLib 5.0         🐡       GPU:  92%   VRAM:   5.3/31G    RAM:  0.5G     │
│                                                                              │
│ Env         connect4cnn    Evaluate      182ms  29%    Losses       0.079    │
│ Params           270.5K      Model       100ms  16%    policy       0.001    │
│ Steps            370.7K      Env          65ms  10%    value        0.016    │
│ SPS               26.5K      Copy         16ms   2%    entropy      1.935    │
│ Epoch               181    Train         435ms  70%    old_kl      -0.000    │
│ Uptime        13s 820ms      Model       435ms  70%    kl           0.000    │
│ To go      8m 07s 486ms      Misc          0ms   0%    clipfrac     0.000    │
│                                                                              │
│ perf                          0.001   score                        -0.957    │
│ episode_return               -0.957   episode_length                6.623    │
│ invalids                      0.032                                          │
╰──────────────────────────────────────────────────────────────────────────────╯
╭──────────────────────────────────────────────────────────────────────────────╮
│ PufferLib 5.0        🐡        GPU:  93%   VRAM:   5.3/31G    RAM:  0.5G     │
│                                                                              │
│ Env         connect4cnn    Evaluate      185ms  30%    Losses       0.080    │
│ Params           270.5K      Model       100ms  16%    policy      -0.002    │
│ Steps            387.1K      Env          66ms  10%    value        0.016    │
│ SPS               26.9K      Copy         17ms   2%    entropy      1.933    │
│ Epoch               189    Train         423ms  69%    old_kl       0.000    │
│ Uptime        14s 430ms      Model       423ms  69%    kl           0.000    │
│ To go      8m 00s 735ms      Misc          0ms   0%    clipfrac     0.000    │
│                                                                              │
│ perf                          0.001   score                        -0.950    │
│ episode_return               -0.950   episode_length                6.660    │
│ invalids                      0.035                                          │
╰──────────────────────────────────────────────────────────────────────────────╯
╭──────────────────────────────────────────────────────────────────────────────╮
│ PufferLib 5.0       🐡         GPU:  93%   VRAM:   5.3/31G    RAM:  0.5G     │
│                                                                              │
│ Env         connect4cnn    Evaluate      187ms  30%    Losses       0.082    │
│ Params           270.5K      Model        99ms  16%    policy      -0.001    │
│ Steps            403.5K      Env          65ms  10%    value        0.017    │
│ SPS               26.8K      Copy         19ms   3%    entropy      1.931    │
│ Epoch               197    Train         424ms  69%    old_kl       0.000    │
│ Uptime        15s 041ms      Model       424ms  69%    kl           0.000    │
│ To go      8m 01s 675ms      Misc          0ms   0%    clipfrac     0.000    │
│                                                                              │
│ perf                          0.002   score                        -0.949    │
│ episode_return               -0.949   episode_length                6.714    │
│ invalids                      0.038                                          │
╰──────────────────────────────────────────────────────────────────────────────╯
╭──────────────────────────────────────────────────────────────────────────────╮
│ PufferLib 5.0      🐡          GPU:  92%   VRAM:   5.3/31G    RAM:  0.5G     │
│                                                                              │
│ Env         connect4cnn    Evaluate      186ms  30%    Losses       0.078    │
│ Params           270.5K      Model       100ms  16%    policy       0.002    │
│ Steps            419.8K      Env          66ms  10%    value        0.015    │
│ SPS               26.9K      Copy         18ms   2%    entropy      1.929    │
│ Epoch               205    Train         420ms  69%    old_kl      -0.000    │
│ Uptime        15s 649ms      Model       420ms  69%    kl           0.000    │
│ To go      7m 58s 412ms      Misc          0ms   0%    clipfrac     0.000    │
│                                                                              │
│ perf                          0.001   score                        -0.957    │
│ episode_return               -0.957   episode_length                6.703    │
│ invalids                      0.039                                          │
╰──────────────────────────────────────────────────────────────────────────────╯
╭──────────────────────────────────────────────────────────────────────────────╮
│ PufferLib 5.0     🐡           GPU:  92%   VRAM:   5.3/31G    RAM:  0.5G     │
│                                                                              │
│ Env         connect4cnn    Evaluate      187ms  30%    Losses       0.066    │
│ Params           270.5K      Model       100ms  16%    policy      -0.008    │
│ Steps            436.2K      Env          65ms  10%    value        0.015    │
│ SPS               26.8K      Copy         20ms   3%    entropy      1.926    │
│ Epoch               213    Train         423ms  69%    old_kl      -0.000    │
│ Uptime        16s 261ms      Model       423ms  69%    kl           0.000    │
│ To go      8m 00s 646ms      Misc          0ms   0%    clipfrac     0.000    │
│                                                                              │
│ perf                          0.001   score                        -0.960    │
│ episode_return               -0.960   episode_length                6.737    │
│ invalids                      0.039                                          │
╰──────────────────────────────────────────────────────────────────────────────╯
╭──────────────────────────────────────────────────────────────────────────────╮
│ PufferLib 5.0    🐡            GPU:  92%   VRAM:   5.3/31G    RAM:  0.5G     │
│                                                                              │
│ Env         connect4cnn    Evaluate      185ms  30%    Losses       0.071    │
│ Params           270.5K      Model       100ms  16%    policy      -0.001    │
│ Steps            452.6K      Env          65ms  10%    value        0.014    │
│ SPS               26.7K      Copy         17ms   2%    entropy      1.925    │
│ Epoch               221    Train         429ms  69%    old_kl       0.000    │
│ Uptime        16s 875ms      Model       428ms  69%    kl           0.000    │
│ To go      8m 01s 895ms      Misc          0ms   0%    clipfrac     0.000    │
│                                                                              │
│ perf                          0.001   score                        -0.954    │
│ episode_return               -0.954   episode_length                6.737    │
│ invalids                      0.028                                          │
╰──────────────────────────────────────────────────────────────────────────────╯
╭──────────────────────────────────────────────────────────────────────────────╮
│ PufferLib 5.0   🐡             GPU:  92%   VRAM:   5.3/31G    RAM:  0.5G     │
│                                                                              │
│ Env         connect4cnn    Evaluate      188ms  30%    Losses       0.070    │
│ Params           270.5K      Model       100ms  16%    policy      -0.003    │
│ Steps            469.0K      Env          66ms  10%    value        0.015    │
│ SPS               26.6K      Copy         19ms   3%    entropy      1.922    │
│ Epoch               229    Train         427ms  69%    old_kl       0.000    │
│ Uptime        17s 491ms      Model       427ms  69%    kl           0.000    │
│ To go      8m 02s 956ms      Misc          0ms   0%    clipfrac     0.000    │
│                                                                              │
│ perf                          0.000   score                        -0.956    │
│ episode_return               -0.956   episode_length                6.767    │
│ invalids                      0.043                                          │
╰──────────────────────────────────────────────────────────────────────────────╯
╭──────────────────────────────────────────────────────────────────────────────╮
│ PufferLib 5.0  🐡              GPU:  92%   VRAM:   5.3/31G    RAM:  0.5G     │
│                                                                              │
│ Env         connect4cnn    Evaluate      186ms  30%    Losses       0.068    │
│ Params           270.5K      Model       100ms  16%    policy      -0.002    │
│ Steps            485.4K      Env          65ms  10%    value        0.014    │
│ SPS               26.6K      Copy         17ms   2%    entropy      1.919    │
│ Epoch               237    Train         429ms  69%    old_kl      -0.000    │
│ Uptime        18s 107ms      Model       429ms  69%    kl           0.000    │
│ To go      8m 02s 492ms      Misc          0ms   0%    clipfrac     0.000    │
│                                                                              │
│ perf                          0.001   score                        -0.953    │
│ episode_return               -0.953   episode_length                6.723    │
│ invalids                      0.036                                          │
╰──────────────────────────────────────────────────────────────────────────────╯
╭──────────────────────────────────────────────────────────────────────────────╮
│ PufferLib 5.0 🐡               GPU:  92%   VRAM:   5.3/31G    RAM:  0.5G     │
│                                                                              │
│ Env         connect4cnn    Evaluate      204ms  30%    Losses       0.063    │
│ Params           270.5K      Model       112ms  16%    policy      -0.005    │
│ Steps            503.8K      Env          73ms  10%    value        0.014    │
│ SPS               27.4K      Copy         16ms   2%    entropy      1.916    │
│ Epoch               246    Train         467ms  69%    old_kl      -0.000    │
│ Uptime        18s 779ms      Model       467ms  69%    kl           0.000    │
│ To go      7m 46s 802ms      Misc          0ms   0%    clipfrac     0.000    │
│                                                                              │
│ perf                          0.001   score                        -0.965    │
│ episode_return               -0.965   episode_length                6.768    │
│ invalids                      0.040                                          │
╰──────────────────────────────────────────────────────────────────────────────╯
╭──────────────────────────────────────────────────────────────────────────────╮
│ PufferLib 5.0🐡                GPU:  92%   VRAM:   5.3/31G    RAM:  0.5G     │
│                                                                              │
│ Env         connect4cnn    Evaluate      200ms  30%    Losses       0.076    │
│ Params           270.5K      Model       112ms  17%    policy       0.005    │
│ Steps            522.2K      Env          73ms  11%    value        0.014    │
│ SPS               28.5K      Copy         12ms   1%    entropy      1.915    │
│ Epoch               255    Train         447ms  69%    old_kl       0.000    │
│ Uptime        19s 426ms      Model       447ms  69%    kl           0.000    │
│ To go      7m 28s 995ms      Misc          0ms   0%    clipfrac     0.000    │
│                                                                              │
│ perf                          0.001   score                        -0.956    │
│ episode_return               -0.956   episode_length                6.748    │
│ invalids                      0.036                                          │
╰──────────────────────────────────────────────────────────────────────────────╯
╭──────────────────────────────────────────────────────────────────────────────╮
│ PufferLib 5.0               🐡 GPU:  92%   VRAM:   5.3/31G    RAM:  0.5G     │
│                                                                              │
│ Env         connect4cnn    Evaluate      199ms  30%    Losses       0.068    │
│ Params           270.5K      Model       112ms  17%    policy      -0.000    │
│ Steps            540.7K      Env          73ms  11%    value        0.014    │
│ SPS               28.4K      Copy         12ms   1%    entropy      1.913    │
│ Epoch               264    Train         450ms  69%    old_kl      -0.000    │
│ Uptime        20s 076ms      Model       450ms  69%    kl           0.000    │
│ To go      7m 30s 013ms      Misc          0ms   0%    clipfrac     0.000    │
│                                                                              │
│ perf                          0.001   score                        -0.955    │
│ episode_return               -0.955   episode_length                6.747    │
│ invalids                      0.038                                          │
╰──────────────────────────────────────────────────────────────────────────────╯
╭──────────────────────────────────────────────────────────────────────────────╮
│ PufferLib 5.0              🐡  GPU:  89%   VRAM:   5.3/31G    RAM:  0.5G     │
│                                                                              │
│ Env         connect4cnn    Evaluate      199ms  30%    Losses       0.067    │
│ Params           270.5K      Model       112ms  17%    policy      -0.000    │
│ Steps            559.1K      Env          73ms  11%    value        0.013    │
│ SPS               28.4K      Copy         11ms   1%    entropy      1.910    │
│ Epoch               273    Train         449ms  69%    old_kl       0.000    │
│ Uptime        20s 724ms      Model       449ms  69%    kl          -0.000    │
│ To go      7m 28s 548ms      Misc          0ms   0%    clipfrac     0.000    │
│                                                                              │
│ perf                          0.000   score                        -0.951    │
│ episode_return               -0.951   episode_length                6.815    │
│ invalids                      0.043                                          │
╰──────────────────────────────────────────────────────────────────────────────╯
╭──────────────────────────────────────────────────────────────────────────────╮
│ PufferLib 5.0             🐡   GPU:  89%   VRAM:   5.3/31G    RAM:  0.5G     │
│                                                                              │
│ Env         connect4cnn    Evaluate      199ms  30%    Losses       0.065    │
│ Params           270.5K      Model       112ms  17%    policy      -0.001    │
│ Steps            577.5K      Env          73ms  11%    value        0.013    │
│ SPS               28.5K      Copy         12ms   1%    entropy      1.907    │
│ Epoch               282    Train         447ms  69%    old_kl       0.000    │
│ Uptime        21s 370ms      Model       447ms  69%    kl          -0.000    │
│ To go      7m 26s 765ms      Misc          0ms   0%    clipfrac     0.000    │
│                                                                              │
│ perf                          0.000   score                        -0.963    │
│ episode_return               -0.963   episode_length                6.793    │
│ invalids                      0.036                                          │
╰──────────────────────────────────────────────────────────────────────────────╯
╭──────────────────────────────────────────────────────────────────────────────╮
│ PufferLib 5.0            🐡    GPU:  87%   VRAM:   5.3/31G    RAM:  0.5G     │
│                                                                              │
│ Env         connect4cnn    Evaluate      197ms  30%    Losses       0.064    │
│ Params           270.5K      Model       112ms  17%    policy      -0.004    │
│ Steps            596.0K      Env          72ms  11%    value        0.014    │
│ SPS               28.2K      Copy         10ms   1%    entropy      1.904    │
│ Epoch               291    Train         455ms  69%    old_kl       0.000    │
│ Uptime        22s 023ms      Model       455ms  69%    kl          -0.000    │
│ To go      7m 30s 226ms      Misc          0ms   0%    clipfrac     0.000    │
│                                                                              │
│ perf                          0.001   score                        -0.946    │
│ episode_return               -0.946   episode_length                6.743    │
│ invalids                      0.038                                          │
╰──────────────────────────────────────────────────────────────────────────────╯
╭──────────────────────────────────────────────────────────────────────────────╮
│ PufferLib 5.0           🐡     GPU:  84%   VRAM:   5.3/31G    RAM:  0.5G     │
│                                                                              │
│ Env         connect4cnn    Evaluate      203ms  31%    Losses       0.078    │
│ Params           270.5K      Model       112ms  17%    policy       0.005    │
│ Steps            614.4K      Env          74ms  11%    value        0.015    │
│ SPS               28.2K      Copy         15ms   2%    entropy      1.900    │
│ Epoch               300    Train         449ms  68%    old_kl      -0.000    │
│ Uptime        22s 676ms      Model       449ms  68%    kl          -0.000    │
│ To go      7m 29s 647ms      Misc          0ms   0%    clipfrac     0.000    │
│                                                                              │
│ perf                          0.002   score                        -0.953    │
│ episode_return               -0.953   episode_length                6.911    │
│ invalids                      0.044                                          │
╰──────────────────────────────────────────────────────────────────────────────╯
╭──────────────────────────────────────────────────────────────────────────────╮
│ PufferLib 5.0          🐡      GPU:  84%   VRAM:   5.3/31G    RAM:  0.5G     │
│                                                                              │
│ Env         connect4cnn    Evaluate      188ms  30%    Losses       0.073    │
│ Params           270.5K      Model       100ms  16%    policy       0.000    │
│ Steps            630.8K      Env          65ms  10%    value        0.015    │
│ SPS               26.7K      Copy         20ms   3%    entropy      1.895    │
│ Epoch               308    Train         425ms  69%    old_kl       0.000    │
│ Uptime        23s 290ms      Model       425ms  69%    kl          -0.000    │
│ To go      7m 55s 725ms      Misc          0ms   0%    clipfrac     0.000    │
│                                                                              │
│ perf                          0.002   score                        -0.956    │
│ episode_return               -0.956   episode_length                6.886    │
│ invalids                      0.040                                          │
╰──────────────────────────────────────────────────────────────────────────────╯
╭──────────────────────────────────────────────────────────────────────────────╮
│ PufferLib 5.0         🐡       GPU:  93%   VRAM:   5.3/31G    RAM:  0.5G     │
│                                                                              │
│ Env         connect4cnn    Evaluate      190ms  30%    Losses       0.077    │
│ Params           270.5K      Model       100ms  16%    policy       0.008    │
│ Steps            647.2K      Env          65ms  10%    value        0.014    │
│ SPS               26.6K      Copy         23ms   3%    entropy      1.893    │
│ Epoch               316    Train         425ms  69%    old_kl      -0.000    │
│ Uptime        23s 907ms      Model       425ms  69%    kl          -0.000    │
│ To go      7m 56s 691ms      Misc          0ms   0%    clipfrac     0.000    │
│                                                                              │
│ perf                          0.001   score                        -0.960    │
│ episode_return               -0.960   episode_length                6.850    │
│ invalids                      0.044                                          │
╰──────────────────────────────────────────────────────────────────────────────╯
╭──────────────────────────────────────────────────────────────────────────────╮
│ PufferLib 5.0        🐡        GPU:  91%   VRAM:   5.3/31G    RAM:  0.5G     │
│                                                                              │
│ Env         connect4cnn    Evaluate      186ms  30%    Losses       0.072    │
│ Params           270.5K      Model       100ms  16%    policy       0.000    │
│ Steps            663.6K      Env          65ms  10%    value        0.014    │
│ SPS               26.5K      Copy         18ms   2%    entropy      1.891    │
│ Epoch               324    Train         431ms  69%    old_kl       0.000    │
│ Uptime        24s 525ms      Model       431ms  69%    kl          -0.000    │
│ To go      7m 57s 253ms      Misc          0ms   0%    clipfrac     0.000    │
│                                                                              │
│ perf                          0.002   score                        -0.952    │
│ episode_return               -0.952   episode_length                6.794    │
│ invalids                      0.048                                          │
╰──────────────────────────────────────────────────────────────────────────────╯
╭──────────────────────────────────────────────────────────────────────────────╮
│ PufferLib 5.0       🐡         GPU:  91%   VRAM:   5.3/31G    RAM:  0.5G     │
│                                                                              │
│ Env         connect4cnn    Evaluate      186ms  29%    Losses       0.065    │
│ Params           270.5K      Model       100ms  16%    policy      -0.003    │
│ Steps            679.9K      Env          65ms  10%    value        0.014    │
│ SPS               26.4K      Copy         19ms   3%    entropy      1.889    │
│ Epoch               332    Train         434ms  70%    old_kl       0.000    │
│ Uptime        25s 147ms      Model       433ms  69%    kl          -0.000    │
│ To go      7m 59s 129ms      Misc          0ms   0%    clipfrac     0.000    │
│                                                                              │
│ perf                          0.001   score                        -0.958    │
│ episode_return               -0.958   episode_length                6.874    │
│ invalids                      0.044                                          │
╰──────────────────────────────────────────────────────────────────────────────╯
╭──────────────────────────────────────────────────────────────────────────────╮
│ PufferLib 5.0      🐡          GPU:  88%   VRAM:   5.3/31G    RAM:  0.5G     │
│                                                                              │
│ Env         connect4cnn    Evaluate      188ms  30%    Losses       0.063    │
│ Params           270.5K      Model       100ms  16%    policy      -0.001    │
│ Steps            696.3K      Env          65ms  10%    value        0.013    │
│ SPS               26.8K      Copy         20ms   3%    entropy      1.887    │
│ Epoch               340    Train         423ms  69%    old_kl       0.000    │
│ Uptime        25s 759ms      Model       423ms  69%    kl           0.000    │
│ To go      7m 51s 270ms      Misc          0ms   0%    clipfrac     0.000    │
│                                                                              │
│ perf                          0.000   score                        -0.958    │
│ episode_return               -0.958   episode_length                6.876    │
│ invalids                      0.042                                          │
╰──────────────────────────────────────────────────────────────────────────────╯
╭──────────────────────────────────────────────────────────────────────────────╮
│ PufferLib 5.0     🐡           GPU:  88%   VRAM:   5.3/31G    RAM:  0.5G     │
│                                                                              │
│ Env         connect4cnn    Evaluate      187ms  30%    Losses       0.062    │
│ Params           270.5K      Model       100ms  16%    policy      -0.007    │
│ Steps            712.7K      Env          65ms  10%    value        0.014    │
│ SPS               26.6K      Copy         20ms   3%    entropy      1.882    │
│ Epoch               348    Train         430ms  69%    old_kl       0.000    │
│ Uptime        26s 376ms      Model       429ms  69%    kl          -0.000    │
│ To go      7m 54s 510ms      Misc          0ms   0%    clipfrac     0.000    │
│                                                                              │
│ perf                          0.001   score                        -0.957    │
│ episode_return               -0.957   episode_length                6.948    │
│ invalids                      0.042                                          │
╰──────────────────────────────────────────────────────────────────────────────╯
╭──────────────────────────────────────────────────────────────────────────────╮
│ PufferLib 5.0    🐡            GPU:  89%   VRAM:   5.3/31G    RAM:  0.5G     │
│                                                                              │
│ Env         connect4cnn    Evaluate      187ms  30%    Losses       0.061    │
│ Params           270.5K      Model       100ms  16%    policy      -0.005    │
│ Steps            729.1K      Env          65ms  10%    value        0.013    │
│ SPS               26.7K      Copy         20ms   3%    entropy      1.878    │
│ Epoch               356    Train         427ms  69%    old_kl       0.000    │
│ Uptime        26s 990ms      Model       427ms  69%    kl          -0.000    │
│ To go      7m 51s 939ms      Misc          0ms   0%    clipfrac     0.000    │
│                                                                              │
│ perf                          0.000   score                        -0.958    │
│ episode_return               -0.958   episode_length                6.977    │
│ invalids                      0.052                                          │
╰──────────────────────────────────────────────────────────────────────────────╯
╭──────────────────────────────────────────────────────────────────────────────╮
│ PufferLib 5.0   🐡             GPU:  91%   VRAM:   5.3/31G    RAM:  0.5G     │
│                                                                              │
│ Env         connect4cnn    Evaluate      185ms  30%    Losses       0.062    │
│ Params           270.5K      Model       100ms  16%    policy      -0.001    │
│ Steps            745.5K      Env          65ms  10%    value        0.013    │
│ SPS               26.9K      Copy         18ms   3%    entropy      1.872    │
│ Epoch               364    Train         424ms  69%    old_kl       0.000    │
│ Uptime        27s 600ms      Model       424ms  69%    kl          -0.000    │
│ To go      7m 47s 708ms      Misc          0ms   0%    clipfrac     0.000    │
│                                                                              │
│ perf                          0.000   score                        -0.948    │
│ episode_return               -0.948   episode_length                6.945    │
│ invalids                      0.047                                          │
╰──────────────────────────────────────────────────────────────────────────────╯
╭──────────────────────────────────────────────────────────────────────────────╮
│ PufferLib 5.0  🐡              GPU:  91%   VRAM:   5.3/31G    RAM:  0.5G     │
│                                                                              │
│ Env         connect4cnn    Evaluate      191ms  30%    Losses       0.061    │
│ Params           270.5K      Model       100ms  16%    policy      -0.001    │
│ Steps            761.9K      Env          65ms  10%    value        0.012    │
│ SPS               26.6K      Copy         24ms   3%    entropy      1.868    │
│ Epoch               372    Train         425ms  69%    old_kl       0.000    │
│ Uptime        28s 216ms      Model       424ms  68%    kl          -0.000    │
│ To go      7m 51s 661ms      Misc          0ms   0%    clipfrac     0.000    │
│                                                                              │
│ perf                          0.000   score                        -0.946    │
│ episode_return               -0.946   episode_length                6.904    │
│ invalids                      0.051                                          │
╰──────────────────────────────────────────────────────────────────────────────╯
╭──────────────────────────────────────────────────────────────────────────────╮
│ PufferLib 5.0 🐡               GPU:  91%   VRAM:   5.3/31G    RAM:  0.5G     │
│                                                                              │
│ Env         connect4cnn    Evaluate      191ms  30%    Losses       0.061    │
│ Params           270.5K      Model       100ms  16%    policy       0.000    │
│ Steps            778.2K      Env          68ms  10%    value        0.012    │
│ SPS               26.4K      Copy         21ms   3%    entropy      1.861    │
│ Epoch               380    Train         429ms  69%    old_kl      -0.000    │
│ Uptime        28s 837ms      Model       429ms  69%    kl          -0.000    │
│ To go      7m 54s 912ms      Misc          0ms   0%    clipfrac     0.000    │
│                                                                              │
│ perf                          0.000   score                        -0.958    │
│ episode_return               -0.958   episode_length                6.862    │
│ invalids                      0.041                                          │
╰──────────────────────────────────────────────────────────────────────────────╯
╭──────────────────────────────────────────────────────────────────────────────╮
│ PufferLib 5.0🐡                GPU:  87%   VRAM:   5.3/31G    RAM:  0.5G     │
│                                                                              │
│ Env         connect4cnn    Evaluate      189ms  30%    Losses       0.051    │
│ Params           270.5K      Model       100ms  16%    policy      -0.010    │
│ Steps            794.6K      Env          66ms  10%    value        0.012    │
│ SPS               26.3K      Copy         21ms   3%    entropy      1.856    │
│ Epoch               388    Train         432ms  69%    old_kl       0.000    │
│ Uptime        29s 459ms      Model       432ms  69%    kl          -0.000    │
│ To go      7m 55s 438ms      Misc          0ms   0%    clipfrac     0.000    │
│                                                                              │
│ perf                          0.000   score                        -0.961    │
│ episode_return               -0.961   episode_length                6.946    │
│ invalids                      0.047                                          │
╰──────────────────────────────────────────────────────────────────────────────╯
╭──────────────────────────────────────────────────────────────────────────────╮
│ PufferLib 5.0               🐡 GPU:  87%   VRAM:   5.3/31G    RAM:  0.5G     │
│                                                                              │
│ Env         connect4cnn    Evaluate      188ms  30%    Losses       0.065    │
│ Params           270.5K      Model       100ms  16%    policy      -0.001    │
│ Steps            811.0K      Env          65ms  10%    value        0.013    │
│ SPS               26.7K      Copy         20ms   3%    entropy      1.851    │
│ Epoch               396    Train         425ms  69%    old_kl      -0.000    │
│ Uptime        30s 073ms      Model       425ms  69%    kl          -0.000    │
│ To go      7m 48s 377ms      Misc          0ms   0%    clipfrac     0.000    │
│                                                                              │
│ perf                          0.001   score                        -0.949    │
│ episode_return               -0.949   episode_length                6.850    │
│ invalids                      0.042                                          │
╰──────────────────────────────────────────────────────────────────────────────╯
╭──────────────────────────────────────────────────────────────────────────────╮
│ PufferLib 5.0              🐡  GPU:  87%   VRAM:   5.3/31G    RAM:  0.5G     │
│                                                                              │
│ Env         connect4cnn    Evaluate      188ms  30%    Losses       0.069    │
│ Params           270.5K      Model       100ms  16%    policy       0.003    │
│ Steps            827.4K      Env          65ms  10%    value        0.013    │
│ SPS               26.7K      Copy         21ms   3%    entropy      1.845    │
│ Epoch               404    Train         424ms  69%    old_kl      -0.000    │
│ Uptime        30s 685ms      Model       424ms  69%    kl          -0.000    │
│ To go      7m 46s 742ms      Misc          0ms   0%    clipfrac     0.000    │
│                                                                              │
│ perf                          0.001   score                        -0.956    │
│ episode_return               -0.956   episode_length                6.974    │
│ invalids                      0.038                                          │
╰──────────────────────────────────────────────────────────────────────────────╯
╭──────────────────────────────────────────────────────────────────────────────╮
│ PufferLib 5.0             🐡   GPU:  87%   VRAM:   5.3/31G    RAM:  0.5G     │
│                                                                              │
│ Env         connect4cnn    Evaluate      188ms  30%    Losses       0.067    │
│ Params           270.5K      Model       100ms  16%    policy       0.002    │
│ Steps            843.8K      Env          65ms  10%    value        0.013    │
│ SPS               26.5K      Copy         21ms   3%    entropy      1.839    │
│ Epoch               412    Train         430ms  69%    old_kl      -0.000    │
│ Uptime        31s 303ms      Model       429ms  69%    kl          -0.000    │
│ To go      7m 50s 315ms      Misc          0ms   0%    clipfrac     0.000    │
│                                                                              │
│ perf                          0.001   score                        -0.958    │
│ episode_return               -0.958   episode_length                7.041    │
│ invalids                      0.043                                          │
╰──────────────────────────────────────────────────────────────────────────────╯
╭──────────────────────────────────────────────────────────────────────────────╮
│ PufferLib 5.0            🐡    GPU:  86%   VRAM:   5.3/31G    RAM:  0.5G     │
│                                                                              │
│ Env         connect4cnn    Evaluate      186ms  29%    Losses       0.066    │
│ Params           270.5K      Model       100ms  16%    policy       0.000    │
│ Steps            860.2K      Env          65ms  10%    value        0.013    │
│ SPS               26.4K      Copy         19ms   3%    entropy      1.831    │
│ Epoch               420    Train         435ms  70%    old_kl      -0.000    │
│ Uptime        31s 925ms      Model       434ms  70%    kl          -0.000    │
│ To go      7m 52s 067ms      Misc          0ms   0%    clipfrac     0.000    │
│                                                                              │
│ perf                          0.001   score                        -0.946    │
│ episode_return               -0.946   episode_length                6.969    │
│ invalids                      0.048                                          │
╰──────────────────────────────────────────────────────────────────────────────╯
╭──────────────────────────────────────────────────────────────────────────────╮
│ PufferLib 5.0           🐡     GPU:  86%   VRAM:   5.3/31G    RAM:  0.5G     │
│                                                                              │
│ Env         connect4cnn    Evaluate      188ms  30%    Losses       0.069    │
│ Params           270.5K      Model       100ms  16%    policy       0.004    │
│ Steps            876.5K      Env          65ms  10%    value        0.013    │
│ SPS               26.5K      Copy         21ms   3%    entropy      1.822    │
│ Epoch               428    Train         427ms  69%    old_kl       0.000    │
│ Uptime        32s 542ms      Model       426ms  69%    kl          -0.000    │
│ To go      7m 48s 447ms      Misc          0ms   0%    clipfrac     0.000    │
│                                                                              │
│ perf                          0.000   score                        -0.953    │
│ episode_return               -0.953   episode_length                7.065    │
│ invalids                      0.061                                          │
╰──────────────────────────────────────────────────────────────────────────────╯
╭──────────────────────────────────────────────────────────────────────────────╮
│ PufferLib 5.0          🐡      GPU:  86%   VRAM:   5.3/31G    RAM:  0.5G     │
│                                                                              │
│ Env         connect4cnn    Evaluate      187ms  30%    Losses       0.068    │
│ Params           270.5K      Model       100ms  16%    policy      -0.001    │
│ Steps            892.9K      Env          65ms  10%    value        0.014    │
│ SPS               26.4K      Copy         19ms   3%    entropy      1.814    │
│ Epoch               436    Train         431ms  69%    old_kl      -0.000    │
│ Uptime        33s 162ms      Model       431ms  69%    kl          -0.000    │
│ To go      7m 50s 420ms      Misc          0ms   0%    clipfrac     0.000    │
│                                                                              │
│ perf                          0.002   score                        -0.952    │
│ episode_return               -0.952   episode_length                7.094    │
│ invalids                      0.050                                          │
╰──────────────────────────────────────────────────────────────────────────────╯
╭──────────────────────────────────────────────────────────────────────────────╮
│ PufferLib 5.0         🐡       GPU:  86%   VRAM:   5.3/31G    RAM:  0.5G     │
│                                                                              │
│ Env         connect4cnn    Evaluate      189ms  30%    Losses       0.061    │
│ Params           270.5K      Model       100ms  16%    policy      -0.002    │
│ Steps            909.3K      Env          65ms  10%    value        0.013    │
│ SPS               26.4K      Copy         21ms   3%    entropy      1.805    │
│ Epoch               444    Train         430ms  69%    old_kl       0.000    │
│ Uptime        33s 782ms      Model       430ms  69%    kl          -0.000    │
│ To go      7m 49s 076ms      Misc          0ms   0%    clipfrac     0.000    │
│                                                                              │
│ perf                          0.000   score                        -0.957    │
│ episode_return               -0.957   episode_length                7.161    │
│ invalids                      0.053                                          │
╰──────────────────────────────────────────────────────────────────────────────╯
╭──────────────────────────────────────────────────────────────────────────────╮
│ PufferLib 5.0        🐡        GPU:  86%   VRAM:   5.3/31G    RAM:  0.5G     │
│                                                                              │
│ Env         connect4cnn    Evaluate      189ms  30%    Losses       0.066    │
│ Params           270.5K      Model       100ms  15%    policy      -0.001    │
│ Steps            925.7K      Env          65ms  10%    value        0.013    │
│ SPS               26.3K      Copy         21ms   3%    entropy      1.794    │
│ Epoch               452    Train         433ms  69%    old_kl       0.000    │
│ Uptime        34s 405ms      Model       433ms  69%    kl          -0.000    │
│ To go      7m 51s 255ms      Misc          0ms   0%    clipfrac     0.000    │
│                                                                              │
│ perf                          0.002   score                        -0.951    │
│ episode_return               -0.951   episode_length                7.125    │
│ invalids                      0.045                                          │
╰──────────────────────────────────────────────────────────────────────────────╯
╭──────────────────────────────────────────────────────────────────────────────╮
│ PufferLib 5.0       🐡         GPU:  90%   VRAM:   5.3/31G    RAM:  0.5G     │
│                                                                              │
│ Env         connect4cnn    Evaluate      187ms  29%    Losses       0.065    │
│ Params           270.5K      Model       100ms  15%    policy      -0.000    │
│ Steps            942.1K      Env          65ms  10%    value        0.013    │
│ SPS               26.2K      Copy         19ms   3%    entropy      1.790    │
│ Epoch               460    Train         438ms  70%    old_kl      -0.000    │
│ Uptime        35s 031ms      Model       438ms  70%    kl          -0.000    │
│ To go      7m 52s 544ms      Misc          0ms   0%    clipfrac     0.000    │
│                                                                              │
│ perf                          0.001   score                        -0.954    │
│ episode_return               -0.954   episode_length                7.115    │
│ invalids                      0.050                                          │
╰──────────────────────────────────────────────────────────────────────────────╯
╭──────────────────────────────────────────────────────────────────────────────╮
│ PufferLib 5.0      🐡          GPU:  92%   VRAM:   5.3/31G    RAM:  0.5G     │
│                                                                              │
│ Env         connect4cnn    Evaluate      191ms  30%    Losses       0.061    │
│ Params           270.5K      Model       100ms  15%    policy      -0.001    │
│ Steps            958.5K      Env          65ms  10%    value        0.013    │
│ SPS               26.1K      Copy         24ms   3%    entropy      1.784    │
│ Epoch               468    Train         436ms  69%    old_kl       0.000    │
│ Uptime        35s 659ms      Model       436ms  69%    kl          -0.000    │
│ To go      7m 53s 305ms      Misc          0ms   0%    clipfrac     0.000    │
│                                                                              │
│ perf                          0.001   score                        -0.947    │
│ episode_return               -0.947   episode_length                7.126    │
│ invalids                      0.054                                          │
╰──────────────────────────────────────────────────────────────────────────────╯
╭──────────────────────────────────────────────────────────────────────────────╮
│ PufferLib 5.0     🐡           GPU:  92%   VRAM:   5.3/31G    RAM:  0.5G     │
│                                                                              │
│ Env         connect4cnn    Evaluate      186ms  30%    Losses       0.057    │
│ Params           270.5K      Model       100ms  16%    policy      -0.004    │
│ Steps            974.8K      Env          65ms  10%    value        0.012    │
│ SPS               26.6K      Copy         20ms   3%    entropy      1.780    │
│ Epoch               476    Train         427ms  69%    old_kl      -0.000    │
│ Uptime        36s 275ms      Model       427ms  69%    kl          -0.000    │
│ To go      7m 43s 575ms      Misc          0ms   0%    clipfrac     0.000    │
│                                                                              │
│ perf                          0.001   score                        -0.949    │
│ episode_return               -0.949   episode_length                7.164    │
│ invalids                      0.047                                          │
╰──────────────────────────────────────────────────────────────────────────────╯
╭──────────────────────────────────────────────────────────────────────────────╮
│ PufferLib 5.0    🐡            GPU:  92%   VRAM:   5.3/31G    RAM:  0.5G     │
│                                                                              │
│ Env         connect4cnn    Evaluate      188ms  30%    Losses       0.065    │
│ Params           270.5K      Model       100ms  16%    policy      -0.006    │
│ Steps            991.2K      Env          65ms  10%    value        0.014    │
│ SPS               26.4K      Copy         23ms   3%    entropy      1.770    │
│ Epoch               484    Train         432ms  69%    old_kl      -0.000    │
│ Uptime        36s 896ms      Model       432ms  69%    kl          -0.000    │
│ To go      7m 46s 956ms      Misc          0ms   0%    clipfrac     0.000    │
│                                                                              │
│ perf                          0.003   score                        -0.941    │
│ episode_return               -0.941   episode_length                7.182    │
│ invalids                      0.055                                          │
╰──────────────────────────────────────────────────────────────────────────────╯
╭──────────────────────────────────────────────────────────────────────────────╮
│ PufferLib 5.0   🐡             GPU:  92%   VRAM:   5.3/31G    RAM:  0.5G     │
│                                                                              │
│ Env         connect4cnn    Evaluate      187ms  30%    Losses       0.068    │
│ Params           270.5K      Model       100ms  16%    policy       0.001    │
│ Steps              1.0M      Env          65ms  10%    value        0.013    │
│ SPS               26.5K      Copy         20ms   3%    entropy      1.761    │
│ Epoch               492    Train         430ms  69%    old_kl      -0.000    │
│ Uptime        37s 514ms      Model       430ms  69%    kl          -0.000    │
│ To go      7m 44s 592ms      Misc          0ms   0%    clipfrac     0.000    │
│                                                                              │
│ perf                          0.002   score                        -0.952    │
│ episode_return               -0.952   episode_length                7.234    │
│ invalids                      0.048                                          │
╰──────────────────────────────────────────────────────────────────────────────╯
╭──────────────────────────────────────────────────────────────────────────────╮
│ PufferLib 5.0  🐡              GPU:  92%   VRAM:   5.3/31G    RAM:  0.5G     │
│                                                                              │
│ Env         connect4cnn    Evaluate      190ms  30%    Losses       0.067    │
│ Params           270.5K      Model       100ms  16%    policy       0.004    │
│ Steps              1.0M      Env          67ms  10%    value        0.013    │
│ SPS               26.5K      Copy         21ms   3%    entropy      1.740    │
│ Epoch               500    Train         426ms  69%    old_kl       0.000    │
│ Uptime        38s 131ms      Model       426ms  69%    kl          -0.000    │
│ To go      7m 42s 933ms      Misc          0ms   0%    clipfrac     0.000    │
│                                                                              │
│ perf                          0.001   score                        -0.946    │
│ episode_return               -0.946   episode_length                7.227    │
│ invalids                      0.051                                          │
╰──────────────────────────────────────────────────────────────────────────────╯
╭──────────────────────────────────────────────────────────────────────────────╮
│ PufferLib 5.0 🐡               GPU:  92%   VRAM:   5.3/31G    RAM:  0.5G     │
│                                                                              │
│ Env         connect4cnn    Evaluate      188ms  30%    Losses       0.070    │
│ Params           270.5K      Model       100ms  16%    policy       0.005    │
│ Steps              1.0M      Env          65ms  10%    value        0.013    │
│ SPS               26.4K      Copy         20ms   3%    entropy      1.723    │
│ Epoch               508    Train         433ms  69%    old_kl      -0.000    │
│ Uptime        38s 753ms      Model       433ms  69%    kl          -0.000    │
│ To go      7m 45s 645ms      Misc          0ms   0%    clipfrac     0.000    │
│                                                                              │
│ perf                          0.001   score                        -0.941    │
│ episode_return               -0.941   episode_length                7.313    │
│ invalids                      0.060                                          │
╰──────────────────────────────────────────────────────────────────────────────╯
╭──────────────────────────────────────────────────────────────────────────────╮
│ PufferLib 5.0🐡                GPU:  92%   VRAM:   5.3/31G    RAM:  0.5G     │
│                                                                              │
│ Env         connect4cnn    Evaluate      188ms  30%    Losses       0.066    │
│ Params           270.5K      Model       100ms  16%    policy       0.000    │
│ Steps              1.1M      Env          65ms  10%    value        0.013    │
│ SPS               26.4K      Copy         20ms   3%    entropy      1.711    │
│ Epoch               516    Train         432ms  69%    old_kl      -0.000    │
│ Uptime        39s 374ms      Model       432ms  69%    kl          -0.000    │
│ To go      7m 44s 275ms      Misc          0ms   0%    clipfrac     0.000    │
│                                                                              │
│ perf                          0.001   score                        -0.952    │
│ episode_return               -0.952   episode_length                7.362    │
│ invalids                      0.063                                          │
╰──────────────────────────────────────────────────────────────────────────────╯
╭──────────────────────────────────────────────────────────────────────────────╮
│ PufferLib 5.0               🐡 GPU:  91%   VRAM:   5.3/31G    RAM:  0.5G     │
│                                                                              │
│ Env         connect4cnn    Evaluate      187ms  30%    Losses       0.061    │
│ Params           270.5K      Model       100ms  16%    policy      -0.000    │
│ Steps              1.1M      Env          66ms  10%    value        0.012    │
│ SPS               26.4K      Copy         20ms   3%    entropy      1.705    │
│ Epoch               524    Train         433ms  69%    old_kl      -0.000    │
│ Uptime        39s 995ms      Model       433ms  69%    kl          -0.000    │
│ To go      7m 43s 805ms      Misc          0ms   0%    clipfrac     0.000    │
│                                                                              │
│ perf                          0.000   score                        -0.950    │
│ episode_return               -0.950   episode_length                7.359    │
│ invalids                      0.058                                          │
╰──────────────────────────────────────────────────────────────────────────────╯
╭──────────────────────────────────────────────────────────────────────────────╮
│ PufferLib 5.0              🐡  GPU:  88%   VRAM:   5.3/31G    RAM:  0.5G     │
│                                                                              │
│ Env         connect4cnn    Evaluate      187ms  30%    Losses       0.065    │
│ Params           270.5K      Model       100ms  16%    policy      -0.006    │
│ Steps              1.1M      Env          66ms  10%    value        0.014    │
│ SPS               26.6K      Copy         19ms   3%    entropy      1.695    │
│ Epoch               532    Train         428ms  69%    old_kl       0.000    │
│ Uptime        40s 611ms      Model       428ms  69%    kl          -0.000    │
│ To go      7m 39s 659ms      Misc          0ms   0%    clipfrac     0.000    │
│                                                                              │
│ perf                          0.003   score                        -0.943    │
│ episode_return               -0.943   episode_length                7.365    │
│ invalids                      0.061                                          │
╰──────────────────────────────────────────────────────────────────────────────╯
╭──────────────────────────────────────────────────────────────────────────────╮
│ PufferLib 5.0             🐡   GPU:  88%   VRAM:   5.3/31G    RAM:  0.5G     │
│                                                                              │
│ Env         connect4cnn    Evaluate      188ms  30%    Losses       0.056    │
│ Params           270.5K      Model       100ms  16%    policy      -0.010    │
│ Steps              1.1M      Env          66ms  10%    value        0.013    │
│ SPS               26.4K      Copy         20ms   3%    entropy      1.674    │
│ Epoch               540    Train         431ms  69%    old_kl      -0.000    │
│ Uptime        41s 231ms      Model       431ms  69%    kl          -0.000    │
│ To go      7m 41s 895ms      Misc          0ms   0%    clipfrac     0.000    │
│                                                                              │
│ perf                          0.001   score                        -0.948    │
│ episode_return               -0.948   episode_length                7.521    │
│ invalids                      0.074                                          │
╰──────────────────────────────────────────────────────────────────────────────╯
╭──────────────────────────────────────────────────────────────────────────────╮
│ PufferLib 5.0            🐡    GPU:  86%   VRAM:   5.3/31G    RAM:  0.5G     │
│                                                                              │
│ Env         connect4cnn    Evaluate      188ms  30%    Losses       0.062    │
│ Params           270.5K      Model       100ms  15%    policy      -0.002    │
│ Steps              1.1M      Env          65ms  10%    value        0.013    │
│ SPS               26.3K      Copy         20ms   3%    entropy      1.662    │
│ Epoch               548    Train         436ms  69%    old_kl      -0.000    │
│ Uptime        41s 855ms      Model       436ms  69%    kl          -0.000    │
│ To go      7m 44s 167ms      Misc          0ms   0%    clipfrac     0.000    │
│                                                                              │
│ perf                          0.001   score                        -0.945    │
│ episode_return               -0.945   episode_length                7.509    │
│ invalids                      0.056                                          │
╰──────────────────────────────────────────────────────────────────────────────╯
╭──────────────────────────────────────────────────────────────────────────────╮
│ PufferLib 5.0           🐡     GPU:  87%   VRAM:   5.3/31G    RAM:  0.5G     │
│                                                                              │
│ Env         connect4cnn    Evaluate      186ms  30%    Losses       0.062    │
│ Params           270.5K      Model       100ms  16%    policy      -0.006    │
│ Steps              1.1M      Env          65ms  10%    value        0.014    │
│ SPS               26.5K      Copy         18ms   2%    entropy      1.649    │
│ Epoch               556    Train         431ms  69%    old_kl       0.000    │
│ Uptime        42s 472ms      Model       431ms  69%    kl          -0.000    │
│ To go      7m 38s 850ms      Misc          0ms   0%    clipfrac     0.000    │
│                                                                              │
│ perf                          0.001   score                        -0.949    │
│ episode_return               -0.949   episode_length                7.610    │
│ invalids                      0.070                                          │
╰──────────────────────────────────────────────────────────────────────────────╯
╭──────────────────────────────────────────────────────────────────────────────╮
│ PufferLib 5.0          🐡      GPU:  87%   VRAM:   5.3/31G    RAM:  0.5G     │
│                                                                              │
│ Env         connect4cnn    Evaluate      186ms  30%    Losses       0.073    │
│ Params           270.5K      Model       100ms  16%    policy       0.003    │
│ Steps              1.2M      Env          65ms  10%    value        0.014    │
│ SPS               26.4K      Copy         20ms   3%    entropy      1.647    │
│ Epoch               564    Train         434ms  69%    old_kl      -0.000    │
│ Uptime        43s 093ms      Model       434ms  69%    kl          -0.000    │
│ To go      7m 40s 632ms      Misc          0ms   0%    clipfrac     0.000    │
│                                                                              │
│ perf                          0.002   score                        -0.937    │
│ episode_return               -0.937   episode_length                7.530    │
│ invalids                      0.067                                          │
╰──────────────────────────────────────────────────────────────────────────────╯
╭──────────────────────────────────────────────────────────────────────────────╮
│ PufferLib 5.0         🐡       GPU:  90%   VRAM:   5.3/31G    RAM:  0.5G     │
│                                                                              │
│ Env         connect4cnn    Evaluate      192ms  31%    Losses       0.067    │
│ Params           270.5K      Model       100ms  16%    policy      -0.004    │
│ Steps              1.2M      Env          67ms  10%    value        0.014    │
│ SPS               26.4K      Copy         21ms   3%    entropy      1.626    │
│ Epoch               572    Train         427ms  68%    old_kl       0.000    │
│ Uptime        43s 713ms      Model       427ms  68%    kl          -0.000    │
│ To go      7m 39s 403ms      Misc          0ms   0%    clipfrac     0.000    │
│                                                                              │
│ perf                          0.001   score                        -0.945    │
│ episode_return               -0.945   episode_length                7.693    │
│ invalids                      0.077                                          │
╰──────────────────────────────────────────────────────────────────────────────╯
╭──────────────────────────────────────────────────────────────────────────────╮
│ PufferLib 5.0        🐡        GPU:  90%   VRAM:   5.3/31G    RAM:  0.5G     │
│                                                                              │
│ Env         connect4cnn    Evaluate      189ms  30%    Losses       0.072    │
│ Params           270.5K      Model       100ms  16%    policy       0.003    │
│ Steps              1.2M      Env          66ms  10%    value        0.014    │
│ SPS               26.4K      Copy         19ms   3%    entropy      1.601    │
│ Epoch               580    Train         431ms  69%    old_kl       0.000    │
│ Uptime        44s 334ms      Model       431ms  69%    kl          -0.000    │
│ To go      7m 39s 186ms      Misc          0ms   0%    clipfrac     0.000    │
│                                                                              │
│ perf                          0.000   score                        -0.952    │
│ episode_return               -0.952   episode_length                7.794    │
│ invalids                      0.084                                          │
╰──────────────────────────────────────────────────────────────────────────────╯
╭──────────────────────────────────────────────────────────────────────────────╮
│ PufferLib 5.0       🐡         GPU:  91%   VRAM:   5.3/31G    RAM:  0.5G     │
│                                                                              │
│ Env         connect4cnn    Evaluate      193ms  30%    Losses       0.068    │
│ Params           270.5K      Model       100ms  15%    policy       0.000    │
│ Steps              1.2M      Env          65ms  10%    value        0.013    │
│ SPS               26.1K      Copy         23ms   3%    entropy      1.579    │
│ Epoch               588    Train         435ms  69%    old_kl       0.000    │
│ Uptime        44s 962ms      Model       434ms  69%    kl          -0.000    │
│ To go      7m 44s 101ms      Misc          0ms   0%    clipfrac     0.000    │
│                                                                              │
│ perf                          0.000   score                        -0.934    │
│ episode_return               -0.934   episode_length                7.768    │
│ invalids                      0.069                                          │
╰──────────────────────────────────────────────────────────────────────────────╯
╭──────────────────────────────────────────────────────────────────────────────╮
│ PufferLib 5.0      🐡          GPU:  93%   VRAM:   5.3/31G    RAM:  0.5G     │
│                                                                              │
│ Env         connect4cnn    Evaluate      190ms  30%    Losses       0.082    │
│ Params           270.5K      Model       100ms  16%    policy      -0.002    │
│ Steps              1.2M      Env          65ms  10%    value        0.017    │
│ SPS               26.4K      Copy         21ms   3%    entropy      1.547    │
│ Epoch               596    Train         431ms  69%    old_kl       0.000    │
│ Uptime        45s 583ms      Model       431ms  69%    kl          -0.000    │
│ To go      7m 38s 839ms      Misc          0ms   0%    clipfrac     0.000    │
│                                                                              │
│ perf                          0.005   score                        -0.935    │
│ episode_return               -0.935   episode_length                7.787    │
│ invalids                      0.077                                          │
╰──────────────────────────────────────────────────────────────────────────────╯
╭──────────────────────────────────────────────────────────────────────────────╮
│ PufferLib 5.0     🐡           GPU:  93%   VRAM:   5.3/31G    RAM:  0.5G     │
│                                                                              │
│ Env         connect4cnn    Evaluate      188ms  30%    Losses       0.086    │
│ Params           270.5K      Model       100ms  16%    policy       0.004    │
│ Steps              1.2M      Env          65ms  10%    value        0.016    │
│ SPS               26.5K      Copy         20ms   3%    entropy      1.523    │
│ Epoch               604    Train         431ms  69%    old_kl       0.000    │
│ Uptime        46s 203ms      Model       431ms  69%    kl          -0.000    │
│ To go      7m 36s 421ms      Misc          0ms   0%    clipfrac     0.000    │
│                                                                              │
│ perf                          0.005   score                        -0.927    │
│ episode_return               -0.927   episode_length                7.932    │
│ invalids                      0.078                                          │
╰──────────────────────────────────────────────────────────────────────────────╯
╭──────────────────────────────────────────────────────────────────────────────╮
│ PufferLib 5.0    🐡            GPU:  93%   VRAM:   5.3/31G    RAM:  0.5G     │
│                                                                              │
│ Env         connect4cnn    Evaluate      188ms  30%    Losses       0.074    │
│ Params           270.5K      Model       100ms  16%    policy      -0.000    │
│ Steps              1.3M      Env          65ms  10%    value        0.015    │
│ SPS               26.5K      Copy         18ms   2%    entropy      1.488    │
│ Epoch               612    Train         430ms  69%    old_kl       0.000    │
│ Uptime        46s 821ms      Model       430ms  69%    kl          -0.000    │
│ To go      7m 35s 172ms      Misc          0ms   0%    clipfrac     0.000    │
│                                                                              │
│ perf                          0.002   score                        -0.939    │
│ episode_return               -0.939   episode_length                8.113    │
│ invalids                      0.089                                          │
╰──────────────────────────────────────────────────────────────────────────────╯
╭──────────────────────────────────────────────────────────────────────────────╮
│ PufferLib 5.0   🐡             GPU:  92%   VRAM:   5.3/31G    RAM:  0.5G     │
│                                                                              │
│ Env         connect4cnn    Evaluate      190ms  30%    Losses       0.074    │
│ Params           270.5K      Model       100ms  16%    policy      -0.005    │
│ Steps              1.3M      Env          66ms  10%    value        0.016    │
│ SPS               26.3K      Copy         19ms   2%    entropy      1.455    │
│ Epoch               620    Train         432ms  69%    old_kl       0.000    │
│ Uptime        47s 444ms      Model       432ms  69%    kl          -0.000    │
│ To go      7m 37s 806ms      Misc          0ms   0%    clipfrac     0.000    │
│                                                                              │
│ perf                          0.002   score                        -0.929    │
│ episode_return               -0.929   episode_length                8.170    │
│ invalids                      0.094                                          │
╰──────────────────────────────────────────────────────────────────────────────╯
╭──────────────────────────────────────────────────────────────────────────────╮
│ PufferLib 5.0  🐡              GPU:  92%   VRAM:   5.3/31G    RAM:  0.5G     │
│                                                                              │
│ Env         connect4cnn    Evaluate      185ms  29%    Losses       0.070    │
│ Params           270.5K      Model       100ms  16%    policy      -0.009    │
│ Steps              1.3M      Env          65ms  10%    value        0.016    │
│ SPS               26.5K      Copy         19ms   3%    entropy      1.432    │
│ Epoch               628    Train         433ms  70%    old_kl       0.000    │
│ Uptime        48s 063ms      Model       433ms  70%    kl          -0.000    │
│ To go      7m 34s 216ms      Misc          0ms   0%    clipfrac     0.000    │
│                                                                              │
│ perf                          0.002   score                        -0.925    │
│ episode_return               -0.925   episode_length                8.230    │
│ invalids                      0.091                                          │
╰──────────────────────────────────────────────────────────────────────────────╯
╭──────────────────────────────────────────────────────────────────────────────╮
│ PufferLib 5.0 🐡               GPU:  90%   VRAM:   5.3/31G    RAM:  0.5G     │
│                                                                              │
│ Env         connect4cnn    Evaluate      185ms  29%    Losses       0.082    │
│ Params           270.5K      Model       100ms  16%    policy      -0.003    │
│ Steps              1.3M      Env          64ms  10%    value        0.017    │
│ SPS               26.5K      Copy         19ms   3%    entropy      1.395    │
│ Epoch               636    Train         433ms  70%    old_kl       0.000    │
│ Uptime        48s 681ms      Model       433ms  70%    kl          -0.000    │
│ To go      7m 32s 982ms      Misc          0ms   0%    clipfrac     0.000    │
│                                                                              │
│ perf                          0.004   score                        -0.933    │
│ episode_return               -0.933   episode_length                8.400    │
│ invalids                      0.099                                          │
╰──────────────────────────────────────────────────────────────────────────────╯
╭──────────────────────────────────────────────────────────────────────────────╮
│ PufferLib 5.0🐡                GPU:  90%   VRAM:   5.3/31G    RAM:  0.5G     │
│                                                                              │
│ Env         connect4cnn    Evaluate      185ms  29%    Losses       0.077    │
│ Params           270.5K      Model       100ms  16%    policy      -0.003    │
│ Steps              1.3M      Env          64ms  10%    value        0.016    │
│ SPS               26.5K      Copy         18ms   2%    entropy      1.368    │
│ Epoch               644    Train         434ms  70%    old_kl      -0.000    │
│ Uptime        49s 300ms      Model       433ms  70%    kl          -0.000    │
│ To go      7m 33s 315ms      Misc          0ms   0%    clipfrac     0.000    │
│                                                                              │
│ perf                          0.005   score                        -0.923    │
│ episode_return               -0.923   episode_length                8.443    │
│ invalids                      0.106                                          │
╰──────────────────────────────────────────────────────────────────────────────╯
╭──────────────────────────────────────────────────────────────────────────────╮
│ PufferLib 5.0               🐡 GPU:  89%   VRAM:   5.3/31G    RAM:  0.5G     │
│                                                                              │
│ Env         connect4cnn    Evaluate      186ms  30%    Losses       0.087    │
│ Params           270.5K      Model       100ms  16%    policy       0.000    │
│ Steps              1.3M      Env          63ms  10%    value        0.017    │
│ SPS               26.8K      Copy         21ms   3%    entropy      1.331    │
│ Epoch               652    Train         424ms  69%    old_kl       0.000    │
│ Uptime        49s 912ms      Model       424ms  69%    kl          -0.000    │
│ To go      7m 27s 186ms      Misc          0ms   0%    clipfrac     0.000    │
│                                                                              │
│ perf                          0.006   score                        -0.919    │
│ episode_return               -0.919   episode_length                8.513    │
│ invalids                      0.116                                          │
╰──────────────────────────────────────────────────────────────────────────────╯
╭──────────────────────────────────────────────────────────────────────────────╮
│ PufferLib 5.0              🐡  GPU:  90%   VRAM:   5.3/31G    RAM:  0.5G     │
│                                                                              │
│ Env         connect4cnn    Evaluate      186ms  30%    Losses       0.085    │
│ Params           270.5K      Model       100ms  16%    policy      -0.006    │
│ Steps              1.4M      Env          64ms  10%    value        0.018    │
│ SPS               26.5K      Copy         18ms   2%    entropy      1.287    │
│ Epoch               660    Train         432ms  69%    old_kl       0.000    │
│ Uptime        50s 530ms      Model       432ms  69%    kl          -0.000    │
│ To go      7m 31s 260ms      Misc          0ms   0%    clipfrac     0.000    │
│                                                                              │
│ perf                          0.008   score                        -0.925    │
│ episode_return               -0.925   episode_length                8.866    │
│ invalids                      0.131                                          │
╰──────────────────────────────────────────────────────────────────────────────╯
╭──────────────────────────────────────────────────────────────────────────────╮
│ PufferLib 5.0             🐡   GPU:  90%   VRAM:   5.3/31G    RAM:  0.5G     │
│                                                                              │
│ Env         connect4cnn    Evaluate      186ms  30%    Losses       0.089    │
│ Params           270.5K      Model       100ms  16%    policy       0.004    │
│ Steps              1.4M      Env          63ms  10%    value        0.017    │
│ SPS               26.4K      Copy         20ms   3%    entropy      1.243    │
│ Epoch               668    Train         435ms  69%    old_kl      -0.000    │
│ Uptime        51s 152ms      Model       435ms  69%    kl          -0.000    │
│ To go      7m 33s 170ms      Misc          0ms   0%    clipfrac     0.000    │
│                                                                              │
│ perf                          0.005   score                        -0.919    │
│ episode_return               -0.919   episode_length                9.037    │
│ invalids                      0.150                                          │
╰──────────────────────────────────────────────────────────────────────────────╯
╭──────────────────────────────────────────────────────────────────────────────╮
│ PufferLib 5.0            🐡    GPU:  87%   VRAM:   5.3/31G    RAM:  0.5G     │
│                                                                              │
│ Env         connect4cnn    Evaluate      184ms  29%    Losses       0.090    │
│ Params           270.5K      Model       100ms  16%    policy      -0.005    │
│ Steps              1.4M      Env          63ms  10%    value        0.019    │
│ SPS               26.6K      Copy         19ms   3%    entropy      1.195    │
│ Epoch               676    Train         432ms  70%    old_kl      -0.000    │
│ Uptime        51s 768ms      Model       432ms  70%    kl          -0.000    │
│ To go      7m 28s 968ms      Misc          0ms   0%    clipfrac     0.000    │
│                                                                              │
│ perf                          0.007   score                        -0.916    │
│ episode_return               -0.916   episode_length                9.192    │
│ invalids                      0.160                                          │
╰──────────────────────────────────────────────────────────────────────────────╯
╭──────────────────────────────────────────────────────────────────────────────╮
│ PufferLib 5.0           🐡     GPU:  87%   VRAM:   5.3/31G    RAM:  0.5G     │
│                                                                              │
│ Env         connect4cnn    Evaluate      181ms  29%    Losses       0.094    │
│ Params           270.5K      Model       100ms  16%    policy      -0.004    │
│ Steps              1.4M      Env          62ms  10%    value        0.020    │
│ SPS               26.7K      Copy         17ms   2%    entropy      1.164    │
│ Epoch               684    Train         433ms  70%    old_kl      -0.000    │
│ Uptime        52s 383ms      Model       433ms  70%    kl          -0.000    │
│ To go      7m 26s 670ms      Misc          0ms   0%    clipfrac     0.000    │
│                                                                              │
│ perf                          0.010   score                        -0.925    │
│ episode_return               -0.925   episode_length                9.567    │
│ invalids                      0.167                                          │
╰──────────────────────────────────────────────────────────────────────────────╯
╭──────────────────────────────────────────────────────────────────────────────╮
│ PufferLib 5.0          🐡      GPU:  86%   VRAM:   5.3/31G    RAM:  0.5G     │
│                                                                              │
│ Env         connect4cnn    Evaluate      184ms  30%    Losses       0.096    │
│ Params           270.5K      Model       100ms  16%    policy      -0.005    │
│ Steps              1.4M      Env          61ms  10%    value        0.020    │
│ SPS               27.0K      Copy         20ms   3%    entropy      1.128    │
│ Epoch               692    Train         422ms  69%    old_kl      -0.000    │
│ Uptime        52s 990ms      Model       422ms  69%    kl          -0.000    │
│ To go      7m 20s 858ms      Misc          0ms   0%    clipfrac     0.000    │
│                                                                              │
│ perf                          0.010   score                        -0.923    │
│ episode_return               -0.923   episode_length                9.683    │
│ invalids                      0.166                                          │
╰──────────────────────────────────────────────────────────────────────────────╯
╭──────────────────────────────────────────────────────────────────────────────╮
│ PufferLib 5.0         🐡       GPU:  90%   VRAM:   5.3/31G    RAM:  0.5G     │
│                                                                              │
│ Env         connect4cnn    Evaluate      183ms  29%    Losses       0.111    │
│ Params           270.5K      Model       100ms  16%    policy      -0.000    │
│ Steps              1.4M      Env          61ms   9%    value        0.022    │
│ SPS               26.7K      Copy         20ms   3%    entropy      1.101    │
│ Epoch               700    Train         430ms  70%    old_kl      -0.000    │
│ Uptime        53s 604ms      Model       430ms  70%    kl          -0.000    │
│ To go      7m 25s 175ms      Misc          0ms   0%    clipfrac     0.000    │
│                                                                              │
│ perf                          0.017   score                        -0.905    │
│ episode_return               -0.905   episode_length               10.033    │
│ invalids                      0.191                                          │
╰──────────────────────────────────────────────────────────────────────────────╯
╭──────────────────────────────────────────────────────────────────────────────╮
│ PufferLib 5.0        🐡        GPU:  90%   VRAM:   5.3/31G    RAM:  0.5G     │
│                                                                              │
│ Env         connect4cnn    Evaluate      185ms  30%    Losses       0.092    │
│ Params           270.5K      Model       100ms  16%    policy       0.001    │
│ Steps              1.4M      Env          60ms   9%    value        0.018    │
│ SPS               26.6K      Copy         24ms   3%    entropy      1.055    │
│ Epoch               708    Train         429ms  69%    old_kl      -0.000    │
│ Uptime        54s 219ms      Model       429ms  69%    kl          -0.000    │
│ To go      7m 25s 386ms      Misc          0ms   0%    clipfrac     0.000    │
│                                                                              │
│ perf                          0.010   score                        -0.923    │
│ episode_return               -0.923   episode_length               10.324    │
│ invalids                      0.224                                          │
╰──────────────────────────────────────────────────────────────────────────────╯
╭──────────────────────────────────────────────────────────────────────────────╮
│ PufferLib 5.0       🐡         GPU:  91%   VRAM:   5.3/31G    RAM:  0.5G     │
│                                                                              │
│ Env         connect4cnn    Evaluate      185ms  29%    Losses       0.108    │
│ Params           270.5K      Model       100ms  16%    policy      -0.006    │
│ Steps              1.5M      Env          60ms   9%    value        0.023    │
│ SPS               26.5K      Copy         21ms   3%    entropy      0.987    │
│ Epoch               716    Train         432ms  70%    old_kl       0.000    │
│ Uptime        54s 837ms      Model       432ms  70%    kl          -0.000    │
│ To go      7m 27s 027ms      Misc          0ms   0%    clipfrac     0.000    │
│                                                                              │
│ perf                          0.020   score                        -0.916    │
│ episode_return               -0.916   episode_length               10.733    │
│ invalids                      0.246                                          │
╰──────────────────────────────────────────────────────────────────────────────╯
╭──────────────────────────────────────────────────────────────────────────────╮
│ PufferLib 5.0      🐡          GPU:  90%   VRAM:   5.3/31G    RAM:  0.5G     │
│                                                                              │
│ Env         connect4cnn    Evaluate      183ms  29%    Losses       0.092    │
│ Params           270.5K      Model       100ms  16%    policy      -0.000    │
│ Steps              1.5M      Env          60ms   9%    value        0.018    │
│ SPS               26.6K      Copy         21ms   3%    entropy      0.930    │
│ Epoch               724    Train         432ms  70%    old_kl       0.000    │
│ Uptime        55s 453ms      Model       432ms  70%    kl          -0.000    │
│ To go      7m 24s 454ms      Misc          0ms   0%    clipfrac     0.000    │
│                                                                              │
│ perf                          0.011   score                        -0.938    │
│ episode_return               -0.938   episode_length               10.990    │
│ invalids                      0.289                                          │
╰──────────────────────────────────────────────────────────────────────────────╯
╭──────────────────────────────────────────────────────────────────────────────╮
│ PufferLib 5.0     🐡           GPU:  90%   VRAM:   5.3/31G    RAM:  0.5G     │
│                                                                              │
│ Env         connect4cnn    Evaluate      183ms  29%    Losses       0.101    │
│ Params           270.5K      Model       100ms  16%    policy       0.004    │
│ Steps              1.5M      Env          59ms   9%    value        0.019    │
│ SPS               26.5K      Copy         21ms   3%    entropy      0.892    │
│ Epoch               732    Train         434ms  70%    old_kl       0.000    │
│ Uptime        56s 071ms      Model       434ms  70%    kl          -0.000    │
│ To go      7m 25s 891ms      Misc          0ms   0%    clipfrac     0.000    │
│                                                                              │
│ perf                          0.022   score                        -0.928    │
│ episode_return               -0.928   episode_length               11.530    │
│ invalids                      0.319                                          │
╰──────────────────────────────────────────────────────────────────────────────╯
╭──────────────────────────────────────────────────────────────────────────────╮
│ PufferLib 5.0    🐡            GPU:  88%   VRAM:   5.3/31G    RAM:  0.5G     │
│                                                                              │
│ Env         connect4cnn    Evaluate      179ms  29%    Losses       0.107    │
│ Params           270.5K      Model       100ms  16%    policy      -0.009    │
│ Steps              1.5M      Env          57ms   9%    value        0.023    │
│ SPS               26.6K      Copy         20ms   3%    entropy      0.818    │
│ Epoch               740    Train         437ms  70%    old_kl       0.000    │
│ Uptime        56s 688ms      Model       437ms  70%    kl          -0.000    │
│ To go      7m 23s 904ms      Misc          0ms   0%    clipfrac     0.000    │
│                                                                              │
│ perf                          0.037   score                        -0.900    │
│ episode_return               -0.900   episode_length               11.972    │
│ invalids                      0.348                                          │
╰──────────────────────────────────────────────────────────────────────────────╯
╭──────────────────────────────────────────────────────────────────────────────╮
│ PufferLib 5.0   🐡             GPU:  88%   VRAM:   5.3/31G    RAM:  0.5G     │
│                                                                              │
│ Env         connect4cnn    Evaluate      180ms  29%    Losses       0.102    │
│ Params           270.5K      Model       100ms  16%    policy      -0.003    │
│ Steps              1.5M      Env          58ms   9%    value        0.021    │
│ SPS               26.5K      Copy         20ms   3%    entropy      0.766    │
│ Epoch               748    Train         437ms  70%    old_kl       0.000    │
│ Uptime        57s 305ms      Model       437ms  70%    kl          -0.000    │
│ To go      7m 23s 998ms      Misc          0ms   0%    clipfrac     0.000    │
│                                                                              │
│ perf                          0.042   score                        -0.898    │
│ episode_return               -0.898   episode_length               12.258    │
│ invalids                      0.370                                          │
╰──────────────────────────────────────────────────────────────────────────────╯
╭──────────────────────────────────────────────────────────────────────────────╮
│ PufferLib 5.0  🐡              GPU:  88%   VRAM:   5.3/31G    RAM:  0.5G     │
│                                                                              │
│ Env         connect4cnn    Evaluate      179ms  29%    Losses       0.111    │
│ Params           270.5K      Model       100ms  16%    policy      -0.002    │
│ Steps              1.5M      Env          58ms   9%    value        0.023    │
│ SPS               26.7K      Copy         19ms   3%    entropy      0.695    │
│ Epoch               756    Train         434ms  70%    old_kl       0.000    │
│ Uptime        57s 919ms      Model       434ms  70%    kl          -0.000    │
│ To go      7m 20s 764ms      Misc          0ms   0%    clipfrac     0.000    │
│                                                                              │
│ perf                          0.054   score                        -0.873    │
│ episode_return               -0.873   episode_length               12.595    │
│ invalids                      0.375                                          │
╰──────────────────────────────────────────────────────────────────────────────╯
╭──────────────────────────────────────────────────────────────────────────────╮
│ PufferLib 5.0 🐡               GPU:  90%   VRAM:   5.3/31G    RAM:  0.5G     │
│                                                                              │
│ Env         connect4cnn    Evaluate      178ms  29%    Losses       0.100    │
│ Params           270.5K      Model       100ms  16%    policy      -0.005    │
│ Steps              1.6M      Env          56ms   9%    value        0.021    │
│ SPS               26.9K      Copy         20ms   3%    entropy      0.626    │
│ Epoch               764    Train         431ms  70%    old_kl      -0.000    │
│ Uptime        58s 529ms      Model       431ms  70%    kl          -0.000    │
│ To go      7m 16s 849ms      Misc          0ms   0%    clipfrac     0.000    │
│                                                                              │
│ perf                          0.064   score                        -0.865    │
│ episode_return               -0.865   episode_length               13.233    │
│ invalids                      0.461                                          │
╰──────────────────────────────────────────────────────────────────────────────╯
╭──────────────────────────────────────────────────────────────────────────────╮
│ PufferLib 5.0🐡                GPU:  90%   VRAM:   5.3/31G    RAM:  0.5G     │
│                                                                              │
│ Env         connect4cnn    Evaluate      179ms  29%    Losses       0.109    │
│ Params           270.5K      Model       100ms  16%    policy       0.007    │
│ Steps              1.6M      Env          56ms   9%    value        0.021    │
│ SPS               27.1K      Copy         21ms   3%    entropy      0.595    │
│ Epoch               772    Train         425ms  70%    old_kl      -0.000    │
│ Uptime        59s 133ms      Model       424ms  70%    kl          -0.000    │
│ To go      7m 12s 663ms      Misc          0ms   0%    clipfrac     0.000    │
│                                                                              │
│ perf                          0.055   score                        -0.888    │
│ episode_return               -0.888   episode_length               13.364    │
│ invalids                      0.450                                          │
╰──────────────────────────────────────────────────────────────────────────────╯
╭──────────────────────────────────────────────────────────────────────────────╮
│ PufferLib 5.0               🐡 GPU:  93%   VRAM:   5.3/31G    RAM:  0.5G     │
│                                                                              │
│ Env         connect4cnn    Evaluate      180ms  29%    Losses       0.109    │
│ Params           270.5K      Model       100ms  16%    policy       0.001    │
│ Steps              1.6M      Env          56ms   9%    value        0.022    │
│ SPS               27.1K      Copy         21ms   3%    entropy      0.560    │
│ Epoch               780    Train         424ms  70%    old_kl       0.000    │
│ Uptime        59s 738ms      Model       424ms  70%    kl          -0.000    │
│ To go      7m 12s 345ms      Misc          0ms   0%    clipfrac     0.000    │
│                                                                              │
│ perf                          0.076   score                        -0.845    │
│ episode_return               -0.845   episode_length               13.268    │
│ invalids                      0.438                                          │
╰──────────────────────────────────────────────────────────────────────────────╯
╭──────────────────────────────────────────────────────────────────────────────╮
│ PufferLib 5.0              🐡  GPU:  93%   VRAM:   5.3/31G    RAM:  0.5G     │
│                                                                              │
│ Env         connect4cnn    Evaluate      179ms  29%    Losses       0.090    │
│ Params           270.5K      Model       100ms  16%    policy      -0.012    │
│ Steps              1.6M      Env          55ms   9%    value        0.020    │
│ SPS               26.7K      Copy         22ms   3%    entropy      0.533    │
│ Epoch               788    Train         433ms  70%    old_kl       0.000    │
│ Uptime     1m 00s 351ms      Model       432ms  70%    kl          -0.000    │
│ To go      7m 17s 822ms      Misc          0ms   0%    clipfrac     0.000    │
│                                                                              │
│ perf                          0.078   score                        -0.839    │
│ episode_return               -0.839   episode_length               13.669    │
│ invalids                      0.471                                          │
╰──────────────────────────────────────────────────────────────────────────────╯
╭──────────────────────────────────────────────────────────────────────────────╮
│ PufferLib 5.0             🐡   GPU:  93%   VRAM:   5.3/31G    RAM:  0.5G     │
│                                                                              │
│ Env         connect4cnn    Evaluate      176ms  28%    Losses       0.118    │
│ Params           270.5K      Model       100ms  16%    policy       0.010    │
│ Steps              1.6M      Env          55ms   8%    value        0.022    │
│ SPS               26.8K      Copy         18ms   2%    entropy      0.507    │
│ Epoch               796    Train         435ms  71%    old_kl      -0.000    │
│ Uptime     1m 00s 963ms      Model       435ms  71%    kl          -0.000    │
│ To go      7m 16s 248ms      Misc          0ms   0%    clipfrac     0.000    │
│                                                                              │
│ perf                          0.091   score                        -0.813    │
│ episode_return               -0.813   episode_length               13.698    │
│ invalids                      0.468                                          │
╰──────────────────────────────────────────────────────────────────────────────╯
╭──────────────────────────────────────────────────────────────────────────────╮
│ PufferLib 5.0            🐡    GPU:  93%   VRAM:   5.3/31G    RAM:  0.5G     │
│                                                                              │
│ Env         connect4cnn    Evaluate      181ms  29%    Losses       0.124    │
│ Params           270.5K      Model       100ms  16%    policy       0.000    │
│ Steps              1.6M      Env          55ms   9%    value        0.025    │
│ SPS               27.0K      Copy         25ms   4%    entropy      0.487    │
│ Epoch               804    Train         425ms  70%    old_kl      -0.000    │
│ Uptime     1m 01s 570ms      Model       425ms  70%    kl          -0.000    │
│ To go      7m 12s 316ms      Misc          0ms   0%    clipfrac     0.000    │
│                                                                              │
│ perf                          0.106   score                        -0.784    │
│ episode_return               -0.784   episode_length               13.869    │
│ invalids                      0.457                                          │
╰──────────────────────────────────────────────────────────────────────────────╯
╭──────────────────────────────────────────────────────────────────────────────╮
│ PufferLib 5.0           🐡     GPU:  93%   VRAM:   5.3/31G    RAM:  0.5G     │
│                                                                              │
│ Env         connect4cnn    Evaluate      178ms  29%    Losses       0.117    │
│ Params           270.5K      Model       100ms  16%    policy       0.009    │
│ Steps              1.7M      Env          55ms   8%    value        0.022    │
│ SPS               26.9K      Copy         20ms   3%    entropy      0.475    │
│ Epoch               812    Train         430ms  70%    old_kl      -0.000    │
│ Uptime     1m 02s 179ms      Model       430ms  70%    kl          -0.000    │
│ To go      7m 13s 135ms      Misc          0ms   0%    clipfrac     0.000    │
│                                                                              │
│ perf                          0.097   score                        -0.806    │
│ episode_return               -0.806   episode_length               14.234    │
│ invalids                      0.482                                          │
╰──────────────────────────────────────────────────────────────────────────────╯
╭──────────────────────────────────────────────────────────────────────────────╮
│ PufferLib 5.0          🐡      GPU:  92%   VRAM:   5.3/31G    RAM:  0.5G     │
│                                                                              │
│ Env         connect4cnn    Evaluate      175ms  28%    Losses       0.142    │
│ Params           270.5K      Model       100ms  16%    policy      -0.008    │
│ Steps              1.7M      Env          55ms   9%    value        0.030    │
│ SPS               27.0K      Copy         19ms   3%    entropy      0.445    │
│ Epoch               820    Train         430ms  71%    old_kl       0.000    │
│ Uptime     1m 02s 787ms      Model       430ms  71%    kl          -0.000    │
│ To go      7m 11s 420ms      Misc          0ms   0%    clipfrac     0.000    │
│                                                                              │
│ perf                          0.132   score                        -0.735    │
│ episode_return               -0.735   episode_length               14.274    │
│ invalids                      0.382                                          │
╰──────────────────────────────────────────────────────────────────────────────╯
╭──────────────────────────────────────────────────────────────────────────────╮
│ PufferLib 5.0         🐡       GPU:  92%   VRAM:   5.3/31G    RAM:  0.5G     │
│                                                                              │
│ Env         connect4cnn    Evaluate      175ms  28%    Losses       0.153    │
│ Params           270.5K      Model       100ms  16%    policy      -0.004    │
│ Steps              1.7M      Env          54ms   8%    value        0.031    │
│ SPS               27.0K      Copy         18ms   3%    entropy      0.423    │
│ Epoch               828    Train         431ms  71%    old_kl       0.000    │
│ Uptime     1m 03s 394ms      Model       431ms  71%    kl          -0.000    │
│ To go      7m 10s 464ms      Misc          0ms   0%    clipfrac     0.000    │
│                                                                              │
│ perf                          0.153   score                        -0.694    │
│ episode_return               -0.694   episode_length               14.385    │
│ invalids                      0.347                                          │
╰──────────────────────────────────────────────────────────────────────────────╯
╭──────────────────────────────────────────────────────────────────────────────╮
│ PufferLib 5.0        🐡        GPU:  89%   VRAM:   5.3/31G    RAM:  0.5G     │
│                                                                              │
│ Env         connect4cnn    Evaluate      175ms  28%    Losses       0.149    │
│ Params           270.5K      Model       100ms  16%    policy       0.004    │
│ Steps              1.7M      Env          53ms   8%    value        0.029    │
│ SPS               27.0K      Copy         19ms   3%    entropy      0.407    │
│ Epoch               836    Train         431ms  71%    old_kl       0.000    │
│ Uptime     1m 04s 001ms      Model       431ms  71%    kl          -0.000    │
│ To go      7m 09s 632ms      Misc          0ms   0%    clipfrac     0.000    │
│                                                                              │
│ perf                          0.158   score                        -0.684    │
│ episode_return               -0.684   episode_length               14.593    │
│ invalids                      0.362                                          │
╰──────────────────────────────────────────────────────────────────────────────╯
╭──────────────────────────────────────────────────────────────────────────────╮
│ PufferLib 5.0       🐡         GPU:  88%   VRAM:   5.3/31G    RAM:  0.5G     │
│                                                                              │
│ Env         connect4cnn    Evaluate      175ms  28%    Losses       0.161    │
│ Params           270.5K      Model       100ms  16%    policy      -0.006    │
│ Steps              1.7M      Env          53ms   8%    value        0.033    │
│ SPS               26.9K      Copy         20ms   3%    entropy      0.363    │
│ Epoch               844    Train         433ms  71%    old_kl       0.000    │
│ Uptime     1m 04s 610ms      Model       433ms  71%    kl          -0.000    │
│ To go      7m 10s 616ms      Misc          0ms   0%    clipfrac     0.000    │
│                                                                              │
│ perf                          0.201   score                        -0.596    │
│ episode_return               -0.596   episode_length               14.639    │
│ invalids                      0.337                                          │
╰──────────────────────────────────────────────────────────────────────────────╯
╭──────────────────────────────────────────────────────────────────────────────╮
│ PufferLib 5.0      🐡          GPU:  88%   VRAM:   5.3/31G    RAM:  0.5G     │
│                                                                              │
│ Env         connect4cnn    Evaluate      178ms  29%    Losses       0.157    │
│ Params           270.5K      Model       100ms  16%    policy       0.003    │
│ Steps              1.7M      Env          54ms   8%    value        0.031    │
│ SPS               26.8K      Copy         22ms   3%    entropy      0.362    │
│ Epoch               852    Train         433ms  70%    old_kl       0.000    │
│ Uptime     1m 05s 221ms      Model       433ms  70%    kl          -0.000    │
│ To go      7m 11s 733ms      Misc          0ms   0%    clipfrac     0.000    │
│                                                                              │
│ perf                          0.170   score                        -0.659    │
│ episode_return               -0.659   episode_length               14.508    │
│ invalids                      0.295                                          │
╰──────────────────────────────────────────────────────────────────────────────╯
╭──────────────────────────────────────────────────────────────────────────────╮
│ PufferLib 5.0     🐡           GPU:  92%   VRAM:   5.3/31G    RAM:  0.5G     │
│                                                                              │
│ Env         connect4cnn    Evaluate      175ms  28%    Losses       0.152    │
│ Params           270.5K      Model       100ms  16%    policy       0.000    │
│ Steps              1.8M      Env          54ms   8%    value        0.030    │
│ SPS               26.7K      Copy         19ms   3%    entropy      0.328    │
│ Epoch               860    Train         437ms  71%    old_kl       0.000    │
│ Uptime     1m 05s 834ms      Model       436ms  71%    kl          -0.000    │
│ To go      7m 11s 848ms      Misc          0ms   0%    clipfrac     0.000    │
│                                                                              │
│ perf                          0.189   score                        -0.619    │
│ episode_return               -0.619   episode_length               14.829    │
│ invalids                      0.329                                          │
╰──────────────────────────────────────────────────────────────────────────────╯
╭──────────────────────────────────────────────────────────────────────────────╮
│ PufferLib 5.0    🐡            GPU:  92%   VRAM:   5.3/31G    RAM:  0.5G     │
│                                                                              │
│ Env         connect4cnn    Evaluate      173ms  28%    Losses       0.151    │
│ Params           270.5K      Model       100ms  16%    policy      -0.001    │
│ Steps              1.8M      Env          53ms   8%    value        0.030    │
│ SPS               26.5K      Copy         19ms   3%    entropy      0.310    │
│ Epoch               868    Train         444ms  71%    old_kl      -0.000    │
│ Uptime     1m 06s 451ms      Model       444ms  71%    kl          -0.000    │
│ To go      7m 14s 797ms      Misc          0ms   0%    clipfrac     0.000    │
│                                                                              │
│ perf                          0.230   score                        -0.538    │
│ episode_return               -0.538   episode_length               14.880    │
│ invalids                      0.320                                          │
╰──────────────────────────────────────────────────────────────────────────────╯
╭──────────────────────────────────────────────────────────────────────────────╮
│ PufferLib 5.0   🐡             GPU:  92%   VRAM:   5.3/31G    RAM:  0.5G     │
│                                                                              │
│ Env         connect4cnn    Evaluate      175ms  28%    Losses       0.165    │
│ Params           270.5K      Model       100ms  16%    policy       0.002    │
│ Steps              1.8M      Env          52ms   8%    value        0.033    │
│ SPS               26.9K      Copy         21ms   3%    entropy      0.292    │
│ Epoch               876    Train         433ms  71%    old_kl       0.000    │
│ Uptime     1m 07s 060ms      Model       433ms  71%    kl          -0.000    │
│ To go      7m 08s 036ms      Misc          0ms   0%    clipfrac     0.000    │
│                                                                              │
│ perf                          0.247   score                        -0.505    │
│ episode_return               -0.505   episode_length               14.880    │
│ invalids                      0.293                                          │
╰──────────────────────────────────────────────────────────────────────────────╯
╭──────────────────────────────────────────────────────────────────────────────╮
│ PufferLib 5.0  🐡              GPU:  93%   VRAM:   5.3/31G    RAM:  0.5G     │
│                                                                              │
│ Env         connect4cnn    Evaluate      174ms  28%    Losses       0.160    │
│ Params           270.5K      Model       100ms  16%    policy      -0.006    │
│ Steps              1.8M      Env          52ms   8%    value        0.033    │
│ SPS               27.0K      Copy         20ms   3%    entropy      0.290    │
│ Epoch               884    Train         432ms  71%    old_kl       0.000    │
│ Uptime     1m 07s 667ms      Model       432ms  71%    kl          -0.000    │
│ To go      7m 05s 871ms      Misc          0ms   0%    clipfrac     0.000    │
│                                                                              │
│ perf                          0.259   score                        -0.479    │
│ episode_return               -0.479   episode_length               14.930    │
│ invalids                      0.303                                          │
╰──────────────────────────────────────────────────────────────────────────────╯
╭──────────────────────────────────────────────────────────────────────────────╮
│ PufferLib 5.0 🐡               GPU:  93%   VRAM:   5.3/31G    RAM:  0.5G     │
│                                                                              │
│ Env         connect4cnn    Evaluate      183ms  29%    Losses       0.146    │
│ Params           270.5K      Model       100ms  16%    policy      -0.002    │
│ Steps              1.8M      Env          56ms   9%    value        0.030    │
│ SPS               26.8K      Copy         25ms   4%    entropy      0.272    │
│ Epoch               892    Train         428ms  70%    old_kl       0.000    │
│ Uptime     1m 08s 278ms      Model       428ms  70%    kl          -0.000    │
│ To go      7m 08s 608ms      Misc          0ms   0%    clipfrac     0.000    │
│                                                                              │
│ perf                          0.273   score                        -0.453    │
│ episode_return               -0.453   episode_length               14.991    │
│ invalids                      0.304                                          │
╰──────────────────────────────────────────────────────────────────────────────╯
╭──────────────────────────────────────────────────────────────────────────────╮
│ PufferLib 5.0🐡                GPU:  94%   VRAM:   5.3/31G    RAM:  0.5G     │
│                                                                              │
│ Env         connect4cnn    Evaluate      178ms  29%    Losses       0.139    │
│ Params           270.5K      Model       100ms  16%    policy      -0.004    │
│ Steps              1.8M      Env          54ms   8%    value        0.029    │
│ SPS               26.9K      Copy         22ms   3%    entropy      0.263    │
│ Epoch               900    Train         430ms  70%    old_kl      -0.000    │
│ Uptime     1m 08s 886ms      Model       429ms  70%    kl          -0.000    │
│ To go      7m 05s 673ms      Misc          0ms   0%    clipfrac     0.000    │
│                                                                              │
│ perf                          0.297   score                        -0.403    │
│ episode_return               -0.403   episode_length               14.864    │
│ invalids                      0.271                                          │
╰──────────────────────────────────────────────────────────────────────────────╯
╭──────────────────────────────────────────────────────────────────────────────╮
│ PufferLib 5.0               🐡 GPU:  94%   VRAM:   5.3/31G    RAM:  0.5G     │
│                                                                              │
│ Env         connect4cnn    Evaluate      175ms  29%    Losses       0.150    │
│ Params           270.5K      Model       100ms  16%    policy      -0.002    │
│ Steps              1.9M      Env          54ms   8%    value        0.030    │
│ SPS               27.1K      Copy         20ms   3%    entropy      0.252    │
│ Epoch               908    Train         428ms  70%    old_kl      -0.000    │
│ Uptime     1m 09s 490ms      Model       428ms  70%    kl          -0.000    │
│ To go      7m 02s 155ms      Misc          0ms   0%    clipfrac     0.000    │
│                                                                              │
│ perf                          0.293   score                        -0.414    │
│ episode_return               -0.414   episode_length               14.916    │
│ invalids                      0.283                                          │
╰──────────────────────────────────────────────────────────────────────────────╯
╭──────────────────────────────────────────────────────────────────────────────╮
│ PufferLib 5.0              🐡  GPU:  94%   VRAM:   5.3/31G    RAM:  0.5G     │
│                                                                              │
│ Env         connect4cnn    Evaluate      176ms  29%    Losses       0.145    │
│ Params           270.5K      Model       100ms  16%    policy      -0.000    │
│ Steps              1.9M      Env          53ms   8%    value        0.029    │
│ SPS               27.1K      Copy         20ms   3%    entropy      0.234    │
│ Epoch               916    Train         428ms  70%    old_kl       0.000    │
│ Uptime     1m 10s 095ms      Model       428ms  70%    kl          -0.000    │
│ To go      7m 02s 317ms      Misc          0ms   0%    clipfrac     0.000    │
│                                                                              │
│ perf                          0.366   score                        -0.265    │
│ episode_return               -0.265   episode_length               14.806    │
│ invalids                      0.273                                          │
╰──────────────────────────────────────────────────────────────────────────────╯
╭──────────────────────────────────────────────────────────────────────────────╮
│ PufferLib 5.0             🐡   GPU:  91%   VRAM:   5.3/31G    RAM:  0.5G     │
│                                                                              │
│ Env         connect4cnn    Evaluate      181ms  29%    Losses       0.143    │
│ Params           270.5K      Model       100ms  16%    policy       0.004    │
│ Steps              1.9M      Env          56ms   9%    value        0.028    │
│ SPS               26.8K      Copy         23ms   3%    entropy      0.231    │
│ Epoch               924    Train         430ms  70%    old_kl      -0.000    │
│ Uptime     1m 10s 707ms      Model       430ms  70%    kl          -0.000    │
│ To go      7m 06s 506ms      Misc          0ms   0%    clipfrac     0.000    │
│                                                                              │
│ perf                          0.360   score                        -0.280    │
│ episode_return               -0.280   episode_length               14.887    │
│ invalids                      0.268                                          │
╰──────────────────────────────────────────────────────────────────────────────╯
╭──────────────────────────────────────────────────────────────────────────────╮
│ PufferLib 5.0            🐡    GPU:  91%   VRAM:   5.3/31G    RAM:  0.5G     │
│                                                                              │
│ Env         connect4cnn    Evaluate      177ms  29%    Losses       0.139    │
│ Params           270.5K      Model       100ms  16%    policy       0.006    │
│ Steps              1.9M      Env          55ms   9%    value        0.027    │
│ SPS               27.1K      Copy         20ms   3%    entropy      0.227    │
│ Epoch               932    Train         427ms  70%    old_kl      -0.000    │
│ Uptime     1m 11s 312ms      Model       427ms  70%    kl          -0.000    │
│ To go      7m 00s 940ms      Misc          0ms   0%    clipfrac     0.000    │
│                                                                              │
│ perf                          0.342   score                        -0.316    │
│ episode_return               -0.316   episode_length               14.804    │
│ invalids                      0.290                                          │
╰──────────────────────────────────────────────────────────────────────────────╯
╭──────────────────────────────────────────────────────────────────────────────╮
│ PufferLib 5.0           🐡     GPU:  87%   VRAM:   5.3/31G    RAM:  0.5G     │
│                                                                              │
│ Env         connect4cnn    Evaluate      174ms  28%    Losses       0.133    │
│ Params           270.5K      Model       100ms  16%    policy      -0.004    │
│ Steps              1.9M      Env          53ms   8%    value        0.027    │
│ SPS               27.2K      Copy         19ms   3%    entropy      0.213    │
│ Epoch               940    Train         428ms  71%    old_kl       0.000    │
│ Uptime     1m 11s 915ms      Model       428ms  71%    kl          -0.000    │
│ To go      6m 58s 851ms      Misc          0ms   0%    clipfrac     0.000    │
│                                                                              │
│ perf                          0.347   score                        -0.305    │
│ episode_return               -0.305   episode_length               15.029    │
│ invalids                      0.279                                          │
╰──────────────────────────────────────────────────────────────────────────────╯
╭──────────────────────────────────────────────────────────────────────────────╮
│ PufferLib 5.0          🐡      GPU:  92%   VRAM:   5.3/31G    RAM:  0.5G     │
│                                                                              │
│ Env         connect4cnn    Evaluate      176ms  29%    Losses       0.127    │
│ Params           270.5K      Model       100ms  16%    policy      -0.009    │
│ Steps              1.9M      Env          53ms   8%    value        0.027    │
│ SPS               27.0K      Copy         20ms   3%    entropy      0.208    │
│ Epoch               948    Train         430ms  70%    old_kl      -0.000    │
│ Uptime     1m 12s 522ms      Model       430ms  70%    kl          -0.000    │
│ To go      7m 01s 157ms      Misc          0ms   0%    clipfrac     0.000    │
│                                                                              │
│ perf                          0.371   score                        -0.258    │
│ episode_return               -0.258   episode_length               15.141    │
│ invalids                      0.259                                          │
╰──────────────────────────────────────────────────────────────────────────────╯
╭──────────────────────────────────────────────────────────────────────────────╮
│ PufferLib 5.0         🐡       GPU:  92%   VRAM:   5.3/31G    RAM:  0.5G     │
│                                                                              │
│ Env         connect4cnn    Evaluate      176ms  28%    Losses       0.120    │
│ Params           270.5K      Model       100ms  16%    policy      -0.001    │
│ Steps              2.0M      Env          53ms   8%    value        0.024    │
│ SPS               26.7K      Copy         19ms   3%    entropy      0.205    │
│ Epoch               956    Train         437ms  71%    old_kl       0.000    │
│ Uptime     1m 13s 135ms      Model       437ms  71%    kl          -0.000    │
│ To go      7m 05s 248ms      Misc          0ms   0%    clipfrac     0.000    │
│                                                                              │
│ perf                          0.396   score                        -0.207    │
│ episode_return               -0.207   episode_length               14.974    │
│ invalids                      0.266                                          │
╰──────────────────────────────────────────────────────────────────────────────╯
╭──────────────────────────────────────────────────────────────────────────────╮
│ PufferLib 5.0        🐡        GPU:  94%   VRAM:   5.3/31G    RAM:  0.5G     │
│                                                                              │
│ Env         connect4cnn    Evaluate      175ms  29%    Losses       0.130    │
│ Params           270.5K      Model       100ms  16%    policy      -0.002    │
│ Steps              2.0M      Env          53ms   8%    value        0.026    │
│ SPS               27.2K      Copy         20ms   3%    entropy      0.203    │
│ Epoch               964    Train         426ms  70%    old_kl       0.000    │
│ Uptime     1m 13s 738ms      Model       426ms  70%    kl          -0.000    │
│ To go      6m 56s 963ms      Misc          0ms   0%    clipfrac     0.000    │
│                                                                              │
│ perf                          0.401   score                        -0.198    │
│ episode_return               -0.198   episode_length               14.854    │
│ invalids                      0.255                                          │
╰──────────────────────────────────────────────────────────────────────────────╯
╭──────────────────────────────────────────────────────────────────────────────╮
│ PufferLib 5.0       🐡         GPU:  94%   VRAM:   5.3/31G    RAM:  0.5G     │
│                                                                              │
│ Env         connect4cnn    Evaluate      177ms  29%    Losses       0.128    │
│ Params           270.5K      Model       100ms  16%    policy       0.003    │
│ Steps              2.0M      Env          54ms   8%    value        0.025    │
│ SPS               27.0K      Copy         20ms   3%    entropy      0.202    │
│ Epoch               972    Train         428ms  70%    old_kl      -0.000    │
│ Uptime     1m 14s 344ms      Model       428ms  70%    kl          -0.000    │
│ To go      6m 58s 549ms      Misc          0ms   0%    clipfrac     0.000    │
│                                                                              │
│ perf                          0.393   score                        -0.214    │
│ episode_return               -0.214   episode_length               14.900    │
│ invalids                      0.257                                          │
╰──────────────────────────────────────────────────────────────────────────────╯
╭──────────────────────────────────────────────────────────────────────────────╮
│ PufferLib 5.0      🐡          GPU:  94%   VRAM:   5.3/31G    RAM:  0.5G     │
│                                                                              │
│ Env         connect4cnn    Evaluate      181ms  29%    Losses       0.124    │
│ Params           270.5K      Model       100ms  16%    policy      -0.003    │
│ Steps              2.0M      Env          58ms   9%    value        0.025    │
│ SPS               26.6K      Copy         21ms   3%    entropy      0.190    │
│ Epoch               980    Train         435ms  70%    old_kl       0.000    │
│ Uptime     1m 14s 960ms      Model       435ms  70%    kl          -0.000    │
│ To go      7m 05s 659ms      Misc          0ms   0%    clipfrac     0.000    │
│                                                                              │
│ perf                          0.416   score                        -0.167    │
│ episode_return               -0.167   episode_length               14.519    │
│ invalids                      0.240                                          │
╰──────────────────────────────────────────────────────────────────────────────╯
╭──────────────────────────────────────────────────────────────────────────────╮
│ PufferLib 5.0     🐡           GPU:  94%   VRAM:   5.3/31G    RAM:  0.5G     │
│                                                                              │
│ Env         connect4cnn    Evaluate      178ms  29%    Losses       0.119    │
│ Params           270.5K      Model       100ms  16%    policy       0.003    │
│ Steps              2.0M      Env          54ms   8%    value        0.023    │
│ SPS               26.8K      Copy         22ms   3%    entropy      0.183    │
│ Epoch               988    Train         432ms  70%    old_kl      -0.000    │
│ Uptime     1m 15s 572ms      Model       432ms  70%    kl          -0.000    │
│ To go      7m 01s 138ms      Misc          0ms   0%    clipfrac     0.000    │
│                                                                              │
│ perf                          0.418   score                        -0.163    │
│ episode_return               -0.163   episode_length               14.507    │
│ invalids                      0.234                                          │
╰──────────────────────────────────────────────────────────────────────────────╯
╭──────────────────────────────────────────────────────────────────────────────╮
│ PufferLib 5.0    🐡            GPU:  94%   VRAM:   5.3/31G    RAM:  0.5G     │
│                                                                              │
│ Env         connect4cnn    Evaluate      175ms  28%    Losses       0.117    │
│ Params           270.5K      Model       100ms  16%    policy      -0.001    │
│ Steps              2.0M      Env          52ms   8%    value        0.024    │
│ SPS               27.1K      Copy         20ms   3%    entropy      0.181    │
│ Epoch               996    Train         430ms  71%    old_kl       0.000    │
│ Uptime     1m 16s 177ms      Model       430ms  71%    kl          -0.000    │
│ To go      6m 56s 384ms      Misc          0ms   0%    clipfrac     0.000    │
│                                                                              │
│ perf                          0.429   score                        -0.142    │
│ episode_return               -0.142   episode_length               14.536    │
│ invalids                      0.238                                          │
╰──────────────────────────────────────────────────────────────────────────────╯
╭──────────────────────────────────────────────────────────────────────────────╮
│ PufferLib 5.0   🐡             GPU:  92%   VRAM:   5.3/31G    RAM:  0.5G     │
│                                                                              │
│ Env         connect4cnn    Evaluate      175ms  29%    Losses       0.123    │
│ Params           270.5K      Model       100ms  16%    policy       0.003    │
│ Steps              2.1M      Env          53ms   8%    value        0.024    │
│ SPS               27.2K      Copy         18ms   3%    entropy      0.176    │
│ Epoch              1004    Train         427ms  70%    old_kl      -0.000    │
│ Uptime     1m 16s 780ms      Model       427ms  70%    kl          -0.000    │
│ To go      6m 54s 509ms      Misc          0ms   0%    clipfrac     0.000    │
│                                                                              │
│ perf                          0.451   score                        -0.098    │
│ episode_return               -0.098   episode_length               14.665    │
│ invalids                      0.213                                          │
╰──────────────────────────────────────────────────────────────────────────────╯
╭──────────────────────────────────────────────────────────────────────────────╮
│ PufferLib 5.0  🐡              GPU:  92%   VRAM:   5.3/31G    RAM:  0.5G     │
│                                                                              │
│ Env         connect4cnn    Evaluate      176ms  29%    Losses       0.118    │
│ Params           270.5K      Model       100ms  16%    policy       0.001    │
│ Steps              2.1M      Env          54ms   8%    value        0.024    │
│ SPS               27.1K      Copy         20ms   3%    entropy      0.174    │
│ Epoch              1012    Train         426ms  70%    old_kl       0.000    │
│ Uptime     1m 17s 384ms      Model       426ms  70%    kl          -0.000    │
│ To go      6m 54s 102ms      Misc          0ms   0%    clipfrac     0.000    │
│                                                                              │
│ perf                          0.477   score                        -0.044    │
│ episode_return               -0.044   episode_length               14.471    │
│ invalids                      0.200                                          │
╰──────────────────────────────────────────────────────────────────────────────╯
╭──────────────────────────────────────────────────────────────────────────────╮
│ PufferLib 5.0 🐡               GPU:  88%   VRAM:   5.3/31G    RAM:  0.5G     │
│                                                                              │
│ Env         connect4cnn    Evaluate      177ms  29%    Losses       0.124    │
│ Params           270.5K      Model       100ms  16%    policy       0.001    │
│ Steps              2.1M      Env          54ms   9%    value        0.025    │
│ SPS               27.1K      Copy         20ms   3%    entropy      0.170    │
│ Epoch              1020    Train         427ms  70%    old_kl      -0.000    │
│ Uptime     1m 17s 989ms      Model       427ms  70%    kl          -0.000    │
│ To go      6m 54s 568ms      Misc          0ms   0%    clipfrac     0.000    │
│                                                                              │
│ perf                          0.449   score                        -0.102    │
│ episode_return               -0.102   episode_length               14.589    │
│ invalids                      0.229                                          │
╰──────────────────────────────────────────────────────────────────────────────╯
╭──────────────────────────────────────────────────────────────────────────────╮
│ PufferLib 5.0🐡                GPU:  93%   VRAM:   5.3/31G    RAM:  0.5G     │
│                                                                              │
│ Env         connect4cnn    Evaluate      175ms  28%    Losses       0.121    │
│ Params           270.5K      Model       100ms  16%    policy       0.003    │
│ Steps              2.1M      Env          53ms   8%    value        0.024    │
│ SPS               27.1K      Copy         20ms   3%    entropy      0.163    │
│ Epoch              1028    Train         430ms  71%    old_kl       0.000    │
│ Uptime     1m 18s 595ms      Model       430ms  71%    kl          -0.000    │
│ To go      6m 54s 250ms      Misc          0ms   0%    clipfrac     0.000    │
│                                                                              │
│ perf                          0.442   score                        -0.116    │
│ episode_return               -0.116   episode_length               14.536    │
│ invalids                      0.202                                          │
╰──────────────────────────────────────────────────────────────────────────────╯
╭──────────────────────────────────────────────────────────────────────────────╮
│ PufferLib 5.0               🐡 GPU:  93%   VRAM:   5.3/31G    RAM:  0.5G     │
│                                                                              │
│ Env         connect4cnn    Evaluate      178ms  29%    Losses       0.096    │
│ Params           270.5K      Model       100ms  16%    policy      -0.003    │
│ Steps              2.1M      Env          54ms   8%    value        0.020    │
│ SPS               26.8K      Copy         22ms   3%    entropy      0.162    │
│ Epoch              1036    Train         431ms  70%    old_kl       0.000    │
│ Uptime     1m 19s 205ms      Model       431ms  70%    kl          -0.000    │
│ To go      6m 56s 977ms      Misc          0ms   0%    clipfrac     0.000    │
│                                                                              │
│ perf                          0.439   score                        -0.122    │
│ episode_return               -0.122   episode_length               14.614    │
│ invalids                      0.232                                          │
╰──────────────────────────────────────────────────────────────────────────────╯
╭──────────────────────────────────────────────────────────────────────────────╮
│ PufferLib 5.0              🐡  GPU:  94%   VRAM:   5.3/31G    RAM:  0.5G     │
│                                                                              │
│ Env         connect4cnn    Evaluate      176ms  29%    Losses       0.105    │
│ Params           270.5K      Model       100ms  16%    policy      -0.001    │
│ Steps              2.1M      Env          53ms   8%    value        0.021    │
│ SPS               27.1K      Copy         20ms   3%    entropy      0.156    │
│ Epoch              1044    Train         429ms  70%    old_kl      -0.000    │
│ Uptime     1m 19s 810ms      Model       429ms  70%    kl          -0.000    │
│ To go      6m 52s 766ms      Misc          0ms   0%    clipfrac     0.000    │
│                                                                              │
│ perf                          0.460   score                        -0.080    │
│ episode_return               -0.080   episode_length               14.583    │
│ invalids                      0.218                                          │
╰──────────────────────────────────────────────────────────────────────────────╯
╭──────────────────────────────────────────────────────────────────────────────╮
│ PufferLib 5.0             🐡   GPU:  93%   VRAM:   5.3/31G    RAM:  0.5G     │
│                                                                              │
│ Env         connect4cnn    Evaluate      175ms  29%    Losses       0.108    │
│ Params           270.5K      Model       100ms  16%    policy       0.007    │
│ Steps              2.2M      Env          54ms   8%    value        0.020    │
│ SPS               27.1K      Copy         19ms   3%    entropy      0.155    │
│ Epoch              1052    Train         429ms  70%    old_kl      -0.000    │
│ Uptime     1m 20s 415ms      Model       429ms  70%    kl          -0.000    │
│ To go      6m 51s 886ms      Misc          0ms   0%    clipfrac     0.000    │
│                                                                              │
│ perf                          0.482   score                        -0.036    │
│ episode_return               -0.036   episode_length               14.483    │
│ invalids                      0.225                                          │
╰──────────────────────────────────────────────────────────────────────────────╯
╭──────────────────────────────────────────────────────────────────────────────╮
│ PufferLib 5.0            🐡    GPU:  93%   VRAM:   5.3/31G    RAM:  0.5G     │
│                                                                              │
│ Env         connect4cnn    Evaluate      175ms  29%    Losses       0.100    │
│ Params           270.5K      Model       100ms  16%    policy      -0.005    │
│ Steps              2.2M      Env          53ms   8%    value        0.021    │
│ SPS               27.1K      Copy         20ms   3%    entropy      0.153    │
│ Epoch              1060    Train         427ms  70%    old_kl      -0.000    │
│ Uptime     1m 21s 020ms      Model       427ms  70%    kl          -0.000    │
│ To go      6m 50s 911ms      Misc          0ms   0%    clipfrac     0.000    │
│                                                                              │
│ perf                          0.479   score                        -0.042    │
│ episode_return               -0.042   episode_length               14.610    │
│ invalids                      0.199                                          │
╰──────────────────────────────────────────────────────────────────────────────╯
╭──────────────────────────────────────────────────────────────────────────────╮
│ PufferLib 5.0           🐡     GPU:  91%   VRAM:   5.3/31G    RAM:  0.5G     │
│                                                                              │
│ Env         connect4cnn    Evaluate      177ms  28%    Losses       0.086    │
│ Params           270.5K      Model       100ms  16%    policy      -0.007    │
│ Steps              2.2M      Env          53ms   8%    value        0.019    │
│ SPS               26.7K      Copy         20ms   3%    entropy      0.153    │
│ Epoch              1068    Train         435ms  71%    old_kl      -0.000    │
│ Uptime     1m 21s 632ms      Model       435ms  71%    kl          -0.000    │
│ To go      6m 56s 142ms      Misc          0ms   0%    clipfrac     0.000    │
│                                                                              │
│ perf                          0.492   score                        -0.015    │
│ episode_return               -0.015   episode_length               14.554    │
│ invalids                      0.207                                          │
╰──────────────────────────────────────────────────────────────────────────────╯
╭──────────────────────────────────────────────────────────────────────────────╮
│ PufferLib 5.0          🐡      GPU:  91%   VRAM:   5.3/31G    RAM:  0.5G     │
│                                                                              │
│ Env         connect4cnn    Evaluate      175ms  28%    Losses       0.094    │
│ Params           270.5K      Model       100ms  16%    policy      -0.003    │
│ Steps              2.2M      Env          53ms   8%    value        0.019    │
│ SPS               27.1K      Copy         20ms   3%    entropy      0.150    │
│ Epoch              1076    Train         429ms  71%    old_kl       0.000    │
│ Uptime     1m 22s 238ms      Model       429ms  71%    kl          -0.000    │
│ To go      6m 50s 530ms      Misc          0ms   0%    clipfrac     0.000    │
│                                                                              │
│ perf                          0.480   score                        -0.040    │
│ episode_return               -0.040   episode_length               14.527    │
│ invalids                      0.230                                          │
╰──────────────────────────────────────────────────────────────────────────────╯
╭──────────────────────────────────────────────────────────────────────────────╮
│ PufferLib 5.0         🐡       GPU:  87%   VRAM:   5.3/31G    RAM:  0.5G     │
│                                                                              │
│ Env         connect4cnn    Evaluate      177ms  28%    Losses       0.099    │
│ Params           270.5K      Model       100ms  16%    policy       0.004    │
│ Steps              2.2M      Env          54ms   8%    value        0.019    │
│ SPS               26.7K      Copy         22ms   3%    entropy      0.144    │
│ Epoch              1084    Train         436ms  71%    old_kl      -0.000    │
│ Uptime     1m 22s 852ms      Model       436ms  71%    kl          -0.000    │
│ To go      6m 55s 435ms      Misc          0ms   0%    clipfrac     0.000    │
│                                                                              │
│ perf                          0.513   score                         0.027    │
│ episode_return                0.027   episode_length               14.525    │
│ invalids                      0.198                                          │
╰──────────────────────────────────────────────────────────────────────────────╯
╭──────────────────────────────────────────────────────────────────────────────╮
│ PufferLib 5.0        🐡        GPU:  87%   VRAM:   5.3/31G    RAM:  0.5G     │
│                                                                              │
│ Env         connect4cnn    Evaluate      174ms  28%    Losses       0.102    │
│ Params           270.5K      Model       100ms  16%    policy      -0.001    │
│ Steps              2.2M      Env          53ms   8%    value        0.021    │
│ SPS               26.9K      Copy         18ms   2%    entropy      0.149    │
│ Epoch              1092    Train         433ms  71%    old_kl       0.000    │
│ Uptime     1m 23s 460ms      Model       433ms  71%    kl          -0.000    │
│ To go      6m 51s 550ms      Misc          0ms   0%    clipfrac     0.000    │
│                                                                              │
│ perf                          0.510   score                         0.021    │
│ episode_return                0.021   episode_length               14.484    │
│ invalids                      0.181                                          │
╰──────────────────────────────────────────────────────────────────────────────╯
╭──────────────────────────────────────────────────────────────────────────────╮
│ PufferLib 5.0       🐡         GPU:  87%   VRAM:   5.3/31G    RAM:  0.5G     │
│                                                                              │
│ Env         connect4cnn    Evaluate      175ms  29%    Losses       0.096    │
│ Params           270.5K      Model       100ms  16%    policy      -0.006    │
│ Steps              2.3M      Env          53ms   8%    value        0.020    │
│ SPS               27.2K      Copy         19ms   3%    entropy      0.146    │
│ Epoch              1100    Train         428ms  70%    old_kl       0.000    │
│ Uptime     1m 24s 064ms      Model       428ms  70%    kl          -0.000    │
│ To go      6m 47s 207ms      Misc          0ms   0%    clipfrac     0.000    │
│                                                                              │
│ perf                          0.507   score                         0.014    │
│ episode_return                0.014   episode_length               14.480    │
│ invalids                      0.203                                          │
╰──────────────────────────────────────────────────────────────────────────────╯
╭──────────────────────────────────────────────────────────────────────────────╮
│ PufferLib 5.0      🐡          GPU:  93%   VRAM:   5.3/31G    RAM:  0.5G     │
│                                                                              │
│ Env         connect4cnn    Evaluate      173ms  28%    Losses       0.093    │
│ Params           270.5K      Model       100ms  16%    policy      -0.002    │
│ Steps              2.3M      Env          53ms   8%    value        0.019    │
│ SPS               26.9K      Copy         17ms   2%    entropy      0.140    │
│ Epoch              1108    Train         434ms  71%    old_kl       0.000    │
│ Uptime     1m 24s 673ms      Model       434ms  71%    kl          -0.000    │
│ To go      6m 50s 847ms      Misc          0ms   0%    clipfrac     0.000    │
│                                                                              │
│ perf                          0.530   score                         0.061    │
│ episode_return                0.061   episode_length               14.436    │
│ invalids                      0.200                                          │
╰──────────────────────────────────────────────────────────────────────────────╯
╭──────────────────────────────────────────────────────────────────────────────╮
│ PufferLib 5.0     🐡           GPU:  93%   VRAM:   5.3/31G    RAM:  0.5G     │
│                                                                              │
│ Env         connect4cnn    Evaluate      174ms  28%    Losses       0.101    │
│ Params           270.5K      Model       100ms  16%    policy      -0.000    │
│ Steps              2.3M      Env          53ms   8%    value        0.020    │
│ SPS               26.8K      Copy         19ms   3%    entropy      0.139    │
│ Epoch              1116    Train         436ms  71%    old_kl       0.000    │
│ Uptime     1m 25s 284ms      Model       435ms  71%    kl          -0.000    │
│ To go      6m 50s 736ms      Misc          0ms   0%    clipfrac     0.000    │
│                                                                              │
│ perf                          0.498   score                        -0.004    │
│ episode_return               -0.004   episode_length               14.619    │
│ invalids                      0.201                                          │
╰──────────────────────────────────────────────────────────────────────────────╯
╭──────────────────────────────────────────────────────────────────────────────╮
│ PufferLib 5.0    🐡            GPU:  93%   VRAM:   5.3/31G    RAM:  0.5G     │
│                                                                              │
│ Env         connect4cnn    Evaluate      175ms  29%    Losses       0.100    │
│ Params           270.5K      Model       100ms  16%    policy       0.001    │
│ Steps              2.3M      Env          53ms   8%    value        0.020    │
│ SPS               27.2K      Copy         19ms   3%    entropy      0.145    │
│ Epoch              1124    Train         425ms  70%    old_kl      -0.000    │
│ Uptime     1m 25s 885ms      Model       425ms  70%    kl          -0.000    │
│ To go      6m 44s 208ms      Misc          0ms   0%    clipfrac     0.000    │
│                                                                              │
│ perf                          0.525   score                         0.051    │
│ episode_return                0.051   episode_length               14.754    │
│ invalids                      0.194                                          │
╰──────────────────────────────────────────────────────────────────────────────╯
╭──────────────────────────────────────────────────────────────────────────────╮
│ PufferLib 5.0   🐡             GPU:  94%   VRAM:   5.3/31G    RAM:  0.5G     │
│                                                                              │
│ Env         connect4cnn    Evaluate      180ms  29%    Losses       0.116    │
│ Params           270.5K      Model       100ms  16%    policy      -0.002    │
│ Steps              2.3M      Env          53ms   8%    value        0.023    │
│ SPS               26.9K      Copy         24ms   3%    entropy      0.141    │
│ Epoch              1132    Train         428ms  70%    old_kl       0.000    │
│ Uptime     1m 26s 494ms      Model       428ms  70%    kl          -0.000    │
│ To go      6m 48s 308ms      Misc          0ms   0%    clipfrac     0.000    │
│                                                                              │
│ perf                          0.531   score                         0.062    │
│ episode_return                0.062   episode_length               14.662    │
│ invalids                      0.171                                          │
╰──────────────────────────────────────────────────────────────────────────────╯
╭──────────────────────────────────────────────────────────────────────────────╮
│ PufferLib 5.0  🐡              GPU:  94%   VRAM:   5.3/31G    RAM:  0.5G     │
│                                                                              │
│ Env         connect4cnn    Evaluate      178ms  29%    Losses       0.115    │
│ Params           270.5K      Model       100ms  16%    policy      -0.004    │
│ Steps              2.3M      Env          53ms   8%    value        0.024    │
│ SPS               26.9K      Copy         23ms   3%    entropy      0.138    │
│ Epoch              1140    Train         429ms  70%    old_kl      -0.000    │
│ Uptime     1m 27s 102ms      Model       429ms  70%    kl          -0.000    │
│ To go      6m 47s 414ms      Misc          0ms   0%    clipfrac     0.000    │
│                                                                              │
│ perf                          0.533   score                         0.067    │
│ episode_return                0.067   episode_length               14.714    │
│ invalids                      0.152                                          │
╰──────────────────────────────────────────────────────────────────────────────╯
╭──────────────────────────────────────────────────────────────────────────────╮
│ PufferLib 5.0 🐡               GPU:  92%   VRAM:   5.3/31G    RAM:  0.5G     │
│                                                                              │
│ Env         connect4cnn    Evaluate      176ms  28%    Losses       0.110    │
│ Params           270.5K      Model       100ms  16%    policy      -0.001    │
│ Steps              2.4M      Env          53ms   8%    value        0.022    │
│ SPS               26.9K      Copy         20ms   3%    entropy      0.134    │
│ Epoch              1148    Train         434ms  71%    old_kl       0.000    │
│ Uptime     1m 27s 712ms      Model       434ms  71%    kl          -0.000    │
│ To go      6m 48s 108ms      Misc          0ms   0%    clipfrac     0.000    │
│                                                                              │
│ perf                          0.543   score                         0.086    │
│ episode_return                0.086   episode_length               14.646    │
│ invalids                      0.165                                          │
╰──────────────────────────────────────────────────────────────────────────────╯
╭──────────────────────────────────────────────────────────────────────────────╮
│ PufferLib 5.0🐡                GPU:  92%   VRAM:   5.3/31G    RAM:  0.5G     │
│                                                                              │
│ Env         connect4cnn    Evaluate      174ms  28%    Losses       0.111    │
│ Params           270.5K      Model       100ms  16%    policy      -0.006    │
│ Steps              2.4M      Env          53ms   8%    value        0.023    │
│ SPS               26.9K      Copy         19ms   3%    entropy      0.128    │
│ Epoch              1156    Train         433ms  71%    old_kl       0.000    │
│ Uptime     1m 28s 320ms      Model       433ms  71%    kl          -0.000    │
│ To go      6m 46s 560ms      Misc          0ms   0%    clipfrac     0.000    │
│                                                                              │
│ perf                          0.574   score                         0.149    │
│ episode_return                0.149   episode_length               14.400    │
│ invalids                      0.142                                          │
╰──────────────────────────────────────────────────────────────────────────────╯
╭──────────────────────────────────────────────────────────────────────────────╮
│ PufferLib 5.0               🐡 GPU:  90%   VRAM:   5.3/31G    RAM:  0.5G     │
│                                                                              │
│ Env         connect4cnn    Evaluate      174ms  28%    Losses       0.112    │
│ Params           270.5K      Model       100ms  16%    policy      -0.001    │
│ Steps              2.4M      Env          52ms   8%    value        0.023    │
│ SPS               27.2K      Copy         20ms   3%    entropy      0.129    │
│ Epoch              1164    Train         428ms  71%    old_kl      -0.000    │
│ Uptime     1m 28s 924ms      Model       428ms  71%    kl          -0.000    │
│ To go      6m 42s 429ms      Misc          0ms   0%    clipfrac     0.000    │
│                                                                              │
│ perf                          0.525   score                         0.049    │
│ episode_return                0.049   episode_length               14.770    │
│ invalids                      0.174                                          │
╰──────────────────────────────────────────────────────────────────────────────╯
╭──────────────────────────────────────────────────────────────────────────────╮
│ PufferLib 5.0              🐡  GPU:  89%   VRAM:   5.3/31G    RAM:  0.5G     │
│                                                                              │
│ Env         connect4cnn    Evaluate      178ms  29%    Losses       0.110    │
│ Params           270.5K      Model       100ms  16%    policy      -0.002    │
│ Steps              2.4M      Env          53ms   8%    value        0.022    │
│ SPS               27.0K      Copy         24ms   3%    entropy      0.127    │
│ Epoch              1172    Train         428ms  70%    old_kl       0.000    │
│ Uptime     1m 29s 530ms      Model       428ms  70%    kl          -0.000    │
│ To go      6m 44s 015ms      Misc          0ms   0%    clipfrac     0.000    │
│                                                                              │
│ perf                          0.547   score                         0.093    │
│ episode_return                0.093   episode_length               14.768    │
│ invalids                      0.159                                          │
╰──────────────────────────────────────────────────────────────────────────────╯
╭──────────────────────────────────────────────────────────────────────────────╮
│ PufferLib 5.0             🐡   GPU:  89%   VRAM:   5.3/31G    RAM:  0.5G     │
│                                                                              │
│ Env         connect4cnn    Evaluate      172ms  28%    Losses       0.115    │
│ Params           270.5K      Model       100ms  16%    policy       0.007    │
│ Steps              2.4M      Env          52ms   8%    value        0.022    │
│ SPS               27.0K      Copy         17ms   2%    entropy      0.129    │
│ Epoch              1180    Train         433ms  71%    old_kl       0.000    │
│ Uptime     1m 30s 136ms      Model       433ms  71%    kl          -0.000    │
│ To go      6m 43s 070ms      Misc          0ms   0%    clipfrac     0.000    │
│                                                                              │
│ perf                          0.529   score                         0.058    │
│ episode_return                0.058   episode_length               14.865    │
│ invalids                      0.184                                          │
╰──────────────────────────────────────────────────────────────────────────────╯
╭──────────────────────────────────────────────────────────────────────────────╮
│ PufferLib 5.0            🐡    GPU:  93%   VRAM:   5.3/31G    RAM:  0.5G     │
│                                                                              │
│ Env         connect4cnn    Evaluate      175ms  28%    Losses       0.091    │
│ Params           270.5K      Model       100ms  16%    policy      -0.017    │
│ Steps              2.4M      Env          52ms   8%    value        0.022    │
│ SPS               26.9K      Copy         21ms   3%    entropy      0.129    │
│ Epoch              1188    Train         433ms  71%    old_kl       0.000    │
│ Uptime     1m 30s 745ms      Model       433ms  71%    kl          -0.000    │
│ To go      6m 43s 873ms      Misc          0ms   0%    clipfrac     0.000    │
│                                                                              │
│ perf                          0.577   score                         0.153    │
│ episode_return                0.153   episode_length               14.618    │
│ invalids                      0.149                                          │
╰──────────────────────────────────────────────────────────────────────────────╯
╭──────────────────────────────────────────────────────────────────────────────╮
│ PufferLib 5.0           🐡     GPU:  93%   VRAM:   5.3/31G    RAM:  0.5G     │
│                                                                              │
│ Env         connect4cnn    Evaluate      178ms  28%    Losses       0.100    │
│ Params           270.5K      Model       100ms  16%    policy      -0.008    │
│ Steps              2.4M      Env          53ms   8%    value        0.021    │
│ SPS               26.4K      Copy         21ms   3%    entropy      0.118    │
│ Epoch              1196    Train         443ms  71%    old_kl      -0.000    │
│ Uptime     1m 31s 365ms      Model       443ms  71%    kl          -0.000    │
│ To go      6m 51s 590ms      Misc          0ms   0%    clipfrac     0.000    │
│                                                                              │
│ perf                          0.568   score                         0.136    │
│ episode_return                0.136   episode_length               14.671    │
│ invalids                      0.144                                          │
╰──────────────────────────────────────────────────────────────────────────────╯
╭──────────────────────────────────────────────────────────────────────────────╮
│ PufferLib 5.0          🐡      GPU:  94%   VRAM:   5.3/31G    RAM:  0.5G     │
│                                                                              │
│ Env         connect4cnn    Evaluate      195ms  28%    Losses       0.112    │
│ Params           270.5K      Model       112ms  16%    policy       0.004    │
│ Steps              2.5M      Env          59ms   8%    value        0.022    │
│ SPS               27.4K      Copy         21ms   3%    entropy      0.117    │
│ Epoch              1205    Train         478ms  71%    old_kl       0.000    │
│ Uptime     1m 32s 039ms      Model       478ms  71%    kl          -0.000    │
│ To go      6m 36s 072ms      Misc          0ms   0%    clipfrac     0.000    │
│                                                                              │
│ perf                          0.557   score                         0.114    │
│ episode_return                0.114   episode_length               14.823    │
│ invalids                      0.142                                          │
╰──────────────────────────────────────────────────────────────────────────────╯
╭──────────────────────────────────────────────────────────────────────────────╮
│ PufferLib 5.0         🐡       GPU:  93%   VRAM:   5.4/31G    RAM:  0.5G     │
│                                                                              │
│ Env         connect4cnn    Evaluate      181ms  29%    Losses       0.095    │
│ Params           270.5K      Model       100ms  16%    policy      -0.005    │
│ Steps              2.5M      Env          54ms   8%    value        0.020    │
│ SPS               26.5K      Copy         23ms   3%    entropy      0.122    │
│ Epoch              1213    Train         436ms  70%    old_kl      -0.000    │
│ Uptime     1m 32s 657ms      Model       436ms  70%    kl          -0.000    │
│ To go      6m 48s 387ms      Misc          0ms   0%    clipfrac     0.000    │
│                                                                              │
│ perf                          0.576   score                         0.153    │
│ episode_return                0.153   episode_length               14.730    │
│ invalids                      0.142                                          │
╰──────────────────────────────────────────────────────────────────────────────╯
╭──────────────────────────────────────────────────────────────────────────────╮
│ PufferLib 5.0        🐡        GPU:  93%   VRAM:   5.4/31G    RAM:  0.5G     │
│                                                                              │
│ Env         connect4cnn    Evaluate      177ms  29%    Losses       0.106    │
│ Params           270.5K      Model       100ms  16%    policy      -0.001    │
│ Steps              2.5M      Env          53ms   8%    value        0.021    │
│ SPS               26.9K      Copy         20ms   3%    entropy      0.116    │
│ Epoch              1221    Train         431ms  70%    old_kl       0.000    │
│ Uptime     1m 33s 265ms      Model       431ms  70%    kl          -0.000    │
│ To go      6m 41s 665ms      Misc          0ms   0%    clipfrac     0.000    │
│                                                                              │
│ perf                          0.577   score                         0.155    │
│ episode_return                0.155   episode_length               14.794    │
│ invalids                      0.152                                          │
╰──────────────────────────────────────────────────────────────────────────────╯
╭──────────────────────────────────────────────────────────────────────────────╮
│ PufferLib 5.0       🐡         GPU:  93%   VRAM:   5.4/31G    RAM:  0.5G     │
│                                                                              │
│ Env         connect4cnn    Evaluate      174ms  28%    Losses       0.099    │
│ Params           270.5K      Model       100ms  16%    policy      -0.003    │
│ Steps              2.5M      Env          52ms   8%    value        0.020    │
│ SPS               27.2K      Copy         20ms   3%    entropy      0.115    │
│ Epoch              1229    Train         427ms  71%    old_kl       0.000    │
│ Uptime     1m 33s 867ms      Model       427ms  70%    kl          -0.000    │
│ To go      6m 36s 424ms      Misc          0ms   0%    clipfrac     0.000    │
│                                                                              │
│ perf                          0.584   score                         0.167    │
│ episode_return                0.167   episode_length               14.758    │
│ invalids                      0.148                                          │
╰──────────────────────────────────────────────────────────────────────────────╯
╭──────────────────────────────────────────────────────────────────────────────╮
│ PufferLib 5.0      🐡          GPU:  91%   VRAM:   5.4/31G    RAM:  0.5G     │
│                                                                              │
│ Env         connect4cnn    Evaluate      177ms  29%    Losses       0.106    │
│ Params           270.5K      Model       100ms  16%    policy       0.005    │
│ Steps              2.5M      Env          52ms   8%    value        0.020    │
│ SPS               27.0K      Copy         21ms   3%    entropy      0.118    │
│ Epoch              1237    Train         429ms  70%    old_kl      -0.000    │
│ Uptime     1m 34s 473ms      Model       428ms  70%    kl          -0.000    │
│ To go      6m 38s 867ms      Misc          0ms   0%    clipfrac     0.000    │
│                                                                              │
│ perf                          0.594   score                         0.188    │
│ episode_return                0.188   episode_length               14.834    │
│ invalids                      0.159                                          │
╰──────────────────────────────────────────────────────────────────────────────╯
╭──────────────────────────────────────────────────────────────────────────────╮
│ PufferLib 5.0     🐡           GPU:  91%   VRAM:   5.4/31G    RAM:  0.5G     │
│                                                                              │
│ Env         connect4cnn    Evaluate      180ms  29%    Losses       0.106    │
│ Params           270.5K      Model       100ms  16%    policy       0.005    │
│ Steps              2.5M      Env          52ms   8%    value        0.020    │
│ SPS               27.2K      Copy         24ms   3%    entropy      0.108    │
│ Epoch              1245    Train         423ms  70%    old_kl      -0.000    │
│ Uptime     1m 35s 077ms      Model       423ms  70%    kl          -0.000    │
│ To go      6m 36s 333ms      Misc          0ms   0%    clipfrac     0.000    │
│                                                                              │
│ perf                          0.596   score                         0.191    │
│ episode_return                0.191   episode_length               14.574    │
│ invalids                      0.144                                          │
╰──────────────────────────────────────────────────────────────────────────────╯
╭──────────────────────────────────────────────────────────────────────────────╮
│ PufferLib 5.0    🐡            GPU:  89%   VRAM:   5.4/31G    RAM:  0.5G     │
│                                                                              │
│ Env         connect4cnn    Evaluate      178ms  29%    Losses       0.096    │
│ Params           270.5K      Model       100ms  16%    policy      -0.000    │
│ Steps              2.6M      Env          52ms   8%    value        0.019    │
│ SPS               27.1K      Copy         23ms   3%    entropy      0.107    │
│ Epoch              1253    Train         427ms  70%    old_kl      -0.000    │
│ Uptime     1m 35s 682ms      Model       427ms  70%    kl          -0.000    │
│ To go      6m 37s 171ms      Misc          0ms   0%    clipfrac     0.000    │
│                                                                              │
│ perf                          0.593   score                         0.187    │
│ episode_return                0.187   episode_length               14.761    │
│ invalids                      0.127                                          │
╰──────────────────────────────────────────────────────────────────────────────╯
╭──────────────────────────────────────────────────────────────────────────────╮
│ PufferLib 5.0   🐡             GPU:  89%   VRAM:   5.4/31G    RAM:  0.5G     │
│                                                                              │
│ Env         connect4cnn    Evaluate      174ms  28%    Losses       0.098    │
│ Params           270.5K      Model       100ms  16%    policy       0.003    │
│ Steps              2.6M      Env          52ms   8%    value        0.019    │
│ SPS               27.0K      Copy         21ms   3%    entropy      0.105    │
│ Epoch              1261    Train         432ms  71%    old_kl       0.000    │
│ Uptime     1m 36s 288ms      Model       432ms  71%    kl          -0.000    │
│ To go      6m 37s 059ms      Misc          0ms   0%    clipfrac     0.000    │
│                                                                              │
│ perf                          0.625   score                         0.251    │
│ episode_return                0.251   episode_length               14.706    │
│ invalids                      0.121                                          │
╰──────────────────────────────────────────────────────────────────────────────╯
╭──────────────────────────────────────────────────────────────────────────────╮
│ PufferLib 5.0  🐡              GPU:  93%   VRAM:   5.4/31G    RAM:  0.5G     │
│                                                                              │
│ Env         connect4cnn    Evaluate      174ms  28%    Losses       0.088    │
│ Params           270.5K      Model       100ms  16%    policy      -0.010    │
│ Steps              2.6M      Env          52ms   8%    value        0.020    │
│ SPS               27.2K      Copy         21ms   3%    entropy      0.107    │
│ Epoch              1269    Train         428ms  71%    old_kl      -0.000    │
│ Uptime     1m 36s 891ms      Model       428ms  71%    kl          -0.000    │
│ To go      6m 33s 931ms      Misc          0ms   0%    clipfrac     0.000    │
│                                                                              │
│ perf                          0.617   score                         0.235    │
│ episode_return                0.235   episode_length               14.572    │
│ invalids                      0.152                                          │
╰──────────────────────────────────────────────────────────────────────────────╯
╭──────────────────────────────────────────────────────────────────────────────╮
│ PufferLib 5.0 🐡               GPU:  94%   VRAM:   5.3/31G    RAM:  0.5G     │
│                                                                              │
│ Env         connect4cnn    Evaluate      176ms  29%    Losses       0.111    │
│ Params           270.5K      Model       100ms  16%    policy       0.003    │
│ Steps              2.6M      Env          52ms   8%    value        0.022    │
│ SPS               27.1K      Copy         22ms   3%    entropy      0.112    │
│ Epoch              1277    Train         428ms  70%    old_kl      -0.000    │
│ Uptime     1m 37s 496ms      Model       428ms  70%    kl          -0.000    │
│ To go      6m 35s 360ms      Misc          0ms   0%    clipfrac     0.000    │
│                                                                              │
│ perf                          0.604   score                         0.209    │
│ episode_return                0.209   episode_length               14.973    │
│ invalids                      0.149                                          │
╰──────────────────────────────────────────────────────────────────────────────╯
╭──────────────────────────────────────────────────────────────────────────────╮
│ PufferLib 5.0🐡                GPU:  94%   VRAM:   5.3/31G    RAM:  0.5G     │
│                                                                              │
│ Env         connect4cnn    Evaluate      174ms  28%    Losses       0.123    │
│ Params           270.5K      Model       100ms  16%    policy       0.017    │
│ Steps              2.6M      Env          52ms   8%    value        0.021    │
│ SPS               27.2K      Copy         19ms   3%    entropy      0.110    │
│ Epoch              1285    Train         427ms  71%    old_kl      -0.000    │
│ Uptime     1m 38s 099ms      Model       427ms  71%    kl          -0.000    │
│ To go      6m 32s 798ms      Misc          0ms   0%    clipfrac     0.000    │
│                                                                              │
│ perf                          0.597   score                         0.195    │
│ episode_return                0.195   episode_length               14.660    │
│ invalids                      0.142                                          │
╰──────────────────────────────────────────────────────────────────────────────╯
╭──────────────────────────────────────────────────────────────────────────────╮
│ PufferLib 5.0               🐡 GPU:  90%   VRAM:   5.3/31G    RAM:  0.5G     │
│                                                                              │
│ Env         connect4cnn    Evaluate      176ms  29%    Losses       0.105    │
│ Params           270.5K      Model       100ms  16%    policy      -0.000    │
│ Steps              2.6M      Env          52ms   8%    value        0.021    │
│ SPS               27.3K      Copy         21ms   3%    entropy      0.118    │
│ Epoch              1293    Train         424ms  70%    old_kl      -0.000    │
│ Uptime     1m 38s 699ms      Model       424ms  70%    kl          -0.000    │
│ To go      6m 30s 696ms      Misc          0ms   0%    clipfrac     0.000    │
│                                                                              │
│ perf                          0.570   score                         0.139    │
│ episode_return                0.139   episode_length               14.772    │
│ invalids                      0.112                                          │
╰──────────────────────────────────────────────────────────────────────────────╯
╭──────────────────────────────────────────────────────────────────────────────╮
│ PufferLib 5.0              🐡  GPU:  90%   VRAM:   5.3/31G    RAM:  0.5G     │
│                                                                              │
│ Env         connect4cnn    Evaluate      177ms  29%    Losses       0.094    │
│ Params           270.5K      Model       100ms  16%    policy      -0.011    │
│ Steps              2.7M      Env          52ms   8%    value        0.021    │
│ SPS               27.2K      Copy         23ms   3%    entropy      0.113    │
│ Epoch              1301    Train         425ms  70%    old_kl       0.000    │
│ Uptime     1m 39s 302ms      Model       425ms  70%    kl          -0.000    │
│ To go      6m 31s 473ms      Misc          0ms   0%    clipfrac     0.000    │
│                                                                              │
│ perf                          0.572   score                         0.146    │
│ episode_return                0.146   episode_length               14.733    │
│ invalids                      0.113                                          │
╰──────────────────────────────────────────────────────────────────────────────╯
╭──────────────────────────────────────────────────────────────────────────────╮
│ PufferLib 5.0             🐡   GPU:  91%   VRAM:   5.3/31G    RAM:  0.5G     │
│                                                                              │
│ Env         connect4cnn    Evaluate      175ms  29%    Losses       0.109    │
│ Params           270.5K      Model       100ms  16%    policy       0.010    │
│ Steps              2.7M      Env          52ms   8%    value        0.020    │
│ SPS               27.3K      Copy         21ms   3%    entropy      0.101    │
│ Epoch              1309    Train         425ms  70%    old_kl      -0.000    │
│ Uptime     1m 39s 902ms      Model       424ms  70%    kl          -0.000    │
│ To go      6m 29s 597ms      Misc          0ms   0%    clipfrac     0.000    │
│                                                                              │
│ perf                          0.620   score                         0.240    │
│ episode_return                0.240   episode_length               14.697    │
│ invalids                      0.089                                          │
╰──────────────────────────────────────────────────────────────────────────────╯
╭──────────────────────────────────────────────────────────────────────────────╮
│ PufferLib 5.0            🐡    GPU:  94%   VRAM:   5.3/31G    RAM:  0.5G     │
│                                                                              │
│ Env         connect4cnn    Evaluate      177ms  29%    Losses       0.102    │
│ Params           270.5K      Model       100ms  16%    policy       0.001    │
│ Steps              2.7M      Env          51ms   8%    value        0.020    │
│ SPS               26.9K      Copy         22ms   3%    entropy      0.103    │
│ Epoch              1317    Train         431ms  70%    old_kl       0.000    │
│ Uptime     1m 40s 510ms      Model       430ms  70%    kl          -0.000    │
│ To go      6m 34s 044ms      Misc          0ms   0%    clipfrac     0.000    │
│                                                                              │
│ perf                          0.611   score                         0.222    │
│ episode_return                0.222   episode_length               15.063    │
│ invalids                      0.098                                          │
╰──────────────────────────────────────────────────────────────────────────────╯
╭──────────────────────────────────────────────────────────────────────────────╮
│ PufferLib 5.0           🐡     GPU:  94%   VRAM:   5.3/31G    RAM:  0.5G     │
│                                                                              │
│ Env         connect4cnn    Evaluate      175ms  28%    Losses       0.091    │
│ Params           270.5K      Model       100ms  16%    policy       0.002    │
│ Steps              2.7M      Env          52ms   8%    value        0.018    │
│ SPS               27.1K      Copy         21ms   3%    entropy      0.105    │
│ Epoch              1325    Train         430ms  71%    old_kl      -0.000    │
│ Uptime     1m 41s 115ms      Model       429ms  71%    kl          -0.000    │
│ To go      6m 31s 463ms      Misc          0ms   0%    clipfrac     0.000    │
│                                                                              │
│ perf                          0.633   score                         0.266    │
│ episode_return                0.266   episode_length               14.730    │
│ invalids                      0.086                                          │
╰──────────────────────────────────────────────────────────────────────────────╯
╭──────────────────────────────────────────────────────────────────────────────╮
│ PufferLib 5.0          🐡      GPU:  94%   VRAM:   5.3/31G    RAM:  0.5G     │
│                                                                              │
│ Env         connect4cnn    Evaluate      178ms  29%    Losses       0.088    │
│ Params           270.5K      Model       100ms  16%    policy       0.003    │
│ Steps              2.7M      Env          52ms   8%    value        0.017    │
│ SPS               26.7K      Copy         23ms   3%    entropy      0.098    │
│ Epoch              1333    Train         435ms  70%    old_kl      -0.000    │
│ Uptime     1m 41s 729ms      Model       435ms  70%    kl          -0.000    │
│ To go      6m 36s 231ms      Misc          0ms   0%    clipfrac     0.000    │
│                                                                              │
│ perf                          0.644   score                         0.287    │
│ episode_return                0.287   episode_length               14.484    │
│ invalids                      0.082                                          │
╰──────────────────────────────────────────────────────────────────────────────╯
╭──────────────────────────────────────────────────────────────────────────────╮
│ PufferLib 5.0         🐡       GPU:  94%   VRAM:   5.3/31G    RAM:  0.5G     │
│                                                                              │
│ Env         connect4cnn    Evaluate      175ms  28%    Losses       0.098    │
│ Params           270.5K      Model       100ms  16%    policy       0.007    │
│ Steps              2.7M      Env          51ms   8%    value        0.018    │
│ SPS               27.2K      Copy         21ms   3%    entropy      0.097    │
│ Epoch              1341    Train         428ms  71%    old_kl      -0.000    │
│ Uptime     1m 42s 332ms      Model       428ms  71%    kl          -0.000    │
│ To go      6m 28s 912ms      Misc          0ms   0%    clipfrac     0.000    │
│                                                                              │
│ perf                          0.640   score                         0.279    │
│ episode_return                0.279   episode_length               14.655    │
│ invalids                      0.093                                          │
╰──────────────────────────────────────────────────────────────────────────────╯
╭──────────────────────────────────────────────────────────────────────────────╮
│ PufferLib 5.0        🐡        GPU:  94%   VRAM:   5.3/31G    RAM:  0.5G     │
│                                                                              │
│ Env         connect4cnn    Evaluate      173ms  28%    Losses       0.086    │
│ Params           270.5K      Model       100ms  16%    policy       0.002    │
│ Steps              2.8M      Env          51ms   8%    value        0.017    │
│ SPS               27.1K      Copy         20ms   3%    entropy      0.093    │
│ Epoch              1349    Train         430ms  71%    old_kl       0.000    │
│ Uptime     1m 42s 937ms      Model       430ms  71%    kl          -0.000    │
│ To go      6m 29s 322ms      Misc          0ms   0%    clipfrac     0.000    │
│                                                                              │
│ perf                          0.646   score                         0.294    │
│ episode_return                0.294   episode_length               14.823    │
│ invalids                      0.096                                          │
╰──────────────────────────────────────────────────────────────────────────────╯
╭──────────────────────────────────────────────────────────────────────────────╮
│ PufferLib 5.0       🐡         GPU:  90%   VRAM:   5.3/31G    RAM:  0.5G     │
│                                                                              │
│ Env         connect4cnn    Evaluate      175ms  28%    Losses       0.084    │
│ Params           270.5K      Model       100ms  16%    policy      -0.001    │
│ Steps              2.8M      Env          52ms   8%    value        0.017    │
│ SPS               26.8K      Copy         18ms   3%    entropy      0.093    │
│ Epoch              1357    Train         436ms  71%    old_kl       0.000    │
│ Uptime     1m 43s 547ms      Model       435ms  71%    kl          -0.000    │
│ To go      6m 32s 525ms      Misc          0ms   0%    clipfrac     0.000    │
│                                                                              │
│ perf                          0.658   score                         0.317    │
│ episode_return                0.317   episode_length               14.771    │
│ invalids                      0.083                                          │
╰──────────────────────────────────────────────────────────────────────────────╯
╭──────────────────────────────────────────────────────────────────────────────╮
│ PufferLib 5.0      🐡          GPU:  90%   VRAM:   5.3/31G    RAM:  0.5G     │
│                                                                              │
│ Env         connect4cnn    Evaluate      176ms  29%    Losses       0.101    │
│ Params           270.5K      Model       100ms  16%    policy       0.001    │
│ Steps              2.8M      Env          51ms   8%    value        0.020    │
│ SPS               27.3K      Copy         22ms   3%    entropy      0.098    │
│ Epoch              1365    Train         425ms  70%    old_kl       0.000    │
│ Uptime     1m 44s 148ms      Model       425ms  70%    kl          -0.000    │
│ To go      6m 25s 906ms      Misc          0ms   0%    clipfrac     0.000    │
│                                                                              │
│ perf                          0.628   score                         0.255    │
│ episode_return                0.255   episode_length               15.006    │
│ invalids                      0.077                                          │
╰──────────────────────────────────────────────────────────────────────────────╯
╭──────────────────────────────────────────────────────────────────────────────╮
│ PufferLib 5.0     🐡           GPU:  91%   VRAM:   5.3/31G    RAM:  0.5G     │
│                                                                              │
│ Env         connect4cnn    Evaluate      175ms  28%    Losses       0.090    │
│ Params           270.5K      Model       100ms  16%    policy       0.003    │
│ Steps              2.8M      Env          53ms   8%    value        0.017    │
│ SPS               26.9K      Copy         20ms   3%    entropy      0.094    │
│ Epoch              1373    Train         433ms  71%    old_kl      -0.000    │
│ Uptime     1m 44s 757ms      Model       433ms  71%    kl          -0.000    │
│ To go      6m 30s 040ms      Misc          0ms   0%    clipfrac     0.000    │
│                                                                              │
│ perf                          0.645   score                         0.291    │
│ episode_return                0.291   episode_length               14.903    │
│ invalids                      0.061                                          │
╰──────────────────────────────────────────────────────────────────────────────╯
╭──────────────────────────────────────────────────────────────────────────────╮
│ PufferLib 5.0    🐡            GPU:  91%   VRAM:   5.3/31G    RAM:  0.5G     │
│                                                                              │
│ Env         connect4cnn    Evaluate      174ms  28%    Losses       0.091    │
│ Params           270.5K      Model       100ms  16%    policy       0.006    │
│ Steps              2.8M      Env          50ms   8%    value        0.017    │
│ SPS               27.1K      Copy         21ms   3%    entropy      0.085    │
│ Epoch              1381    Train         429ms  71%    old_kl       0.000    │
│ Uptime     1m 45s 361ms      Model       429ms  71%    kl          -0.000    │
│ To go      6m 26s 199ms      Misc          0ms   0%    clipfrac     0.000    │
│                                                                              │
│ perf                          0.660   score                         0.320    │
│ episode_return                0.320   episode_length               14.971    │
│ invalids                      0.067                                          │
╰──────────────────────────────────────────────────────────────────────────────╯
╭──────────────────────────────────────────────────────────────────────────────╮
│ PufferLib 5.0   🐡             GPU:  94%   VRAM:   5.3/31G    RAM:  0.5G     │
│                                                                              │
│ Env         connect4cnn    Evaluate      179ms  29%    Losses       0.086    │
│ Params           270.5K      Model       100ms  16%    policy       0.001    │
│ Steps              2.8M      Env          52ms   8%    value        0.017    │
│ SPS               26.9K      Copy         24ms   3%    entropy      0.089    │
│ Epoch              1389    Train         430ms  70%    old_kl       0.000    │
│ Uptime     1m 45s 970ms      Model       430ms  70%    kl          -0.000    │
│ To go      6m 29s 431ms      Misc          0ms   0%    clipfrac     0.000    │
│                                                                              │
│ perf                          0.677   score                         0.354    │
│ episode_return                0.354   episode_length               14.710    │
│ invalids                      0.087                                          │
╰──────────────────────────────────────────────────────────────────────────────╯
╭──────────────────────────────────────────────────────────────────────────────╮
│ PufferLib 5.0  🐡              GPU:  94%   VRAM:   5.3/31G    RAM:  0.5G     │
│                                                                              │
│ Env         connect4cnn    Evaluate      176ms  28%    Losses       0.083    │
│ Params           270.5K      Model       100ms  16%    policy       0.003    │
│ Steps              2.9M      Env          51ms   8%    value        0.016    │
│ SPS               26.4K      Copy         21ms   3%    entropy      0.087    │
│ Epoch              1397    Train         441ms  71%    old_kl       0.000    │
│ Uptime     1m 46s 590ms      Model       441ms  71%    kl          -0.000    │
│ To go      6m 35s 152ms      Misc          0ms   0%    clipfrac     0.000    │
│                                                                              │
│ perf                          0.677   score                         0.353    │
│ episode_return                0.353   episode_length               14.830    │
│ invalids                      0.072                                          │
╰──────────────────────────────────────────────────────────────────────────────╯
╭──────────────────────────────────────────────────────────────────────────────╮
│ PufferLib 5.0 🐡               GPU:  94%   VRAM:   5.3/31G    RAM:  0.5G     │
│                                                                              │
│ Env         connect4cnn    Evaluate      169ms  27%    Losses       0.081    │
│ Params           270.5K      Model       100ms  16%    policy      -0.003    │
│ Steps              2.9M      Env          51ms   8%    value        0.017    │
│ SPS               26.7K      Copy         14ms   2%    entropy      0.088    │
│ Epoch              1405    Train         444ms  72%    old_kl      -0.000    │
│ Uptime     1m 47s 204ms      Model       444ms  72%    kl          -0.000    │
│ To go      6m 31s 033ms      Misc          0ms   0%    clipfrac     0.000    │
│                                                                              │
│ perf                          0.655   score                         0.311    │
│ episode_return                0.311   episode_length               14.881    │
│ invalids                      0.096                                          │
╰──────────────────────────────────────────────────────────────────────────────╯
╭──────────────────────────────────────────────────────────────────────────────╮
│ PufferLib 5.0🐡                GPU:  94%   VRAM:   5.3/31G    RAM:  0.5G     │
│                                                                              │
│ Env         connect4cnn    Evaluate      169ms  27%    Losses       0.081    │
│ Params           270.5K      Model       100ms  16%    policy      -0.005    │
│ Steps              2.9M      Env          51ms   8%    value        0.017    │
│ SPS               26.9K      Copy         15ms   2%    entropy      0.090    │
│ Epoch              1413    Train         439ms  72%    old_kl       0.000    │
│ Uptime     1m 47s 812ms      Model       439ms  72%    kl          -0.000    │
│ To go      6m 26s 909ms      Misc          0ms   0%    clipfrac     0.000    │
│                                                                              │
│ perf                          0.649   score                         0.298    │
│ episode_return                0.298   episode_length               15.059    │
│ invalids                      0.079                                          │
╰──────────────────────────────────────────────────────────────────────────────╯
╭──────────────────────────────────────────────────────────────────────────────╮
│ PufferLib 5.0               🐡 GPU:  94%   VRAM:   5.3/31G    RAM:  0.5G     │
│                                                                              │
│ Env         connect4cnn    Evaluate      180ms  29%    Losses       0.079    │
│ Params           270.5K      Model       100ms  16%    policy      -0.003    │
│ Steps              2.9M      Env          53ms   8%    value        0.017    │
│ SPS               26.6K      Copy         24ms   3%    entropy      0.086    │
│ Epoch              1421    Train         434ms  70%    old_kl       0.000    │
│ Uptime     1m 48s 427ms      Model       434ms  70%    kl          -0.000    │
│ To go      6m 30s 324ms      Misc          0ms   0%    clipfrac     0.000    │
│                                                                              │
│ perf                          0.680   score                         0.361    │
│ episode_return                0.361   episode_length               14.909    │
│ invalids                      0.058                                          │
╰──────────────────────────────────────────────────────────────────────────────╯
╭──────────────────────────────────────────────────────────────────────────────╮
│ PufferLib 5.0              🐡  GPU:  94%   VRAM:   5.3/31G    RAM:  0.5G     │
│                                                                              │
│ Env         connect4cnn    Evaluate      173ms  28%    Losses       0.092    │
│ Params           270.5K      Model       100ms  16%    policy      -0.000    │
│ Steps              2.9M      Env          51ms   8%    value        0.018    │
│ SPS               26.9K      Copy         20ms   3%    entropy      0.085    │
│ Epoch              1429    Train         434ms  71%    old_kl      -0.000    │
│ Uptime     1m 49s 035ms      Model       434ms  71%    kl          -0.000    │
│ To go      6m 25s 414ms      Misc          0ms   0%    clipfrac     0.000    │
│                                                                              │
│ perf                          0.668   score                         0.335    │
│ episode_return                0.335   episode_length               15.059    │
│ invalids                      0.075                                          │
╰──────────────────────────────────────────────────────────────────────────────╯
╭──────────────────────────────────────────────────────────────────────────────╮
│ PufferLib 5.0             🐡   GPU:  94%   VRAM:   5.3/31G    RAM:  0.5G     │
│                                                                              │
│ Env         connect4cnn    Evaluate      174ms  28%    Losses       0.076    │
│ Params           270.5K      Model       100ms  16%    policy      -0.008    │
│ Steps              2.9M      Env          51ms   8%    value        0.017    │
│ SPS               26.7K      Copy         17ms   2%    entropy      0.081    │
│ Epoch              1437    Train         439ms  71%    old_kl      -0.000    │
│ Uptime     1m 49s 649ms      Model       438ms  71%    kl          -0.000    │
│ To go      6m 28s 646ms      Misc          0ms   0%    clipfrac     0.000    │
│                                                                              │
│ perf                          0.700   score                         0.401    │
│ episode_return                0.401   episode_length               14.937    │
│ invalids                      0.051                                          │
╰──────────────────────────────────────────────────────────────────────────────╯
╭──────────────────────────────────────────────────────────────────────────────╮
│ PufferLib 5.0            🐡    GPU:  94%   VRAM:   5.3/31G    RAM:  0.5G     │
│                                                                              │
│ Env         connect4cnn    Evaluate      177ms  28%    Losses       0.081    │
│ Params           270.5K      Model       100ms  16%    policy      -0.002    │
│ Steps              3.0M      Env          51ms   8%    value        0.017    │
│ SPS               26.7K      Copy         23ms   3%    entropy      0.088    │
│ Epoch              1445    Train         434ms  71%    old_kl      -0.000    │
│ Uptime     1m 50s 262ms      Model       434ms  71%    kl          -0.000    │
│ To go      6m 27s 195ms      Misc          0ms   0%    clipfrac     0.000    │
│                                                                              │
│ perf                          0.698   score                         0.396    │
│ episode_return                0.396   episode_length               15.019    │
│ invalids                      0.053                                          │
╰──────────────────────────────────────────────────────────────────────────────╯
╭──────────────────────────────────────────────────────────────────────────────╮
│ PufferLib 5.0           🐡     GPU:  94%   VRAM:   5.3/31G    RAM:  0.5G     │
│                                                                              │
│ Env         connect4cnn    Evaluate      177ms  29%    Losses       0.086    │
│ Params           270.5K      Model       100ms  16%    policy      -0.002    │
│ Steps              3.0M      Env          50ms   8%    value        0.018    │
│ SPS               27.3K      Copy         23ms   3%    entropy      0.087    │
│ Epoch              1453    Train         422ms  70%    old_kl       0.000    │
│ Uptime     1m 50s 862ms      Model       422ms  70%    kl          -0.000    │
│ To go      6m 18s 713ms      Misc          0ms   0%    clipfrac     0.000    │
│                                                                              │
│ perf                          0.701   score                         0.402    │
│ episode_return                0.402   episode_length               15.067    │
│ invalids                      0.052                                          │
╰──────────────────────────────────────────────────────────────────────────────╯
╭──────────────────────────────────────────────────────────────────────────────╮
│ PufferLib 5.0          🐡      GPU:  89%   VRAM:   5.3/31G    RAM:  0.5G     │
│                                                                              │
│ Env         connect4cnn    Evaluate      200ms  29%    Losses       0.089    │
│ Params           270.5K      Model       112ms  16%    policy       0.002    │
│ Steps              3.0M      Env          57ms   8%    value        0.017    │
│ SPS               27.1K      Copy         27ms   3%    entropy      0.089    │
│ Epoch              1462    Train         481ms  70%    old_kl       0.000    │
│ Uptime     1m 51s 543ms      Model       481ms  70%    kl          -0.000    │
│ To go      6m 21s 421ms      Misc          0ms   0%    clipfrac     0.000    │
│                                                                              │
│ perf                          0.684   score                         0.369    │
│ episode_return                0.369   episode_length               15.025    │
│ invalids                      0.057                                          │
╰──────────────────────────────────────────────────────────────────────────────╯
╭──────────────────────────────────────────────────────────────────────────────╮
│ PufferLib 5.0         🐡       GPU:  89%   VRAM:   5.3/31G    RAM:  0.5G     │
│                                                                              │
│ Env         connect4cnn    Evaluate      196ms  29%    Losses       0.091    │
│ Params           270.5K      Model       112ms  16%    policy       0.003    │
│ Steps              3.0M      Env          57ms   8%    value        0.018    │
│ SPS               27.4K      Copy         24ms   3%    entropy      0.081    │
│ Epoch              1471    Train         475ms  70%    old_kl      -0.000    │
│ Uptime     1m 52s 215ms      Model       475ms  70%    kl          -0.000    │
│ To go      6m 15s 342ms      Misc          0ms   0%    clipfrac     0.000    │
│                                                                              │
│ perf                          0.672   score                         0.343    │
│ episode_return                0.343   episode_length               15.093    │
│ invalids                      0.053                                          │
╰──────────────────────────────────────────────────────────────────────────────╯
╭──────────────────────────────────────────────────────────────────────────────╮
│ PufferLib 5.0        🐡        GPU:  93%   VRAM:   5.3/31G    RAM:  0.5G     │
│                                                                              │
│ Env         connect4cnn    Evaluate      176ms  29%    Losses       0.075    │
│ Params           270.5K      Model       100ms  16%    policy      -0.001    │
│ Steps              3.0M      Env          51ms   8%    value        0.015    │
│ SPS               27.2K      Copy         23ms   3%    entropy      0.081    │
│ Epoch              1479    Train         425ms  70%    old_kl       0.000    │
│ Uptime     1m 52s 817ms      Model       425ms  70%    kl          -0.000    │
│ To go      6m 17s 526ms      Misc          0ms   0%    clipfrac     0.000    │
│                                                                              │
│ perf                          0.691   score                         0.382    │
│ episode_return                0.382   episode_length               14.982    │
│ invalids                      0.038                                          │
╰──────────────────────────────────────────────────────────────────────────────╯
╭──────────────────────────────────────────────────────────────────────────────╮
│ PufferLib 5.0       🐡         GPU:  95%   VRAM:   5.3/31G    RAM:  0.5G     │
│                                                                              │
│ Env         connect4cnn    Evaluate      177ms  28%    Losses       0.096    │
│ Params           270.5K      Model       100ms  16%    policy       0.008    │
│ Steps              3.0M      Env          52ms   8%    value        0.018    │
│ SPS               26.6K      Copy         23ms   3%    entropy      0.085    │
│ Epoch              1487    Train         438ms  71%    old_kl      -0.000    │
│ Uptime     1m 53s 433ms      Model       438ms  71%    kl          -0.000    │
│ To go      6m 25s 947ms      Misc          0ms   0%    clipfrac     0.000    │
│                                                                              │
│ perf                          0.674   score                         0.348    │
│ episode_return                0.348   episode_length               14.970    │
│ invalids                      0.052                                          │
╰──────────────────────────────────────────────────────────────────────────────╯
╭──────────────────────────────────────────────────────────────────────────────╮
│ PufferLib 5.0      🐡          GPU:  95%   VRAM:   5.3/31G    RAM:  0.5G     │
│                                                                              │
│ Env         connect4cnn    Evaluate      181ms  29%    Losses       0.091    │
│ Params           270.5K      Model       100ms  16%    policy       0.000    │
│ Steps              3.1M      Env          53ms   8%    value        0.018    │
│ SPS               26.6K      Copy         24ms   3%    entropy      0.081    │
│ Epoch              1495    Train         434ms  70%    old_kl       0.000    │
│ Uptime     1m 54s 048ms      Model       434ms  70%    kl          -0.000    │
│ To go      6m 25s 083ms      Misc          0ms   0%    clipfrac     0.000    │
│                                                                              │
│ perf                          0.675   score                         0.352    │
│ episode_return                0.352   episode_length               14.831    │
│ invalids                      0.058                                          │
╰──────────────────────────────────────────────────────────────────────────────╯
╭──────────────────────────────────────────────────────────────────────────────╮
│ PufferLib 5.0     🐡           GPU:  95%   VRAM:   5.3/31G    RAM:  0.5G     │
│                                                                              │
│ Env         connect4cnn    Evaluate      175ms  28%    Losses       0.078    │
│ Params           270.5K      Model       100ms  16%    policy      -0.005    │
│ Steps              3.1M      Env          52ms   8%    value        0.017    │
│ SPS               26.8K      Copy         20ms   3%    entropy      0.081    │
│ Epoch              1503    Train         436ms  71%    old_kl       0.000    │
│ Uptime     1m 54s 660ms      Model       436ms  71%    kl          -0.000    │
│ To go      6m 22s 418ms      Misc          0ms   0%    clipfrac     0.000    │
│                                                                              │
│ perf                          0.689   score                         0.379    │
│ episode_return                0.379   episode_length               14.998    │
│ invalids                      0.049                                          │
╰──────────────────────────────────────────────────────────────────────────────╯
╭──────────────────────────────────────────────────────────────────────────────╮
│ PufferLib 5.0    🐡            GPU:  95%   VRAM:   5.3/31G    RAM:  0.5G     │
│                                                                              │
│ Env         connect4cnn    Evaluate      173ms  28%    Losses       0.079    │
│ Params           270.5K      Model       100ms  16%    policy      -0.003    │
│ Steps              3.1M      Env          51ms   8%    value        0.016    │
│ SPS               26.7K      Copy         20ms   3%    entropy      0.085    │
│ Epoch              1511    Train         440ms  71%    old_kl      -0.000    │
│ Uptime     1m 55s 275ms      Model       440ms  71%    kl          -0.000    │
│ To go      6m 23s 133ms      Misc          0ms   0%    clipfrac     0.000    │
│                                                                              │
│ perf                          0.690   score                         0.380    │
│ episode_return                0.380   episode_length               15.366    │
│ invalids                      0.057                                          │
╰──────────────────────────────────────────────────────────────────────────────╯
╭──────────────────────────────────────────────────────────────────────────────╮
│ PufferLib 5.0   🐡             GPU:  94%   VRAM:   5.4/31G    RAM:  0.5G     │
│                                                                              │
│ Env         connect4cnn    Evaluate      175ms  28%    Losses       0.079    │
│ Params           270.5K      Model       100ms  16%    policy      -0.004    │
│ Steps              3.1M      Env          52ms   8%    value        0.017    │
│ SPS               26.7K      Copy         19ms   3%    entropy      0.082    │
│ Epoch              1519    Train         438ms  71%    old_kl       0.000    │
│ Uptime     1m 55s 889ms      Model       438ms  71%    kl          -0.000    │
│ To go      6m 22s 566ms      Misc          0ms   0%    clipfrac     0.000    │
│                                                                              │
│ perf                          0.729   score                         0.458    │
│ episode_return                0.458   episode_length               15.111    │
│ invalids                      0.048                                          │
╰──────────────────────────────────────────────────────────────────────────────╯
╭──────────────────────────────────────────────────────────────────────────────╮
│ PufferLib 5.0  🐡              GPU:  93%   VRAM:   5.4/31G    RAM:  0.5G     │
│                                                                              │
│ Env         connect4cnn    Evaluate      174ms  28%    Losses       0.083    │
│ Params           270.5K      Model       100ms  16%    policy      -0.005    │
│ Steps              3.1M      Env          52ms   8%    value        0.018    │
│ SPS               26.9K      Copy         20ms   3%    entropy      0.084    │
│ Epoch              1527    Train         435ms  71%    old_kl      -0.000    │
│ Uptime     1m 56s 499ms      Model       434ms  71%    kl          -0.000    │
│ To go      6m 18s 958ms      Misc          0ms   0%    clipfrac     0.000    │
│                                                                              │
│ perf                          0.701   score                         0.402    │
│ episode_return                0.402   episode_length               15.022    │
│ invalids                      0.049                                          │
╰──────────────────────────────────────────────────────────────────────────────╯
╭──────────────────────────────────────────────────────────────────────────────╮
│ PufferLib 5.0 🐡               GPU:  93%   VRAM:   5.4/31G    RAM:  0.5G     │
│                                                                              │
│ Env         connect4cnn    Evaluate      172ms  28%    Losses       0.077    │
│ Params           270.5K      Model       100ms  16%    policy      -0.001    │
│ Steps              3.1M      Env          53ms   8%    value        0.016    │
│ SPS               26.7K      Copy         17ms   2%    entropy      0.081    │
│ Epoch              1535    Train         441ms  71%    old_kl      -0.000    │
│ Uptime     1m 57s 113ms      Model       441ms  71%    kl          -0.000    │
│ To go      6m 21s 062ms      Misc          0ms   0%    clipfrac     0.000    │
│                                                                              │
│ perf                          0.699   score                         0.398    │
│ episode_return                0.398   episode_length               14.923    │
│ invalids                      0.045                                          │
╰──────────────────────────────────────────────────────────────────────────────╯
╭──────────────────────────────────────────────────────────────────────────────╮
│ PufferLib 5.0🐡                GPU:  94%   VRAM:   5.4/31G    RAM:  0.5G     │
│                                                                              │
│ Env         connect4cnn    Evaluate      172ms  28%    Losses       0.082    │
│ Params           270.5K      Model       100ms  16%    policy       0.001    │
│ Steps              3.2M      Env          51ms   8%    value        0.016    │
│ SPS               26.8K      Copy         19ms   3%    entropy      0.080    │
│ Epoch              1543    Train         437ms  71%    old_kl      -0.000    │
│ Uptime     1m 57s 724ms      Model       437ms  71%    kl          -0.000    │
│ To go      6m 18s 662ms      Misc          0ms   0%    clipfrac     0.000    │
│                                                                              │
│ perf                          0.705   score                         0.410    │
│ episode_return                0.410   episode_length               15.163    │
│ invalids                      0.056                                          │
╰──────────────────────────────────────────────────────────────────────────────╯
╭──────────────────────────────────────────────────────────────────────────────╮
│ PufferLib 5.0               🐡 GPU:  94%   VRAM:   5.4/31G    RAM:  0.5G     │
│                                                                              │
│ Env         connect4cnn    Evaluate      171ms  28%    Losses       0.077    │
│ Params           270.5K      Model       100ms  16%    policy       0.000    │
│ Steps              3.2M      Env          51ms   8%    value        0.015    │
│ SPS               27.0K      Copy         18ms   2%    entropy      0.077    │
│ Epoch              1551    Train         435ms  71%    old_kl      -0.000    │
│ Uptime     1m 58s 330ms      Model       434ms  71%    kl          -0.000    │
│ To go      6m 14s 817ms      Misc          0ms   0%    clipfrac     0.000    │
│                                                                              │
│ perf                          0.701   score                         0.403    │
│ episode_return                0.403   episode_length               14.991    │
│ invalids                      0.047                                          │
╰──────────────────────────────────────────────────────────────────────────────╯
╭──────────────────────────────────────────────────────────────────────────────╮
│ PufferLib 5.0              🐡  GPU:  92%   VRAM:   5.4/31G    RAM:  0.5G     │
│                                                                              │
│ Env         connect4cnn    Evaluate      171ms  28%    Losses       0.069    │
│ Params           270.5K      Model       100ms  16%    policy      -0.004    │
│ Steps              3.2M      Env          50ms   8%    value        0.015    │
│ SPS               27.0K      Copy         19ms   3%    entropy      0.075    │
│ Epoch              1559    Train         433ms  71%    old_kl      -0.000    │
│ Uptime     1m 58s 936ms      Model       433ms  71%    kl          -0.000    │
│ To go      6m 14s 220ms      Misc          0ms   0%    clipfrac     0.000    │
│                                                                              │
│ perf                          0.720   score                         0.441    │
│ episode_return                0.441   episode_length               15.030    │
│ invalids                      0.043                                          │
╰──────────────────────────────────────────────────────────────────────────────╯
╭──────────────────────────────────────────────────────────────────────────────╮
│ PufferLib 5.0             🐡   GPU:  89%   VRAM:   5.4/31G    RAM:  0.5G     │
│                                                                              │
│ Env         connect4cnn    Evaluate      170ms  28%    Losses       0.080    │
│ Params           270.5K      Model       100ms  16%    policy      -0.002    │
│ Steps              3.2M      Env          51ms   8%    value        0.016    │
│ SPS               27.2K      Copy         17ms   2%    entropy      0.079    │
│ Epoch              1567    Train         431ms  71%    old_kl      -0.000    │
│ Uptime     1m 59s 538ms      Model       431ms  71%    kl          -0.000    │
│ To go      6m 11s 527ms      Misc          0ms   0%    clipfrac     0.000    │
│                                                                              │
│ perf                          0.715   score                         0.430    │
│ episode_return                0.430   episode_length               15.050    │
│ invalids                      0.043                                          │
╰──────────────────────────────────────────────────────────────────────────────╯
╭──────────────────────────────────────────────────────────────────────────────╮
│ PufferLib 5.0            🐡    GPU:  89%   VRAM:   5.4/31G    RAM:  0.5G     │
│                                                                              │
│ Env         connect4cnn    Evaluate      185ms  28%    Losses       0.084    │
│ Params           270.5K      Model       112ms  17%    policy       0.003    │
│ Steps              3.2M      Env          57ms   8%    value        0.016    │
│ SPS               28.3K      Copy         13ms   1%    entropy      0.075    │
│ Epoch              1576    Train         466ms  71%    old_kl       0.000    │
│ Uptime     2m 00s 190ms      Model       466ms  71%    kl          -0.000    │
│ To go      5m 56s 440ms      Misc          0ms   0%    clipfrac     0.000    │
│                                                                              │
│ perf                          0.722   score                         0.444    │
│ episode_return                0.444   episode_length               15.219    │
│ invalids                      0.041                                          │
╰──────────────────────────────────────────────────────────────────────────────╯
╭──────────────────────────────────────────────────────────────────────────────╮
│ PufferLib 5.0           🐡     GPU:  93%   VRAM:   5.4/31G    RAM:  0.5G     │
│                                                                              │
│ Env         connect4cnn    Evaluate      186ms  28%    Losses       0.085    │
│ Params           270.5K      Model       112ms  17%    policy       0.006    │
│ Steps              3.2M      Env          57ms   8%    value        0.016    │
│ SPS               28.7K      Copy         14ms   2%    entropy      0.074    │
│ Epoch              1585    Train         456ms  71%    old_kl      -0.000    │
│ Uptime     2m 00s 833ms      Model       456ms  71%    kl          -0.000    │
│ To go      5m 51s 029ms      Misc          0ms   0%    clipfrac     0.000    │
│                                                                              │
│ perf                          0.720   score                         0.440    │
│ episode_return                0.440   episode_length               14.928    │
│ invalids                      0.054                                          │
╰──────────────────────────────────────────────────────────────────────────────╯
╭──────────────────────────────────────────────────────────────────────────────╮
│ PufferLib 5.0          🐡      GPU:  91%   VRAM:   5.4/31G    RAM:  0.5G     │
│                                                                              │
│ Env         connect4cnn    Evaluate      183ms  28%    Losses       0.068    │
│ Params           270.5K      Model       112ms  17%    policy      -0.007    │
│ Steps              3.3M      Env          58ms   9%    value        0.015    │
│ SPS               29.1K      Copy         11ms   1%    entropy      0.076    │
│ Epoch              1594    Train         450ms  71%    old_kl       0.000    │
│ Uptime     2m 01s 466ms      Model       449ms  71%    kl          -0.000    │
│ To go      5m 45s 476ms      Misc          0ms   0%    clipfrac     0.000    │
│                                                                              │
│ perf                          0.708   score                         0.415    │
│ episode_return                0.415   episode_length               14.832    │
│ invalids                      0.046                                          │
╰──────────────────────────────────────────────────────────────────────────────╯
╭──────────────────────────────────────────────────────────────────────────────╮
│ PufferLib 5.0         🐡       GPU:  91%   VRAM:   5.4/31G    RAM:  0.5G     │
│                                                                              │
│ Env         connect4cnn    Evaluate      185ms  29%    Losses       0.079    │
│ Params           270.5K      Model       112ms  17%    policy       0.005    │
│ Steps              3.3M      Env          57ms   9%    value        0.015    │
│ SPS               29.4K      Copy         13ms   2%    entropy      0.078    │
│ Epoch              1603    Train         443ms  70%    old_kl       0.000    │
│ Uptime     2m 02s 094ms      Model       443ms  70%    kl          -0.000    │
│ To go      5m 41s 648ms      Misc          0ms   0%    clipfrac     0.000    │
│                                                                              │
│ perf                          0.704   score                         0.408    │
│ episode_return                0.408   episode_length               15.058    │
│ invalids                      0.058                                          │
╰──────────────────────────────────────────────────────────────────────────────╯
╭──────────────────────────────────────────────────────────────────────────────╮
│ PufferLib 5.0        🐡        GPU:  88%   VRAM:   5.4/31G    RAM:  0.5G     │
│                                                                              │
│ Env         connect4cnn    Evaluate      185ms  29%    Losses       0.063    │
│ Params           270.5K      Model       112ms  17%    policy      -0.005    │
│ Steps              3.3M      Env          57ms   8%    value        0.014    │
│ SPS               28.9K      Copy         14ms   2%    entropy      0.074    │
│ Epoch              1612    Train         451ms  70%    old_kl       0.000    │
│ Uptime     2m 02s 732ms      Model       451ms  70%    kl          -0.000    │
│ To go      5m 46s 214ms      Misc          0ms   0%    clipfrac     0.000    │
│                                                                              │
│ perf                          0.734   score                         0.467    │
│ episode_return                0.467   episode_length               14.883    │
│ invalids                      0.040                                          │
╰──────────────────────────────────────────────────────────────────────────────╯
╭──────────────────────────────────────────────────────────────────────────────╮
│ PufferLib 5.0       🐡         GPU:  88%   VRAM:   5.3/31G    RAM:  0.5G     │
│                                                                              │
│ Env         connect4cnn    Evaluate      182ms  28%    Losses       0.076    │
│ Params           270.5K      Model       112ms  17%    policy       0.004    │
│ Steps              3.3M      Env          57ms   9%    value        0.014    │
│ SPS               29.3K      Copy         11ms   1%    entropy      0.072    │
│ Epoch              1621    Train         446ms  71%    old_kl      -0.000    │
│ Uptime     2m 03s 361ms      Model       446ms  70%    kl          -0.000    │
│ To go      5m 41s 024ms      Misc          0ms   0%    clipfrac     0.000    │
│                                                                              │
│ perf                          0.723   score                         0.446    │
│ episode_return                0.446   episode_length               14.963    │
│ invalids                      0.034                                          │
╰──────────────────────────────────────────────────────────────────────────────╯
╭──────────────────────────────────────────────────────────────────────────────╮
│ PufferLib 5.0      🐡          GPU:  93%   VRAM:   5.3/31G    RAM:  0.5G     │
│                                                                              │
│ Env         connect4cnn    Evaluate      184ms  28%    Losses       0.065    │
│ Params           270.5K      Model       112ms  17%    policy      -0.002    │
│ Steps              3.3M      Env          56ms   8%    value        0.014    │
│ SPS               28.4K      Copy         13ms   2%    entropy      0.069    │
│ Epoch              1630    Train         463ms  71%    old_kl       0.000    │
│ Uptime     2m 04s 009ms      Model       463ms  71%    kl          -0.000    │
│ To go      5m 50s 578ms      Misc          0ms   0%    clipfrac     0.000    │
│                                                                              │
│ perf                          0.725   score                         0.449    │
│ episode_return                0.449   episode_length               15.020    │
│ invalids                      0.045                                          │
╰──────────────────────────────────────────────────────────────────────────────╯
╭──────────────────────────────────────────────────────────────────────────────╮
│ PufferLib 5.0     🐡           GPU:  93%   VRAM:   5.3/31G    RAM:  0.5G     │
│                                                                              │
│ Env         connect4cnn    Evaluate      180ms  29%    Losses       0.075    │
│ Params           270.5K      Model       112ms  18%    policy      -0.000    │
│ Steps              3.4M      Env          57ms   9%    value        0.015    │
│ SPS               29.7K      Copy          9ms   1%    entropy      0.074    │
│ Epoch              1639    Train         440ms  70%    old_kl       0.000    │
│ Uptime     2m 04s 630ms      Model       440ms  70%    kl          -0.000    │
│ To go      5m 35s 368ms      Misc          0ms   0%    clipfrac     0.000    │
│                                                                              │
│ perf                          0.720   score                         0.440    │
│ episode_return                0.440   episode_length               14.960    │
│ invalids                      0.043                                          │
╰──────────────────────────────────────────────────────────────────────────────╯
╭──────────────────────────────────────────────────────────────────────────────╮
│ PufferLib 5.0    🐡            GPU:  93%   VRAM:   5.3/31G    RAM:  0.5G     │
│                                                                              │
│ Env         connect4cnn    Evaluate      180ms  29%    Losses       0.072    │
│ Params           270.5K      Model       112ms  18%    policy       0.003    │
│ Steps              3.4M      Env          57ms   9%    value        0.014    │
│ SPS               29.8K      Copy          9ms   1%    entropy      0.070    │
│ Epoch              1648    Train         439ms  70%    old_kl       0.000    │
│ Uptime     2m 05s 249ms      Model       439ms  70%    kl          -0.000    │
│ To go      5m 33s 836ms      Misc          0ms   0%    clipfrac     0.000    │
│                                                                              │
│ perf                          0.719   score                         0.438    │
│ episode_return                0.438   episode_length               14.994    │
│ invalids                      0.044                                          │
╰──────────────────────────────────────────────────────────────────────────────╯
╭──────────────────────────────────────────────────────────────────────────────╮
│ PufferLib 5.0   🐡             GPU:  88%   VRAM:   5.3/31G    RAM:  0.5G     │
│                                                                              │
│ Env         connect4cnn    Evaluate      182ms  29%    Losses       0.070    │
│ Params           270.5K      Model       112ms  17%    policy      -0.000    │
│ Steps              3.4M      Env          57ms   9%    value        0.014    │
│ SPS               29.5K      Copy         11ms   1%    entropy      0.072    │
│ Epoch              1657    Train         441ms  70%    old_kl      -0.000    │
│ Uptime     2m 05s 873ms      Model       441ms  70%    kl          -0.000    │
│ To go      5m 35s 707ms      Misc          0ms   0%    clipfrac     0.000    │
│                                                                              │
│ perf                          0.737   score                         0.474    │
│ episode_return                0.474   episode_length               14.995    │
│ invalids                      0.035                                          │
╰──────────────────────────────────────────────────────────────────────────────╯
╭──────────────────────────────────────────────────────────────────────────────╮
│ PufferLib 5.0  🐡              GPU:  93%   VRAM:   5.3/31G    RAM:  0.5G     │
│                                                                              │
│ Env         connect4cnn    Evaluate      180ms  29%    Losses       0.073    │
│ Params           270.5K      Model       112ms  18%    policy       0.002    │
│ Steps              3.4M      Env          56ms   9%    value        0.014    │
│ SPS               29.9K      Copy         10ms   1%    entropy      0.074    │
│ Epoch              1666    Train         436ms  70%    old_kl       0.000    │
│ Uptime     2m 06s 489ms      Model       436ms  70%    kl          -0.000    │
│ To go      5m 31s 157ms      Misc          0ms   0%    clipfrac     0.000    │
│                                                                              │
│ perf                          0.720   score                         0.440    │
│ episode_return                0.440   episode_length               15.104    │
│ invalids                      0.041                                          │
╰──────────────────────────────────────────────────────────────────────────────╯
╭──────────────────────────────────────────────────────────────────────────────╮
│ PufferLib 5.0 🐡               GPU:  93%   VRAM:   5.3/31G    RAM:  0.5G     │
│                                                                              │
│ Env         connect4cnn    Evaluate      180ms  29%    Losses       0.072    │
│ Params           270.5K      Model       112ms  18%    policy      -0.003    │
│ Steps              3.4M      Env          57ms   9%    value        0.015    │
│ SPS               29.8K      Copy          9ms   1%    entropy      0.081    │
│ Epoch              1675    Train         438ms  70%    old_kl      -0.000    │
│ Uptime     2m 07s 108ms      Model       438ms  70%    kl          -0.000    │
│ To go      5m 32s 020ms      Misc          0ms   0%    clipfrac     0.000    │
│                                                                              │
│ perf                          0.719   score                         0.438    │
│ episode_return                0.438   episode_length               14.801    │
│ invalids                      0.054                                          │
╰──────────────────────────────────────────────────────────────────────────────╯
╭──────────────────────────────────────────────────────────────────────────────╮
│ PufferLib 5.0🐡                GPU:  86%   VRAM:   5.3/31G    RAM:  0.5G     │
│                                                                              │
│ Env         connect4cnn    Evaluate      180ms  29%    Losses       0.076    │
│ Params           270.5K      Model       112ms  18%    policy      -0.001    │
│ Steps              3.4M      Env          57ms   9%    value        0.015    │
│ SPS               29.7K      Copy         10ms   1%    entropy      0.078    │
│ Epoch              1684    Train         438ms  70%    old_kl      -0.000    │
│ Uptime     2m 07s 728ms      Model       438ms  70%    kl          -0.000    │
│ To go      5m 31s 758ms      Misc          0ms   0%    clipfrac     0.000    │
│                                                                              │
│ perf                          0.710   score                         0.419    │
│ episode_return                0.419   episode_length               15.032    │
│ invalids                      0.054                                          │
╰──────────────────────────────────────────────────────────────────────────────╯
╭──────────────────────────────────────────────────────────────────────────────╮
│ PufferLib 5.0               🐡 GPU:  86%   VRAM:   5.3/31G    RAM:  0.5G     │
│                                                                              │
│ Env         connect4cnn    Evaluate      179ms  28%    Losses       0.071    │
│ Params           270.5K      Model       112ms  18%    policy       0.004    │
│ Steps              3.5M      Env          57ms   9%    value        0.013    │
│ SPS               29.6K      Copy          8ms   1%    entropy      0.071    │
│ Epoch              1693    Train         443ms  71%    old_kl       0.000    │
│ Uptime     2m 08s 351ms      Model       443ms  71%    kl          -0.000    │
│ To go      5m 32s 617ms      Misc          0ms   0%    clipfrac     0.000    │
│                                                                              │
│ perf                          0.716   score                         0.432    │
│ episode_return                0.432   episode_length               15.152    │
│ invalids                      0.057                                          │
╰──────────────────────────────────────────────────────────────────────────────╯
╭──────────────────────────────────────────────────────────────────────────────╮
│ PufferLib 5.0              🐡  GPU:  94%   VRAM:   5.3/31G    RAM:  0.5G     │
│                                                                              │
│ Env         connect4cnn    Evaluate      180ms  28%    Losses       0.070    │
│ Params           270.5K      Model       112ms  18%    policy      -0.005    │
│ Steps              3.5M      Env          56ms   9%    value        0.015    │
│ SPS               29.7K      Copy         10ms   1%    entropy      0.069    │
│ Epoch              1702    Train         440ms  71%    old_kl       0.000    │
│ Uptime     2m 08s 972ms      Model       440ms  70%    kl          -0.000    │
│ To go      5m 30s 720ms      Misc          0ms   0%    clipfrac     0.000    │
│                                                                              │
│ perf                          0.738   score                         0.476    │
│ episode_return                0.476   episode_length               14.942    │
│ invalids                      0.051                                          │
╰──────────────────────────────────────────────────────────────────────────────╯
╭──────────────────────────────────────────────────────────────────────────────╮
│ PufferLib 5.0             🐡   GPU:  87%   VRAM:   5.3/31G    RAM:  0.5G     │
│                                                                              │
│ Env         connect4cnn    Evaluate      179ms  28%    Losses       0.078    │
│ Params           270.5K      Model       112ms  18%    policy       0.002    │
│ Steps              3.5M      Env          56ms   9%    value        0.015    │
│ SPS               29.7K      Copy          9ms   1%    entropy      0.071    │
│ Epoch              1711    Train         440ms  71%    old_kl       0.000    │
│ Uptime     2m 09s 592ms      Model       440ms  71%    kl          -0.000    │
│ To go      5m 29s 919ms      Misc          0ms   0%    clipfrac     0.000    │
│                                                                              │
│ perf                          0.714   score                         0.428    │
│ episode_return                0.428   episode_length               15.132    │
│ invalids                      0.049                                          │
╰──────────────────────────────────────────────────────────────────────────────╯
╭──────────────────────────────────────────────────────────────────────────────╮
│ PufferLib 5.0            🐡    GPU:  87%   VRAM:   5.3/31G    RAM:  0.5G     │
│                                                                              │
│ Env         connect4cnn    Evaluate      180ms  29%    Losses       0.068    │
│ Params           270.5K      Model       112ms  18%    policy      -0.003    │
│ Steps              3.5M      Env          56ms   9%    value        0.014    │
│ SPS               29.8K      Copy         10ms   1%    entropy      0.073    │
│ Epoch              1720    Train         438ms  70%    old_kl      -0.000    │
│ Uptime     2m 10s 210ms      Model       438ms  70%    kl          -0.000    │
│ To go      5m 28s 493ms      Misc          0ms   0%    clipfrac     0.000    │
│                                                                              │
│ perf                          0.722   score                         0.445    │
│ episode_return                0.445   episode_length               15.146    │
│ invalids                      0.048                                          │
╰──────────────────────────────────────────────────────────────────────────────╯
╭──────────────────────────────────────────────────────────────────────────────╮
│ PufferLib 5.0           🐡     GPU:  93%   VRAM:   5.3/31G    RAM:  0.5G     │
│                                                                              │
│ Env         connect4cnn    Evaluate      187ms  29%    Losses       0.074    │
│ Params           270.5K      Model       112ms  17%    policy       0.003    │
│ Steps              3.5M      Env          61ms   9%    value        0.014    │
│ SPS               29.4K      Copy         12ms   1%    entropy      0.069    │
│ Epoch              1729    Train         439ms  70%    old_kl      -0.000    │
│ Uptime     2m 10s 836ms      Model       438ms  70%    kl          -0.000    │
│ To go      5m 32s 005ms      Misc          0ms   0%    clipfrac     0.000    │
│                                                                              │
│ perf                          0.733   score                         0.466    │
│ episode_return                0.466   episode_length               14.906    │
│ invalids                      0.037                                          │
╰──────────────────────────────────────────────────────────────────────────────╯
╭──────────────────────────────────────────────────────────────────────────────╮
│ PufferLib 5.0          🐡      GPU:  88%   VRAM:   5.3/31G    RAM:  0.5G     │
│                                                                              │
│ Env         connect4cnn    Evaluate      181ms  28%    Losses       0.057    │
│ Params           270.5K      Model       112ms  17%    policy      -0.005    │
│ Steps              3.6M      Env          57ms   9%    value        0.012    │
│ SPS               29.4K      Copy          9ms   1%    entropy      0.070    │
│ Epoch              1738    Train         445ms  71%    old_kl      -0.000    │
│ Uptime     2m 11s 463ms      Model       445ms  71%    kl          -0.000    │
│ To go      5m 31s 586ms      Misc          0ms   0%    clipfrac     0.000    │
│                                                                              │
│ perf                          0.743   score                         0.485    │
│ episode_return                0.485   episode_length               15.088    │
│ invalids                      0.050                                          │
╰──────────────────────────────────────────────────────────────────────────────╯
╭──────────────────────────────────────────────────────────────────────────────╮
│ PufferLib 5.0         🐡       GPU:  88%   VRAM:   5.3/31G    RAM:  0.5G     │
│                                                                              │
│ Env         connect4cnn    Evaluate      182ms  29%    Losses       0.067    │
│ Params           270.5K      Model       112ms  18%    policy       0.001    │
│ Steps              3.6M      Env          58ms   9%    value        0.013    │
│ SPS               29.6K      Copy         10ms   1%    entropy      0.070    │
│ Epoch              1747    Train         439ms  70%    old_kl      -0.000    │
│ Uptime     2m 12s 085ms      Model       439ms  70%    kl          -0.000    │
│ To go      5m 28s 452ms      Misc          0ms   0%    clipfrac     0.000    │
│                                                                              │
│ perf                          0.748   score                         0.496    │
│ episode_return                0.496   episode_length               15.011    │
│ invalids                      0.051                                          │
╰──────────────────────────────────────────────────────────────────────────────╯
╭──────────────────────────────────────────────────────────────────────────────╮
│ PufferLib 5.0        🐡        GPU:  91%   VRAM:   5.3/31G    RAM:  0.5G     │
│                                                                              │
│ Env         connect4cnn    Evaluate      180ms  29%    Losses       0.066    │
│ Params           270.5K      Model       112ms  18%    policy      -0.005    │
│ Steps              3.6M      Env          56ms   9%    value        0.014    │
│ SPS               29.7K      Copy          9ms   1%    entropy      0.070    │
│ Epoch              1756    Train         439ms  70%    old_kl       0.000    │
│ Uptime     2m 12s 705ms      Model       439ms  70%    kl          -0.000    │
│ To go      5m 26s 598ms      Misc          0ms   0%    clipfrac     0.000    │
│                                                                              │
│ perf                          0.725   score                         0.450    │
│ episode_return                0.450   episode_length               15.241    │
│ invalids                      0.054                                          │
╰──────────────────────────────────────────────────────────────────────────────╯
╭──────────────────────────────────────────────────────────────────────────────╮
│ PufferLib 5.0       🐡         GPU:  91%   VRAM:   5.3/31G    RAM:  0.5G     │
│                                                                              │
│ Env         connect4cnn    Evaluate      179ms  29%    Losses       0.067    │
│ Params           270.5K      Model       112ms  18%    policy       0.005    │
│ Steps              3.6M      Env          56ms   9%    value        0.012    │
│ SPS               29.8K      Copy          8ms   1%    entropy      0.070    │
│ Epoch              1765    Train         438ms  70%    old_kl       0.000    │
│ Uptime     2m 13s 322ms      Model       438ms  70%    kl          -0.000    │
│ To go      5m 24s 961ms      Misc          0ms   0%    clipfrac     0.000    │
│                                                                              │
│ perf                          0.760   score                         0.519    │
│ episode_return                0.519   episode_length               15.025    │
│ invalids                      0.061                                          │
╰──────────────────────────────────────────────────────────────────────────────╯
╭──────────────────────────────────────────────────────────────────────────────╮
│ PufferLib 5.0      🐡          GPU:  89%   VRAM:   5.3/31G    RAM:  0.5G     │
│                                                                              │
│ Env         connect4cnn    Evaluate      179ms  28%    Losses       0.062    │
│ Params           270.5K      Model       112ms  17%    policy      -0.009    │
│ Steps              3.6M      Env          56ms   9%    value        0.014    │
│ SPS               29.5K      Copy          9ms   1%    entropy      0.068    │
│ Epoch              1774    Train         446ms  71%    old_kl      -0.000    │
│ Uptime     2m 13s 947ms      Model       446ms  71%    kl          -0.000    │
│ To go      5m 28s 219ms      Misc          0ms   0%    clipfrac     0.000    │
│                                                                              │
│ perf                          0.753   score                         0.506    │
│ episode_return                0.506   episode_length               14.978    │
│ invalids                      0.044                                          │
╰──────────────────────────────────────────────────────────────────────────────╯
╭──────────────────────────────────────────────────────────────────────────────╮
│ PufferLib 5.0     🐡           GPU:  92%   VRAM:   5.3/31G    RAM:  0.5G     │
│                                                                              │
│ Env         connect4cnn    Evaluate      180ms  29%    Losses       0.077    │
│ Params           270.5K      Model       112ms  18%    policy       0.003    │
│ Steps              3.7M      Env          56ms   9%    value        0.015    │
│ SPS               29.8K      Copy         11ms   1%    entropy      0.070    │
│ Epoch              1783    Train         439ms  70%    old_kl       0.000    │
│ Uptime     2m 14s 567ms      Model       439ms  70%    kl          -0.000    │
│ To go      5m 24s 698ms      Misc          0ms   0%    clipfrac     0.000    │
│                                                                              │
│ perf                          0.732   score                         0.463    │
│ episode_return                0.463   episode_length               15.082    │
│ invalids                      0.046                                          │
╰──────────────────────────────────────────────────────────────────────────────╯
╭──────────────────────────────────────────────────────────────────────────────╮
│ PufferLib 5.0    🐡            GPU:  92%   VRAM:   5.3/31G    RAM:  0.5G     │
│                                                                              │
│ Env         connect4cnn    Evaluate      181ms  29%    Losses       0.065    │
│ Params           270.5K      Model       112ms  18%    policy       0.001    │
│ Steps              3.7M      Env          56ms   9%    value        0.013    │
│ SPS               29.9K      Copy         10ms   1%    entropy      0.062    │
│ Epoch              1792    Train         435ms  70%    old_kl      -0.000    │
│ Uptime     2m 15s 183ms      Model       435ms  70%    kl          -0.000    │
│ To go      5m 22s 444ms      Misc          0ms   0%    clipfrac     0.000    │
│                                                                              │
│ perf                          0.748   score                         0.497    │
│ episode_return                0.497   episode_length               14.789    │
│ invalids                      0.050                                          │
╰──────────────────────────────────────────────────────────────────────────────╯
╭──────────────────────────────────────────────────────────────────────────────╮
│ PufferLib 5.0   🐡             GPU:  88%   VRAM:   5.3/31G    RAM:  0.5G     │
│                                                                              │
│ Env         connect4cnn    Evaluate      181ms  29%    Losses       0.057    │
│ Params           270.5K      Model       112ms  18%    policy      -0.002    │
│ Steps              3.7M      Env          57ms   9%    value        0.012    │
│ SPS               29.7K      Copy         10ms   1%    entropy      0.064    │
│ Epoch              1801    Train         438ms  70%    old_kl       0.000    │
│ Uptime     2m 15s 803ms      Model       438ms  70%    kl          -0.000    │
│ To go      5m 23s 691ms      Misc          0ms   0%    clipfrac     0.000    │
│                                                                              │
│ perf                          0.761   score                         0.523    │
│ episode_return                0.523   episode_length               15.125    │
│ invalids                      0.050                                          │
╰──────────────────────────────────────────────────────────────────────────────╯
╭──────────────────────────────────────────────────────────────────────────────╮
│ PufferLib 5.0  🐡              GPU:  93%   VRAM:   5.3/31G    RAM:  0.5G     │
│                                                                              │
│ Env         connect4cnn    Evaluate      182ms  29%    Losses       0.056    │
│ Params           270.5K      Model       112ms  18%    policy      -0.004    │
│ Steps              3.7M      Env          56ms   9%    value        0.012    │
│ SPS               29.7K      Copy         11ms   1%    entropy      0.066    │
│ Epoch              1810    Train         438ms  70%    old_kl      -0.000    │
│ Uptime     2m 16s 424ms      Model       438ms  70%    kl          -0.000    │
│ To go      5m 23s 260ms      Misc          0ms   0%    clipfrac     0.000    │
│                                                                              │
│ perf                          0.720   score                         0.441    │
│ episode_return                0.441   episode_length               15.295    │
│ invalids                      0.061                                          │
╰──────────────────────────────────────────────────────────────────────────────╯
╭──────────────────────────────────────────────────────────────────────────────╮
│ PufferLib 5.0 🐡               GPU:  93%   VRAM:   5.3/31G    RAM:  0.5G     │
│                                                                              │
│ Env         connect4cnn    Evaluate      181ms  29%    Losses       0.059    │
│ Params           270.5K      Model       112ms  18%    policy      -0.002    │
│ Steps              3.7M      Env          58ms   9%    value        0.012    │
│ SPS               29.7K      Copy         10ms   1%    entropy      0.069    │
│ Epoch              1819    Train         439ms  70%    old_kl       0.000    │
│ Uptime     2m 17s 044ms      Model       439ms  70%    kl          -0.000    │
│ To go      5m 22s 758ms      Misc          0ms   0%    clipfrac     0.000    │
│                                                                              │
│ perf                          0.750   score                         0.502    │
│ episode_return                0.502   episode_length               15.084    │
│ invalids                      0.045                                          │
╰──────────────────────────────────────────────────────────────────────────────╯
╭──────────────────────────────────────────────────────────────────────────────╮
│ PufferLib 5.0🐡                GPU:  87%   VRAM:   5.3/31G    RAM:  0.5G     │
│                                                                              │
│ Env         connect4cnn    Evaluate      180ms  28%    Losses       0.063    │
│ Params           270.5K      Model       112ms  18%    policy      -0.002    │
│ Steps              3.7M      Env          57ms   9%    value        0.013    │
│ SPS               29.6K      Copy          9ms   1%    entropy      0.070    │
│ Epoch              1828    Train         441ms  71%    old_kl      -0.000    │
│ Uptime     2m 17s 666ms      Model       441ms  71%    kl          -0.000    │
│ To go      5m 22s 835ms      Misc          0ms   0%    clipfrac     0.000    │
│                                                                              │
│ perf                          0.730   score                         0.460    │
│ episode_return                0.460   episode_length               15.121    │
│ invalids                      0.061                                          │
╰──────────────────────────────────────────────────────────────────────────────╯
╭──────────────────────────────────────────────────────────────────────────────╮
│ PufferLib 5.0               🐡 GPU:  87%   VRAM:   5.3/31G    RAM:  0.5G     │
│                                                                              │
│ Env         connect4cnn    Evaluate      181ms  29%    Losses       0.065    │
│ Params           270.5K      Model       112ms  18%    policy       0.003    │
│ Steps              3.8M      Env          56ms   9%    value        0.012    │
│ SPS               29.8K      Copy         11ms   1%    entropy      0.068    │
│ Epoch              1837    Train         437ms  70%    old_kl       0.000    │
│ Uptime     2m 18s 284ms      Model       437ms  70%    kl          -0.000    │
│ To go      5m 20s 430ms      Misc          0ms   0%    clipfrac     0.000    │
│                                                                              │
│ perf                          0.767   score                         0.534    │
│ episode_return                0.534   episode_length               15.214    │
│ invalids                      0.055                                          │
╰──────────────────────────────────────────────────────────────────────────────╯
╭──────────────────────────────────────────────────────────────────────────────╮
│ PufferLib 5.0              🐡  GPU:  93%   VRAM:   5.3/31G    RAM:  0.5G     │
│                                                                              │
│ Env         connect4cnn    Evaluate      184ms  29%    Losses       0.070    │
│ Params           270.5K      Model       112ms  18%    policy       0.003    │
│ Steps              3.8M      Env          57ms   9%    value        0.014    │
│ SPS               29.7K      Copy         12ms   2%    entropy      0.069    │
│ Epoch              1846    Train         435ms  70%    old_kl       0.000    │
│ Uptime     2m 18s 904ms      Model       435ms  70%    kl          -0.000    │
│ To go      5m 20s 495ms      Misc          0ms   0%    clipfrac     0.000    │
│                                                                              │
│ perf                          0.751   score                         0.502    │
│ episode_return                0.502   episode_length               14.907    │
│ invalids                      0.054                                          │
╰──────────────────────────────────────────────────────────────────────────────╯
╭──────────────────────────────────────────────────────────────────────────────╮
│ PufferLib 5.0             🐡   GPU:  88%   VRAM:   5.3/31G    RAM:  0.5G     │
│                                                                              │
│ Env         connect4cnn    Evaluate      181ms  29%    Losses       0.057    │
│ Params           270.5K      Model       112ms  18%    policy      -0.002    │
│ Steps              3.8M      Env          57ms   9%    value        0.012    │
│ SPS               29.7K      Copy         10ms   1%    entropy      0.067    │
│ Epoch              1855    Train         439ms  70%    old_kl       0.000    │
│ Uptime     2m 19s 525ms      Model       439ms  70%    kl          -0.000    │
│ To go      5m 20s 451ms      Misc          0ms   0%    clipfrac     0.000    │
│                                                                              │
│ perf                          0.770   score                         0.539    │
│ episode_return                0.539   episode_length               15.046    │
│ invalids                      0.058                                          │
╰──────────────────────────────────────────────────────────────────────────────╯
╭──────────────────────────────────────────────────────────────────────────────╮
│ PufferLib 5.0            🐡    GPU:  88%   VRAM:   5.3/31G    RAM:  0.5G     │
│                                                                              │
│ Env         connect4cnn    Evaluate      181ms  29%    Losses       0.070    │
│ Params           270.5K      Model       112ms  18%    policy       0.002    │
│ Steps              3.8M      Env          57ms   9%    value        0.014    │
│ SPS               29.7K      Copy          9ms   1%    entropy      0.073    │
│ Epoch              1864    Train         439ms  70%    old_kl      -0.000    │
│ Uptime     2m 20s 146ms      Model       439ms  70%    kl          -0.000    │
│ To go      5m 19s 577ms      Misc          0ms   0%    clipfrac     0.000    │
│                                                                              │
│ perf                          0.752   score                         0.505    │
│ episode_return                0.505   episode_length               15.091    │
│ invalids                      0.047                                          │
╰──────────────────────────────────────────────────────────────────────────────╯
╭──────────────────────────────────────────────────────────────────────────────╮
│ PufferLib 5.0           🐡     GPU:  94%   VRAM:   5.3/31G    RAM:  0.5G     │
│                                                                              │
│ Env         connect4cnn    Evaluate      183ms  29%    Losses       0.056    │
│ Params           270.5K      Model       112ms  18%    policy      -0.001    │
│ Steps              3.8M      Env          57ms   9%    value        0.011    │
│ SPS               29.8K      Copy         12ms   2%    entropy      0.068    │
│ Epoch              1873    Train         435ms  70%    old_kl       0.000    │
│ Uptime     2m 20s 764ms      Model       435ms  70%    kl          -0.000    │
│ To go      5m 18s 048ms      Misc          0ms   0%    clipfrac     0.000    │
│                                                                              │
│ perf                          0.771   score                         0.543    │
│ episode_return                0.543   episode_length               14.933    │
│ invalids                      0.045                                          │
╰──────────────────────────────────────────────────────────────────────────────╯
╭──────────────────────────────────────────────────────────────────────────────╮
│ PufferLib 5.0          🐡      GPU:  94%   VRAM:   5.3/31G    RAM:  0.5G     │
│                                                                              │
│ Env         connect4cnn    Evaluate      182ms  29%    Losses       0.060    │
│ Params           270.5K      Model       112ms  18%    policy      -0.002    │
│ Steps              3.9M      Env          57ms   9%    value        0.012    │
│ SPS               29.8K      Copy         10ms   1%    entropy      0.067    │
│ Epoch              1882    Train         437ms  70%    old_kl      -0.000    │
│ Uptime     2m 21s 383ms      Model       437ms  70%    kl          -0.000    │
│ To go      5m 17s 728ms      Misc          0ms   0%    clipfrac     0.000    │
│                                                                              │
│ perf                          0.756   score                         0.512    │
│ episode_return                0.512   episode_length               14.973    │
│ invalids                      0.052                                          │
╰──────────────────────────────────────────────────────────────────────────────╯
╭──────────────────────────────────────────────────────────────────────────────╮
│ PufferLib 5.0         🐡       GPU:  87%   VRAM:   5.3/31G    RAM:  0.5G     │
│                                                                              │
│ Env         connect4cnn    Evaluate      181ms  29%    Losses       0.062    │
│ Params           270.5K      Model       112ms  18%    policy      -0.002    │
│ Steps              3.9M      Env          56ms   9%    value        0.013    │
│ SPS               29.8K      Copy         11ms   1%    entropy      0.071    │
│ Epoch              1891    Train         436ms  70%    old_kl      -0.000    │
│ Uptime     2m 22s 001ms      Model       436ms  70%    kl          -0.000    │
│ To go      5m 16s 393ms      Misc          0ms   0%    clipfrac     0.000    │
│                                                                              │
│ perf                          0.747   score                         0.494    │
│ episode_return                0.494   episode_length               15.139    │
│ invalids                      0.048                                          │
╰──────────────────────────────────────────────────────────────────────────────╯
╭──────────────────────────────────────────────────────────────────────────────╮
│ PufferLib 5.0        🐡        GPU:  94%   VRAM:   5.3/31G    RAM:  0.5G     │
│                                                                              │
│ Env         connect4cnn    Evaluate      180ms  29%    Losses       0.050    │
│ Params           270.5K      Model       112ms  18%    policy      -0.005    │
│ Steps              3.9M      Env          56ms   9%    value        0.011    │
│ SPS               29.9K      Copy         10ms   1%    entropy      0.066    │
│ Epoch              1900    Train         436ms  70%    old_kl      -0.000    │
│ Uptime     2m 22s 618ms      Model       436ms  70%    kl          -0.000    │
│ To go      5m 15s 345ms      Misc          0ms   0%    clipfrac     0.000    │
│                                                                              │
│ perf                          0.766   score                         0.531    │
│ episode_return                0.531   episode_length               15.028    │
│ invalids                      0.043                                          │
╰──────────────────────────────────────────────────────────────────────────────╯
╭──────────────────────────────────────────────────────────────────────────────╮
│ PufferLib 5.0       🐡         GPU:  94%   VRAM:   5.3/31G    RAM:  0.5G     │
│                                                                              │
│ Env         connect4cnn    Evaluate      180ms  29%    Losses       0.058    │
│ Params           270.5K      Model       112ms  18%    policy      -0.000    │
│ Steps              3.9M      Env          57ms   9%    value        0.012    │
│ SPS               29.7K      Copy          9ms   1%    entropy      0.067    │
│ Epoch              1909    Train         440ms  70%    old_kl      -0.000    │
│ Uptime     2m 23s 239ms      Model       440ms  70%    kl          -0.000    │
│ To go      5m 16s 659ms      Misc          0ms   0%    clipfrac     0.000    │
│                                                                              │
│ perf                          0.749   score                         0.498    │
│ episode_return                0.498   episode_length               15.201    │
│ invalids                      0.045                                          │
╰──────────────────────────────────────────────────────────────────────────────╯
╭──────────────────────────────────────────────────────────────────────────────╮
│ PufferLib 5.0      🐡          GPU:  87%   VRAM:   5.3/31G    RAM:  0.5G     │
│                                                                              │
│ Env         connect4cnn    Evaluate      179ms  28%    Losses       0.061    │
│ Params           270.5K      Model       112ms  18%    policy      -0.002    │
│ Steps              3.9M      Env          56ms   9%    value        0.013    │
│ SPS               29.7K      Copy          9ms   1%    entropy      0.065    │
│ Epoch              1918    Train         441ms  71%    old_kl       0.000    │
│ Uptime     2m 23s 860ms      Model       441ms  71%    kl          -0.000    │
│ To go      5m 16s 254ms      Misc          0ms   0%    clipfrac     0.000    │
│                                                                              │
│ perf                          0.767   score                         0.535    │
│ episode_return                0.535   episode_length               14.935    │
│ invalids                      0.051                                          │
╰──────────────────────────────────────────────────────────────────────────────╯
╭──────────────────────────────────────────────────────────────────────────────╮
│ PufferLib 5.0     🐡           GPU:  93%   VRAM:   5.3/31G    RAM:  0.5G     │
│                                                                              │
│ Env         connect4cnn    Evaluate      180ms  29%    Losses       0.056    │
│ Params           270.5K      Model       112ms  18%    policy      -0.001    │
│ Steps              3.9M      Env          56ms   9%    value        0.011    │
│ SPS               29.7K      Copy         10ms   1%    entropy      0.066    │
│ Epoch              1927    Train         439ms  70%    old_kl       0.000    │
│ Uptime     2m 24s 480ms      Model       439ms  70%    kl          -0.000    │
│ To go      5m 14s 892ms      Misc          0ms   0%    clipfrac     0.000    │
│                                                                              │
│ perf                          0.760   score                         0.521    │
│ episode_return                0.521   episode_length               15.223    │
│ invalids                      0.050                                          │
╰──────────────────────────────────────────────────────────────────────────────╯
╭──────────────────────────────────────────────────────────────────────────────╮
│ PufferLib 5.0    🐡            GPU:  93%   VRAM:   5.3/31G    RAM:  0.5G     │
│                                                                              │
│ Env         connect4cnn    Evaluate      181ms  29%    Losses       0.059    │
│ Params           270.5K      Model       112ms  18%    policy      -0.004    │
│ Steps              4.0M      Env          57ms   9%    value        0.013    │
│ SPS               29.7K      Copy         10ms   1%    entropy      0.057    │
│ Epoch              1936    Train         439ms  70%    old_kl       0.000    │
│ Uptime     2m 25s 100ms      Model       438ms  70%    kl          -0.000    │
│ To go      5m 14s 363ms      Misc          0ms   0%    clipfrac     0.000    │
│                                                                              │
│ perf                          0.765   score                         0.530    │
│ episode_return                0.530   episode_length               14.994    │
│ invalids                      0.048                                          │
╰──────────────────────────────────────────────────────────────────────────────╯
╭──────────────────────────────────────────────────────────────────────────────╮
│ PufferLib 5.0   🐡             GPU:  87%   VRAM:   5.3/31G    RAM:  0.5G     │
│                                                                              │
│ Env         connect4cnn    Evaluate      181ms  29%    Losses       0.066    │
│ Params           270.5K      Model       112ms  18%    policy       0.010    │
│ Steps              4.0M      Env          57ms   9%    value        0.011    │
│ SPS               29.8K      Copy         10ms   1%    entropy      0.058    │
│ Epoch              1945    Train         436ms  70%    old_kl       0.000    │
│ Uptime     2m 25s 717ms      Model       436ms  70%    kl          -0.000    │
│ To go      5m 12s 633ms      Misc          0ms   0%    clipfrac     0.000    │
│                                                                              │
│ perf                          0.758   score                         0.516    │
│ episode_return                0.516   episode_length               15.084    │
│ invalids                      0.038                                          │
╰──────────────────────────────────────────────────────────────────────────────╯
╭──────────────────────────────────────────────────────────────────────────────╮
│ PufferLib 5.0  🐡              GPU:  87%   VRAM:   5.3/31G    RAM:  0.5G     │
│                                                                              │
│ Env         connect4cnn    Evaluate      179ms  29%    Losses       0.050    │
│ Params           270.5K      Model       112ms  18%    policy      -0.003    │
│ Steps              4.0M      Env          56ms   9%    value        0.011    │
│ SPS               29.8K      Copy          9ms   1%    entropy      0.056    │
│ Epoch              1954    Train         438ms  70%    old_kl       0.000    │
│ Uptime     2m 26s 335ms      Model       438ms  70%    kl          -0.000    │
│ To go      5m 12s 112ms      Misc          0ms   0%    clipfrac     0.000    │
│                                                                              │
│ perf                          0.775   score                         0.550    │
│ episode_return                0.550   episode_length               15.038    │
│ invalids                      0.061                                          │
╰──────────────────────────────────────────────────────────────────────────────╯
╭──────────────────────────────────────────────────────────────────────────────╮
│ PufferLib 5.0 🐡               GPU:  94%   VRAM:   5.3/31G    RAM:  0.5G     │
│                                                                              │
│ Env         connect4cnn    Evaluate      179ms  28%    Losses       0.049    │
│ Params           270.5K      Model       112ms  18%    policy      -0.003    │
│ Steps              4.0M      Env          56ms   8%    value        0.011    │
│ SPS               29.6K      Copy          9ms   1%    entropy      0.063    │
│ Epoch              1963    Train         443ms  71%    old_kl       0.000    │
│ Uptime     2m 26s 958ms      Model       443ms  71%    kl          -0.000    │
│ To go      5m 14s 046ms      Misc          0ms   0%    clipfrac     0.000    │
│                                                                              │
│ perf                          0.760   score                         0.520    │
│ episode_return                0.520   episode_length               15.209    │
│ invalids                      0.058                                          │
╰──────────────────────────────────────────────────────────────────────────────╯
╭──────────────────────────────────────────────────────────────────────────────╮
│ PufferLib 5.0🐡                GPU:  88%   VRAM:   5.3/31G    RAM:  0.5G     │
│                                                                              │
│ Env         connect4cnn    Evaluate      180ms  29%    Losses       0.058    │
│ Params           270.5K      Model       112ms  18%    policy      -0.001    │
│ Steps              4.0M      Env          56ms   9%    value        0.012    │
│ SPS               29.7K      Copy         10ms   1%    entropy      0.071    │
│ Epoch              1972    Train         441ms  70%    old_kl       0.000    │
│ Uptime     2m 27s 580ms      Model       440ms  70%    kl          -0.000    │
│ To go      5m 12s 583ms      Misc          0ms   0%    clipfrac     0.000    │
│                                                                              │
│ perf                          0.745   score                         0.491    │
│ episode_return                0.491   episode_length               15.083    │
│ invalids                      0.056                                          │
╰──────────────────────────────────────────────────────────────────────────────╯
╭──────────────────────────────────────────────────────────────────────────────╮
│ PufferLib 5.0               🐡 GPU:  88%   VRAM:   5.3/31G    RAM:  0.5G     │
│                                                                              │
│ Env         connect4cnn    Evaluate      180ms  29%    Losses       0.055    │
│ Params           270.5K      Model       112ms  18%    policy       0.002    │
│ Steps              4.1M      Env          56ms   9%    value        0.010    │
│ SPS               29.8K      Copy         10ms   1%    entropy      0.055    │
│ Epoch              1981    Train         438ms  70%    old_kl       0.000    │
│ Uptime     2m 28s 199ms      Model       438ms  70%    kl          -0.000    │
│ To go      5m 10s 816ms      Misc          0ms   0%    clipfrac     0.000    │
│                                                                              │
│ perf                          0.772   score                         0.545    │
│ episode_return                0.545   episode_length               15.206    │
│ invalids                      0.050                                          │
╰──────────────────────────────────────────────────────────────────────────────╯
╭──────────────────────────────────────────────────────────────────────────────╮
│ PufferLib 5.0              🐡  GPU:  93%   VRAM:   5.3/31G    RAM:  0.5G     │
│                                                                              │
│ Env         connect4cnn    Evaluate      179ms  28%    Losses       0.064    │
│ Params           270.5K      Model       112ms  18%    policy       0.009    │
│ Steps              4.1M      Env          56ms   9%    value        0.011    │
│ SPS               29.7K      Copy          9ms   1%    entropy      0.062    │
│ Epoch              1990    Train         441ms  71%    old_kl      -0.000    │
│ Uptime     2m 28s 820ms      Model       441ms  71%    kl          -0.000    │
│ To go      5m 11s 159ms      Misc          0ms   0%    clipfrac     0.000    │
│                                                                              │
│ perf                          0.774   score                         0.548    │
│ episode_return                0.548   episode_length               14.976    │
│ invalids                      0.047                                          │
╰──────────────────────────────────────────────────────────────────────────────╯
╭──────────────────────────────────────────────────────────────────────────────╮
│ PufferLib 5.0             🐡   GPU:  88%   VRAM:   5.3/31G    RAM:  0.5G     │
│                                                                              │
│ Env         connect4cnn    Evaluate      181ms  29%    Losses       0.051    │
│ Params           270.5K      Model       112ms  18%    policy      -0.007    │
│ Steps              4.1M      Env          56ms   8%    value        0.012    │
│ SPS               29.7K      Copy         11ms   1%    entropy      0.059    │
│ Epoch              1999    Train         439ms  70%    old_kl      -0.000    │
│ Uptime     2m 29s 440ms      Model       439ms  70%    kl          -0.000    │
│ To go      5m 10s 044ms      Misc          0ms   0%    clipfrac     0.000    │
│                                                                              │
│ perf                          0.776   score                         0.553    │
│ episode_return                0.553   episode_length               15.020    │
│ invalids                      0.058                                          │
╰──────────────────────────────────────────────────────────────────────────────╯
╭──────────────────────────────────────────────────────────────────────────────╮
│ PufferLib 5.0            🐡    GPU:  88%   VRAM:   5.3/31G    RAM:  0.5G     │
│                                                                              │
│ Env         connect4cnn    Evaluate      181ms  29%    Losses       0.064    │
│ Params           270.5K      Model       112ms  18%    policy       0.002    │
│ Steps              4.1M      Env          57ms   9%    value        0.012    │
│ SPS               29.8K      Copy         10ms   1%    entropy      0.064    │
│ Epoch              2008    Train         437ms  70%    old_kl       0.000    │
│ Uptime     2m 30s 058ms      Model       437ms  70%    kl          -0.000    │
│ To go      5m 08s 730ms      Misc          0ms   0%    clipfrac     0.000    │
│                                                                              │
│ perf                          0.765   score                         0.531    │
│ episode_return                0.531   episode_length               15.000    │
│ invalids                      0.056                                          │
╰──────────────────────────────────────────────────────────────────────────────╯
╭──────────────────────────────────────────────────────────────────────────────╮
│ PufferLib 5.0           🐡     GPU:  92%   VRAM:   5.3/31G    RAM:  0.5G     │
│                                                                              │
│ Env         connect4cnn    Evaluate      181ms  29%    Losses       0.060    │
│ Params           270.5K      Model       112ms  18%    policy       0.004    │
│ Steps              4.1M      Env          57ms   9%    value        0.011    │
│ SPS               29.7K      Copy         10ms   1%    entropy      0.067    │
│ Epoch              2017    Train         440ms  70%    old_kl      -0.000    │
│ Uptime     2m 30s 679ms      Model       440ms  70%    kl          -0.000    │
│ To go      5m 09s 385ms      Misc          0ms   0%    clipfrac     0.000    │
│                                                                              │
│ perf                          0.786   score                         0.572    │
│ episode_return                0.572   episode_length               14.912    │
│ invalids                      0.046                                          │
╰──────────────────────────────────────────────────────────────────────────────╯
╭──────────────────────────────────────────────────────────────────────────────╮
│ PufferLib 5.0          🐡      GPU:  92%   VRAM:   5.3/31G    RAM:  0.5G     │
│                                                                              │
│ Env         connect4cnn    Evaluate      180ms  29%    Losses       0.049    │
│ Params           270.5K      Model       112ms  18%    policy      -0.005    │
│ Steps              4.1M      Env          56ms   9%    value        0.011    │
│ SPS               29.9K      Copy         10ms   1%    entropy      0.060    │
│ Epoch              2026    Train         437ms  70%    old_kl       0.000    │
│ Uptime     2m 31s 297ms      Model       437ms  70%    kl          -0.000    │
│ To go      5m 06s 915ms      Misc          0ms   0%    clipfrac     0.000    │
│                                                                              │
│ perf                          0.773   score                         0.545    │
│ episode_return                0.545   episode_length               15.146    │
│ invalids                      0.047                                          │
╰──────────────────────────────────────────────────────────────────────────────╯
╭──────────────────────────────────────────────────────────────────────────────╮
│ PufferLib 5.0         🐡       GPU:  90%   VRAM:   5.3/31G    RAM:  0.5G     │
│                                                                              │
│ Env         connect4cnn    Evaluate      181ms  29%    Losses       0.058    │
│ Params           270.5K      Model       112ms  18%    policy       0.001    │
│ Steps              4.2M      Env          55ms   8%    value        0.011    │
│ SPS               29.7K      Copy         12ms   1%    entropy      0.065    │
│ Epoch              2035    Train         438ms  70%    old_kl       0.000    │
│ Uptime     2m 31s 917ms      Model       438ms  70%    kl          -0.000    │
│ To go      5m 07s 571ms      Misc          0ms   0%    clipfrac     0.000    │
│                                                                              │
│ perf                          0.751   score                         0.502    │
│ episode_return                0.502   episode_length               15.402    │
│ invalids                      0.050                                          │
╰──────────────────────────────────────────────────────────────────────────────╯
╭──────────────────────────────────────────────────────────────────────────────╮
│ PufferLib 5.0        🐡        GPU:  91%   VRAM:   5.3/31G    RAM:  0.5G     │
│                                                                              │
│ Env         connect4cnn    Evaluate      179ms  28%    Losses       0.053    │
│ Params           270.5K      Model       112ms  18%    policy      -0.007    │
│ Steps              4.2M      Env          56ms   9%    value        0.012    │
│ SPS               29.8K      Copy          9ms   1%    entropy      0.056    │
│ Epoch              2044    Train         439ms  71%    old_kl       0.000    │
│ Uptime     2m 32s 535ms      Model       439ms  70%    kl          -0.000    │
│ To go      5m 06s 364ms      Misc          0ms   0%    clipfrac     0.000    │
│                                                                              │
│ perf                          0.771   score                         0.543    │
│ episode_return                0.543   episode_length               15.197    │
│ invalids                      0.045                                          │
╰──────────────────────────────────────────────────────────────────────────────╯
╭──────────────────────────────────────────────────────────────────────────────╮
│ PufferLib 5.0       🐡         GPU:  91%   VRAM:   5.3/31G    RAM:  0.5G     │
│                                                                              │
│ Env         connect4cnn    Evaluate      179ms  28%    Losses       0.058    │
│ Params           270.5K      Model       112ms  18%    policy       0.002    │
│ Steps              4.2M      Env          56ms   8%    value        0.011    │
│ SPS               29.6K      Copy          9ms   1%    entropy      0.057    │
│ Epoch              2053    Train         443ms  71%    old_kl      -0.000    │
│ Uptime     2m 33s 158ms      Model       443ms  71%    kl          -0.000    │
│ To go      5m 07s 587ms      Misc          0ms   0%    clipfrac     0.000    │
│                                                                              │
│ perf                          0.793   score                         0.586    │
│ episode_return                0.586   episode_length               14.879    │
│ invalids                      0.050                                          │
╰──────────────────────────────────────────────────────────────────────────────╯
╭──────────────────────────────────────────────────────────────────────────────╮
│ PufferLib 5.0      🐡          GPU:  92%   VRAM:   5.3/31G    RAM:  0.5G     │
│                                                                              │
│ Env         connect4cnn    Evaluate      181ms  29%    Losses       0.051    │
│ Params           270.5K      Model       112ms  18%    policy      -0.005    │
│ Steps              4.2M      Env          56ms   9%    value        0.011    │
│ SPS               29.7K      Copy         11ms   1%    entropy      0.060    │
│ Epoch              2062    Train         438ms  70%    old_kl       0.000    │
│ Uptime     2m 33s 778ms      Model       438ms  70%    kl          -0.000    │
│ To go      5m 05s 657ms      Misc          0ms   0%    clipfrac     0.000    │
│                                                                              │
│ perf                          0.770   score                         0.539    │
│ episode_return                0.539   episode_length               15.159    │
│ invalids                      0.068                                          │
╰──────────────────────────────────────────────────────────────────────────────╯
╭──────────────────────────────────────────────────────────────────────────────╮
│ PufferLib 5.0     🐡           GPU:  92%   VRAM:   5.3/31G    RAM:  0.5G     │
│                                                                              │
│ Env         connect4cnn    Evaluate      179ms  28%    Losses       0.056    │
│ Params           270.5K      Model       112ms  18%    policy       0.001    │
│ Steps              4.2M      Env          55ms   8%    value        0.011    │
│ SPS               29.7K      Copy          9ms   1%    entropy      0.061    │
│ Epoch              2071    Train         442ms  71%    old_kl      -0.000    │
│ Uptime     2m 34s 399ms      Model       442ms  71%    kl          -0.000    │
│ To go      5m 05s 863ms      Misc          0ms   0%    clipfrac     0.000    │
│                                                                              │
│ perf                          0.783   score                         0.566    │
│ episode_return                0.566   episode_length               15.218    │
│ invalids                      0.049                                          │
╰──────────────────────────────────────────────────────────────────────────────╯
╭──────────────────────────────────────────────────────────────────────────────╮
│ PufferLib 5.0    🐡            GPU:  90%   VRAM:   5.3/31G    RAM:  0.5G     │
│                                                                              │
│ Env         connect4cnn    Evaluate      180ms  28%    Losses       0.055    │
│ Params           270.5K      Model       112ms  18%    policy       0.000    │
│ Steps              4.3M      Env          56ms   9%    value        0.011    │
│ SPS               29.6K      Copy         10ms   1%    entropy      0.059    │
│ Epoch              2080    Train         441ms  71%    old_kl      -0.000    │
│ Uptime     2m 35s 021ms      Model       441ms  70%    kl          -0.000    │
│ To go      5m 05s 347ms      Misc          0ms   0%    clipfrac     0.000    │
│                                                                              │
│ perf                          0.782   score                         0.563    │
│ episode_return                0.563   episode_length               15.183    │
│ invalids                      0.049                                          │
╰──────────────────────────────────────────────────────────────────────────────╯
╭──────────────────────────────────────────────────────────────────────────────╮
│ PufferLib 5.0   🐡             GPU:  89%   VRAM:   5.3/31G    RAM:  0.5G     │
│                                                                              │
│ Env         connect4cnn    Evaluate      181ms  29%    Losses       0.053    │
│ Params           270.5K      Model       112ms  18%    policy      -0.002    │
│ Steps              4.3M      Env          57ms   9%    value        0.011    │
│ SPS               29.7K      Copy         11ms   1%    entropy      0.059    │
│ Epoch              2089    Train         439ms  70%    old_kl       0.000    │
│ Uptime     2m 35s 642ms      Model       439ms  70%    kl          -0.000    │
│ To go      5m 04s 413ms      Misc          0ms   0%    clipfrac     0.000    │
│                                                                              │
│ perf                          0.794   score                         0.588    │
│ episode_return                0.588   episode_length               15.033    │
│ invalids                      0.051                                          │
╰──────────────────────────────────────────────────────────────────────────────╯
╭──────────────────────────────────────────────────────────────────────────────╮
│ PufferLib 5.0  🐡              GPU:  89%   VRAM:   5.3/31G    RAM:  0.5G     │
│                                                                              │
│ Env         connect4cnn    Evaluate      179ms  28%    Losses       0.059    │
│ Params           270.5K      Model       112ms  18%    policy      -0.001    │
│ Steps              4.3M      Env          56ms   8%    value        0.012    │
│ SPS               29.7K      Copy         10ms   1%    entropy      0.066    │
│ Epoch              2098    Train         440ms  71%    old_kl       0.000    │
│ Uptime     2m 36s 262ms      Model       440ms  71%    kl          -0.000    │
│ To go      5m 03s 201ms      Misc          0ms   0%    clipfrac     0.000    │
│                                                                              │
│ perf                          0.768   score                         0.537    │
│ episode_return                0.537   episode_length               15.312    │
│ invalids                      0.058                                          │
╰──────────────────────────────────────────────────────────────────────────────╯
╭──────────────────────────────────────────────────────────────────────────────╮
│ PufferLib 5.0 🐡               GPU:  92%   VRAM:   5.3/31G    RAM:  0.5G     │
│                                                                              │
│ Env         connect4cnn    Evaluate      180ms  28%    Losses       0.057    │
│ Params           270.5K      Model       112ms  18%    policy       0.000    │
│ Steps              4.3M      Env          57ms   9%    value        0.011    │
│ SPS               29.6K      Copy          9ms   1%    entropy      0.066    │
│ Epoch              2107    Train         442ms  71%    old_kl       0.000    │
│ Uptime     2m 36s 885ms      Model       442ms  71%    kl          -0.000    │
│ To go      5m 04s 219ms      Misc          0ms   0%    clipfrac     0.000    │
│                                                                              │
│ perf                          0.777   score                         0.555    │
│ episode_return                0.555   episode_length               15.011    │
│ invalids                      0.043                                          │
╰──────────────────────────────────────────────────────────────────────────────╯
╭──────────────────────────────────────────────────────────────────────────────╮
│ PufferLib 5.0🐡                GPU:  90%   VRAM:   5.3/31G    RAM:  0.5G     │
│                                                                              │
│ Env         connect4cnn    Evaluate      182ms  29%    Losses       0.062    │
│ Params           270.5K      Model       112ms  18%    policy       0.003    │
│ Steps              4.3M      Env          56ms   9%    value        0.012    │
│ SPS               29.8K      Copy         12ms   1%    entropy      0.063    │
│ Epoch              2116    Train         436ms  70%    old_kl       0.000    │
│ Uptime     2m 37s 504ms      Model       436ms  70%    kl          -0.000    │
│ To go      5m 01s 250ms      Misc          0ms   0%    clipfrac     0.000    │
│                                                                              │
│ perf                          0.760   score                         0.520    │
│ episode_return                0.520   episode_length               14.967    │
│ invalids                      0.064                                          │
╰──────────────────────────────────────────────────────────────────────────────╯
╭──────────────────────────────────────────────────────────────────────────────╮
│ PufferLib 5.0               🐡 GPU:  90%   VRAM:   5.3/31G    RAM:  0.5G     │
│                                                                              │
│ Env         connect4cnn    Evaluate      181ms  29%    Losses       0.051    │
│ Params           270.5K      Model       112ms  18%    policy      -0.005    │
│ Steps              4.4M      Env          57ms   9%    value        0.011    │
│ SPS               29.7K      Copy         10ms   1%    entropy      0.065    │
│ Epoch              2125    Train         439ms  70%    old_kl       0.000    │
│ Uptime     2m 38s 124ms      Model       438ms  70%    kl          -0.000    │
│ To go      5m 01s 511ms      Misc          0ms   0%    clipfrac     0.000    │
│                                                                              │
│ perf                          0.804   score                         0.608    │
│ episode_return                0.608   episode_length               15.011    │
│ invalids                      0.042                                          │
╰──────────────────────────────────────────────────────────────────────────────╯
╭──────────────────────────────────────────────────────────────────────────────╮
│ PufferLib 5.0              🐡  GPU:  91%   VRAM:   5.3/31G    RAM:  0.5G     │
│                                                                              │
│ Env         connect4cnn    Evaluate      181ms  29%    Losses       0.059    │
│ Params           270.5K      Model       112ms  18%    policy       0.006    │
│ Steps              4.4M      Env          57ms   9%    value        0.011    │
│ SPS               29.6K      Copy          9ms   1%    entropy      0.058    │
│ Epoch              2134    Train         441ms  70%    old_kl      -0.000    │
│ Uptime     2m 38s 746ms      Model       440ms  70%    kl          -0.000    │
│ To go      5m 01s 784ms      Misc          0ms   0%    clipfrac     0.000    │
│                                                                              │
│ perf                          0.785   score                         0.571    │
│ episode_return                0.571   episode_length               15.005    │
│ invalids                      0.049                                          │
╰──────────────────────────────────────────────────────────────────────────────╯
╭──────────────────────────────────────────────────────────────────────────────╮
│ PufferLib 5.0             🐡   GPU:  91%   VRAM:   5.3/31G    RAM:  0.5G     │
│                                                                              │
│ Env         connect4cnn    Evaluate      180ms  29%    Losses       0.047    │
│ Params           270.5K      Model       112ms  18%    policy      -0.003    │
│ Steps              4.4M      Env          57ms   9%    value        0.010    │
│ SPS               29.8K      Copy          9ms   1%    entropy      0.063    │
│ Epoch              2143    Train         437ms  70%    old_kl      -0.000    │
│ Uptime     2m 39s 364ms      Model       437ms  70%    kl          -0.000    │
│ To go      4m 59s 209ms      Misc          0ms   0%    clipfrac     0.000    │
│                                                                              │
│ perf                          0.810   score                         0.619    │
│ episode_return                0.619   episode_length               15.198    │
│ invalids                      0.047                                          │
╰──────────────────────────────────────────────────────────────────────────────╯
╭──────────────────────────────────────────────────────────────────────────────╮
│ PufferLib 5.0            🐡    GPU:  91%   VRAM:   5.3/31G    RAM:  0.5G     │
│                                                                              │
│ Env         connect4cnn    Evaluate      180ms  28%    Losses       0.048    │
│ Params           270.5K      Model       112ms  17%    policy      -0.001    │
│ Steps              4.4M      Env          57ms   9%    value        0.010    │
│ SPS               29.5K      Copy          9ms   1%    entropy      0.054    │
│ Epoch              2152    Train         444ms  71%    old_kl      -0.000    │
│ Uptime     2m 39s 989ms      Model       444ms  71%    kl          -0.000    │
│ To go      5m 01s 716ms      Misc          0ms   0%    clipfrac     0.000    │
│                                                                              │
│ perf                          0.807   score                         0.614    │
│ episode_return                0.614   episode_length               14.958    │
│ invalids                      0.045                                          │
╰──────────────────────────────────────────────────────────────────────────────╯
╭──────────────────────────────────────────────────────────────────────────────╮
│ PufferLib 5.0           🐡     GPU:  92%   VRAM:   5.3/31G    RAM:  0.5G     │
│                                                                              │
│ Env         connect4cnn    Evaluate      182ms  29%    Losses       0.050    │
│ Params           270.5K      Model       112ms  18%    policy      -0.003    │
│ Steps              4.4M      Env          57ms   9%    value        0.011    │
│ SPS               29.7K      Copy         10ms   1%    entropy      0.058    │
│ Epoch              2161    Train         438ms  70%    old_kl      -0.000    │
│ Uptime     2m 40s 609ms      Model       438ms  70%    kl          -0.000    │
│ To go      4m 59s 197ms      Misc          0ms   0%    clipfrac     0.000    │
│                                                                              │
│ perf                          0.797   score                         0.593    │
│ episode_return                0.593   episode_length               15.180    │
│ invalids                      0.053                                          │
╰──────────────────────────────────────────────────────────────────────────────╯
╭──────────────────────────────────────────────────────────────────────────────╮
│ PufferLib 5.0          🐡      GPU:  92%   VRAM:   5.3/31G    RAM:  0.5G     │
│                                                                              │
│ Env         connect4cnn    Evaluate      180ms  29%    Losses       0.060    │
│ Params           270.5K      Model       112ms  18%    policy       0.005    │
│ Steps              4.4M      Env          56ms   9%    value        0.011    │
│ SPS               29.8K      Copy          9ms   1%    entropy      0.061    │
│ Epoch              2170    Train         437ms  70%    old_kl      -0.000    │
│ Uptime     2m 41s 227ms      Model       437ms  70%    kl          -0.000    │
│ To go      4m 57s 267ms      Misc          0ms   0%    clipfrac     0.000    │
│                                                                              │
│ perf                          0.798   score                         0.596    │
│ episode_return                0.596   episode_length               15.082    │
│ invalids                      0.042                                          │
╰──────────────────────────────────────────────────────────────────────────────╯
╭──────────────────────────────────────────────────────────────────────────────╮
│ PufferLib 5.0         🐡       GPU:  90%   VRAM:   5.3/31G    RAM:  0.5G     │
│                                                                              │
│ Env         connect4cnn    Evaluate      179ms  28%    Losses       0.051    │
│ Params           270.5K      Model       112ms  18%    policy      -0.002    │
│ Steps              4.5M      Env          56ms   9%    value        0.011    │
│ SPS               29.6K      Copy          8ms   1%    entropy      0.062    │
│ Epoch              2179    Train         444ms  71%    old_kl       0.000    │
│ Uptime     2m 41s 850ms      Model       444ms  71%    kl          -0.000    │
│ To go      4m 59s 060ms      Misc          0ms   0%    clipfrac     0.000    │
│                                                                              │
│ perf                          0.797   score                         0.594    │
│ episode_return                0.594   episode_length               15.118    │
│ invalids                      0.050                                          │
╰──────────────────────────────────────────────────────────────────────────────╯
╭──────────────────────────────────────────────────────────────────────────────╮
│ PufferLib 5.0        🐡        GPU:  92%   VRAM:   5.3/31G    RAM:  0.5G     │
│                                                                              │
│ Env         connect4cnn    Evaluate      180ms  28%    Losses       0.052    │
│ Params           270.5K      Model       112ms  18%    policy       0.000    │
│ Steps              4.5M      Env          57ms   9%    value        0.010    │
│ SPS               29.6K      Copy          9ms   1%    entropy      0.062    │
│ Epoch              2188    Train         443ms  71%    old_kl       0.000    │
│ Uptime     2m 42s 473ms      Model       443ms  71%    kl          -0.000    │
│ To go      4m 58s 702ms      Misc          0ms   0%    clipfrac     0.000    │
│                                                                              │
│ perf                          0.790   score                         0.579    │
│ episode_return                0.579   episode_length               15.109    │
│ invalids                      0.056                                          │
╰──────────────────────────────────────────────────────────────────────────────╯
╭──────────────────────────────────────────────────────────────────────────────╮
│ PufferLib 5.0       🐡         GPU:  92%   VRAM:   5.3/31G    RAM:  0.5G     │
│                                                                              │
│ Env         connect4cnn    Evaluate      182ms  29%    Losses       0.048    │
│ Params           270.5K      Model       112ms  18%    policy      -0.002    │
│ Steps              4.5M      Env          57ms   9%    value        0.010    │
│ SPS               29.9K      Copy         10ms   1%    entropy      0.063    │
│ Epoch              2197    Train         435ms  70%    old_kl       0.000    │
│ Uptime     2m 43s 091ms      Model       435ms  70%    kl          -0.000    │
│ To go      4m 55s 006ms      Misc          0ms   0%    clipfrac     0.000    │
│                                                                              │
│ perf                          0.790   score                         0.579    │
│ episode_return                0.579   episode_length               15.120    │
│ invalids                      0.062                                          │
╰──────────────────────────────────────────────────────────────────────────────╯
╭──────────────────────────────────────────────────────────────────────────────╮
│ PufferLib 5.0      🐡          GPU:  89%   VRAM:   5.3/31G    RAM:  0.5G     │
│                                                                              │
│ Env         connect4cnn    Evaluate      182ms  29%    Losses       0.049    │
│ Params           270.5K      Model       112ms  18%    policy      -0.003    │
│ Steps              4.5M      Env          57ms   9%    value        0.010    │
│ SPS               29.7K      Copy         10ms   1%    entropy      0.064    │
│ Epoch              2206    Train         438ms  70%    old_kl       0.000    │
│ Uptime     2m 43s 711ms      Model       437ms  70%    kl          -0.000    │
│ To go      4m 55s 845ms      Misc          0ms   0%    clipfrac     0.000    │
│                                                                              │
│ perf                          0.795   score                         0.590    │
│ episode_return                0.590   episode_length               14.916    │
│ invalids                      0.056                                          │
╰──────────────────────────────────────────────────────────────────────────────╯
╭──────────────────────────────────────────────────────────────────────────────╮
│ PufferLib 5.0     🐡           GPU:  89%   VRAM:   5.3/31G    RAM:  0.5G     │
│                                                                              │
│ Env         connect4cnn    Evaluate      180ms  28%    Losses       0.057    │
│ Params           270.5K      Model       112ms  18%    policy       0.002    │
│ Steps              4.5M      Env          56ms   9%    value        0.011    │
│ SPS               29.7K      Copy          9ms   1%    entropy      0.066    │
│ Epoch              2215    Train         441ms  71%    old_kl       0.000    │
│ Uptime     2m 44s 332ms      Model       441ms  71%    kl          -0.000    │
│ To go      4m 55s 900ms      Misc          0ms   0%    clipfrac     0.000    │
│                                                                              │
│ perf                          0.812   score                         0.625    │
│ episode_return                0.625   episode_length               15.189    │
│ invalids                      0.057                                          │
╰──────────────────────────────────────────────────────────────────────────────╯
╭──────────────────────────────────────────────────────────────────────────────╮
│ PufferLib 5.0    🐡            GPU:  92%   VRAM:   5.3/31G    RAM:  0.5G     │
│                                                                              │
│ Env         connect4cnn    Evaluate      180ms  29%    Losses       0.050    │
│ Params           270.5K      Model       112ms  18%    policy      -0.003    │
│ Steps              4.6M      Env          57ms   9%    value        0.011    │
│ SPS               29.6K      Copy         10ms   1%    entropy      0.062    │
│ Epoch              2224    Train         441ms  70%    old_kl      -0.000    │
│ Uptime     2m 44s 954ms      Model       441ms  70%    kl          -0.000    │
│ To go      4m 55s 405ms      Misc          0ms   0%    clipfrac     0.000    │
│                                                                              │
│ perf                          0.805   score                         0.610    │
│ episode_return                0.610   episode_length               14.863    │
│ invalids                      0.040                                          │
╰──────────────────────────────────────────────────────────────────────────────╯
╭──────────────────────────────────────────────────────────────────────────────╮
│ PufferLib 5.0   🐡             GPU:  90%   VRAM:   5.3/31G    RAM:  0.5G     │
│                                                                              │
│ Env         connect4cnn    Evaluate      180ms  28%    Losses       0.059    │
│ Params           270.5K      Model       112ms  17%    policy       0.005    │
│ Steps              4.6M      Env          58ms   9%    value        0.011    │
│ SPS               29.5K      Copy          9ms   1%    entropy      0.066    │
│ Epoch              2233    Train         444ms  71%    old_kl       0.000    │
│ Uptime     2m 45s 579ms      Model       444ms  71%    kl          -0.000    │
│ To go      4m 56s 360ms      Misc          0ms   0%    clipfrac     0.000    │
│                                                                              │
│ perf                          0.810   score                         0.621    │
│ episode_return                0.621   episode_length               14.857    │
│ invalids                      0.043                                          │
╰──────────────────────────────────────────────────────────────────────────────╯
╭──────────────────────────────────────────────────────────────────────────────╮
│ PufferLib 5.0  🐡              GPU:  90%   VRAM:   5.3/31G    RAM:  0.5G     │
│                                                                              │
│ Env         connect4cnn    Evaluate      181ms  29%    Losses       0.061    │
│ Params           270.5K      Model       112ms  18%    policy       0.002    │
│ Steps              4.6M      Env          57ms   9%    value        0.012    │
│ SPS               29.7K      Copy         10ms   1%    entropy      0.066    │
│ Epoch              2242    Train         439ms  70%    old_kl       0.000    │
│ Uptime     2m 46s 199ms      Model       439ms  70%    kl          -0.000    │
│ To go      4m 53s 577ms      Misc          0ms   0%    clipfrac     0.000    │
│                                                                              │
│ perf                          0.808   score                         0.616    │
│ episode_return                0.616   episode_length               14.880    │
│ invalids                      0.044                                          │
╰──────────────────────────────────────────────────────────────────────────────╯
╭──────────────────────────────────────────────────────────────────────────────╮
│ PufferLib 5.0 🐡               GPU:  93%   VRAM:   5.3/31G    RAM:  0.5G     │
│                                                                              │
│ Env         connect4cnn    Evaluate      181ms  29%    Losses       0.050    │
│ Params           270.5K      Model       112ms  18%    policy      -0.002    │
│ Steps              4.6M      Env          56ms   9%    value        0.010    │
│ SPS               29.8K      Copy         10ms   1%    entropy      0.062    │
│ Epoch              2251    Train         436ms  70%    old_kl       0.000    │
│ Uptime     2m 46s 817ms      Model       436ms  70%    kl          -0.000    │
│ To go      4m 51s 525ms      Misc          0ms   0%    clipfrac     0.000    │
│                                                                              │
│ perf                          0.791   score                         0.582    │
│ episode_return                0.582   episode_length               15.025    │
│ invalids                      0.047                                          │
╰──────────────────────────────────────────────────────────────────────────────╯
╭──────────────────────────────────────────────────────────────────────────────╮
│ PufferLib 5.0🐡                GPU:  88%   VRAM:   5.3/31G    RAM:  0.5G     │
│                                                                              │
│ Env         connect4cnn    Evaluate      180ms  28%    Losses       0.059    │
│ Params           270.5K      Model       112ms  18%    policy       0.001    │
│ Steps              4.6M      Env          57ms   9%    value        0.012    │
│ SPS               29.6K      Copy          9ms   1%    entropy      0.061    │
│ Epoch              2260    Train         443ms  71%    old_kl      -0.000    │
│ Uptime     2m 47s 440ms      Model       442ms  71%    kl          -0.000    │
│ To go      4m 53s 720ms      Misc          0ms   0%    clipfrac     0.000    │
│                                                                              │
│ perf                          0.828   score                         0.656    │
│ episode_return                0.656   episode_length               14.867    │
│ invalids                      0.041                                          │
╰──────────────────────────────────────────────────────────────────────────────╯
╭──────────────────────────────────────────────────────────────────────────────╮
│ PufferLib 5.0               🐡 GPU:  88%   VRAM:   5.3/31G    RAM:  0.5G     │
│                                                                              │
│ Env         connect4cnn    Evaluate      179ms  28%    Losses       0.057    │
│ Params           270.5K      Model       112ms  17%    policy       0.001    │
│ Steps              4.6M      Env          56ms   8%    value        0.011    │
│ SPS               29.5K      Copy          9ms   1%    entropy      0.065    │
│ Epoch              2269    Train         445ms  71%    old_kl      -0.000    │
│ Uptime     2m 48s 064ms      Model       445ms  71%    kl          -0.000    │
│ To go      4m 53s 326ms      Misc          0ms   0%    clipfrac     0.000    │
│                                                                              │
│ perf                          0.783   score                         0.566    │
│ episode_return                0.566   episode_length               15.322    │
│ invalids                      0.055                                          │
╰──────────────────────────────────────────────────────────────────────────────╯
╭──────────────────────────────────────────────────────────────────────────────╮
│ PufferLib 5.0              🐡  GPU:  94%   VRAM:   5.3/31G    RAM:  0.5G     │
│                                                                              │
│ Env         connect4cnn    Evaluate      180ms  29%    Losses       0.063    │
│ Params           270.5K      Model       112ms  18%    policy       0.002    │
│ Steps              4.7M      Env          57ms   9%    value        0.012    │
│ SPS               29.8K      Copy         10ms   1%    entropy      0.064    │
│ Epoch              2278    Train         438ms  70%    old_kl      -0.000    │
│ Uptime     2m 48s 683ms      Model       438ms  70%    kl          -0.000    │
│ To go      4m 50s 263ms      Misc          0ms   0%    clipfrac     0.000    │
│                                                                              │
│ perf                          0.813   score                         0.626    │
│ episode_return                0.626   episode_length               15.013    │
│ invalids                      0.044                                          │
╰──────────────────────────────────────────────────────────────────────────────╯
╭──────────────────────────────────────────────────────────────────────────────╮
│ PufferLib 5.0             🐡   GPU:  94%   VRAM:   5.3/31G    RAM:  0.5G     │
│                                                                              │
│ Env         connect4cnn    Evaluate      180ms  29%    Losses       0.052    │
│ Params           270.5K      Model       112ms  18%    policy      -0.001    │
│ Steps              4.7M      Env          56ms   9%    value        0.011    │
│ SPS               29.9K      Copy         10ms   1%    entropy      0.058    │
│ Epoch              2287    Train         436ms  70%    old_kl      -0.000    │
│ Uptime     2m 49s 300ms      Model       435ms  70%    kl          -0.000    │
│ To go      4m 48s 633ms      Misc          0ms   0%    clipfrac     0.000    │
│                                                                              │
│ perf                          0.802   score                         0.603    │
│ episode_return                0.603   episode_length               15.077    │
│ invalids                      0.041                                          │
╰──────────────────────────────────────────────────────────────────────────────╯
╭──────────────────────────────────────────────────────────────────────────────╮
│ PufferLib 5.0            🐡    GPU:  89%   VRAM:   5.3/31G    RAM:  0.5G     │
│                                                                              │
│ Env         connect4cnn    Evaluate      179ms  28%    Losses       0.044    │
│ Params           270.5K      Model       112ms  18%    policy      -0.003    │
│ Steps              4.7M      Env          55ms   8%    value        0.009    │
│ SPS               29.6K      Copy         10ms   1%    entropy      0.053    │
│ Epoch              2296    Train         442ms  71%    old_kl      -0.000    │
│ Uptime     2m 49s 921ms      Model       442ms  71%    kl          -0.000    │
│ To go      4m 50s 418ms      Misc          0ms   0%    clipfrac     0.000    │
│                                                                              │
│ perf                          0.820   score                         0.640    │
│ episode_return                0.640   episode_length               15.235    │
│ invalids                      0.043                                          │
╰──────────────────────────────────────────────────────────────────────────────╯
╭──────────────────────────────────────────────────────────────────────────────╮
│ PufferLib 5.0           🐡     GPU:  93%   VRAM:   5.3/31G    RAM:  0.5G     │
│                                                                              │
│ Env         connect4cnn    Evaluate      178ms  28%    Losses       0.051    │
│ Params           270.5K      Model       112ms  18%    policy      -0.004    │
│ Steps              4.7M      Env          56ms   8%    value        0.011    │
│ SPS               29.8K      Copy          9ms   1%    entropy      0.059    │
│ Epoch              2305    Train         440ms  71%    old_kl       0.000    │
│ Uptime     2m 50s 540ms      Model       439ms  71%    kl          -0.000    │
│ To go      4m 48s 232ms      Misc          0ms   0%    clipfrac     0.000    │
│                                                                              │
│ perf                          0.796   score                         0.592    │
│ episode_return                0.592   episode_length               15.075    │
│ invalids                      0.052                                          │
╰──────────────────────────────────────────────────────────────────────────────╯
╭──────────────────────────────────────────────────────────────────────────────╮
│ PufferLib 5.0          🐡      GPU:  93%   VRAM:   5.3/31G    RAM:  0.5G     │
│                                                                              │
│ Env         connect4cnn    Evaluate      179ms  29%    Losses       0.046    │
│ Params           270.5K      Model       112ms  18%    policy      -0.005    │
│ Steps              4.7M      Env          56ms   9%    value        0.010    │
│ SPS               29.9K      Copy          9ms   1%    entropy      0.057    │
│ Epoch              2314    Train         436ms  70%    old_kl       0.000    │
│ Uptime     2m 51s 156ms      Model       436ms  70%    kl          -0.000    │
│ To go      4m 46s 521ms      Misc          0ms   0%    clipfrac     0.000    │
│                                                                              │
│ perf                          0.812   score                         0.623    │
│ episode_return                0.623   episode_length               15.194    │
│ invalids                      0.041                                          │
╰──────────────────────────────────────────────────────────────────────────────╯
╭──────────────────────────────────────────────────────────────────────────────╮
│ PufferLib 5.0         🐡       GPU:  92%   VRAM:   5.3/31G    RAM:  0.5G     │
│                                                                              │
│ Env         connect4cnn    Evaluate      179ms  28%    Losses       0.056    │
│ Params           270.5K      Model       112ms  18%    policy       0.002    │
│ Steps              4.8M      Env          57ms   9%    value        0.011    │
│ SPS               29.6K      Copy          9ms   1%    entropy      0.058    │
│ Epoch              2323    Train         442ms  71%    old_kl      -0.000    │
│ Uptime     2m 51s 778ms      Model       442ms  71%    kl          -0.000    │
│ To go      4m 48s 665ms      Misc          0ms   0%    clipfrac     0.000    │
│                                                                              │
│ perf                          0.829   score                         0.657    │
│ episode_return                0.657   episode_length               14.964    │
│ invalids                      0.045                                          │
╰──────────────────────────────────────────────────────────────────────────────╯
╭──────────────────────────────────────────────────────────────────────────────╮
│ PufferLib 5.0        🐡        GPU:  92%   VRAM:   5.3/31G    RAM:  0.5G     │
│                                                                              │
│ Env         connect4cnn    Evaluate      180ms  29%    Losses       0.056    │
│ Params           270.5K      Model       112ms  18%    policy      -0.000    │
│ Steps              4.8M      Env          56ms   9%    value        0.011    │
│ SPS               29.7K      Copy         10ms   1%    entropy      0.059    │
│ Epoch              2332    Train         440ms  70%    old_kl       0.000    │
│ Uptime     2m 52s 399ms      Model       440ms  70%    kl          -0.000    │
│ To go      4m 47s 581ms      Misc          0ms   0%    clipfrac     0.000    │
│                                                                              │
│ perf                          0.815   score                         0.630    │
│ episode_return                0.630   episode_length               14.971    │
│ invalids                      0.047                                          │
╰──────────────────────────────────────────────────────────────────────────────╯
╭──────────────────────────────────────────────────────────────────────────────╮
│ PufferLib 5.0       🐡         GPU:  90%   VRAM:   5.3/31G    RAM:  0.5G     │
│                                                                              │
│ Env         connect4cnn    Evaluate      181ms  29%    Losses       0.062    │
│ Params           270.5K      Model       112ms  18%    policy       0.003    │
│ Steps              4.8M      Env          56ms   9%    value        0.012    │
│ SPS               29.9K      Copy         10ms   1%    entropy      0.057    │
│ Epoch              2341    Train         434ms  70%    old_kl       0.000    │
│ Uptime     2m 53s 014ms      Model       433ms  70%    kl          -0.000    │
│ To go      4m 44s 439ms      Misc          0ms   0%    clipfrac     0.000    │
│                                                                              │
│ perf                          0.810   score                         0.620    │
│ episode_return                0.620   episode_length               15.178    │
│ invalids                      0.051                                          │
╰──────────────────────────────────────────────────────────────────────────────╯
╭──────────────────────────────────────────────────────────────────────────────╮
│ PufferLib 5.0      🐡          GPU:  91%   VRAM:   5.3/31G    RAM:  0.5G     │
│                                                                              │
│ Env         connect4cnn    Evaluate      180ms  28%    Losses       0.054    │
│ Params           270.5K      Model       112ms  18%    policy      -0.003    │
│ Steps              4.8M      Env          57ms   9%    value        0.011    │
│ SPS               29.6K      Copy          9ms   1%    entropy      0.051    │
│ Epoch              2350    Train         443ms  71%    old_kl       0.000    │
│ Uptime     2m 53s 638ms      Model       443ms  71%    kl          -0.000    │
│ To go      4m 47s 489ms      Misc          0ms   0%    clipfrac     0.000    │
│                                                                              │
│ perf                          0.826   score                         0.653    │
│ episode_return                0.653   episode_length               14.917    │
│ invalids                      0.056                                          │
╰──────────────────────────────────────────────────────────────────────────────╯
╭──────────────────────────────────────────────────────────────────────────────╮
│ PufferLib 5.0     🐡           GPU:  91%   VRAM:   5.3/31G    RAM:  0.5G     │
│                                                                              │
│ Env         connect4cnn    Evaluate      179ms  28%    Losses       0.064    │
│ Params           270.5K      Model       112ms  18%    policy       0.007    │
│ Steps              4.8M      Env          57ms   9%    value        0.011    │
│ SPS               29.6K      Copy          8ms   1%    entropy      0.055    │
│ Epoch              2359    Train         443ms  71%    old_kl      -0.000    │
│ Uptime     2m 54s 260ms      Model       443ms  71%    kl          -0.000    │
│ To go      4m 46s 432ms      Misc          0ms   0%    clipfrac     0.000    │
│                                                                              │
│ perf                          0.820   score                         0.640    │
│ episode_return                0.640   episode_length               14.895    │
│ invalids                      0.051                                          │
╰──────────────────────────────────────────────────────────────────────────────╯
╭──────────────────────────────────────────────────────────────────────────────╮
│ PufferLib 5.0    🐡            GPU:  92%   VRAM:   5.3/31G    RAM:  0.5G     │
│                                                                              │
│ Env         connect4cnn    Evaluate      183ms  29%    Losses       0.058    │
│ Params           270.5K      Model       112ms  18%    policy       0.002    │
│ Steps              4.8M      Env          57ms   9%    value        0.011    │
│ SPS               29.7K      Copy         11ms   1%    entropy      0.057    │
│ Epoch              2368    Train         437ms  70%    old_kl      -0.000    │
│ Uptime     2m 54s 881ms      Model       437ms  70%    kl          -0.000    │
│ To go      4m 44s 769ms      Misc          0ms   0%    clipfrac     0.000    │
│                                                                              │
│ perf                          0.814   score                         0.627    │
│ episode_return                0.627   episode_length               14.704    │
│ invalids                      0.046                                          │
╰──────────────────────────────────────────────────────────────────────────────╯
╭──────────────────────────────────────────────────────────────────────────────╮
│ PufferLib 5.0   🐡             GPU:  91%   VRAM:   5.3/31G    RAM:  0.5G     │
│                                                                              │
│ Env         connect4cnn    Evaluate      179ms  28%    Losses       0.049    │
│ Params           270.5K      Model       112ms  18%    policy      -0.005    │
│ Steps              4.9M      Env          56ms   8%    value        0.011    │
│ SPS               29.7K      Copy          9ms   1%    entropy      0.057    │
│ Epoch              2377    Train         442ms  71%    old_kl       0.000    │
│ Uptime     2m 55s 502ms      Model       442ms  71%    kl          -0.000    │
│ To go      4m 44s 708ms      Misc          0ms   0%    clipfrac     0.000    │
│                                                                              │
│ perf                          0.824   score                         0.649    │
│ episode_return                0.649   episode_length               15.180    │
│ invalids                      0.053                                          │
╰──────────────────────────────────────────────────────────────────────────────╯
╭──────────────────────────────────────────────────────────────────────────────╮
│ PufferLib 5.0  🐡              GPU:  91%   VRAM:   5.3/31G    RAM:  0.5G     │
│                                                                              │
│ Env         connect4cnn    Evaluate      180ms  29%    Losses       0.054    │
│ Params           270.5K      Model       112ms  18%    policy      -0.001    │
│ Steps              4.9M      Env          56ms   9%    value        0.011    │
│ SPS               29.9K      Copy         10ms   1%    entropy      0.060    │
│ Epoch              2386    Train         436ms  70%    old_kl       0.000    │
│ Uptime     2m 56s 119ms      Model       436ms  70%    kl          -0.000    │
│ To go      4m 41s 855ms      Misc          0ms   0%    clipfrac     0.000    │
│                                                                              │
│ perf                          0.831   score                         0.662    │
│ episode_return                0.662   episode_length               14.992    │
│ invalids                      0.039                                          │
╰──────────────────────────────────────────────────────────────────────────────╯
╭──────────────────────────────────────────────────────────────────────────────╮
│ PufferLib 5.0 🐡               GPU:  90%   VRAM:   5.3/31G    RAM:  0.5G     │
│                                                                              │
│ Env         connect4cnn    Evaluate      181ms  29%    Losses       0.056    │
│ Params           270.5K      Model       112ms  18%    policy       0.001    │
│ Steps              4.9M      Env          56ms   9%    value        0.011    │
│ SPS               29.7K      Copy         11ms   1%    entropy      0.058    │
│ Epoch              2395    Train         439ms  70%    old_kl      -0.000    │
│ Uptime     2m 56s 739ms      Model       439ms  70%    kl          -0.000    │
│ To go      4m 42s 874ms      Misc          0ms   0%    clipfrac     0.000    │
│                                                                              │
│ perf                          0.835   score                         0.670    │
│ episode_return                0.670   episode_length               14.984    │
│ invalids                      0.045                                          │
╰──────────────────────────────────────────────────────────────────────────────╯
╭──────────────────────────────────────────────────────────────────────────────╮
│ PufferLib 5.0🐡                GPU:  90%   VRAM:   5.3/31G    RAM:  0.5G     │
│                                                                              │
│ Env         connect4cnn    Evaluate      180ms  29%    Losses       0.046    │
│ Params           270.5K      Model       112ms  18%    policy      -0.002    │
│ Steps              4.9M      Env          57ms   9%    value        0.010    │
│ SPS               29.7K      Copy          9ms   1%    entropy      0.058    │
│ Epoch              2404    Train         439ms  70%    old_kl       0.000    │
│ Uptime     2m 57s 359ms      Model       439ms  70%    kl          -0.000    │
│ To go      4m 42s 105ms      Misc          0ms   0%    clipfrac     0.000    │
│                                                                              │
│ perf                          0.833   score                         0.667    │
│ episode_return                0.667   episode_length               14.966    │
│ invalids                      0.043                                          │
╰──────────────────────────────────────────────────────────────────────────────╯
╭──────────────────────────────────────────────────────────────────────────────╮
│ PufferLib 5.0               🐡 GPU:  92%   VRAM:   5.3/31G    RAM:  0.5G     │
│                                                                              │
│ Env         connect4cnn    Evaluate      179ms  28%    Losses       0.054    │
│ Params           270.5K      Model       112ms  18%    policy      -0.000    │
│ Steps              4.9M      Env          57ms   9%    value        0.011    │
│ SPS               29.6K      Copy          9ms   1%    entropy      0.057    │
│ Epoch              2413    Train         443ms  71%    old_kl       0.000    │
│ Uptime     2m 57s 981ms      Model       442ms  71%    kl          -0.000    │
│ To go      4m 42s 528ms      Misc          0ms   0%    clipfrac     0.000    │
│                                                                              │
│ perf                          0.825   score                         0.650    │
│ episode_return                0.650   episode_length               14.839    │
│ invalids                      0.051                                          │
╰──────────────────────────────────────────────────────────────────────────────╯
╭──────────────────────────────────────────────────────────────────────────────╮
│ PufferLib 5.0              🐡  GPU:  90%   VRAM:   5.3/31G    RAM:  0.5G     │
│                                                                              │
│ Env         connect4cnn    Evaluate      182ms  29%    Losses       0.053    │
│ Params           270.5K      Model       112ms  18%    policy       0.002    │
│ Steps              5.0M      Env          57ms   9%    value        0.010    │
│ SPS               29.6K      Copy         11ms   1%    entropy      0.065    │
│ Epoch              2422    Train         439ms  70%    old_kl      -0.000    │
│ Uptime     2m 58s 603ms      Model       439ms  70%    kl          -0.000    │
│ To go      4m 41s 726ms      Misc          0ms   0%    clipfrac     0.000    │
│                                                                              │
│ perf                          0.816   score                         0.632    │
│ episode_return                0.632   episode_length               15.065    │
│ invalids                      0.043                                          │
╰──────────────────────────────────────────────────────────────────────────────╯
╭──────────────────────────────────────────────────────────────────────────────╮
│ PufferLib 5.0             🐡   GPU:  90%   VRAM:   5.3/31G    RAM:  0.5G     │
│                                                                              │
│ Env         connect4cnn    Evaluate      181ms  29%    Losses       0.053    │
│ Params           270.5K      Model       112ms  18%    policy      -0.002    │
│ Steps              5.0M      Env          57ms   9%    value        0.011    │
│ SPS               29.9K      Copy         10ms   1%    entropy      0.058    │
│ Epoch              2431    Train         434ms  70%    old_kl       0.000    │
│ Uptime     2m 59s 218ms      Model       434ms  70%    kl          -0.000    │
│ To go      4m 38s 415ms      Misc          0ms   0%    clipfrac     0.000    │
│                                                                              │
│ perf                          0.835   score                         0.669    │
│ episode_return                0.669   episode_length               15.027    │
│ invalids                      0.044                                          │
╰──────────────────────────────────────────────────────────────────────────────╯
╭──────────────────────────────────────────────────────────────────────────────╮
│ PufferLib 5.0            🐡    GPU:  93%   VRAM:   5.3/31G    RAM:  0.5G     │
│                                                                              │
│ Env         connect4cnn    Evaluate      180ms  29%    Losses       0.058    │
│ Params           270.5K      Model       112ms  18%    policy      -0.001    │
│ Steps              5.0M      Env          57ms   9%    value        0.012    │
│ SPS               29.7K      Copy          9ms   1%    entropy      0.056    │
│ Epoch              2440    Train         440ms  70%    old_kl      -0.000    │
│ Uptime     2m 59s 840ms      Model       440ms  70%    kl          -0.000    │
│ To go      4m 40s 316ms      Misc          0ms   0%    clipfrac     0.000    │
│                                                                              │
│ perf                          0.824   score                         0.649    │
│ episode_return                0.649   episode_length               14.979    │
│ invalids                      0.039                                          │
╰──────────────────────────────────────────────────────────────────────────────╯
╭──────────────────────────────────────────────────────────────────────────────╮
│ PufferLib 5.0           🐡     GPU:  89%   VRAM:   5.3/31G    RAM:  0.5G     │
│                                                                              │
│ Env         connect4cnn    Evaluate      181ms  29%    Losses       0.052    │
│ Params           270.5K      Model       112ms  18%    policy       0.002    │
│ Steps              5.0M      Env          56ms   9%    value        0.010    │
│ SPS               29.6K      Copy         10ms   1%    entropy      0.056    │
│ Epoch              2449    Train         442ms  70%    old_kl      -0.000    │
│ Uptime     3m 00s 463ms      Model       442ms  70%    kl          -0.000    │
│ To go      4m 40s 515ms      Misc          0ms   0%    clipfrac     0.000    │
│                                                                              │
│ perf                          0.841   score                         0.683    │
│ episode_return                0.683   episode_length               15.111    │
│ invalids                      0.049                                          │
╰──────────────────────────────────────────────────────────────────────────────╯
╭──────────────────────────────────────────────────────────────────────────────╮
│ PufferLib 5.0          🐡      GPU:  89%   VRAM:   5.3/31G    RAM:  0.5G     │
│                                                                              │
│ Env         connect4cnn    Evaluate      180ms  29%    Losses       0.055    │
│ Params           270.5K      Model       112ms  18%    policy       0.000    │
│ Steps              5.0M      Env          57ms   9%    value        0.011    │
│ SPS               29.8K      Copy          9ms   1%    entropy      0.055    │
│ Epoch              2458    Train         437ms  70%    old_kl       0.000    │
│ Uptime     3m 01s 081ms      Model       437ms  70%    kl          -0.000    │
│ To go      4m 37s 399ms      Misc          0ms   0%    clipfrac     0.000    │
│                                                                              │
│ perf                          0.827   score                         0.653    │
│ episode_return                0.653   episode_length               14.851    │
│ invalids                      0.046                                          │
╰──────────────────────────────────────────────────────────────────────────────╯
╭──────────────────────────────────────────────────────────────────────────────╮
│ PufferLib 5.0         🐡       GPU:  93%   VRAM:   5.3/31G    RAM:  0.5G     │
│                                                                              │
│ Env         connect4cnn    Evaluate      180ms  29%    Losses       0.051    │
│ Params           270.5K      Model       112ms  18%    policy      -0.003    │
│ Steps              5.1M      Env          56ms   9%    value        0.011    │
│ SPS               29.7K      Copy         10ms   1%    entropy      0.059    │
│ Epoch              2467    Train         440ms  70%    old_kl       0.000    │
│ Uptime     3m 01s 702ms      Model       440ms  70%    kl          -0.000    │
│ To go      4m 38s 271ms      Misc          0ms   0%    clipfrac     0.000    │
│                                                                              │
│ perf                          0.816   score                         0.632    │
│ episode_return                0.632   episode_length               15.066    │
│ invalids                      0.040                                          │
╰──────────────────────────────────────────────────────────────────────────────╯
╭──────────────────────────────────────────────────────────────────────────────╮
│ PufferLib 5.0        🐡        GPU:  93%   VRAM:   5.3/31G    RAM:  0.5G     │
│                                                                              │
│ Env         connect4cnn    Evaluate      180ms  29%    Losses       0.049    │
│ Params           270.5K      Model       112ms  18%    policy      -0.002    │
│ Steps              5.1M      Env          56ms   9%    value        0.010    │
│ SPS               29.7K      Copy         10ms   1%    entropy      0.060    │
│ Epoch              2476    Train         441ms  70%    old_kl      -0.000    │
│ Uptime     3m 02s 323ms      Model       440ms  70%    kl          -0.000    │
│ To go      4m 37s 648ms      Misc          0ms   0%    clipfrac     0.000    │
│                                                                              │
│ perf                          0.808   score                         0.615    │
│ episode_return                0.615   episode_length               15.010    │
│ invalids                      0.042                                          │
╰──────────────────────────────────────────────────────────────────────────────╯
╭──────────────────────────────────────────────────────────────────────────────╮
│ PufferLib 5.0       🐡         GPU:  88%   VRAM:   5.3/31G    RAM:  0.5G     │
│                                                                              │
│ Env         connect4cnn    Evaluate      181ms  29%    Losses       0.049    │
│ Params           270.5K      Model       112ms  18%    policy       0.000    │
│ Steps              5.1M      Env          57ms   9%    value        0.010    │
│ SPS               29.6K      Copy         10ms   1%    entropy      0.058    │
│ Epoch              2485    Train         441ms  70%    old_kl       0.000    │
│ Uptime     3m 02s 945ms      Model       441ms  70%    kl          -0.000    │
│ To go      4m 37s 785ms      Misc          0ms   0%    clipfrac     0.000    │
│                                                                              │
│ perf                          0.829   score                         0.658    │
│ episode_return                0.658   episode_length               15.006    │
│ invalids                      0.036                                          │
╰──────────────────────────────────────────────────────────────────────────────╯
╭──────────────────────────────────────────────────────────────────────────────╮
│ PufferLib 5.0      🐡          GPU:  92%   VRAM:   5.3/31G    RAM:  0.5G     │
│                                                                              │
│ Env         connect4cnn    Evaluate      179ms  28%    Losses       0.045    │
│ Params           270.5K      Model       112ms  18%    policy      -0.001    │
│ Steps              5.1M      Env          56ms   8%    value        0.009    │
│ SPS               29.6K      Copy          9ms   1%    entropy      0.055    │
│ Epoch              2494    Train         443ms  71%    old_kl       0.000    │
│ Uptime     3m 03s 567ms      Model       442ms  71%    kl          -0.000    │
│ To go      4m 36s 816ms      Misc          0ms   0%    clipfrac     0.000    │
│                                                                              │
│ perf                          0.841   score                         0.682    │
│ episode_return                0.682   episode_length               15.130    │
│ invalids                      0.040                                          │
╰──────────────────────────────────────────────────────────────────────────────╯
╭──────────────────────────────────────────────────────────────────────────────╮
│ PufferLib 5.0     🐡           GPU:  92%   VRAM:   5.3/31G    RAM:  0.5G     │
│                                                                              │
│ Env         connect4cnn    Evaluate      179ms  29%    Losses       0.050    │
│ Params           270.5K      Model       112ms  18%    policy       0.000    │
│ Steps              5.1M      Env          56ms   9%    value        0.010    │
│ SPS               29.8K      Copy         10ms   1%    entropy      0.053    │
│ Epoch              2503    Train         438ms  70%    old_kl      -0.000    │
│ Uptime     3m 04s 186ms      Model       438ms  70%    kl          -0.000    │
│ To go      4m 34s 655ms      Misc          0ms   0%    clipfrac     0.000    │
│                                                                              │
│ perf                          0.836   score                         0.673    │
│ episode_return                0.673   episode_length               14.916    │
│ invalids                      0.055                                          │
╰──────────────────────────────────────────────────────────────────────────────╯
╭──────────────────────────────────────────────────────────────────────────────╮
│ PufferLib 5.0    🐡            GPU:  89%   VRAM:   5.3/31G    RAM:  0.5G     │
│                                                                              │
│ Env         connect4cnn    Evaluate      180ms  29%    Losses       0.047    │
│ Params           270.5K      Model       112ms  18%    policy      -0.005    │
│ Steps              5.1M      Env          56ms   9%    value        0.010    │
│ SPS               29.8K      Copy         10ms   1%    entropy      0.058    │
│ Epoch              2512    Train         437ms  70%    old_kl       0.000    │
│ Uptime     3m 04s 803ms      Model       437ms  70%    kl          -0.000    │
│ To go      4m 33s 688ms      Misc          0ms   0%    clipfrac     0.000    │
│                                                                              │
│ perf                          0.829   score                         0.658    │
│ episode_return                0.658   episode_length               15.214    │
│ invalids                      0.050                                          │
╰──────────────────────────────────────────────────────────────────────────────╯
╭──────────────────────────────────────────────────────────────────────────────╮
│ PufferLib 5.0   🐡             GPU:  94%   VRAM:   5.3/31G    RAM:  0.5G     │
│                                                                              │
│ Env         connect4cnn    Evaluate      181ms  29%    Losses       0.050    │
│ Params           270.5K      Model       112ms  18%    policy       0.003    │
│ Steps              5.2M      Env          57ms   9%    value        0.010    │
│ SPS               29.8K      Copy         11ms   1%    entropy      0.053    │
│ Epoch              2521    Train         436ms  70%    old_kl       0.000    │
│ Uptime     3m 05s 421ms      Model       435ms  70%    kl          -0.000    │
│ To go      4m 33s 000ms      Misc          0ms   0%    clipfrac     0.000    │
│                                                                              │
│ perf                          0.849   score                         0.697    │
│ episode_return                0.697   episode_length               14.951    │
│ invalids                      0.046                                          │
╰──────────────────────────────────────────────────────────────────────────────╯
╭──────────────────────────────────────────────────────────────────────────────╮
│ PufferLib 5.0  🐡              GPU:  94%   VRAM:   5.3/31G    RAM:  0.5G     │
│                                                                              │
│ Env         connect4cnn    Evaluate      180ms  29%    Losses       0.047    │
│ Params           270.5K      Model       112ms  18%    policy      -0.001    │
│ Steps              5.2M      Env          57ms   9%    value        0.010    │
│ SPS               29.8K      Copy          9ms   1%    entropy      0.059    │
│ Epoch              2530    Train         438ms  70%    old_kl      -0.000    │
│ Uptime     3m 06s 040ms      Model       438ms  70%    kl          -0.000    │
│ To go      4m 33s 052ms      Misc          0ms   0%    clipfrac     0.000    │
│                                                                              │
│ perf                          0.832   score                         0.663    │
│ episode_return                0.663   episode_length               14.972    │
│ invalids                      0.040                                          │
╰──────────────────────────────────────────────────────────────────────────────╯
╭──────────────────────────────────────────────────────────────────────────────╮
│ PufferLib 5.0 🐡               GPU:  87%   VRAM:   5.3/31G    RAM:  0.5G     │
│                                                                              │
│ Env         connect4cnn    Evaluate      179ms  28%    Losses       0.045    │
│ Params           270.5K      Model       112ms  18%    policy       0.001    │
│ Steps              5.2M      Env          56ms   9%    value        0.009    │
│ SPS               29.6K      Copy          9ms   1%    entropy      0.053    │
│ Epoch              2539    Train         444ms  71%    old_kl      -0.000    │
│ Uptime     3m 06s 663ms      Model       444ms  71%    kl          -0.000    │
│ To go      4m 34s 403ms      Misc          0ms   0%    clipfrac     0.000    │
│                                                                              │
│ perf                          0.856   score                         0.711    │
│ episode_return                0.711   episode_length               14.881    │
│ invalids                      0.035                                          │
╰──────────────────────────────────────────────────────────────────────────────╯
╭──────────────────────────────────────────────────────────────────────────────╮
│ PufferLib 5.0🐡                GPU:  87%   VRAM:   5.3/31G    RAM:  0.5G     │
│                                                                              │
│ Env         connect4cnn    Evaluate      180ms  29%    Losses       0.042    │
│ Params           270.5K      Model       112ms  18%    policy      -0.002    │
│ Steps              5.2M      Env          56ms   9%    value        0.009    │
│ SPS               29.7K      Copy         10ms   1%    entropy      0.051    │
│ Epoch              2548    Train         439ms  70%    old_kl      -0.000    │
│ Uptime     3m 07s 283ms      Model       439ms  70%    kl          -0.000    │
│ To go      4m 32s 133ms      Misc          0ms   0%    clipfrac     0.000    │
│                                                                              │
│ perf                          0.861   score                         0.723    │
│ episode_return                0.723   episode_length               14.960    │
│ invalids                      0.029                                          │
╰──────────────────────────────────────────────────────────────────────────────╯
╭──────────────────────────────────────────────────────────────────────────────╮
│ PufferLib 5.0               🐡 GPU:  93%   VRAM:   5.3/31G    RAM:  0.5G     │
│                                                                              │
│ Env         connect4cnn    Evaluate      180ms  29%    Losses       0.047    │
│ Params           270.5K      Model       112ms  18%    policy       0.002    │
│ Steps              5.2M      Env          56ms   9%    value        0.009    │
│ SPS               29.9K      Copy         10ms   1%    entropy      0.052    │
│ Epoch              2557    Train         437ms  70%    old_kl      -0.000    │
│ Uptime     3m 07s 900ms      Model       437ms  70%    kl          -0.000    │
│ To go      4m 30s 439ms      Misc          0ms   0%    clipfrac     0.000    │
│                                                                              │
│ perf                          0.842   score                         0.683    │
│ episode_return                0.683   episode_length               14.989    │
│ invalids                      0.045                                          │
╰──────────────────────────────────────────────────────────────────────────────╯
╭──────────────────────────────────────────────────────────────────────────────╮
│ PufferLib 5.0              🐡  GPU:  87%   VRAM:   5.3/31G    RAM:  0.5G     │
│                                                                              │
│ Env         connect4cnn    Evaluate      181ms  29%    Losses       0.057    │
│ Params           270.5K      Model       112ms  18%    policy       0.003    │
│ Steps              5.3M      Env          57ms   9%    value        0.011    │
│ SPS               29.6K      Copy         10ms   1%    entropy      0.058    │
│ Epoch              2566    Train         441ms  70%    old_kl      -0.000    │
│ Uptime     3m 08s 523ms      Model       441ms  70%    kl          -0.000    │
│ To go      4m 32s 253ms      Misc          0ms   0%    clipfrac     0.000    │
│                                                                              │
│ perf                          0.835   score                         0.670    │
│ episode_return                0.670   episode_length               14.705    │
│ invalids                      0.035                                          │
╰──────────────────────────────────────────────────────────────────────────────╯
╭──────────────────────────────────────────────────────────────────────────────╮
│ PufferLib 5.0             🐡   GPU:  87%   VRAM:   5.3/31G    RAM:  0.5G     │
│                                                                              │
│ Env         connect4cnn    Evaluate      180ms  29%    Losses       0.047    │
│ Params           270.5K      Model       112ms  18%    policy       0.001    │
│ Steps              5.3M      Env          57ms   9%    value        0.009    │
│ SPS               29.8K      Copy          9ms   1%    entropy      0.054    │
│ Epoch              2575    Train         438ms  70%    old_kl       0.000    │
│ Uptime     3m 09s 142ms      Model       438ms  70%    kl          -0.000    │
│ To go      4m 29s 762ms      Misc          0ms   0%    clipfrac     0.000    │
│                                                                              │
│ perf                          0.854   score                         0.708    │
│ episode_return                0.708   episode_length               14.922    │
│ invalids                      0.034                                          │
╰──────────────────────────────────────────────────────────────────────────────╯
╭──────────────────────────────────────────────────────────────────────────────╮
│ PufferLib 5.0            🐡    GPU:  94%   VRAM:   5.3/31G    RAM:  0.5G     │
│                                                                              │
│ Env         connect4cnn    Evaluate      181ms  29%    Losses       0.045    │
│ Params           270.5K      Model       112ms  18%    policy      -0.001    │
│ Steps              5.3M      Env          56ms   9%    value        0.009    │
│ SPS               29.6K      Copy          9ms   1%    entropy      0.055    │
│ Epoch              2584    Train         442ms  70%    old_kl      -0.000    │
│ Uptime     3m 09s 765ms      Model       442ms  70%    kl          -0.000    │
│ To go      4m 31s 276ms      Misc          0ms   0%    clipfrac     0.000    │
│                                                                              │
│ perf                          0.835   score                         0.670    │
│ episode_return                0.670   episode_length               15.024    │
│ invalids                      0.051                                          │
╰──────────────────────────────────────────────────────────────────────────────╯
╭──────────────────────────────────────────────────────────────────────────────╮
│ PufferLib 5.0           🐡     GPU:  94%   VRAM:   5.3/31G    RAM:  0.5G     │
│                                                                              │
│ Env         connect4cnn    Evaluate      180ms  29%    Losses       0.047    │
│ Params           270.5K      Model       112ms  18%    policy      -0.001    │
│ Steps              5.3M      Env          57ms   9%    value        0.010    │
│ SPS               29.7K      Copy         10ms   1%    entropy      0.056    │
│ Epoch              2593    Train         439ms  70%    old_kl      -0.000    │
│ Uptime     3m 10s 386ms      Model       439ms  70%    kl          -0.000    │
│ To go      4m 29s 315ms      Misc          0ms   0%    clipfrac     0.000    │
│                                                                              │
│ perf                          0.857   score                         0.714    │
│ episode_return                0.714   episode_length               14.955    │
│ invalids                      0.037                                          │
╰──────────────────────────────────────────────────────────────────────────────╯
╭──────────────────────────────────────────────────────────────────────────────╮
│ PufferLib 5.0          🐡      GPU:  86%   VRAM:   5.3/31G    RAM:  0.5G     │
│                                                                              │
│ Env         connect4cnn    Evaluate      181ms  29%    Losses       0.052    │
│ Params           270.5K      Model       112ms  18%    policy       0.001    │
│ Steps              5.3M      Env          56ms   9%    value        0.010    │
│ SPS               29.7K      Copy         10ms   1%    entropy      0.057    │
│ Epoch              2602    Train         439ms  70%    old_kl       0.000    │
│ Uptime     3m 11s 006ms      Model       439ms  70%    kl          -0.000    │
│ To go      4m 28s 576ms      Misc          0ms   0%    clipfrac     0.000    │
│                                                                              │
│ perf                          0.845   score                         0.689    │
│ episode_return                0.689   episode_length               15.074    │
│ invalids                      0.036                                          │
╰──────────────────────────────────────────────────────────────────────────────╯
╭──────────────────────────────────────────────────────────────────────────────╮
│ PufferLib 5.0         🐡       GPU:  93%   VRAM:   5.3/31G    RAM:  0.5G     │
│                                                                              │
│ Env         connect4cnn    Evaluate      180ms  29%    Losses       0.052    │
│ Params           270.5K      Model       112ms  18%    policy      -0.002    │
│ Steps              5.3M      Env          57ms   9%    value        0.011    │
│ SPS               29.7K      Copy          9ms   1%    entropy      0.054    │
│ Epoch              2611    Train         440ms  70%    old_kl       0.000    │
│ Uptime     3m 11s 626ms      Model       439ms  70%    kl          -0.000    │
│ To go      4m 27s 952ms      Misc          0ms   0%    clipfrac     0.000    │
│                                                                              │
│ perf                          0.848   score                         0.696    │
│ episode_return                0.696   episode_length               14.826    │
│ invalids                      0.040                                          │
╰──────────────────────────────────────────────────────────────────────────────╯
╭──────────────────────────────────────────────────────────────────────────────╮
│ PufferLib 5.0        🐡        GPU:  93%   VRAM:   5.3/31G    RAM:  0.5G     │
│                                                                              │
│ Env         connect4cnn    Evaluate      183ms  29%    Losses       0.058    │
│ Params           270.5K      Model       112ms  17%    policy       0.005    │
│ Steps              5.4M      Env          58ms   9%    value        0.011    │
│ SPS               29.5K      Copy         10ms   1%    entropy      0.059    │
│ Epoch              2620    Train         443ms  70%    old_kl       0.000    │
│ Uptime     3m 12s 252ms      Model       442ms  70%    kl          -0.000    │
│ To go      4m 29s 748ms      Misc          0ms   0%    clipfrac     0.000    │
│                                                                              │
│ perf                          0.845   score                         0.690    │
│ episode_return                0.690   episode_length               15.000    │
│ invalids                      0.036                                          │
╰──────────────────────────────────────────────────────────────────────────────╯
╭──────────────────────────────────────────────────────────────────────────────╮
│ PufferLib 5.0       🐡         GPU:  89%   VRAM:   5.3/31G    RAM:  0.5G     │
│                                                                              │
│ Env         connect4cnn    Evaluate      180ms  29%    Losses       0.048    │
│ Params           270.5K      Model       112ms  18%    policy      -0.001    │
│ Steps              5.4M      Env          57ms   9%    value        0.010    │
│ SPS               29.7K      Copy          9ms   1%    entropy      0.056    │
│ Epoch              2629    Train         441ms  70%    old_kl      -0.000    │
│ Uptime     3m 12s 873ms      Model       440ms  70%    kl          -0.000    │
│ To go      4m 27s 348ms      Misc          0ms   0%    clipfrac     0.000    │
│                                                                              │
│ perf                          0.867   score                         0.733    │
│ episode_return                0.733   episode_length               14.924    │
│ invalids                      0.028                                          │
╰──────────────────────────────────────────────────────────────────────────────╯
╭──────────────────────────────────────────────────────────────────────────────╮
│ PufferLib 5.0      🐡          GPU:  93%   VRAM:   5.3/31G    RAM:  0.5G     │
│                                                                              │
│ Env         connect4cnn    Evaluate      181ms  29%    Losses       0.057    │
│ Params           270.5K      Model       112ms  18%    policy       0.005    │
│ Steps              5.4M      Env          57ms   9%    value        0.010    │
│ SPS               29.7K      Copy         10ms   1%    entropy      0.057    │
│ Epoch              2638    Train         438ms  70%    old_kl      -0.000    │
│ Uptime     3m 13s 493ms      Model       438ms  70%    kl          -0.000    │
│ To go      4m 25s 914ms      Misc          0ms   0%    clipfrac     0.000    │
│                                                                              │
│ perf                          0.870   score                         0.740    │
│ episode_return                0.740   episode_length               14.750    │
│ invalids                      0.030                                          │
╰──────────────────────────────────────────────────────────────────────────────╯
╭──────────────────────────────────────────────────────────────────────────────╮
│ PufferLib 5.0     🐡           GPU:  93%   VRAM:   5.3/31G    RAM:  0.5G     │
│                                                                              │
│ Env         connect4cnn    Evaluate      182ms  29%    Losses       0.059    │
│ Params           270.5K      Model       112ms  18%    policy       0.002    │
│ Steps              5.4M      Env          56ms   9%    value        0.012    │
│ SPS               29.7K      Copy         12ms   1%    entropy      0.059    │
│ Epoch              2647    Train         437ms  70%    old_kl      -0.000    │
│ Uptime     3m 14s 112ms      Model       437ms  70%    kl          -0.000    │
│ To go      4m 25s 290ms      Misc          0ms   0%    clipfrac     0.000    │
│                                                                              │
│ perf                          0.876   score                         0.753    │
│ episode_return                0.753   episode_length               14.905    │
│ invalids                      0.029                                          │
╰──────────────────────────────────────────────────────────────────────────────╯
╭──────────────────────────────────────────────────────────────────────────────╮
│ PufferLib 5.0    🐡            GPU:  88%   VRAM:   5.3/31G    RAM:  0.5G     │
│                                                                              │
│ Env         connect4cnn    Evaluate      181ms  29%    Losses       0.064    │
│ Params           270.5K      Model       112ms  18%    policy       0.001    │
│ Steps              5.4M      Env          57ms   9%    value        0.013    │
│ SPS               29.6K      Copy         10ms   1%    entropy      0.057    │
│ Epoch              2656    Train         441ms  70%    old_kl      -0.000    │
│ Uptime     3m 14s 735ms      Model       441ms  70%    kl          -0.000    │
│ To go      4m 25s 696ms      Misc          0ms   0%    clipfrac     0.000    │
│                                                                              │
│ perf                          0.875   score                         0.751    │
│ episode_return                0.751   episode_length               14.751    │
│ invalids                      0.031                                          │
╰──────────────────────────────────────────────────────────────────────────────╯
╭──────────────────────────────────────────────────────────────────────────────╮
│ PufferLib 5.0   🐡             GPU:  88%   VRAM:   5.3/31G    RAM:  0.5G     │
│                                                                              │
│ Env         connect4cnn    Evaluate      180ms  28%    Losses       0.054    │
│ Params           270.5K      Model       112ms  18%    policy      -0.000    │
│ Steps              5.5M      Env          58ms   9%    value        0.011    │
│ SPS               29.6K      Copy          9ms   1%    entropy      0.057    │
│ Epoch              2665    Train         442ms  71%    old_kl       0.000    │
│ Uptime     3m 15s 358ms      Model       442ms  71%    kl          -0.000    │
│ To go      4m 25s 513ms      Misc          0ms   0%    clipfrac     0.000    │
│                                                                              │
│ perf                          0.886   score                         0.772    │
│ episode_return                0.772   episode_length               14.793    │
│ invalids                      0.023                                          │
╰──────────────────────────────────────────────────────────────────────────────╯
╭──────────────────────────────────────────────────────────────────────────────╮
│ PufferLib 5.0  🐡              GPU:  92%   VRAM:   5.3/31G    RAM:  0.5G     │
│                                                                              │
│ Env         connect4cnn    Evaluate      181ms  29%    Losses       0.060    │
│ Params           270.5K      Model       112ms  18%    policy      -0.003    │
│ Steps              5.5M      Env          57ms   9%    value        0.013    │
│ SPS               29.6K      Copy         11ms   1%    entropy      0.059    │
│ Epoch              2674    Train         441ms  70%    old_kl       0.000    │
│ Uptime     3m 15s 980ms      Model       441ms  70%    kl          -0.000    │
│ To go      4m 24s 709ms      Misc          0ms   0%    clipfrac     0.000    │
│                                                                              │
│ perf                          0.884   score                         0.768    │
│ episode_return                0.768   episode_length               14.879    │
│ invalids                      0.026                                          │
╰──────────────────────────────────────────────────────────────────────────────╯
╭──────────────────────────────────────────────────────────────────────────────╮
│ PufferLib 5.0 🐡               GPU:  89%   VRAM:   5.3/31G    RAM:  0.5G     │
│                                                                              │
│ Env         connect4cnn    Evaluate      182ms  29%    Losses       0.055    │
│ Params           270.5K      Model       112ms  18%    policy      -0.002    │
│ Steps              5.5M      Env          58ms   9%    value        0.012    │
│ SPS               29.8K      Copy         10ms   1%    entropy      0.061    │
│ Epoch              2683    Train         437ms  70%    old_kl      -0.000    │
│ Uptime     3m 16s 600ms      Model       437ms  70%    kl          -0.000    │
│ To go      4m 22s 655ms      Misc          0ms   0%    clipfrac     0.000    │
│                                                                              │
│ perf                          0.906   score                         0.812    │
│ episode_return                0.812   episode_length               14.522    │
│ invalids                      0.025                                          │
╰──────────────────────────────────────────────────────────────────────────────╯
╭──────────────────────────────────────────────────────────────────────────────╮
│ PufferLib 5.0🐡                GPU:  89%   VRAM:   5.3/31G    RAM:  0.5G     │
│                                                                              │
│ Env         connect4cnn    Evaluate      181ms  29%    Losses       0.072    │
│ Params           270.5K      Model       112ms  18%    policy       0.001    │
│ Steps              5.5M      Env          58ms   9%    value        0.014    │
│ SPS               29.6K      Copy         10ms   1%    entropy      0.066    │
│ Epoch              2692    Train         441ms  70%    old_kl      -0.000    │
│ Uptime     3m 17s 222ms      Model       441ms  70%    kl          -0.000    │
│ To go      4m 23s 390ms      Misc          0ms   0%    clipfrac     0.000    │
│                                                                              │
│ perf                          0.900   score                         0.801    │
│ episode_return                0.801   episode_length               14.665    │
│ invalids                      0.025                                          │
╰──────────────────────────────────────────────────────────────────────────────╯
╭──────────────────────────────────────────────────────────────────────────────╮
│ PufferLib 5.0               🐡 GPU:  91%   VRAM:   5.3/31G    RAM:  0.5G     │
│                                                                              │
│ Env         connect4cnn    Evaluate      183ms  29%    Losses       0.057    │
│ Params           270.5K      Model       112ms  17%    policy       0.001    │
│ Steps              5.5M      Env          59ms   9%    value        0.011    │
│ SPS               29.5K      Copy         11ms   1%    entropy      0.063    │
│ Epoch              2701    Train         441ms  70%    old_kl       0.000    │
│ Uptime     3m 17s 847ms      Model       441ms  70%    kl          -0.000    │
│ To go      4m 23s 721ms      Misc          0ms   0%    clipfrac     0.000    │
│                                                                              │
│ perf                          0.902   score                         0.805    │
│ episode_return                0.805   episode_length               14.414    │
│ invalids                      0.024                                          │
╰──────────────────────────────────────────────────────────────────────────────╯
╭──────────────────────────────────────────────────────────────────────────────╮
│ PufferLib 5.0              🐡  GPU:  91%   VRAM:   5.3/31G    RAM:  0.5G     │
│                                                                              │
│ Env         connect4cnn    Evaluate      181ms  29%    Losses       0.062    │
│ Params           270.5K      Model       112ms  18%    policy       0.002    │
│ Steps              5.6M      Env          58ms   9%    value        0.012    │
│ SPS               29.6K      Copy          9ms   1%    entropy      0.063    │
│ Epoch              2710    Train         440ms  70%    old_kl       0.000    │
│ Uptime     3m 18s 469ms      Model       440ms  70%    kl          -0.000    │
│ To go      4m 21s 927ms      Misc          0ms   0%    clipfrac     0.000    │
│                                                                              │
│ perf                          0.899   score                         0.798    │
│ episode_return                0.798   episode_length               14.558    │
│ invalids                      0.035                                          │
╰──────────────────────────────────────────────────────────────────────────────╯
╭──────────────────────────────────────────────────────────────────────────────╮
│ PufferLib 5.0             🐡   GPU:  91%   VRAM:   5.3/31G    RAM:  0.5G     │
│                                                                              │
│ Env         connect4cnn    Evaluate      182ms  29%    Losses       0.053    │
│ Params           270.5K      Model       112ms  18%    policy      -0.003    │
│ Steps              5.6M      Env          58ms   9%    value        0.011    │
│ SPS               29.7K      Copy         10ms   1%    entropy      0.067    │
│ Epoch              2719    Train         438ms  70%    old_kl      -0.000    │
│ Uptime     3m 19s 090ms      Model       438ms  70%    kl          -0.000    │
│ To go      4m 20s 974ms      Misc          0ms   0%    clipfrac     0.000    │
│                                                                              │
│ perf                          0.914   score                         0.828    │
│ episode_return                0.828   episode_length               14.556    │
│ invalids                      0.024                                          │
╰──────────────────────────────────────────────────────────────────────────────╯
╭──────────────────────────────────────────────────────────────────────────────╮
│ PufferLib 5.0            🐡    GPU:  89%   VRAM:   5.3/31G    RAM:  0.5G     │
│                                                                              │
│ Env         connect4cnn    Evaluate      183ms  29%    Losses       0.058    │
│ Params           270.5K      Model       112ms  18%    policy      -0.001    │
│ Steps              5.6M      Env          58ms   9%    value        0.012    │
│ SPS               29.8K      Copy         11ms   1%    entropy      0.068    │
│ Epoch              2728    Train         436ms  70%    old_kl       0.000    │
│ Uptime     3m 19s 709ms      Model       436ms  70%    kl          -0.000    │
│ To go      4m 19s 534ms      Misc          0ms   0%    clipfrac     0.000    │
│                                                                              │
│ perf                          0.914   score                         0.828    │
│ episode_return                0.828   episode_length               14.356    │
│ invalids                      0.023                                          │
╰──────────────────────────────────────────────────────────────────────────────╯
╭──────────────────────────────────────────────────────────────────────────────╮
│ PufferLib 5.0           🐡     GPU:  89%   VRAM:   5.3/31G    RAM:  0.5G     │
│                                                                              │
│ Env         connect4cnn    Evaluate      185ms  29%    Losses       0.051    │
│ Params           270.5K      Model       112ms  18%    policy       0.000    │
│ Steps              5.6M      Env          59ms   9%    value        0.010    │
│ SPS               29.5K      Copy         12ms   1%    entropy      0.066    │
│ Epoch              2737    Train         438ms  70%    old_kl      -0.000    │
│ Uptime     3m 20s 333ms      Model       438ms  70%    kl          -0.000    │
│ To go      4m 20s 922ms      Misc          0ms   0%    clipfrac     0.000    │
│                                                                              │
│ perf                          0.917   score                         0.835    │
│ episode_return                0.835   episode_length               14.281    │
│ invalids                      0.021                                          │
╰──────────────────────────────────────────────────────────────────────────────╯
╭──────────────────────────────────────────────────────────────────────────────╮
│ PufferLib 5.0          🐡      GPU:  92%   VRAM:   5.3/31G    RAM:  0.5G     │
│                                                                              │
│ Env         connect4cnn    Evaluate      181ms  29%    Losses       0.063    │
│ Params           270.5K      Model       112ms  17%    policy       0.003    │
│ Steps              5.6M      Env          58ms   9%    value        0.012    │
│ SPS               29.5K      Copy          9ms   1%    entropy      0.062    │
│ Epoch              2746    Train         443ms  70%    old_kl      -0.000    │
│ Uptime     3m 20s 958ms      Model       443ms  70%    kl          -0.000    │
│ To go      4m 20s 593ms      Misc          0ms   0%    clipfrac     0.000    │
│                                                                              │
│ perf                          0.914   score                         0.829    │
│ episode_return                0.829   episode_length               14.470    │
│ invalids                      0.023                                          │
╰──────────────────────────────────────────────────────────────────────────────╯
╭──────────────────────────────────────────────────────────────────────────────╮
│ PufferLib 5.0         🐡       GPU:  88%   VRAM:   5.3/31G    RAM:  0.5G     │
│                                                                              │
│ Env         connect4cnn    Evaluate      183ms  29%    Losses       0.046    │
│ Params           270.5K      Model       112ms  18%    policy      -0.004    │
│ Steps              5.6M      Env          59ms   9%    value        0.010    │
│ SPS               29.6K      Copy         10ms   1%    entropy      0.056    │
│ Epoch              2755    Train         440ms  70%    old_kl       0.000    │
│ Uptime     3m 21s 581ms      Model       439ms  70%    kl          -0.000    │
│ To go      4m 19s 357ms      Misc          0ms   0%    clipfrac     0.000    │
│                                                                              │
│ perf                          0.918   score                         0.837    │
│ episode_return                0.837   episode_length               14.347    │
│ invalids                      0.020                                          │
╰──────────────────────────────────────────────────────────────────────────────╯
╭──────────────────────────────────────────────────────────────────────────────╮
│ PufferLib 5.0        🐡        GPU:  88%   VRAM:   5.3/31G    RAM:  0.5G     │
│                                                                              │
│ Env         connect4cnn    Evaluate      184ms  29%    Losses       0.054    │
│ Params           270.5K      Model       112ms  18%    policy       0.000    │
│ Steps              5.7M      Env          58ms   9%    value        0.011    │
│ SPS               29.6K      Copy         11ms   1%    entropy      0.063    │
│ Epoch              2764    Train         438ms  70%    old_kl      -0.000    │
│ Uptime     3m 22s 204ms      Model       438ms  70%    kl          -0.000    │
│ To go      4m 18s 486ms      Misc          0ms   0%    clipfrac     0.000    │
│                                                                              │
│ perf                          0.908   score                         0.815    │
│ episode_return                0.815   episode_length               14.394    │
│ invalids                      0.028                                          │
╰──────────────────────────────────────────────────────────────────────────────╯
╭──────────────────────────────────────────────────────────────────────────────╮
│ PufferLib 5.0       🐡         GPU:  93%   VRAM:   5.3/31G    RAM:  0.5G     │
│                                                                              │
│ Env         connect4cnn    Evaluate      183ms  29%    Losses       0.049    │
│ Params           270.5K      Model       112ms  18%    policy      -0.001    │
│ Steps              5.7M      Env          58ms   9%    value        0.010    │
│ SPS               29.7K      Copy         10ms   1%    entropy      0.062    │
│ Epoch              2773    Train         437ms  70%    old_kl       0.000    │
│ Uptime     3m 22s 824ms      Model       437ms  70%    kl          -0.000    │
│ To go      4m 16s 823ms      Misc          0ms   0%    clipfrac     0.000    │
│                                                                              │
│ perf                          0.920   score                         0.840    │
│ episode_return                0.840   episode_length               14.483    │
│ invalids                      0.019                                          │
╰──────────────────────────────────────────────────────────────────────────────╯
╭──────────────────────────────────────────────────────────────────────────────╮
│ PufferLib 5.0      🐡          GPU:  87%   VRAM:   5.3/31G    RAM:  0.5G     │
│                                                                              │
│ Env         connect4cnn    Evaluate      181ms  29%    Losses       0.056    │
│ Params           270.5K      Model       112ms  18%    policy       0.004    │
│ Steps              5.7M      Env          58ms   9%    value        0.010    │
│ SPS               29.6K      Copy          9ms   1%    entropy      0.064    │
│ Epoch              2782    Train         441ms  70%    old_kl       0.000    │
│ Uptime     3m 23s 446ms      Model       440ms  70%    kl          -0.000    │
│ To go      4m 16s 953ms      Misc          0ms   0%    clipfrac     0.000    │
│                                                                              │
│ perf                          0.912   score                         0.825    │
│ episode_return                0.825   episode_length               14.240    │
│ invalids                      0.022                                          │
╰──────────────────────────────────────────────────────────────────────────────╯
╭──────────────────────────────────────────────────────────────────────────────╮
│ PufferLib 5.0     🐡           GPU:  87%   VRAM:   5.3/31G    RAM:  0.5G     │
│                                                                              │
│ Env         connect4cnn    Evaluate      182ms  29%    Losses       0.045    │
│ Params           270.5K      Model       112ms  18%    policy      -0.003    │
│ Steps              5.7M      Env          58ms   9%    value        0.010    │
│ SPS               29.6K      Copy          9ms   1%    entropy      0.063    │
│ Epoch              2791    Train         440ms  70%    old_kl       0.000    │
│ Uptime     3m 24s 069ms      Model       440ms  70%    kl          -0.000    │
│ To go      4m 16s 547ms      Misc          0ms   0%    clipfrac     0.000    │
│                                                                              │
│ perf                          0.915   score                         0.831    │
│ episode_return                0.831   episode_length               14.417    │
│ invalids                      0.026                                          │
╰──────────────────────────────────────────────────────────────────────────────╯
╭──────────────────────────────────────────────────────────────────────────────╮
│ PufferLib 5.0    🐡            GPU:  94%   VRAM:   5.3/31G    RAM:  0.5G     │
│                                                                              │
│ Env         connect4cnn    Evaluate      184ms  29%    Losses       0.046    │
│ Params           270.5K      Model       112ms  18%    policy       0.002    │
│ Steps              5.7M      Env          59ms   9%    value        0.009    │
│ SPS               29.5K      Copy         10ms   1%    entropy      0.058    │
│ Epoch              2800    Train         440ms  70%    old_kl      -0.000    │
│ Uptime     3m 24s 693ms      Model       440ms  70%    kl          -0.000    │
│ To go      4m 16s 507ms      Misc          0ms   0%    clipfrac     0.000    │
│                                                                              │
│ perf                          0.925   score                         0.850    │
│ episode_return                0.850   episode_length               14.237    │
│ invalids                      0.017                                          │
╰──────────────────────────────────────────────────────────────────────────────╯
╭──────────────────────────────────────────────────────────────────────────────╮
│ PufferLib 5.0   🐡             GPU:  94%   VRAM:   5.3/31G    RAM:  0.5G     │
│                                                                              │
│ Env         connect4cnn    Evaluate      184ms  29%    Losses       0.046    │
│ Params           270.5K      Model       112ms  18%    policy      -0.001    │
│ Steps              5.8M      Env          59ms   9%    value        0.009    │
│ SPS               29.7K      Copy         11ms   1%    entropy      0.062    │
│ Epoch              2809    Train         437ms  70%    old_kl      -0.000    │
│ Uptime     3m 25s 314ms      Model       437ms  70%    kl          -0.000    │
│ To go      4m 14s 697ms      Misc          0ms   0%    clipfrac     0.000    │
│                                                                              │
│ perf                          0.921   score                         0.842    │
│ episode_return                0.842   episode_length               14.315    │
│ invalids                      0.020                                          │
╰──────────────────────────────────────────────────────────────────────────────╯
╭──────────────────────────────────────────────────────────────────────────────╮
│ PufferLib 5.0  🐡              GPU:  87%   VRAM:   5.3/31G    RAM:  0.5G     │
│                                                                              │
│ Env         connect4cnn    Evaluate      182ms  29%    Losses       0.051    │
│ Params           270.5K      Model       112ms  18%    policy      -0.001    │
│ Steps              5.8M      Env          58ms   9%    value        0.010    │
│ SPS               29.7K      Copy          9ms   1%    entropy      0.056    │
│ Epoch              2818    Train         437ms  70%    old_kl      -0.000    │
│ Uptime     3m 25s 934ms      Model       437ms  70%    kl          -0.000    │
│ To go      4m 13s 738ms      Misc          0ms   0%    clipfrac     0.000    │
│                                                                              │
│ perf                          0.920   score                         0.839    │
│ episode_return                0.839   episode_length               14.262    │
│ invalids                      0.018                                          │
╰──────────────────────────────────────────────────────────────────────────────╯
╭──────────────────────────────────────────────────────────────────────────────╮
│ PufferLib 5.0 🐡               GPU:  93%   VRAM:   5.3/31G    RAM:  0.5G     │
│                                                                              │
│ Env         connect4cnn    Evaluate      181ms  29%    Losses       0.049    │
│ Params           270.5K      Model       112ms  18%    policy       0.002    │
│ Steps              5.8M      Env          57ms   9%    value        0.009    │
│ SPS               29.6K      Copy          9ms   1%    entropy      0.056    │
│ Epoch              2827    Train         441ms  70%    old_kl       0.000    │
│ Uptime     3m 26s 556ms      Model       441ms  70%    kl          -0.000    │
│ To go      4m 13s 995ms      Misc          0ms   0%    clipfrac     0.000    │
│                                                                              │
│ perf                          0.929   score                         0.857    │
│ episode_return                0.857   episode_length               14.362    │
│ invalids                      0.010                                          │
╰──────────────────────────────────────────────────────────────────────────────╯
╭──────────────────────────────────────────────────────────────────────────────╮
│ PufferLib 5.0🐡                GPU:  93%   VRAM:   5.3/31G    RAM:  0.5G     │
│                                                                              │
│ Env         connect4cnn    Evaluate      182ms  29%    Losses       0.052    │
│ Params           270.5K      Model       112ms  18%    policy       0.004    │
│ Steps              5.8M      Env          58ms   9%    value        0.010    │
│ SPS               29.7K      Copy         10ms   1%    entropy      0.056    │
│ Epoch              2836    Train         437ms  70%    old_kl      -0.000    │
│ Uptime     3m 27s 176ms      Model       437ms  70%    kl          -0.000    │
│ To go      4m 12s 262ms      Misc          0ms   0%    clipfrac     0.000    │
│                                                                              │
│ perf                          0.926   score                         0.852    │
│ episode_return                0.852   episode_length               14.354    │
│ invalids                      0.016                                          │
╰──────────────────────────────────────────────────────────────────────────────╯
╭──────────────────────────────────────────────────────────────────────────────╮
│ PufferLib 5.0               🐡 GPU:  87%   VRAM:   5.3/31G    RAM:  0.5G     │
│                                                                              │
│ Env         connect4cnn    Evaluate      185ms  29%    Losses       0.049    │
│ Params           270.5K      Model       112ms  18%    policy      -0.000    │
│ Steps              5.8M      Env          58ms   9%    value        0.010    │
│ SPS               29.7K      Copy         12ms   1%    entropy      0.060    │
│ Epoch              2845    Train         435ms  70%    old_kl      -0.000    │
│ Uptime     3m 27s 797ms      Model       435ms  70%    kl          -0.000    │
│ To go      4m 12s 306ms      Misc          0ms   0%    clipfrac     0.000    │
│                                                                              │
│ perf                          0.923   score                         0.845    │
│ episode_return                0.845   episode_length               14.307    │
│ invalids                      0.022                                          │
╰──────────────────────────────────────────────────────────────────────────────╯
╭──────────────────────────────────────────────────────────────────────────────╮
│ PufferLib 5.0              🐡  GPU:  87%   VRAM:   5.3/31G    RAM:  0.5G     │
│                                                                              │
│ Env         connect4cnn    Evaluate      182ms  29%    Losses       0.048    │
│ Params           270.5K      Model       112ms  18%    policy      -0.001    │
│ Steps              5.8M      Env          58ms   9%    value        0.010    │
│ SPS               29.7K      Copy         10ms   1%    entropy      0.068    │
│ Epoch              2854    Train         439ms  70%    old_kl       0.000    │
│ Uptime     3m 28s 418ms      Model       439ms  70%    kl          -0.000    │
│ To go      4m 11s 614ms      Misc          0ms   0%    clipfrac     0.000    │
│                                                                              │
│ perf                          0.907   score                         0.814    │
│ episode_return                0.814   episode_length               14.229    │
│ invalids                      0.021                                          │
╰──────────────────────────────────────────────────────────────────────────────╯
╭──────────────────────────────────────────────────────────────────────────────╮
│ PufferLib 5.0             🐡   GPU:  94%   VRAM:   5.3/31G    RAM:  0.5G     │
│                                                                              │
│ Env         connect4cnn    Evaluate      181ms  29%    Losses       0.042    │
│ Params           270.5K      Model       112ms  17%    policy      -0.002    │
│ Steps              5.9M      Env          58ms   9%    value        0.009    │
│ SPS               29.5K      Copy          9ms   1%    entropy      0.058    │
│ Epoch              2863    Train         442ms  70%    old_kl      -0.000    │
│ Uptime     3m 29s 043ms      Model       442ms  70%    kl          -0.000    │
│ To go      4m 12s 230ms      Misc          0ms   0%    clipfrac     0.000    │
│                                                                              │
│ perf                          0.930   score                         0.860    │
│ episode_return                0.860   episode_length               14.208    │
│ invalids                      0.018                                          │
╰──────────────────────────────────────────────────────────────────────────────╯
╭──────────────────────────────────────────────────────────────────────────────╮
│ PufferLib 5.0            🐡    GPU:  86%   VRAM:   5.3/31G    RAM:  0.5G     │
│                                                                              │
│ Env         connect4cnn    Evaluate      182ms  29%    Losses       0.042    │
│ Params           270.5K      Model       112ms  18%    policy       0.001    │
│ Steps              5.9M      Env          58ms   9%    value        0.008    │
│ SPS               29.8K      Copy         10ms   1%    entropy      0.056    │
│ Epoch              2872    Train         436ms  70%    old_kl       0.000    │
│ Uptime     3m 29s 662ms      Model       436ms  70%    kl          -0.000    │
│ To go      4m 09s 674ms      Misc          0ms   0%    clipfrac     0.000    │
│                                                                              │
│ perf                          0.929   score                         0.858    │
│ episode_return                0.858   episode_length               14.236    │
│ invalids                      0.022                                          │
╰──────────────────────────────────────────────────────────────────────────────╯
╭──────────────────────────────────────────────────────────────────────────────╮
│ PufferLib 5.0           🐡     GPU:  86%   VRAM:   5.3/31G    RAM:  0.5G     │
│                                                                              │
│ Env         connect4cnn    Evaluate      183ms  29%    Losses       0.048    │
│ Params           270.5K      Model       112ms  17%    policy      -0.003    │
│ Steps              5.9M      Env          59ms   9%    value        0.010    │
│ SPS               29.5K      Copy         10ms   1%    entropy      0.059    │
│ Epoch              2881    Train         441ms  70%    old_kl      -0.000    │
│ Uptime     3m 30s 286ms      Model       441ms  70%    kl          -0.000    │
│ To go      4m 10s 974ms      Misc          0ms   0%    clipfrac     0.000    │
│                                                                              │
│ perf                          0.904   score                         0.809    │
│ episode_return                0.809   episode_length               14.343    │
│ invalids                      0.020                                          │
╰──────────────────────────────────────────────────────────────────────────────╯
╭──────────────────────────────────────────────────────────────────────────────╮
│ PufferLib 5.0          🐡      GPU:  93%   VRAM:   5.3/31G    RAM:  0.5G     │
│                                                                              │
│ Env         connect4cnn    Evaluate      181ms  29%    Losses       0.044    │
│ Params           270.5K      Model       112ms  18%    policy      -0.001    │
│ Steps              5.9M      Env          58ms   9%    value        0.009    │
│ SPS               29.7K      Copy          9ms   1%    entropy      0.057    │
│ Epoch              2890    Train         439ms  70%    old_kl       0.000    │
│ Uptime     3m 30s 906ms      Model       438ms  70%    kl          -0.000    │
│ To go      4m 08s 803ms      Misc          0ms   0%    clipfrac     0.000    │
│                                                                              │
│ perf                          0.926   score                         0.853    │
│ episode_return                0.853   episode_length               14.301    │
│ invalids                      0.019                                          │
╰──────────────────────────────────────────────────────────────────────────────╯
╭──────────────────────────────────────────────────────────────────────────────╮
│ PufferLib 5.0         🐡       GPU:  88%   VRAM:   5.3/31G    RAM:  0.5G     │
│                                                                              │
│ Env         connect4cnn    Evaluate      182ms  29%    Losses       0.047    │
│ Params           270.5K      Model       112ms  18%    policy      -0.002    │
│ Steps              5.9M      Env          58ms   9%    value        0.010    │
│ SPS               29.7K      Copy          9ms   1%    entropy      0.058    │
│ Epoch              2899    Train         438ms  70%    old_kl      -0.000    │
│ Uptime     3m 31s 526ms      Model       438ms  70%    kl          -0.000    │
│ To go      4m 08s 105ms      Misc          0ms   0%    clipfrac     0.000    │
│                                                                              │
│ perf                          0.910   score                         0.821    │
│ episode_return                0.821   episode_length               14.227    │
│ invalids                      0.027                                          │
╰──────────────────────────────────────────────────────────────────────────────╯
╭──────────────────────────────────────────────────────────────────────────────╮
│ PufferLib 5.0        🐡        GPU:  88%   VRAM:   5.3/31G    RAM:  0.5G     │
│                                                                              │
│ Env         connect4cnn    Evaluate      180ms  28%    Losses       0.047    │
│ Params           270.5K      Model       112ms  17%    policy       0.006    │
│ Steps              6.0M      Env          58ms   9%    value        0.008    │
│ SPS               29.5K      Copy          9ms   1%    entropy      0.061    │
│ Epoch              2908    Train         444ms  71%    old_kl       0.000    │
│ Uptime     3m 32s 152ms      Model       444ms  71%    kl          -0.000    │
│ To go      4m 09s 559ms      Misc          0ms   0%    clipfrac     0.000    │
│                                                                              │
│ perf                          0.929   score                         0.858    │
│ episode_return                0.858   episode_length               14.321    │
│ invalids                      0.010                                          │
╰──────────────────────────────────────────────────────────────────────────────╯
╭──────────────────────────────────────────────────────────────────────────────╮
│ PufferLib 5.0       🐡         GPU:  93%   VRAM:   5.3/31G    RAM:  0.5G     │
│                                                                              │
│ Env         connect4cnn    Evaluate      182ms  29%    Losses       0.033    │
│ Params           270.5K      Model       112ms  17%    policy      -0.005    │
│ Steps              6.0M      Env          58ms   9%    value        0.008    │
│ SPS               29.5K      Copy          9ms   1%    entropy      0.055    │
│ Epoch              2917    Train         443ms  70%    old_kl       0.000    │
│ Uptime     3m 32s 777ms      Model       443ms  70%    kl          -0.000    │
│ To go      4m 08s 894ms      Misc          0ms   0%    clipfrac     0.000    │
│                                                                              │
│ perf                          0.931   score                         0.862    │
│ episode_return                0.862   episode_length               14.260    │
│ invalids                      0.012                                          │
╰──────────────────────────────────────────────────────────────────────────────╯
╭──────────────────────────────────────────────────────────────────────────────╮
│ PufferLib 5.0      🐡          GPU:  93%   VRAM:   5.3/31G    RAM:  0.5G     │
│                                                                              │
│ Env         connect4cnn    Evaluate      182ms  29%    Losses       0.040    │
│ Params           270.5K      Model       112ms  18%    policy       0.003    │
│ Steps              6.0M      Env          58ms   9%    value        0.007    │
│ SPS               29.8K      Copy         10ms   1%    entropy      0.055    │
│ Epoch              2926    Train         436ms  70%    old_kl       0.000    │
│ Uptime     3m 33s 396ms      Model       436ms  70%    kl          -0.000    │
│ To go      4m 05s 728ms      Misc          0ms   0%    clipfrac     0.000    │
│                                                                              │
│ perf                          0.921   score                         0.841    │
│ episode_return                0.841   episode_length               14.207    │
│ invalids                      0.022                                          │
╰──────────────────────────────────────────────────────────────────────────────╯
╭──────────────────────────────────────────────────────────────────────────────╮
│ PufferLib 5.0     🐡           GPU:  89%   VRAM:   5.3/31G    RAM:  0.5G     │
│                                                                              │
│ Env         connect4cnn    Evaluate      182ms  29%    Losses       0.038    │
│ Params           270.5K      Model       112ms  18%    policy      -0.002    │
│ Steps              6.0M      Env          58ms   9%    value        0.008    │
│ SPS               29.7K      Copy         10ms   1%    entropy      0.053    │
│ Epoch              2935    Train         438ms  70%    old_kl       0.000    │
│ Uptime     3m 34s 016ms      Model       438ms  70%    kl          -0.000    │
│ To go      4m 05s 611ms      Misc          0ms   0%    clipfrac     0.000    │
│                                                                              │
│ perf                          0.923   score                         0.846    │
│ episode_return                0.846   episode_length               14.446    │
│ invalids                      0.014                                          │
╰──────────────────────────────────────────────────────────────────────────────╯
╭──────────────────────────────────────────────────────────────────────────────╮
│ PufferLib 5.0    🐡            GPU:  90%   VRAM:   5.3/31G    RAM:  0.5G     │
│                                                                              │
│ Env         connect4cnn    Evaluate      182ms  29%    Losses       0.037    │
│ Params           270.5K      Model       112ms  17%    policy      -0.002    │
│ Steps              6.0M      Env          60ms   9%    value        0.008    │
│ SPS               29.5K      Copy          9ms   1%    entropy      0.048    │
│ Epoch              2944    Train         443ms  70%    old_kl       0.000    │
│ Uptime     3m 34s 641ms      Model       443ms  70%    kl          -0.000    │
│ To go      4m 07s 170ms      Misc          0ms   0%    clipfrac     0.000    │
│                                                                              │
│ perf                          0.927   score                         0.854    │
│ episode_return                0.854   episode_length               14.108    │
│ invalids                      0.015                                          │
╰──────────────────────────────────────────────────────────────────────────────╯
╭──────────────────────────────────────────────────────────────────────────────╮
│ PufferLib 5.0   🐡             GPU:  90%   VRAM:   5.3/31G    RAM:  0.5G     │
│                                                                              │
│ Env         connect4cnn    Evaluate      184ms  29%    Losses       0.039    │
│ Params           270.5K      Model       112ms  18%    policy       0.001    │
│ Steps              6.0M      Env          58ms   9%    value        0.008    │
│ SPS               29.5K      Copy         11ms   1%    entropy      0.047    │
│ Epoch              2953    Train         438ms  70%    old_kl       0.000    │
│ Uptime     3m 35s 265ms      Model       438ms  70%    kl          -0.000    │
│ To go      4m 05s 844ms      Misc          0ms   0%    clipfrac     0.000    │
│                                                                              │
│ perf                          0.928   score                         0.856    │
│ episode_return                0.856   episode_length               14.347    │
│ invalids                      0.018                                          │
╰──────────────────────────────────────────────────────────────────────────────╯
╭──────────────────────────────────────────────────────────────────────────────╮
│ PufferLib 5.0  🐡              GPU:  92%   VRAM:   5.3/31G    RAM:  0.5G     │
│                                                                              │
│ Env         connect4cnn    Evaluate      181ms  29%    Losses       0.037    │
│ Params           270.5K      Model       112ms  18%    policy      -0.001    │
│ Steps              6.1M      Env          58ms   9%    value        0.008    │
│ SPS               29.7K      Copy          9ms   1%    entropy      0.045    │
│ Epoch              2962    Train         439ms  70%    old_kl       0.000    │
│ Uptime     3m 35s 886ms      Model       439ms  70%    kl          -0.000    │
│ To go      4m 04s 089ms      Misc          0ms   0%    clipfrac     0.000    │
│                                                                              │
│ perf                          0.923   score                         0.845    │
│ episode_return                0.845   episode_length               14.400    │
│ invalids                      0.019                                          │
╰──────────────────────────────────────────────────────────────────────────────╯
╭──────────────────────────────────────────────────────────────────────────────╮
│ PufferLib 5.0 🐡               GPU:  89%   VRAM:   5.3/31G    RAM:  0.5G     │
│                                                                              │
│ Env         connect4cnn    Evaluate      181ms  29%    Losses       0.034    │
│ Params           270.5K      Model       112ms  18%    policy      -0.000    │
│ Steps              6.1M      Env          58ms   9%    value        0.007    │
│ SPS               29.8K      Copy          9ms   1%    entropy      0.048    │
│ Epoch              2971    Train         437ms  70%    old_kl       0.000    │
│ Uptime     3m 36s 505ms      Model       437ms  70%    kl          -0.000    │
│ To go      4m 02s 732ms      Misc          0ms   0%    clipfrac     0.000    │
│                                                                              │
│ perf                          0.935   score                         0.870    │
│ episode_return                0.870   episode_length               14.295    │
│ invalids                      0.012                                          │
╰──────────────────────────────────────────────────────────────────────────────╯
╭──────────────────────────────────────────────────────────────────────────────╮
│ PufferLib 5.0🐡                GPU:  89%   VRAM:   5.3/31G    RAM:  0.5G     │
│                                                                              │
│ Env         connect4cnn    Evaluate      181ms  29%    Losses       0.043    │
│ Params           270.5K      Model       112ms  18%    policy      -0.002    │
│ Steps              6.1M      Env          57ms   9%    value        0.009    │
│ SPS               29.6K      Copy         10ms   1%    entropy      0.048    │
│ Epoch              2980    Train         440ms  70%    old_kl      -0.000    │
│ Uptime     3m 37s 127ms      Model       439ms  70%    kl          -0.000    │
│ To go      4m 03s 383ms      Misc          0ms   0%    clipfrac     0.000    │
│                                                                              │
│ perf                          0.922   score                         0.844    │
│ episode_return                0.844   episode_length               14.381    │
│ invalids                      0.022                                          │
╰──────────────────────────────────────────────────────────────────────────────╯
╭──────────────────────────────────────────────────────────────────────────────╮
│ PufferLib 5.0               🐡 GPU:  92%   VRAM:   5.3/31G    RAM:  0.5G     │
│                                                                              │
│ Env         connect4cnn    Evaluate      184ms  29%    Losses       0.035    │
│ Params           270.5K      Model       112ms  18%    policy      -0.003    │
│ Steps              6.1M      Env          60ms   9%    value        0.008    │
│ SPS               29.5K      Copy         10ms   1%    entropy      0.049    │
│ Epoch              2989    Train         440ms  70%    old_kl       0.000    │
│ Uptime     3m 37s 751ms      Model       439ms  70%    kl          -0.000    │
│ To go      4m 03s 482ms      Misc          0ms   0%    clipfrac     0.000    │
│                                                                              │
│ perf                          0.930   score                         0.860    │
│ episode_return                0.860   episode_length               14.322    │
│ invalids                      0.022                                          │
╰──────────────────────────────────────────────────────────────────────────────╯
╭──────────────────────────────────────────────────────────────────────────────╮
│ PufferLib 5.0              🐡  GPU:  92%   VRAM:   5.3/31G    RAM:  0.5G     │
│                                                                              │
│ Env         connect4cnn    Evaluate      182ms  29%    Losses       0.041    │
│ Params           270.5K      Model       112ms  18%    policy      -0.000    │
│ Steps              6.1M      Env          58ms   9%    value        0.008    │
│ SPS               29.6K      Copy          9ms   1%    entropy      0.048    │
│ Epoch              2998    Train         440ms  70%    old_kl       0.000    │
│ Uptime     3m 38s 374ms      Model       440ms  70%    kl          -0.000    │
│ To go      4m 02s 223ms      Misc          0ms   0%    clipfrac     0.000    │
│                                                                              │
│ perf                          0.929   score                         0.859    │
│ episode_return                0.859   episode_length               14.129    │
│ invalids                      0.016                                          │
╰──────────────────────────────────────────────────────────────────────────────╯
╭──────────────────────────────────────────────────────────────────────────────╮
│ PufferLib 5.0             🐡   GPU:  87%   VRAM:   5.3/31G    RAM:  0.5G     │
│                                                                              │
│ Env         connect4cnn    Evaluate      185ms  29%    Losses       0.040    │
│ Params           270.5K      Model       112ms  18%    policy      -0.001    │
│ Steps              6.2M      Env          58ms   9%    value        0.008    │
│ SPS               29.8K      Copy         12ms   1%    entropy      0.046    │
│ Epoch              3007    Train         433ms  70%    old_kl      -0.000    │
│ Uptime     3m 38s 993ms      Model       433ms  70%    kl          -0.000    │
│ To go      4m 00s 288ms      Misc          0ms   0%    clipfrac     0.000    │
│                                                                              │
│ perf                          0.918   score                         0.837    │
│ episode_return                0.837   episode_length               14.339    │
│ invalids                      0.025                                          │
╰──────────────────────────────────────────────────────────────────────────────╯
╭──────────────────────────────────────────────────────────────────────────────╮
│ PufferLib 5.0            🐡    GPU:  93%   VRAM:   5.3/31G    RAM:  0.5G     │
│                                                                              │
│ Env         connect4cnn    Evaluate      183ms  29%    Losses       0.039    │
│ Params           270.5K      Model       112ms  18%    policy       0.000    │
│ Steps              6.2M      Env          59ms   9%    value        0.008    │
│ SPS               29.6K      Copy         10ms   1%    entropy      0.043    │
│ Epoch              3016    Train         438ms  70%    old_kl      -0.000    │
│ Uptime     3m 39s 615ms      Model       438ms  70%    kl          -0.000    │
│ To go      4m 00s 831ms      Misc          0ms   0%    clipfrac     0.000    │
│                                                                              │
│ perf                          0.944   score                         0.889    │
│ episode_return                0.889   episode_length               14.089    │
│ invalids                      0.014                                          │
╰──────────────────────────────────────────────────────────────────────────────╯
╭──────────────────────────────────────────────────────────────────────────────╮
│ PufferLib 5.0           🐡     GPU:  93%   VRAM:   5.3/31G    RAM:  0.5G     │
│                                                                              │
│ Env         connect4cnn    Evaluate      181ms  28%    Losses       0.042    │
│ Params           270.5K      Model       112ms  17%    policy       0.002    │
│ Steps              6.2M      Env          59ms   9%    value        0.008    │
│ SPS               29.4K      Copy          8ms   1%    entropy      0.042    │
│ Epoch              3025    Train         446ms  71%    old_kl      -0.000    │
│ Uptime     3m 40s 243ms      Model       446ms  71%    kl          -0.000    │
│ To go      4m 02s 343ms      Misc          0ms   0%    clipfrac     0.000    │
│                                                                              │
│ perf                          0.930   score                         0.860    │
│ episode_return                0.860   episode_length               14.009    │
│ invalids                      0.016                                          │
╰──────────────────────────────────────────────────────────────────────────────╯
╭──────────────────────────────────────────────────────────────────────────────╮
│ PufferLib 5.0          🐡      GPU:  87%   VRAM:   5.3/31G    RAM:  0.5G     │
│                                                                              │
│ Env         connect4cnn    Evaluate      184ms  29%    Losses       0.031    │
│ Params           270.5K      Model       112ms  18%    policy       0.003    │
│ Steps              6.2M      Env          58ms   9%    value        0.006    │
│ SPS               29.6K      Copy         12ms   1%    entropy      0.043    │
│ Epoch              3034    Train         438ms  70%    old_kl       0.000    │
│ Uptime     3m 40s 865ms      Model       438ms  70%    kl          -0.000    │
│ To go      3m 59s 630ms      Misc          0ms   0%    clipfrac     0.000    │
│                                                                              │
│ perf                          0.947   score                         0.895    │
│ episode_return                0.895   episode_length               14.265    │
│ invalids                      0.013                                          │
╰──────────────────────────────────────────────────────────────────────────────╯
╭──────────────────────────────────────────────────────────────────────────────╮
│ PufferLib 5.0         🐡       GPU:  94%   VRAM:   5.3/31G    RAM:  0.5G     │
│                                                                              │
│ Env         connect4cnn    Evaluate      184ms  29%    Losses       0.039    │
│ Params           270.5K      Model       112ms  18%    policy       0.002    │
│ Steps              6.2M      Env          59ms   9%    value        0.007    │
│ SPS               29.8K      Copy         10ms   1%    entropy      0.044    │
│ Epoch              3043    Train         435ms  70%    old_kl       0.000    │
│ Uptime     3m 41s 484ms      Model       435ms  70%    kl          -0.000    │
│ To go      3m 57s 764ms      Misc          0ms   0%    clipfrac     0.000    │
│                                                                              │
│ perf                          0.933   score                         0.867    │
│ episode_return                0.867   episode_length               14.215    │
│ invalids                      0.019                                          │
╰──────────────────────────────────────────────────────────────────────────────╯
╭──────────────────────────────────────────────────────────────────────────────╮
│ PufferLib 5.0        🐡        GPU:  94%   VRAM:   5.3/31G    RAM:  0.5G     │
│                                                                              │
│ Env         connect4cnn    Evaluate      183ms  29%    Losses       0.039    │
│ Params           270.5K      Model       112ms  18%    policy      -0.001    │
│ Steps              6.3M      Env          59ms   9%    value        0.008    │
│ SPS               29.6K      Copy          9ms   1%    entropy      0.042    │
│ Epoch              3052    Train         439ms  70%    old_kl       0.000    │
│ Uptime     3m 42s 106ms      Model       439ms  70%    kl          -0.000    │
│ To go      3m 58s 192ms      Misc          0ms   0%    clipfrac     0.000    │
│                                                                              │
│ perf                          0.931   score                         0.863    │
│ episode_return                0.863   episode_length               14.241    │
│ invalids                      0.021                                          │
╰──────────────────────────────────────────────────────────────────────────────╯
╭──────────────────────────────────────────────────────────────────────────────╮
│ PufferLib 5.0       🐡         GPU:  86%   VRAM:   5.3/31G    RAM:  0.5G     │
│                                                                              │
│ Env         connect4cnn    Evaluate      181ms  29%    Losses       0.036    │
│ Params           270.5K      Model       112ms  18%    policy      -0.001    │
│ Steps              6.3M      Env          58ms   9%    value        0.007    │
│ SPS               29.6K      Copy          9ms   1%    entropy      0.046    │
│ Epoch              3061    Train         441ms  70%    old_kl       0.000    │
│ Uptime     3m 42s 728ms      Model       440ms  70%    kl          -0.000    │
│ To go      3m 57s 828ms      Misc          0ms   0%    clipfrac     0.000    │
│                                                                              │
│ perf                          0.937   score                         0.874    │
│ episode_return                0.874   episode_length               14.386    │
│ invalids                      0.012                                          │
╰──────────────────────────────────────────────────────────────────────────────╯
╭──────────────────────────────────────────────────────────────────────────────╮
│ PufferLib 5.0      🐡          GPU:  86%   VRAM:   5.3/31G    RAM:  0.5G     │
│                                                                              │
│ Env         connect4cnn    Evaluate      184ms  29%    Losses       0.041    │
│ Params           270.5K      Model       112ms  17%    policy       0.005    │
│ Steps              6.3M      Env          58ms   9%    value        0.007    │
│ SPS               29.5K      Copy         11ms   1%    entropy      0.046    │
│ Epoch              3070    Train         440ms  70%    old_kl       0.000    │
│ Uptime     3m 43s 353ms      Model       440ms  70%    kl          -0.000    │
│ To go      3m 58s 125ms      Misc          0ms   0%    clipfrac     0.000    │
│                                                                              │
│ perf                          0.937   score                         0.874    │
│ episode_return                0.874   episode_length               14.227    │
│ invalids                      0.013                                          │
╰──────────────────────────────────────────────────────────────────────────────╯
╭──────────────────────────────────────────────────────────────────────────────╮
│ PufferLib 5.0     🐡           GPU:  93%   VRAM:   5.3/31G    RAM:  0.5G     │
│                                                                              │
│ Env         connect4cnn    Evaluate      183ms  29%    Losses       0.033    │
│ Params           270.5K      Model       112ms  18%    policy      -0.004    │
│ Steps              6.3M      Env          59ms   9%    value        0.007    │
│ SPS               29.6K      Copy         10ms   1%    entropy      0.045    │
│ Epoch              3079    Train         439ms  70%    old_kl      -0.000    │
│ Uptime     3m 43s 975ms      Model       439ms  70%    kl          -0.000    │
│ To go      3m 56s 573ms      Misc          0ms   0%    clipfrac     0.000    │
│                                                                              │
│ perf                          0.937   score                         0.873    │
│ episode_return                0.873   episode_length               14.084    │
│ invalids                      0.018                                          │
╰──────────────────────────────────────────────────────────────────────────────╯
╭──────────────────────────────────────────────────────────────────────────────╮
│ PufferLib 5.0    🐡            GPU:  88%   VRAM:   5.3/31G    RAM:  0.5G     │
│                                                                              │
│ Env         connect4cnn    Evaluate      182ms  29%    Losses       0.033    │
│ Params           270.5K      Model       112ms  18%    policy       0.001    │
│ Steps              6.3M      Env          58ms   9%    value        0.006    │
│ SPS               29.7K      Copy          9ms   1%    entropy      0.041    │
│ Epoch              3088    Train         438ms  70%    old_kl      -0.000    │
│ Uptime     3m 44s 596ms      Model       438ms  70%    kl          -0.000    │
│ To go      3m 55s 304ms      Misc          0ms   0%    clipfrac     0.000    │
│                                                                              │
│ perf                          0.934   score                         0.868    │
│ episode_return                0.868   episode_length               14.212    │
│ invalids                      0.011                                          │
╰──────────────────────────────────────────────────────────────────────────────╯
╭──────────────────────────────────────────────────────────────────────────────╮
│ PufferLib 5.0   🐡             GPU:  88%   VRAM:   5.3/31G    RAM:  0.5G     │
│                                                                              │
│ Env         connect4cnn    Evaluate      183ms  29%    Losses       0.036    │
│ Params           270.5K      Model       112ms  17%    policy       0.002    │
│ Steps              6.3M      Env          58ms   9%    value        0.007    │
│ SPS               29.5K      Copy         10ms   1%    entropy      0.040    │
│ Epoch              3097    Train         442ms  70%    old_kl       0.000    │
│ Uptime     3m 45s 222ms      Model       442ms  70%    kl          -0.000    │
│ To go      3m 56s 617ms      Misc          0ms   0%    clipfrac     0.000    │
│                                                                              │
│ perf                          0.939   score                         0.877    │
│ episode_return                0.877   episode_length               14.145    │
│ invalids                      0.019                                          │
╰──────────────────────────────────────────────────────────────────────────────╯
╭──────────────────────────────────────────────────────────────────────────────╮
│ PufferLib 5.0  🐡              GPU:  92%   VRAM:   5.3/31G    RAM:  0.5G     │
│                                                                              │
│ Env         connect4cnn    Evaluate      183ms  29%    Losses       0.031    │
│ Params           270.5K      Model       112ms  17%    policy      -0.000    │
│ Steps              6.4M      Env          60ms   9%    value        0.006    │
│ SPS               29.4K      Copy          9ms   1%    entropy      0.043    │
│ Epoch              3106    Train         443ms  70%    old_kl      -0.000    │
│ Uptime     3m 45s 848ms      Model       443ms  70%    kl          -0.000    │
│ To go      3m 56s 208ms      Misc          0ms   0%    clipfrac     0.000    │
│                                                                              │
│ perf                          0.943   score                         0.886    │
│ episode_return                0.886   episode_length               14.203    │
│ invalids                      0.016                                          │
╰──────────────────────────────────────────────────────────────────────────────╯
╭──────────────────────────────────────────────────────────────────────────────╮
│ PufferLib 5.0 🐡               GPU:  91%   VRAM:   5.3/31G    RAM:  0.5G     │
│                                                                              │
│ Env         connect4cnn    Evaluate      183ms  29%    Losses       0.037    │
│ Params           270.5K      Model       112ms  18%    policy      -0.001    │
│ Steps              6.4M      Env          59ms   9%    value        0.008    │
│ SPS               29.7K      Copy         10ms   1%    entropy      0.046    │
│ Epoch              3115    Train         438ms  70%    old_kl       0.000    │
│ Uptime     3m 46s 470ms      Model       438ms  70%    kl          -0.000    │
│ To go      3m 53s 701ms      Misc          0ms   0%    clipfrac     0.000    │
│                                                                              │
│ perf                          0.932   score                         0.864    │
│ episode_return                0.864   episode_length               14.112    │
│ invalids                      0.013                                          │
╰──────────────────────────────────────────────────────────────────────────────╯
╭──────────────────────────────────────────────────────────────────────────────╮
│ PufferLib 5.0🐡                GPU:  91%   VRAM:   5.3/31G    RAM:  0.5G     │
│                                                                              │
│ Env         connect4cnn    Evaluate      183ms  29%    Losses       0.038    │
│ Params           270.5K      Model       112ms  18%    policy       0.005    │
│ Steps              6.4M      Env          59ms   9%    value        0.007    │
│ SPS               29.7K      Copy          9ms   1%    entropy      0.044    │
│ Epoch              3124    Train         437ms  70%    old_kl       0.000    │
│ Uptime     3m 47s 091ms      Model       437ms  70%    kl          -0.000    │
│ To go      3m 52s 933ms      Misc          0ms   0%    clipfrac     0.000    │
│                                                                              │
│ perf                          0.937   score                         0.874    │
│ episode_return                0.874   episode_length               14.019    │
│ invalids                      0.015                                          │
╰──────────────────────────────────────────────────────────────────────────────╯
╭──────────────────────────────────────────────────────────────────────────────╮
│ PufferLib 5.0               🐡 GPU:  89%   VRAM:   5.3/31G    RAM:  0.5G     │
│                                                                              │
│ Env         connect4cnn    Evaluate      182ms  29%    Losses       0.029    │
│ Params           270.5K      Model       112ms  18%    policy      -0.002    │
│ Steps              6.4M      Env          59ms   9%    value        0.006    │
│ SPS               29.6K      Copy          9ms   1%    entropy      0.043    │
│ Epoch              3133    Train         440ms  70%    old_kl       0.000    │
│ Uptime     3m 47s 712ms      Model       439ms  70%    kl          -0.000    │
│ To go      3m 52s 651ms      Misc          0ms   0%    clipfrac     0.000    │
│                                                                              │
│ perf                          0.938   score                         0.877    │
│ episode_return                0.877   episode_length               14.186    │
│ invalids                      0.015                                          │
╰──────────────────────────────────────────────────────────────────────────────╯
╭──────────────────────────────────────────────────────────────────────────────╮
│ PufferLib 5.0              🐡  GPU:  89%   VRAM:   5.3/31G    RAM:  0.5G     │
│                                                                              │
│ Env         connect4cnn    Evaluate      183ms  29%    Losses       0.038    │
│ Params           270.5K      Model       112ms  17%    policy      -0.002    │
│ Steps              6.4M      Env          59ms   9%    value        0.008    │
│ SPS               29.5K      Copy         10ms   1%    entropy      0.044    │
│ Epoch              3142    Train         441ms  70%    old_kl      -0.000    │
│ Uptime     3m 48s 337ms      Model       441ms  70%    kl          -0.000    │
│ To go      3m 53s 135ms      Misc          0ms   0%    clipfrac     0.000    │
│                                                                              │
│ perf                          0.938   score                         0.875    │
│ episode_return                0.875   episode_length               14.236    │
│ invalids                      0.017                                          │
╰──────────────────────────────────────────────────────────────────────────────╯
╭──────────────────────────────────────────────────────────────────────────────╮
│ PufferLib 5.0             🐡   GPU:  93%   VRAM:   5.3/31G    RAM:  0.5G     │
│                                                                              │
│ Env         connect4cnn    Evaluate      183ms  29%    Losses       0.036    │
│ Params           270.5K      Model       112ms  18%    policy       0.001    │
│ Steps              6.5M      Env          58ms   9%    value        0.007    │
│ SPS               29.7K      Copy         10ms   1%    entropy      0.041    │
│ Epoch              3151    Train         437ms  70%    old_kl       0.000    │
│ Uptime     3m 48s 958ms      Model       437ms  70%    kl          -0.000    │
│ To go      3m 50s 851ms      Misc          0ms   0%    clipfrac     0.000    │
│                                                                              │
│ perf                          0.938   score                         0.876    │
│ episode_return                0.876   episode_length               14.280    │
│ invalids                      0.015                                          │
╰──────────────────────────────────────────────────────────────────────────────╯
╭──────────────────────────────────────────────────────────────────────────────╮
│ PufferLib 5.0            🐡    GPU:  88%   VRAM:   5.3/31G    RAM:  0.5G     │
│                                                                              │
│ Env         connect4cnn    Evaluate      183ms  29%    Losses       0.034    │
│ Params           270.5K      Model       112ms  18%    policy      -0.002    │
│ Steps              6.5M      Env          59ms   9%    value        0.007    │
│ SPS               29.8K      Copy         10ms   1%    entropy      0.040    │
│ Epoch              3160    Train         436ms  70%    old_kl       0.000    │
│ Uptime     3m 49s 577ms      Model       436ms  70%    kl          -0.000    │
│ To go      3m 49s 715ms      Misc          0ms   0%    clipfrac     0.000    │
│                                                                              │
│ perf                          0.932   score                         0.864    │
│ episode_return                0.864   episode_length               14.391    │
│ invalids                      0.012                                          │
╰──────────────────────────────────────────────────────────────────────────────╯
╭──────────────────────────────────────────────────────────────────────────────╮
│ PufferLib 5.0           🐡     GPU:  88%   VRAM:   5.3/31G    RAM:  0.5G     │
│                                                                              │
│ Env         connect4cnn    Evaluate      181ms  29%    Losses       0.035    │
│ Params           270.5K      Model       112ms  18%    policy      -0.001    │
│ Steps              6.5M      Env          58ms   9%    value        0.007    │
│ SPS               29.7K      Copy          9ms   1%    entropy      0.044    │
│ Epoch              3169    Train         440ms  70%    old_kl      -0.000    │
│ Uptime     3m 50s 198ms      Model       440ms  70%    kl          -0.000    │
│ To go      3m 49s 887ms      Misc          0ms   0%    clipfrac     0.000    │
│                                                                              │
│ perf                          0.942   score                         0.883    │
│ episode_return                0.883   episode_length               14.367    │
│ invalids                      0.015                                          │
╰──────────────────────────────────────────────────────────────────────────────╯
╭──────────────────────────────────────────────────────────────────────────────╮
│ PufferLib 5.0          🐡      GPU:  93%   VRAM:   5.3/31G    RAM:  0.5G     │
│                                                                              │
│ Env         connect4cnn    Evaluate      182ms  29%    Losses       0.034    │
│ Params           270.5K      Model       112ms  17%    policy      -0.002    │
│ Steps              6.5M      Env          60ms   9%    value        0.007    │
│ SPS               29.3K      Copy          9ms   1%    entropy      0.037    │
│ Epoch              3178    Train         446ms  70%    old_kl       0.000    │
│ Uptime     3m 50s 827ms      Model       445ms  70%    kl          -0.000    │
│ To go      3m 52s 114ms      Misc          0ms   0%    clipfrac     0.000    │
│                                                                              │
│ perf                          0.931   score                         0.861    │
│ episode_return                0.861   episode_length               14.124    │
│ invalids                      0.015                                          │
╰──────────────────────────────────────────────────────────────────────────────╯
╭──────────────────────────────────────────────────────────────────────────────╮
│ PufferLib 5.0         🐡       GPU:  86%   VRAM:   5.3/31G    RAM:  0.5G     │
│                                                                              │
│ Env         connect4cnn    Evaluate      182ms  29%    Losses       0.039    │
│ Params           270.5K      Model       112ms  18%    policy       0.001    │
│ Steps              6.5M      Env          58ms   9%    value        0.008    │
│ SPS               29.8K      Copy         10ms   1%    entropy      0.044    │
│ Epoch              3187    Train         437ms  70%    old_kl       0.000    │
│ Uptime     3m 51s 446ms      Model       436ms  70%    kl          -0.000    │
│ To go      3m 47s 942ms      Misc          0ms   0%    clipfrac     0.000    │
│                                                                              │
│ perf                          0.934   score                         0.867    │
│ episode_return                0.867   episode_length               14.271    │
│ invalids                      0.015                                          │
╰──────────────────────────────────────────────────────────────────────────────╯
╭──────────────────────────────────────────────────────────────────────────────╮
│ PufferLib 5.0        🐡        GPU:  86%   VRAM:   5.3/31G    RAM:  0.5G     │
│                                                                              │
│ Env         connect4cnn    Evaluate      183ms  29%    Losses       0.040    │
│ Params           270.5K      Model       112ms  18%    policy       0.003    │
│ Steps              6.5M      Env          58ms   9%    value        0.007    │
│ SPS               29.6K      Copy         11ms   1%    entropy      0.039    │
│ Epoch              3196    Train         439ms  70%    old_kl      -0.000    │
│ Uptime     3m 52s 069ms      Model       439ms  70%    kl          -0.000    │
│ To go      3m 48s 634ms      Misc          0ms   0%    clipfrac     0.000    │
│                                                                              │
│ perf                          0.939   score                         0.878    │
│ episode_return                0.878   episode_length               14.229    │
│ invalids                      0.013                                          │
╰──────────────────────────────────────────────────────────────────────────────╯
╭──────────────────────────────────────────────────────────────────────────────╮
│ PufferLib 5.0       🐡         GPU:  93%   VRAM:   5.3/31G    RAM:  0.5G     │
│                                                                              │
│ Env         connect4cnn    Evaluate      183ms  29%    Losses       0.037    │
│ Params           270.5K      Model       112ms  18%    policy       0.001    │
│ Steps              6.6M      Env          59ms   9%    value        0.007    │
│ SPS               29.6K      Copy         10ms   1%    entropy      0.039    │
│ Epoch              3205    Train         438ms  70%    old_kl       0.000    │
│ Uptime     3m 52s 691ms      Model       438ms  70%    kl          -0.000    │
│ To go      3m 47s 717ms      Misc          0ms   0%    clipfrac     0.000    │
│                                                                              │
│ perf                          0.936   score                         0.872    │
│ episode_return                0.872   episode_length               14.363    │
│ invalids                      0.020                                          │
╰──────────────────────────────────────────────────────────────────────────────╯
╭──────────────────────────────────────────────────────────────────────────────╮
│ PufferLib 5.0      🐡          GPU:  93%   VRAM:   5.3/31G    RAM:  0.5G     │
│                                                                              │
│ Env         connect4cnn    Evaluate      182ms  29%    Losses       0.035    │
│ Params           270.5K      Model       112ms  18%    policy      -0.002    │
│ Steps              6.6M      Env          59ms   9%    value        0.007    │
│ SPS               29.6K      Copy          9ms   1%    entropy      0.044    │
│ Epoch              3214    Train         441ms  70%    old_kl       0.000    │
│ Uptime     3m 53s 314ms      Model       440ms  70%    kl          -0.000    │
│ To go      3m 47s 409ms      Misc          0ms   0%    clipfrac     0.000    │
│                                                                              │
│ perf                          0.939   score                         0.878    │
│ episode_return                0.878   episode_length               14.221    │
│ invalids                      0.014                                          │
╰──────────────────────────────────────────────────────────────────────────────╯
╭──────────────────────────────────────────────────────────────────────────────╮
│ PufferLib 5.0     🐡           GPU:  87%   VRAM:   5.3/31G    RAM:  0.5G     │
│                                                                              │
│ Env         connect4cnn    Evaluate      183ms  29%    Losses       0.033    │
│ Params           270.5K      Model       112ms  18%    policy       0.001    │
│ Steps              6.6M      Env          59ms   9%    value        0.006    │
│ SPS               29.6K      Copy         10ms   1%    entropy      0.043    │
│ Epoch              3223    Train         440ms  70%    old_kl       0.000    │
│ Uptime     3m 53s 937ms      Model       440ms  70%    kl          -0.000    │
│ To go      3m 46s 969ms      Misc          0ms   0%    clipfrac     0.000    │
│                                                                              │
│ perf                          0.932   score                         0.864    │
│ episode_return                0.864   episode_length               14.133    │
│ invalids                      0.018                                          │
╰──────────────────────────────────────────────────────────────────────────────╯
╭──────────────────────────────────────────────────────────────────────────────╮
│ PufferLib 5.0    🐡            GPU:  93%   VRAM:   5.3/31G    RAM:  0.5G     │
│                                                                              │
│ Env         connect4cnn    Evaluate      183ms  29%    Losses       0.032    │
│ Params           270.5K      Model       112ms  18%    policy       0.001    │
│ Steps              6.6M      Env          59ms   9%    value        0.006    │
│ SPS               29.6K      Copy         10ms   1%    entropy      0.040    │
│ Epoch              3232    Train         438ms  70%    old_kl      -0.000    │
│ Uptime     3m 54s 559ms      Model       438ms  70%    kl          -0.000    │
│ To go      3m 45s 927ms      Misc          0ms   0%    clipfrac     0.000    │
│                                                                              │
│ perf                          0.937   score                         0.875    │
│ episode_return                0.875   episode_length               14.107    │
│ invalids                      0.015                                          │
╰──────────────────────────────────────────────────────────────────────────────╯
╭──────────────────────────────────────────────────────────────────────────────╮
│ PufferLib 5.0   🐡             GPU:  93%   VRAM:   5.3/31G    RAM:  0.5G     │
│                                                                              │
│ Env         connect4cnn    Evaluate      185ms  29%    Losses       0.029    │
│ Params           270.5K      Model       112ms  18%    policy      -0.001    │
│ Steps              6.6M      Env          60ms   9%    value        0.006    │
│ SPS               29.7K      Copy         11ms   1%    entropy      0.038    │
│ Epoch              3241    Train         434ms  70%    old_kl       0.000    │
│ Uptime     3m 55s 179ms      Model       434ms  70%    kl          -0.000    │
│ To go      3m 44s 370ms      Misc          0ms   0%    clipfrac     0.000    │
│                                                                              │
│ perf                          0.943   score                         0.887    │
│ episode_return                0.887   episode_length               14.088    │
│ invalids                      0.008                                          │
╰──────────────────────────────────────────────────────────────────────────────╯
╭──────────────────────────────────────────────────────────────────────────────╮
│ PufferLib 5.0  🐡              GPU:  86%   VRAM:   5.3/31G    RAM:  0.5G     │
│                                                                              │
│ Env         connect4cnn    Evaluate      183ms  29%    Losses       0.033    │
│ Params           270.5K      Model       112ms  17%    policy       0.002    │
│ Steps              6.7M      Env          59ms   9%    value        0.006    │
│ SPS               29.5K      Copy          9ms   1%    entropy      0.041    │
│ Epoch              3250    Train         441ms  70%    old_kl      -0.000    │
│ Uptime     3m 55s 804ms      Model       441ms  70%    kl          -0.000    │
│ To go      3m 45s 631ms      Misc          0ms   0%    clipfrac     0.000    │
│                                                                              │
│ perf                          0.939   score                         0.877    │
│ episode_return                0.877   episode_length               14.105    │
│ invalids                      0.010                                          │
╰──────────────────────────────────────────────────────────────────────────────╯
╭──────────────────────────────────────────────────────────────────────────────╮
│ PufferLib 5.0 🐡               GPU:  94%   VRAM:   5.3/31G    RAM:  0.5G     │
│                                                                              │
│ Env         connect4cnn    Evaluate      182ms  29%    Losses       0.028    │
│ Params           270.5K      Model       112ms  18%    policy      -0.001    │
│ Steps              6.7M      Env          59ms   9%    value        0.006    │
│ SPS               29.7K      Copy          9ms   1%    entropy      0.045    │
│ Epoch              3259    Train         438ms  70%    old_kl      -0.000    │
│ Uptime     3m 56s 424ms      Model       438ms  70%    kl          -0.000    │
│ To go      3m 43s 272ms      Misc          0ms   0%    clipfrac     0.000    │
│                                                                              │
│ perf                          0.941   score                         0.883    │
│ episode_return                0.883   episode_length               14.076    │
│ invalids                      0.014                                          │
╰──────────────────────────────────────────────────────────────────────────────╯
╭──────────────────────────────────────────────────────────────────────────────╮
│ PufferLib 5.0🐡                GPU:  94%   VRAM:   5.3/31G    RAM:  0.5G     │
│                                                                              │
│ Env         connect4cnn    Evaluate      184ms  29%    Losses       0.038    │
│ Params           270.5K      Model       112ms  17%    policy       0.003    │
│ Steps              6.7M      Env          60ms   9%    value        0.007    │
│ SPS               29.5K      Copy         10ms   1%    entropy      0.050    │
│ Epoch              3268    Train         440ms  70%    old_kl      -0.000    │
│ Uptime     3m 57s 048ms      Model       440ms  70%    kl          -0.000    │
│ To go      3m 44s 407ms      Misc          0ms   0%    clipfrac     0.000    │
│                                                                              │
│ perf                          0.944   score                         0.887    │
│ episode_return                0.887   episode_length               13.943    │
│ invalids                      0.008                                          │
╰──────────────────────────────────────────────────────────────────────────────╯
╭──────────────────────────────────────────────────────────────────────────────╮
│ PufferLib 5.0               🐡 GPU:  89%   VRAM:   5.3/31G    RAM:  0.5G     │
│                                                                              │
│ Env         connect4cnn    Evaluate      184ms  29%    Losses       0.038    │
│ Params           270.5K      Model       112ms  18%    policy       0.001    │
│ Steps              6.7M      Env          59ms   9%    value        0.007    │
│ SPS               29.8K      Copy         10ms   1%    entropy      0.049    │
│ Epoch              3277    Train         433ms  70%    old_kl      -0.000    │
│ Uptime     3m 57s 666ms      Model       433ms  70%    kl          -0.000    │
│ To go      3m 41s 211ms      Misc          0ms   0%    clipfrac     0.000    │
│                                                                              │
│ perf                          0.941   score                         0.883    │
│ episode_return                0.883   episode_length               14.127    │
│ invalids                      0.012                                          │
╰──────────────────────────────────────────────────────────────────────────────╯
╭──────────────────────────────────────────────────────────────────────────────╮
│ PufferLib 5.0              🐡  GPU:  89%   VRAM:   5.3/31G    RAM:  0.5G     │
│                                                                              │
│ Env         connect4cnn    Evaluate      185ms  29%    Losses       0.033    │
│ Params           270.5K      Model       112ms  18%    policy       0.001    │
│ Steps              6.7M      Env          61ms   9%    value        0.006    │
│ SPS               29.6K      Copy         10ms   1%    entropy      0.045    │
│ Epoch              3286    Train         438ms  70%    old_kl      -0.000    │
│ Uptime     3m 58s 289ms      Model       437ms  70%    kl          -0.000    │
│ To go      3m 42s 544ms      Misc          0ms   0%    clipfrac     0.000    │
│                                                                              │
│ perf                          0.943   score                         0.887    │
│ episode_return                0.887   episode_length               13.749    │
│ invalids                      0.013                                          │
╰──────────────────────────────────────────────────────────────────────────────╯
╭──────────────────────────────────────────────────────────────────────────────╮
│ PufferLib 5.0             🐡   GPU:  92%   VRAM:   5.3/31G    RAM:  0.5G     │
│                                                                              │
│ Env         connect4cnn    Evaluate      185ms  29%    Losses       0.034    │
│ Params           270.5K      Model       112ms  17%    policy       0.001    │
│ Steps              6.7M      Env          61ms   9%    value        0.007    │
│ SPS               29.2K      Copy          9ms   1%    entropy      0.045    │
│ Epoch              3295    Train         446ms  70%    old_kl       0.000    │
│ Uptime     3m 58s 921ms      Model       446ms  70%    kl          -0.000    │
│ To go      3m 44s 958ms      Misc          0ms   0%    clipfrac     0.000    │
│                                                                              │
│ perf                          0.950   score                         0.899    │
│ episode_return                0.899   episode_length               13.886    │
│ invalids                      0.010                                          │
╰──────────────────────────────────────────────────────────────────────────────╯
╭──────────────────────────────────────────────────────────────────────────────╮
│ PufferLib 5.0            🐡    GPU:  91%   VRAM:   5.3/31G    RAM:  0.5G     │
│                                                                              │
│ Env         connect4cnn    Evaluate      185ms  29%    Losses       0.031    │
│ Params           270.5K      Model       112ms  18%    policy       0.001    │
│ Steps              6.8M      Env          59ms   9%    value        0.006    │
│ SPS               29.7K      Copy         11ms   1%    entropy      0.044    │
│ Epoch              3304    Train         434ms  70%    old_kl      -0.000    │
│ Uptime     3m 59s 541ms      Model       434ms  70%    kl          -0.000    │
│ To go      3m 40s 036ms      Misc          0ms   0%    clipfrac     0.000    │
│                                                                              │
│ perf                          0.941   score                         0.882    │
│ episode_return                0.882   episode_length               13.989    │
│ invalids                      0.009                                          │
╰──────────────────────────────────────────────────────────────────────────────╯
╭──────────────────────────────────────────────────────────────────────────────╮
│ PufferLib 5.0           🐡     GPU:  91%   VRAM:   5.3/31G    RAM:  0.5G     │
│                                                                              │
│ Env         connect4cnn    Evaluate      186ms  29%    Losses       0.035    │
│ Params           270.5K      Model       112ms  18%    policy       0.001    │
│ Steps              6.8M      Env          59ms   9%    value        0.007    │
│ SPS               29.6K      Copy         12ms   1%    entropy      0.048    │
│ Epoch              3313    Train         436ms  70%    old_kl      -0.000    │
│ Uptime     4m 00s 163ms      Model       436ms  70%    kl          -0.000    │
│ To go      3m 40s 371ms      Misc          0ms   0%    clipfrac     0.000    │
│                                                                              │
│ perf                          0.941   score                         0.882    │
│ episode_return                0.882   episode_length               13.959    │
│ invalids                      0.011                                          │
╰──────────────────────────────────────────────────────────────────────────────╯
╭──────────────────────────────────────────────────────────────────────────────╮
│ PufferLib 5.0          🐡      GPU:  87%   VRAM:   5.3/31G    RAM:  0.5G     │
│                                                                              │
│ Env         connect4cnn    Evaluate      184ms  29%    Losses       0.033    │
│ Params           270.5K      Model       112ms  17%    policy       0.002    │
│ Steps              6.8M      Env          60ms   9%    value        0.006    │
│ SPS               29.4K      Copy         10ms   1%    entropy      0.045    │
│ Epoch              3322    Train         442ms  70%    old_kl       0.000    │
│ Uptime     4m 00s 789ms      Model       442ms  70%    kl          -0.000    │
│ To go      3m 41s 229ms      Misc          0ms   0%    clipfrac     0.000    │
│                                                                              │
│ perf                          0.947   score                         0.893    │
│ episode_return                0.893   episode_length               13.691    │
│ invalids                      0.008                                          │
╰──────────────────────────────────────────────────────────────────────────────╯
╭──────────────────────────────────────────────────────────────────────────────╮
│ PufferLib 5.0         🐡       GPU:  87%   VRAM:   5.3/31G    RAM:  0.5G     │
│                                                                              │
│ Env         connect4cnn    Evaluate      183ms  29%    Losses       0.035    │
│ Params           270.5K      Model       112ms  18%    policy       0.003    │
│ Steps              6.8M      Env          59ms   9%    value        0.006    │
│ SPS               29.6K      Copy          9ms   1%    entropy      0.051    │
│ Epoch              3331    Train         439ms  70%    old_kl       0.000    │
│ Uptime     4m 01s 412ms      Model       439ms  70%    kl          -0.000    │
│ To go      3m 39s 254ms      Misc          0ms   0%    clipfrac     0.000    │
│                                                                              │
│ perf                          0.954   score                         0.909    │
│ episode_return                0.909   episode_length               13.940    │
│ invalids                      0.014                                          │
╰──────────────────────────────────────────────────────────────────────────────╯
╭──────────────────────────────────────────────────────────────────────────────╮
│ PufferLib 5.0        🐡        GPU:  93%   VRAM:   5.3/31G    RAM:  0.5G     │
│                                                                              │
│ Env         connect4cnn    Evaluate      185ms  29%    Losses       0.028    │
│ Params           270.5K      Model       112ms  18%    policy      -0.002    │
│ Steps              6.8M      Env          59ms   9%    value        0.006    │
│ SPS               29.6K      Copy         11ms   1%    entropy      0.047    │
│ Epoch              3340    Train         436ms  70%    old_kl       0.000    │
│ Uptime     4m 02s 034ms      Model       436ms  70%    kl          -0.000    │
│ To go      3m 38s 402ms      Misc          0ms   0%    clipfrac     0.000    │
│                                                                              │
│ perf                          0.943   score                         0.887    │
│ episode_return                0.887   episode_length               13.932    │
│ invalids                      0.012                                          │
╰──────────────────────────────────────────────────────────────────────────────╯
╭──────────────────────────────────────────────────────────────────────────────╮
│ PufferLib 5.0       🐡         GPU:  87%   VRAM:   5.3/31G    RAM:  0.5G     │
│                                                                              │
│ Env         connect4cnn    Evaluate      183ms  29%    Losses       0.031    │
│ Params           270.5K      Model       112ms  18%    policy       0.000    │
│ Steps              6.9M      Env          58ms   9%    value        0.006    │
│ SPS               29.6K      Copy         10ms   1%    entropy      0.048    │
│ Epoch              3349    Train         439ms  70%    old_kl      -0.000    │
│ Uptime     4m 02s 657ms      Model       439ms  70%    kl          -0.000    │
│ To go      3m 38s 062ms      Misc          0ms   0%    clipfrac     0.000    │
│                                                                              │
│ perf                          0.949   score                         0.899    │
│ episode_return                0.899   episode_length               13.935    │
│ invalids                      0.012                                          │
╰──────────────────────────────────────────────────────────────────────────────╯
╭──────────────────────────────────────────────────────────────────────────────╮
│ PufferLib 5.0      🐡          GPU:  87%   VRAM:   5.3/31G    RAM:  0.5G     │
│                                                                              │
│ Env         connect4cnn    Evaluate      183ms  29%    Losses       0.033    │
│ Params           270.5K      Model       112ms  18%    policy       0.001    │
│ Steps              6.9M      Env          59ms   9%    value        0.006    │
│ SPS               29.6K      Copy          9ms   1%    entropy      0.048    │
│ Epoch              3358    Train         439ms  70%    old_kl       0.000    │
│ Uptime     4m 03s 280ms      Model       439ms  70%    kl          -0.000    │
│ To go      3m 37s 325ms      Misc          0ms   0%    clipfrac     0.000    │
│                                                                              │
│ perf                          0.940   score                         0.881    │
│ episode_return                0.881   episode_length               13.731    │
│ invalids                      0.021                                          │
╰──────────────────────────────────────────────────────────────────────────────╯
╭──────────────────────────────────────────────────────────────────────────────╮
│ PufferLib 5.0     🐡           GPU:  93%   VRAM:   5.3/31G    RAM:  0.5G     │
│                                                                              │
│ Env         connect4cnn    Evaluate      183ms  29%    Losses       0.034    │
│ Params           270.5K      Model       112ms  17%    policy       0.001    │
│ Steps              6.9M      Env          59ms   9%    value        0.007    │
│ SPS               29.4K      Copy          9ms   1%    entropy      0.046    │
│ Epoch              3367    Train         442ms  70%    old_kl      -0.000    │
│ Uptime     4m 03s 906ms      Model       442ms  70%    kl          -0.000    │
│ To go      3m 38s 001ms      Misc          0ms   0%    clipfrac     0.000    │
│                                                                              │
│ perf                          0.946   score                         0.892    │
│ episode_return                0.892   episode_length               13.836    │
│ invalids                      0.010                                          │
╰──────────────────────────────────────────────────────────────────────────────╯
╭──────────────────────────────────────────────────────────────────────────────╮
│ PufferLib 5.0    🐡            GPU:  86%   VRAM:   5.3/31G    RAM:  0.5G     │
│                                                                              │
│ Env         connect4cnn    Evaluate      183ms  29%    Losses       0.032    │
│ Params           270.5K      Model       112ms  18%    policy       0.001    │
│ Steps              6.9M      Env          60ms   9%    value        0.006    │
│ SPS               29.7K      Copy          9ms   1%    entropy      0.050    │
│ Epoch              3376    Train         438ms  70%    old_kl       0.000    │
│ Uptime     4m 04s 527ms      Model       438ms  70%    kl          -0.000    │
│ To go      3m 35s 620ms      Misc          0ms   0%    clipfrac     0.000    │
│                                                                              │
│ perf                          0.946   score                         0.893    │
│ episode_return                0.893   episode_length               13.739    │
│ invalids                      0.013                                          │
╰──────────────────────────────────────────────────────────────────────────────╯
╭──────────────────────────────────────────────────────────────────────────────╮
│ PufferLib 5.0   🐡             GPU:  86%   VRAM:   5.3/31G    RAM:  0.5G     │
│                                                                              │
│ Env         connect4cnn    Evaluate      184ms  29%    Losses       0.034    │
│ Params           270.5K      Model       112ms  17%    policy       0.000    │
│ Steps              6.9M      Env          60ms   9%    value        0.007    │
│ SPS               29.5K      Copy         10ms   1%    entropy      0.047    │
│ Epoch              3385    Train         442ms  70%    old_kl      -0.000    │
│ Uptime     4m 05s 153ms      Model       442ms  70%    kl          -0.000    │
│ To go      3m 36s 604ms      Misc          0ms   0%    clipfrac     0.000    │
│                                                                              │
│ perf                          0.945   score                         0.891    │
│ episode_return                0.891   episode_length               13.868    │
│ invalids                      0.010                                          │
╰──────────────────────────────────────────────────────────────────────────────╯
╭──────────────────────────────────────────────────────────────────────────────╮
│ PufferLib 5.0  🐡              GPU:  91%   VRAM:   5.3/31G    RAM:  0.5G     │
│                                                                              │
│ Env         connect4cnn    Evaluate      184ms  29%    Losses       0.032    │
│ Params           270.5K      Model       112ms  18%    policy       0.000    │
│ Steps              7.0M      Env          60ms   9%    value        0.006    │
│ SPS               29.6K      Copy          9ms   1%    entropy      0.048    │
│ Epoch              3394    Train         439ms  70%    old_kl       0.000    │
│ Uptime     4m 05s 776ms      Model       439ms  70%    kl          -0.000    │
│ To go      3m 35s 128ms      Misc          0ms   0%    clipfrac     0.000    │
│                                                                              │
│ perf                          0.944   score                         0.888    │
│ episode_return                0.888   episode_length               13.882    │
│ invalids                      0.014                                          │
╰──────────────────────────────────────────────────────────────────────────────╯
╭──────────────────────────────────────────────────────────────────────────────╮
│ PufferLib 5.0 🐡               GPU:  91%   VRAM:   5.3/31G    RAM:  0.5G     │
│                                                                              │
│ Env         connect4cnn    Evaluate      183ms  29%    Losses       0.025    │
│ Params           270.5K      Model       112ms  18%    policy      -0.001    │
│ Steps              7.0M      Env          59ms   9%    value        0.005    │
│ SPS               29.7K      Copy          9ms   1%    entropy      0.043    │
│ Epoch              3403    Train         436ms  70%    old_kl       0.000    │
│ Uptime     4m 06s 396ms      Model       436ms  70%    kl          -0.000    │
│ To go      3m 33s 313ms      Misc          0ms   0%    clipfrac     0.000    │
│                                                                              │
│ perf                          0.955   score                         0.910    │
│ episode_return                0.910   episode_length               13.827    │
│ invalids                      0.011                                          │
╰──────────────────────────────────────────────────────────────────────────────╯
╭──────────────────────────────────────────────────────────────────────────────╮
│ PufferLib 5.0🐡                GPU:  91%   VRAM:   5.3/31G    RAM:  0.5G     │
│                                                                              │
│ Env         connect4cnn    Evaluate      183ms  29%    Losses       0.028    │
│ Params           270.5K      Model       112ms  18%    policy      -0.002    │
│ Steps              7.0M      Env          59ms   9%    value        0.006    │
│ SPS               29.5K      Copy         10ms   1%    entropy      0.042    │
│ Epoch              3412    Train         440ms  70%    old_kl      -0.000    │
│ Uptime     4m 07s 020ms      Model       440ms  70%    kl          -0.000    │
│ To go      3m 34s 124ms      Misc          0ms   0%    clipfrac     0.000    │
│                                                                              │
│ perf                          0.954   score                         0.908    │
│ episode_return                0.908   episode_length               13.864    │
│ invalids                      0.008                                          │
╰──────────────────────────────────────────────────────────────────────────────╯
╭──────────────────────────────────────────────────────────────────────────────╮
│ PufferLib 5.0               🐡 GPU:  90%   VRAM:   5.3/31G    RAM:  0.5G     │
│                                                                              │
│ Env         connect4cnn    Evaluate      184ms  29%    Losses       0.028    │
│ Params           270.5K      Model       112ms  18%    policy      -0.001    │
│ Steps              7.0M      Env          59ms   9%    value        0.006    │
│ SPS               29.6K      Copy         10ms   1%    entropy      0.045    │
│ Epoch              3421    Train         438ms  70%    old_kl      -0.000    │
│ Uptime     4m 07s 643ms      Model       438ms  70%    kl          -0.000    │
│ To go      3m 33s 030ms      Misc          0ms   0%    clipfrac     0.000    │
│                                                                              │
│ perf                          0.940   score                         0.880    │
│ episode_return                0.880   episode_length               13.897    │
│ invalids                      0.014                                          │
╰──────────────────────────────────────────────────────────────────────────────╯
╭──────────────────────────────────────────────────────────────────────────────╮
│ PufferLib 5.0              🐡  GPU:  90%   VRAM:   5.3/31G    RAM:  0.5G     │
│                                                                              │
│ Env         connect4cnn    Evaluate      183ms  29%    Losses       0.034    │
│ Params           270.5K      Model       112ms  18%    policy      -0.001    │
│ Steps              7.0M      Env          60ms   9%    value        0.007    │
│ SPS               29.6K      Copy          9ms   1%    entropy      0.045    │
│ Epoch              3430    Train         439ms  70%    old_kl      -0.000    │
│ Uptime     4m 08s 266ms      Model       439ms  70%    kl          -0.000    │
│ To go      3m 32s 584ms      Misc          0ms   0%    clipfrac     0.000    │
│                                                                              │
│ perf                          0.938   score                         0.875    │
│ episode_return                0.875   episode_length               13.965    │
│ invalids                      0.014                                          │
╰──────────────────────────────────────────────────────────────────────────────╯
╭──────────────────────────────────────────────────────────────────────────────╮
│ PufferLib 5.0             🐡   GPU:  92%   VRAM:   5.3/31G    RAM:  0.5G     │
│                                                                              │
│ Env         connect4cnn    Evaluate      184ms  29%    Losses       0.027    │
│ Params           270.5K      Model       112ms  17%    policy      -0.002    │
│ Steps              7.0M      Env          59ms   9%    value        0.006    │
│ SPS               29.5K      Copy         11ms   1%    entropy      0.041    │
│ Epoch              3439    Train         440ms  70%    old_kl       0.000    │
│ Uptime     4m 08s 892ms      Model       440ms  70%    kl          -0.000    │
│ To go      3m 32s 841ms      Misc          0ms   0%    clipfrac     0.000    │
│                                                                              │
│ perf                          0.954   score                         0.908    │
│ episode_return                0.908   episode_length               13.819    │
│ invalids                      0.009                                          │
╰──────────────────────────────────────────────────────────────────────────────╯
╭──────────────────────────────────────────────────────────────────────────────╮
│ PufferLib 5.0            🐡    GPU:  86%   VRAM:   5.3/31G    RAM:  0.5G     │
│                                                                              │
│ Env         connect4cnn    Evaluate      183ms  29%    Losses       0.033    │
│ Params           270.5K      Model       112ms  18%    policy       0.001    │
│ Steps              7.1M      Env          60ms   9%    value        0.006    │
│ SPS               29.7K      Copy          9ms   1%    entropy      0.040    │
│ Epoch              3448    Train         438ms  70%    old_kl      -0.000    │
│ Uptime     4m 09s 513ms      Model       437ms  70%    kl          -0.000    │
│ To go      3m 30s 782ms      Misc          0ms   0%    clipfrac     0.000    │
│                                                                              │
│ perf                          0.944   score                         0.887    │
│ episode_return                0.887   episode_length               13.816    │
│ invalids                      0.013                                          │
╰──────────────────────────────────────────────────────────────────────────────╯
╭──────────────────────────────────────────────────────────────────────────────╮
│ PufferLib 5.0           🐡     GPU:  86%   VRAM:   5.3/31G    RAM:  0.5G     │
│                                                                              │
│ Env         connect4cnn    Evaluate      184ms  29%    Losses       0.034    │
│ Params           270.5K      Model       112ms  17%    policy       0.002    │
│ Steps              7.1M      Env          60ms   9%    value        0.007    │
│ SPS               29.5K      Copy         10ms   1%    entropy      0.041    │
│ Epoch              3457    Train         441ms  70%    old_kl      -0.000    │
│ Uptime     4m 10s 139ms      Model       441ms  70%    kl          -0.000    │
│ To go      3m 31s 436ms      Misc          0ms   0%    clipfrac     0.000    │
│                                                                              │
│ perf                          0.945   score                         0.891    │
│ episode_return                0.891   episode_length               13.809    │
│ invalids                      0.007                                          │
╰──────────────────────────────────────────────────────────────────────────────╯
╭──────────────────────────────────────────────────────────────────────────────╮
│ PufferLib 5.0          🐡      GPU:  93%   VRAM:   5.3/31G    RAM:  0.5G     │
│                                                                              │
│ Env         connect4cnn    Evaluate      188ms  30%    Losses       0.026    │
│ Params           270.5K      Model       112ms  17%    policy      -0.001    │
│ Steps              7.1M      Env          63ms  10%    value        0.006    │
│ SPS               29.4K      Copy         11ms   1%    entropy      0.034    │
│ Epoch              3466    Train         438ms  69%    old_kl      -0.000    │
│ Uptime     4m 10s 765ms      Model       438ms  69%    kl          -0.000    │
│ To go      3m 31s 229ms      Misc          0ms   0%    clipfrac     0.000    │
│                                                                              │
│ perf                          0.943   score                         0.886    │
│ episode_return                0.886   episode_length               13.780    │
│ invalids                      0.010                                          │
╰──────────────────────────────────────────────────────────────────────────────╯
╭──────────────────────────────────────────────────────────────────────────────╮
│ PufferLib 5.0         🐡       GPU:  93%   VRAM:   5.3/31G    RAM:  0.5G     │
│                                                                              │
│ Env         connect4cnn    Evaluate      184ms  29%    Losses       0.032    │
│ Params           270.5K      Model       112ms  18%    policy       0.003    │
│ Steps              7.1M      Env          60ms   9%    value        0.006    │
│ SPS               29.6K      Copy         10ms   1%    entropy      0.037    │
│ Epoch              3475    Train         439ms  70%    old_kl       0.000    │
│ Uptime     4m 11s 389ms      Model       439ms  70%    kl          -0.000    │
│ To go      3m 29s 636ms      Misc          0ms   0%    clipfrac     0.000    │
│                                                                              │
│ perf                          0.947   score                         0.894    │
│ episode_return                0.894   episode_length               13.807    │
│ invalids                      0.016                                          │
╰──────────────────────────────────────────────────────────────────────────────╯
╭──────────────────────────────────────────────────────────────────────────────╮
│ PufferLib 5.0        🐡        GPU:  88%   VRAM:   5.3/31G    RAM:  0.5G     │
│                                                                              │
│ Env         connect4cnn    Evaluate      183ms  29%    Losses       0.029    │
│ Params           270.5K      Model       112ms  18%    policy       0.001    │
│ Steps              7.1M      Env          60ms   9%    value        0.006    │
│ SPS               29.6K      Copy          9ms   1%    entropy      0.040    │
│ Epoch              3484    Train         439ms  70%    old_kl      -0.000    │
│ Uptime     4m 12s 011ms      Model       439ms  70%    kl          -0.000    │
│ To go      3m 28s 581ms      Misc          0ms   0%    clipfrac     0.000    │
│                                                                              │
│ perf                          0.949   score                         0.898    │
│ episode_return                0.898   episode_length               13.744    │
│ invalids                      0.007                                          │
╰──────────────────────────────────────────────────────────────────────────────╯
╭──────────────────────────────────────────────────────────────────────────────╮
│ PufferLib 5.0       🐡         GPU:  92%   VRAM:   5.3/31G    RAM:  0.5G     │
│                                                                              │
│ Env         connect4cnn    Evaluate      184ms  29%    Losses       0.032    │
│ Params           270.5K      Model       112ms  18%    policy       0.001    │
│ Steps              7.2M      Env          60ms   9%    value        0.006    │
│ SPS               29.6K      Copy         10ms   1%    entropy      0.039    │
│ Epoch              3493    Train         438ms  70%    old_kl       0.000    │
│ Uptime     4m 12s 635ms      Model       438ms  70%    kl          -0.000    │
│ To go      3m 28s 203ms      Misc          0ms   0%    clipfrac     0.000    │
│                                                                              │
│ perf                          0.942   score                         0.883    │
│ episode_return                0.883   episode_length               13.753    │
│ invalids                      0.011                                          │
╰──────────────────────────────────────────────────────────────────────────────╯
╭──────────────────────────────────────────────────────────────────────────────╮
│ PufferLib 5.0      🐡          GPU:  92%   VRAM:   5.3/31G    RAM:  0.5G     │
│                                                                              │
│ Env         connect4cnn    Evaluate      185ms  29%    Losses       0.033    │
│ Params           270.5K      Model       112ms  18%    policy       0.001    │
│ Steps              7.2M      Env          60ms   9%    value        0.006    │
│ SPS               29.6K      Copy         11ms   1%    entropy      0.039    │
│ Epoch              3502    Train         436ms  70%    old_kl      -0.000    │
│ Uptime     4m 13s 257ms      Model       436ms  70%    kl          -0.000    │
│ To go      3m 27s 466ms      Misc          0ms   0%    clipfrac     0.000    │
│                                                                              │
│ perf                          0.942   score                         0.885    │
│ episode_return                0.885   episode_length               13.796    │
│ invalids                      0.009                                          │
╰──────────────────────────────────────────────────────────────────────────────╯
╭──────────────────────────────────────────────────────────────────────────────╮
│ PufferLib 5.0     🐡           GPU:  89%   VRAM:   5.3/31G    RAM:  0.5G     │
│                                                                              │
│ Env         connect4cnn    Evaluate      182ms  29%    Losses       0.028    │
│ Params           270.5K      Model       112ms  17%    policy       0.002    │
│ Steps              7.2M      Env          60ms   9%    value        0.005    │
│ SPS               29.4K      Copy          8ms   1%    entropy      0.038    │
│ Epoch              3511    Train         444ms  70%    old_kl       0.000    │
│ Uptime     4m 13s 884ms      Model       444ms  70%    kl          -0.000    │
│ To go      3m 28s 150ms      Misc          0ms   0%    clipfrac     0.000    │
│                                                                              │
│ perf                          0.950   score                         0.901    │
│ episode_return                0.901   episode_length               13.834    │
│ invalids                      0.009                                          │
╰──────────────────────────────────────────────────────────────────────────────╯
╭──────────────────────────────────────────────────────────────────────────────╮
│ PufferLib 5.0    🐡            GPU:  88%   VRAM:   5.3/31G    RAM:  0.5G     │
│                                                                              │
│ Env         connect4cnn    Evaluate      183ms  29%    Losses       0.031    │
│ Params           270.5K      Model       112ms  17%    policy       0.001    │
│ Steps              7.2M      Env          60ms   9%    value        0.006    │
│ SPS               29.5K      Copy          9ms   1%    entropy      0.040    │
│ Epoch              3520    Train         441ms  70%    old_kl      -0.000    │
│ Uptime     4m 14s 509ms      Model       441ms  70%    kl          -0.000    │
│ To go      3m 26s 867ms      Misc          0ms   0%    clipfrac     0.000    │
│                                                                              │
│ perf                          0.940   score                         0.880    │
│ episode_return                0.880   episode_length               13.799    │
│ invalids                      0.014                                          │
╰──────────────────────────────────────────────────────────────────────────────╯
╭──────────────────────────────────────────────────────────────────────────────╮
│ PufferLib 5.0   🐡             GPU:  88%   VRAM:   5.3/31G    RAM:  0.5G     │
│                                                                              │
│ Env         connect4cnn    Evaluate      184ms  29%    Losses       0.024    │
│ Params           270.5K      Model       112ms  18%    policy      -0.004    │
│ Steps              7.2M      Env          59ms   9%    value        0.005    │
│ SPS               29.6K      Copy         10ms   1%    entropy      0.042    │
│ Epoch              3529    Train         438ms  70%    old_kl       0.000    │
│ Uptime     4m 15s 132ms      Model       438ms  70%    kl          -0.000    │
│ To go      3m 25s 558ms      Misc          0ms   0%    clipfrac     0.000    │
│                                                                              │
│ perf                          0.950   score                         0.899    │
│ episode_return                0.899   episode_length               13.770    │
│ invalids                      0.017                                          │
╰──────────────────────────────────────────────────────────────────────────────╯
╭──────────────────────────────────────────────────────────────────────────────╮
│ PufferLib 5.0  🐡              GPU:  93%   VRAM:   5.3/31G    RAM:  0.5G     │
│                                                                              │
│ Env         connect4cnn    Evaluate      184ms  29%    Losses       0.023    │
│ Params           270.5K      Model       112ms  18%    policy      -0.001    │
│ Steps              7.2M      Env          60ms   9%    value        0.005    │
│ SPS               29.7K      Copy         10ms   1%    entropy      0.039    │
│ Epoch              3538    Train         437ms  70%    old_kl       0.000    │
│ Uptime     4m 15s 753ms      Model       437ms  70%    kl          -0.000    │
│ To go      3m 24s 542ms      Misc          0ms   0%    clipfrac     0.000    │
│                                                                              │
│ perf                          0.961   score                         0.923    │
│ episode_return                0.923   episode_length               13.720    │
│ invalids                      0.007                                          │
╰──────────────────────────────────────────────────────────────────────────────╯
╭──────────────────────────────────────────────────────────────────────────────╮
│ PufferLib 5.0 🐡               GPU:  93%   VRAM:   5.3/31G    RAM:  0.5G     │
│                                                                              │
│ Env         connect4cnn    Evaluate      183ms  29%    Losses       0.025    │
│ Params           270.5K      Model       112ms  17%    policy       0.000    │
│ Steps              7.3M      Env          60ms   9%    value        0.005    │
│ SPS               29.4K      Copy          8ms   1%    entropy      0.037    │
│ Epoch              3547    Train         443ms  70%    old_kl      -0.000    │
│ Uptime     4m 16s 379ms      Model       443ms  70%    kl          -0.000    │
│ To go      3m 25s 443ms      Misc          0ms   0%    clipfrac     0.000    │
│                                                                              │
│ perf                          0.964   score                         0.928    │
│ episode_return                0.928   episode_length               13.792    │
│ invalids                      0.006                                          │
╰──────────────────────────────────────────────────────────────────────────────╯
╭──────────────────────────────────────────────────────────────────────────────╮
│ PufferLib 5.0🐡                GPU:  86%   VRAM:   5.3/31G    RAM:  0.5G     │
│                                                                              │
│ Env         connect4cnn    Evaluate      183ms  29%    Losses       0.031    │
│ Params           270.5K      Model       112ms  17%    policy       0.000    │
│ Steps              7.3M      Env          60ms   9%    value        0.006    │
│ SPS               29.5K      Copy          9ms   1%    entropy      0.040    │
│ Epoch              3556    Train         442ms  70%    old_kl       0.000    │
│ Uptime     4m 17s 005ms      Model       441ms  70%    kl          -0.000    │
│ To go      3m 24s 689ms      Misc          0ms   0%    clipfrac     0.000    │
│                                                                              │
│ perf                          0.946   score                         0.892    │
│ episode_return                0.892   episode_length               13.712    │
│ invalids                      0.013                                          │
╰──────────────────────────────────────────────────────────────────────────────╯
╭──────────────────────────────────────────────────────────────────────────────╮
│ PufferLib 5.0               🐡 GPU:  94%   VRAM:   5.3/31G    RAM:  0.5G     │
│                                                                              │
│ Env         connect4cnn    Evaluate      186ms  29%    Losses       0.022    │
│ Params           270.5K      Model       112ms  17%    policy      -0.001    │
│ Steps              7.3M      Env          61ms   9%    value        0.005    │
│ SPS               29.4K      Copy         10ms   1%    entropy      0.039    │
│ Epoch              3565    Train         440ms  70%    old_kl      -0.000    │
│ Uptime     4m 17s 631ms      Model       439ms  70%    kl          -0.000    │
│ To go      3m 24s 205ms      Misc          0ms   0%    clipfrac     0.000    │
│                                                                              │
│ perf                          0.957   score                         0.913    │
│ episode_return                0.913   episode_length               13.810    │
│ invalids                      0.010                                          │
╰──────────────────────────────────────────────────────────────────────────────╯
╭──────────────────────────────────────────────────────────────────────────────╮
│ PufferLib 5.0              🐡  GPU:  94%   VRAM:   5.3/31G    RAM:  0.5G     │
│                                                                              │
│ Env         connect4cnn    Evaluate      184ms  29%    Losses       0.026    │
│ Params           270.5K      Model       112ms  18%    policy      -0.000    │
│ Steps              7.3M      Env          59ms   9%    value        0.005    │
│ SPS               29.6K      Copy         11ms   1%    entropy      0.039    │
│ Epoch              3574    Train         438ms  70%    old_kl       0.000    │
│ Uptime     4m 18s 254ms      Model       438ms  70%    kl          -0.000    │
│ To go      3m 22s 519ms      Misc          0ms   0%    clipfrac     0.000    │
│                                                                              │
│ perf                          0.951   score                         0.902    │
│ episode_return                0.902   episode_length               13.815    │
│ invalids                      0.011                                          │
╰──────────────────────────────────────────────────────────────────────────────╯
╭──────────────────────────────────────────────────────────────────────────────╮
│ PufferLib 5.0             🐡   GPU:  88%   VRAM:   5.3/31G    RAM:  0.5G     │
│                                                                              │
│ Env         connect4cnn    Evaluate      182ms  29%    Losses       0.030    │
│ Params           270.5K      Model       112ms  17%    policy       0.000    │
│ Steps              7.3M      Env          60ms   9%    value        0.006    │
│ SPS               29.5K      Copy          9ms   1%    entropy      0.037    │
│ Epoch              3583    Train         442ms  70%    old_kl       0.000    │
│ Uptime     4m 18s 879ms      Model       442ms  70%    kl          -0.000    │
│ To go      3m 22s 491ms      Misc          0ms   0%    clipfrac     0.000    │
│                                                                              │
│ perf                          0.948   score                         0.897    │
│ episode_return                0.897   episode_length               13.800    │
│ invalids                      0.013                                          │
╰──────────────────────────────────────────────────────────────────────────────╯
╭──────────────────────────────────────────────────────────────────────────────╮
│ PufferLib 5.0            🐡    GPU:  91%   VRAM:   5.3/31G    RAM:  0.5G     │
│                                                                              │
│ Env         connect4cnn    Evaluate      182ms  29%    Losses       0.027    │
│ Params           270.5K      Model       112ms  18%    policy       0.002    │
│ Steps              7.4M      Env          59ms   9%    value        0.005    │
│ SPS               29.6K      Copy          9ms   1%    entropy      0.040    │
│ Epoch              3592    Train         441ms  70%    old_kl      -0.000    │
│ Uptime     4m 19s 502ms      Model       441ms  70%    kl          -0.000    │
│ To go      3m 21s 422ms      Misc          0ms   0%    clipfrac     0.000    │
│                                                                              │
│ perf                          0.958   score                         0.917    │
│ episode_return                0.917   episode_length               13.940    │
│ invalids                      0.008                                          │
╰──────────────────────────────────────────────────────────────────────────────╯
╭──────────────────────────────────────────────────────────────────────────────╮
│ PufferLib 5.0           🐡     GPU:  91%   VRAM:   5.3/31G    RAM:  0.5G     │
│                                                                              │
│ Env         connect4cnn    Evaluate      184ms  29%    Losses       0.033    │
│ Params           270.5K      Model       112ms  18%    policy       0.001    │
│ Steps              7.4M      Env          59ms   9%    value        0.006    │
│ SPS               29.6K      Copy         11ms   1%    entropy      0.044    │
│ Epoch              3601    Train         438ms  70%    old_kl      -0.000    │
│ Uptime     4m 20s 125ms      Model       438ms  70%    kl          -0.000    │
│ To go      3m 20s 602ms      Misc          0ms   0%    clipfrac     0.000    │
│                                                                              │
│ perf                          0.942   score                         0.884    │
│ episode_return                0.884   episode_length               13.840    │
│ invalids                      0.011                                          │
╰──────────────────────────────────────────────────────────────────────────────╯
╭──────────────────────────────────────────────────────────────────────────────╮
│ PufferLib 5.0          🐡      GPU:  91%   VRAM:   5.3/31G    RAM:  0.5G     │
│                                                                              │
│ Env         connect4cnn    Evaluate      182ms  29%    Losses       0.027    │
│ Params           270.5K      Model       112ms  17%    policy      -0.001    │
│ Steps              7.4M      Env          60ms   9%    value        0.005    │
│ SPS               29.5K      Copy          9ms   1%    entropy      0.038    │
│ Epoch              3610    Train         442ms  70%    old_kl      -0.000    │
│ Uptime     4m 20s 750ms      Model       442ms  70%    kl          -0.000    │
│ To go      3m 20s 631ms      Misc          0ms   0%    clipfrac     0.000    │
│                                                                              │
│ perf                          0.942   score                         0.885    │
│ episode_return                0.885   episode_length               13.753    │
│ invalids                      0.011                                          │
╰──────────────────────────────────────────────────────────────────────────────╯
╭──────────────────────────────────────────────────────────────────────────────╮
│ PufferLib 5.0         🐡       GPU:  91%   VRAM:   5.3/31G    RAM:  0.5G     │
│                                                                              │
│ Env         connect4cnn    Evaluate      182ms  29%    Losses       0.036    │
│ Params           270.5K      Model       112ms  17%    policy       0.003    │
│ Steps              7.4M      Env          59ms   9%    value        0.007    │
│ SPS               29.5K      Copy          8ms   1%    entropy      0.037    │
│ Epoch              3619    Train         442ms  70%    old_kl       0.000    │
│ Uptime     4m 21s 374ms      Model       442ms  70%    kl          -0.000    │
│ To go      3m 19s 842ms      Misc          0ms   0%    clipfrac     0.000    │
│                                                                              │
│ perf                          0.939   score                         0.879    │
│ episode_return                0.879   episode_length               13.817    │
│ invalids                      0.015                                          │
╰──────────────────────────────────────────────────────────────────────────────╯
╭──────────────────────────────────────────────────────────────────────────────╮
│ PufferLib 5.0        🐡        GPU:  87%   VRAM:   5.3/31G    RAM:  0.5G     │
│                                                                              │
│ Env         connect4cnn    Evaluate      184ms  29%    Losses       0.029    │
│ Params           270.5K      Model       112ms  18%    policy      -0.000    │
│ Steps              7.4M      Env          60ms   9%    value        0.006    │
│ SPS               29.7K      Copy         10ms   1%    entropy      0.036    │
│ Epoch              3628    Train         436ms  70%    old_kl       0.000    │
│ Uptime     4m 21s 995ms      Model       436ms  70%    kl          -0.000    │
│ To go      3m 18s 281ms      Misc          0ms   0%    clipfrac     0.000    │
│                                                                              │
│ perf                          0.949   score                         0.899    │
│ episode_return                0.899   episode_length               13.740    │
│ invalids                      0.008                                          │
╰──────────────────────────────────────────────────────────────────────────────╯
╭──────────────────────────────────────────────────────────────────────────────╮
│ PufferLib 5.0       🐡         GPU:  94%   VRAM:   5.3/31G    RAM:  0.5G     │
│                                                                              │
│ Env         connect4cnn    Evaluate      187ms  29%    Losses       0.024    │
│ Params           270.5K      Model       112ms  17%    policy       0.001    │
│ Steps              7.4M      Env          62ms   9%    value        0.005    │
│ SPS               29.4K      Copy         11ms   1%    entropy      0.034    │
│ Epoch              3637    Train         439ms  70%    old_kl      -0.000    │
│ Uptime     4m 22s 622ms      Model       439ms  70%    kl          -0.000    │
│ To go      3m 19s 399ms      Misc          0ms   0%    clipfrac     0.000    │
│                                                                              │
│ perf                          0.954   score                         0.907    │
│ episode_return                0.907   episode_length               13.955    │
│ invalids                      0.013                                          │
╰──────────────────────────────────────────────────────────────────────────────╯
╭──────────────────────────────────────────────────────────────────────────────╮
│ PufferLib 5.0      🐡          GPU:  94%   VRAM:   5.3/31G    RAM:  0.5G     │
│                                                                              │
│ Env         connect4cnn    Evaluate      183ms  29%    Losses       0.022    │
│ Params           270.5K      Model       112ms  18%    policy      -0.001    │
│ Steps              7.5M      Env          59ms   9%    value        0.004    │
│ SPS               29.7K      Copy         10ms   1%    entropy      0.034    │
│ Epoch              3646    Train         437ms  70%    old_kl      -0.000    │
│ Uptime     4m 23s 243ms      Model       437ms  70%    kl          -0.000    │
│ To go      3m 16s 855ms      Misc          0ms   0%    clipfrac     0.000    │
│                                                                              │
│ perf                          0.964   score                         0.928    │
│ episode_return                0.928   episode_length               13.860    │
│ invalids                      0.010                                          │
╰──────────────────────────────────────────────────────────────────────────────╯
╭──────────────────────────────────────────────────────────────────────────────╮
│ PufferLib 5.0     🐡           GPU:  86%   VRAM:   5.3/31G    RAM:  0.5G     │
│                                                                              │
│ Env         connect4cnn    Evaluate      183ms  29%    Losses       0.031    │
│ Params           270.5K      Model       112ms  18%    policy       0.002    │
│ Steps              7.5M      Env          60ms   9%    value        0.006    │
│ SPS               29.6K      Copy          9ms   1%    entropy      0.034    │
│ Epoch              3655    Train         440ms  70%    old_kl      -0.000    │
│ Uptime     4m 23s 866ms      Model       440ms  70%    kl          -0.000    │
│ To go      3m 16s 823ms      Misc          0ms   0%    clipfrac     0.000    │
│                                                                              │
│ perf                          0.951   score                         0.903    │
│ episode_return                0.903   episode_length               13.802    │
│ invalids                      0.007                                          │
╰──────────────────────────────────────────────────────────────────────────────╯
╭──────────────────────────────────────────────────────────────────────────────╮
│ PufferLib 5.0    🐡            GPU:  93%   VRAM:   5.3/31G    RAM:  0.5G     │
│                                                                              │
│ Env         connect4cnn    Evaluate      183ms  29%    Losses       0.022    │
│ Params           270.5K      Model       112ms  18%    policy      -0.003    │
│ Steps              7.5M      Env          59ms   9%    value        0.005    │
│ SPS               29.6K      Copy          9ms   1%    entropy      0.034    │
│ Epoch              3664    Train         439ms  70%    old_kl       0.000    │
│ Uptime     4m 24s 488ms      Model       439ms  70%    kl          -0.000    │
│ To go      3m 16s 012ms      Misc          0ms   0%    clipfrac     0.000    │
│                                                                              │
│ perf                          0.951   score                         0.903    │
│ episode_return                0.903   episode_length               13.723    │
│ invalids                      0.013                                          │
╰──────────────────────────────────────────────────────────────────────────────╯
╭──────────────────────────────────────────────────────────────────────────────╮
│ PufferLib 5.0   🐡             GPU:  93%   VRAM:   5.3/31G    RAM:  0.5G     │
│                                                                              │
│ Env         connect4cnn    Evaluate      183ms  29%    Losses       0.027    │
│ Params           270.5K      Model       112ms  18%    policy       0.002    │
│ Steps              7.5M      Env          59ms   9%    value        0.005    │
│ SPS               29.6K      Copy         10ms   1%    entropy      0.038    │
│ Epoch              3673    Train         439ms  70%    old_kl      -0.000    │
│ Uptime     4m 25s 111ms      Model       439ms  70%    kl          -0.000    │
│ To go      3m 15s 638ms      Misc          0ms   0%    clipfrac     0.000    │
│                                                                              │
│ perf                          0.951   score                         0.901    │
│ episode_return                0.901   episode_length               13.870    │
│ invalids                      0.008                                          │
╰──────────────────────────────────────────────────────────────────────────────╯
╭──────────────────────────────────────────────────────────────────────────────╮
│ PufferLib 5.0  🐡              GPU:  87%   VRAM:   5.3/31G    RAM:  0.5G     │
│                                                                              │
│ Env         connect4cnn    Evaluate      184ms  29%    Losses       0.025    │
│ Params           270.5K      Model       112ms  18%    policy      -0.001    │
│ Steps              7.5M      Env          60ms   9%    value        0.005    │
│ SPS               29.7K      Copy         11ms   1%    entropy      0.039    │
│ Epoch              3682    Train         436ms  70%    old_kl       0.000    │
│ Uptime     4m 25s 731ms      Model       435ms  70%    kl          -0.000    │
│ To go      3m 14s 255ms      Misc          0ms   0%    clipfrac     0.000    │
│                                                                              │
│ perf                          0.959   score                         0.918    │
│ episode_return                0.918   episode_length               13.748    │
│ invalids                      0.010                                          │
╰──────────────────────────────────────────────────────────────────────────────╯
╭──────────────────────────────────────────────────────────────────────────────╮
│ PufferLib 5.0 🐡               GPU:  87%   VRAM:   5.3/31G    RAM:  0.5G     │
│                                                                              │
│ Env         connect4cnn    Evaluate      181ms  29%    Losses       0.025    │
│ Params           270.5K      Model       112ms  18%    policy      -0.001    │
│ Steps              7.6M      Env          59ms   9%    value        0.005    │
│ SPS               29.6K      Copy          8ms   1%    entropy      0.035    │
│ Epoch              3691    Train         442ms  70%    old_kl       0.000    │
│ Uptime     4m 26s 354ms      Model       442ms  70%    kl          -0.000    │
│ To go      3m 14s 469ms      Misc          0ms   0%    clipfrac     0.000    │
│                                                                              │
│ perf                          0.951   score                         0.903    │
│ episode_return                0.903   episode_length               13.730    │
│ invalids                      0.011                                          │
╰──────────────────────────────────────────────────────────────────────────────╯
╭──────────────────────────────────────────────────────────────────────────────╮
│ PufferLib 5.0🐡                GPU:  93%   VRAM:   5.3/31G    RAM:  0.5G     │
│                                                                              │
│ Env         connect4cnn    Evaluate      182ms  29%    Losses       0.027    │
│ Params           270.5K      Model       112ms  18%    policy       0.003    │
│ Steps              7.6M      Env          59ms   9%    value        0.005    │
│ SPS               29.6K      Copy          9ms   1%    entropy      0.036    │
│ Epoch              3700    Train         439ms  70%    old_kl       0.000    │
│ Uptime     4m 26s 976ms      Model       439ms  70%    kl          -0.000    │
│ To go      3m 13s 421ms      Misc          0ms   0%    clipfrac     0.000    │
│                                                                              │
│ perf                          0.955   score                         0.910    │
│ episode_return                0.910   episode_length               13.705    │
│ invalids                      0.015                                          │
╰──────────────────────────────────────────────────────────────────────────────╯
╭──────────────────────────────────────────────────────────────────────────────╮
│ PufferLib 5.0               🐡 GPU:  88%   VRAM:   5.3/31G    RAM:  0.5G     │
│                                                                              │
│ Env         connect4cnn    Evaluate      186ms  29%    Losses       0.032    │
│ Params           270.5K      Model       112ms  17%    policy       0.002    │
│ Steps              7.6M      Env          60ms   9%    value        0.006    │
│ SPS               29.5K      Copy         12ms   1%    entropy      0.039    │
│ Epoch              3709    Train         438ms  70%    old_kl       0.000    │
│ Uptime     4m 27s 600ms      Model       438ms  70%    kl          -0.000    │
│ To go      3m 13s 585ms      Misc          0ms   0%    clipfrac     0.000    │
│                                                                              │
│ perf                          0.949   score                         0.898    │
│ episode_return                0.898   episode_length               13.729    │
│ invalids                      0.011                                          │
╰──────────────────────────────────────────────────────────────────────────────╯
╭──────────────────────────────────────────────────────────────────────────────╮
│ PufferLib 5.0              🐡  GPU:  88%   VRAM:   5.3/31G    RAM:  0.5G     │
│                                                                              │
│ Env         connect4cnn    Evaluate      183ms  29%    Losses       0.024    │
│ Params           270.5K      Model       112ms  18%    policy      -0.001    │
│ Steps              7.6M      Env          59ms   9%    value        0.005    │
│ SPS               29.6K      Copy         10ms   1%    entropy      0.039    │
│ Epoch              3718    Train         439ms  70%    old_kl       0.000    │
│ Uptime     4m 28s 223ms      Model       439ms  70%    kl          -0.000    │
│ To go      3m 12s 427ms      Misc          0ms   0%    clipfrac     0.000    │
│                                                                              │
│ perf                          0.954   score                         0.908    │
│ episode_return                0.908   episode_length               13.952    │
│ invalids                      0.011                                          │
╰──────────────────────────────────────────────────────────────────────────────╯
╭──────────────────────────────────────────────────────────────────────────────╮
│ PufferLib 5.0             🐡   GPU:  91%   VRAM:   5.3/31G    RAM:  0.5G     │
│                                                                              │
│ Env         connect4cnn    Evaluate      184ms  29%    Losses       0.024    │
│ Params           270.5K      Model       112ms  18%    policy       0.000    │
│ Steps              7.6M      Env          60ms   9%    value        0.005    │
│ SPS               29.7K      Copy         10ms   1%    entropy      0.036    │
│ Epoch              3727    Train         436ms  70%    old_kl       0.000    │
│ Uptime     4m 28s 843ms      Model       436ms  70%    kl          -0.000    │
│ To go      3m 11s 230ms      Misc          0ms   0%    clipfrac     0.000    │
│                                                                              │
│ perf                          0.948   score                         0.895    │
│ episode_return                0.895   episode_length               13.917    │
│ invalids                      0.018                                          │
╰──────────────────────────────────────────────────────────────────────────────╯
╭──────────────────────────────────────────────────────────────────────────────╮
│ PufferLib 5.0            🐡    GPU:  91%   VRAM:   5.3/31G    RAM:  0.5G     │
│                                                                              │
│ Env         connect4cnn    Evaluate      185ms  29%    Losses       0.020    │
│ Params           270.5K      Model       112ms  17%    policy      -0.002    │
│ Steps              7.7M      Env          60ms   9%    value        0.004    │
│ SPS               29.5K      Copy         11ms   1%    entropy      0.033    │
│ Epoch              3736    Train         440ms  70%    old_kl       0.000    │
│ Uptime     4m 29s 469ms      Model       440ms  70%    kl          -0.000    │
│ To go      3m 12s 071ms      Misc          0ms   0%    clipfrac     0.000    │
│                                                                              │
│ perf                          0.964   score                         0.928    │
│ episode_return                0.928   episode_length               13.849    │
│ invalids                      0.010                                          │
╰──────────────────────────────────────────────────────────────────────────────╯
╭──────────────────────────────────────────────────────────────────────────────╮
│ PufferLib 5.0           🐡     GPU:  91%   VRAM:   5.3/31G    RAM:  0.5G     │
│                                                                              │
│ Env         connect4cnn    Evaluate      184ms  29%    Losses       0.028    │
│ Params           270.5K      Model       112ms  18%    policy       0.002    │
│ Steps              7.7M      Env          60ms   9%    value        0.005    │
│ SPS               29.5K      Copy         10ms   1%    entropy      0.037    │
│ Epoch              3745    Train         440ms  70%    old_kl       0.000    │
│ Uptime     4m 30s 092ms      Model       439ms  70%    kl          -0.000    │
│ To go      3m 10s 955ms      Misc          0ms   0%    clipfrac     0.000    │
│                                                                              │
│ perf                          0.954   score                         0.909    │
│ episode_return                0.909   episode_length               13.737    │
│ invalids                      0.011                                          │
╰──────────────────────────────────────────────────────────────────────────────╯
╭──────────────────────────────────────────────────────────────────────────────╮
│ PufferLib 5.0          🐡      GPU:  89%   VRAM:   5.3/31G    RAM:  0.5G     │
│                                                                              │
│ Env         connect4cnn    Evaluate      185ms  29%    Losses       0.027    │
│ Params           270.5K      Model       112ms  18%    policy      -0.000    │
│ Steps              7.7M      Env          61ms   9%    value        0.005    │
│ SPS               29.7K      Copy         10ms   1%    entropy      0.032    │
│ Epoch              3754    Train         436ms  70%    old_kl      -0.000    │
│ Uptime     4m 30s 714ms      Model       435ms  70%    kl          -0.000    │
│ To go      3m 09s 516ms      Misc          0ms   0%    clipfrac     0.000    │
│                                                                              │
│ perf                          0.942   score                         0.885    │
│ episode_return                0.885   episode_length               13.803    │
│ invalids                      0.014                                          │
╰──────────────────────────────────────────────────────────────────────────────╯
╭──────────────────────────────────────────────────────────────────────────────╮
│ PufferLib 5.0         🐡       GPU:  89%   VRAM:   5.3/31G    RAM:  0.5G     │
│                                                                              │
│ Env         connect4cnn    Evaluate      186ms  29%    Losses       0.023    │
│ Params           270.5K      Model       112ms  18%    policy      -0.001    │
│ Steps              7.7M      Env          60ms   9%    value        0.005    │
│ SPS               29.7K      Copy         12ms   1%    entropy      0.032    │
│ Epoch              3763    Train         435ms  70%    old_kl      -0.000    │
│ Uptime     4m 31s 335ms      Model       435ms  69%    kl          -0.000    │
│ To go      3m 08s 994ms      Misc          0ms   0%    clipfrac     0.000    │
│                                                                              │
│ perf                          0.960   score                         0.920    │
│ episode_return                0.920   episode_length               13.671    │
│ invalids                      0.010                                          │
╰──────────────────────────────────────────────────────────────────────────────╯
╭──────────────────────────────────────────────────────────────────────────────╮
│ PufferLib 5.0        🐡        GPU:  93%   VRAM:   5.3/31G    RAM:  0.5G     │
│                                                                              │
│ Env         connect4cnn    Evaluate      184ms  29%    Losses       0.028    │
│ Params           270.5K      Model       112ms  17%    policy       0.001    │
│ Steps              7.7M      Env          60ms   9%    value        0.005    │
│ SPS               29.5K      Copy          9ms   1%    entropy      0.034    │
│ Epoch              3772    Train         441ms  70%    old_kl       0.000    │
│ Uptime     4m 31s 961ms      Model       441ms  70%    kl          -0.000    │
│ To go      3m 09s 591ms      Misc          0ms   0%    clipfrac     0.000    │
│                                                                              │
│ perf                          0.950   score                         0.901    │
│ episode_return                0.901   episode_length               13.691    │
│ invalids                      0.011                                          │
╰──────────────────────────────────────────────────────────────────────────────╯
╭──────────────────────────────────────────────────────────────────────────────╮
│ PufferLib 5.0       🐡         GPU:  86%   VRAM:   5.3/31G    RAM:  0.5G     │
│                                                                              │
│ Env         connect4cnn    Evaluate      183ms  29%    Losses       0.028    │
│ Params           270.5K      Model       112ms  18%    policy       0.001    │
│ Steps              7.7M      Env          59ms   9%    value        0.005    │
│ SPS               29.7K      Copy          9ms   1%    entropy      0.034    │
│ Epoch              3781    Train         438ms  70%    old_kl      -0.000    │
│ Uptime     4m 32s 581ms      Model       438ms  70%    kl          -0.000    │
│ To go      3m 07s 579ms      Misc          0ms   0%    clipfrac     0.000    │
│                                                                              │
│ perf                          0.947   score                         0.893    │
│ episode_return                0.893   episode_length               13.799    │
│ invalids                      0.011                                          │
╰──────────────────────────────────────────────────────────────────────────────╯
╭──────────────────────────────────────────────────────────────────────────────╮
│ PufferLib 5.0      🐡          GPU:  86%   VRAM:   5.3/31G    RAM:  0.5G     │
│                                                                              │
│ Env         connect4cnn    Evaluate      186ms  29%    Losses       0.025    │
│ Params           270.5K      Model       112ms  18%    policy       0.001    │
│ Steps              7.8M      Env          60ms   9%    value        0.005    │
│ SPS               29.5K      Copy         12ms   1%    entropy      0.034    │
│ Epoch              3790    Train         438ms  70%    old_kl       0.000    │
│ Uptime     4m 33s 206ms      Model       438ms  70%    kl          -0.000    │
│ To go      3m 08s 028ms      Misc          0ms   0%    clipfrac     0.000    │
│                                                                              │
│ perf                          0.957   score                         0.915    │
│ episode_return                0.915   episode_length               13.830    │
│ invalids                      0.010                                          │
╰──────────────────────────────────────────────────────────────────────────────╯
╭──────────────────────────────────────────────────────────────────────────────╮
│ PufferLib 5.0     🐡           GPU:  93%   VRAM:   5.3/31G    RAM:  0.5G     │
│                                                                              │
│ Env         connect4cnn    Evaluate      184ms  29%    Losses       0.019    │
│ Params           270.5K      Model       112ms  18%    policy       0.000    │
│ Steps              7.8M      Env          60ms   9%    value        0.004    │
│ SPS               29.7K      Copy         10ms   1%    entropy      0.034    │
│ Epoch              3799    Train         437ms  70%    old_kl      -0.000    │
│ Uptime     4m 33s 827ms      Model       437ms  70%    kl          -0.000    │
│ To go      3m 06s 546ms      Misc          0ms   0%    clipfrac     0.000    │
│                                                                              │
│ perf                          0.970   score                         0.940    │
│ episode_return                0.940   episode_length               13.878    │
│ invalids                      0.008                                          │
╰──────────────────────────────────────────────────────────────────────────────╯
╭──────────────────────────────────────────────────────────────────────────────╮
│ PufferLib 5.0    🐡            GPU:  86%   VRAM:   5.3/31G    RAM:  0.5G     │
│                                                                              │
│ Env         connect4cnn    Evaluate      183ms  29%    Losses       0.025    │
│ Params           270.5K      Model       112ms  17%    policy       0.002    │
│ Steps              7.8M      Env          60ms   9%    value        0.005    │
│ SPS               29.4K      Copy          9ms   1%    entropy      0.036    │
│ Epoch              3808    Train         443ms  70%    old_kl      -0.000    │
│ Uptime     4m 34s 455ms      Model       443ms  70%    kl          -0.000    │
│ To go      3m 07s 588ms      Misc          0ms   0%    clipfrac     0.000    │
│                                                                              │
│ perf                          0.956   score                         0.913    │
│ episode_return                0.913   episode_length               13.830    │
│ invalids                      0.011                                          │
╰──────────────────────────────────────────────────────────────────────────────╯
╭──────────────────────────────────────────────────────────────────────────────╮
│ PufferLib 5.0   🐡             GPU:  86%   VRAM:   5.3/31G    RAM:  0.5G     │
│                                                                              │
│ Env         connect4cnn    Evaluate      185ms  29%    Losses       0.022    │
│ Params           270.5K      Model       112ms  18%    policy      -0.002    │
│ Steps              7.8M      Env          60ms   9%    value        0.005    │
│ SPS               29.7K      Copy         10ms   1%    entropy      0.034    │
│ Epoch              3817    Train         435ms  70%    old_kl       0.000    │
│ Uptime     4m 35s 075ms      Model       435ms  70%    kl          -0.000    │
│ To go      3m 05s 038ms      Misc          0ms   0%    clipfrac     0.000    │
│                                                                              │
│ perf                          0.951   score                         0.902    │
│ episode_return                0.902   episode_length               13.782    │
│ invalids                      0.017                                          │
╰──────────────────────────────────────────────────────────────────────────────╯
╭──────────────────────────────────────────────────────────────────────────────╮
│ PufferLib 5.0  🐡              GPU:  94%   VRAM:   5.3/31G    RAM:  0.5G     │
│                                                                              │
│ Env         connect4cnn    Evaluate      186ms  29%    Losses       0.022    │
│ Params           270.5K      Model       112ms  18%    policy      -0.001    │
│ Steps              7.8M      Env          60ms   9%    value        0.005    │
│ SPS               29.5K      Copy         11ms   1%    entropy      0.037    │
│ Epoch              3826    Train         437ms  70%    old_kl       0.000    │
│ Uptime     4m 35s 699ms      Model       437ms  70%    kl          -0.000    │
│ To go      3m 05s 410ms      Misc          0ms   0%    clipfrac     0.000    │
│                                                                              │
│ perf                          0.952   score                         0.904    │
│ episode_return                0.904   episode_length               13.802    │
│ invalids                      0.018                                          │
╰──────────────────────────────────────────────────────────────────────────────╯
╭──────────────────────────────────────────────────────────────────────────────╮
│ PufferLib 5.0 🐡               GPU:  94%   VRAM:   5.3/31G    RAM:  0.5G     │
│                                                                              │
│ Env         connect4cnn    Evaluate      184ms  29%    Losses       0.025    │
│ Params           270.5K      Model       112ms  18%    policy      -0.000    │
│ Steps              7.9M      Env          60ms   9%    value        0.005    │
│ SPS               29.6K      Copy         10ms   1%    entropy      0.033    │
│ Epoch              3835    Train         439ms  70%    old_kl      -0.000    │
│ Uptime     4m 36s 322ms      Model       438ms  70%    kl          -0.000    │
│ To go      3m 04s 507ms      Misc          0ms   0%    clipfrac     0.000    │
│                                                                              │
│ perf                          0.963   score                         0.925    │
│ episode_return                0.925   episode_length               13.772    │
│ invalids                      0.006                                          │
╰──────────────────────────────────────────────────────────────────────────────╯
╭──────────────────────────────────────────────────────────────────────────────╮
│ PufferLib 5.0🐡                GPU:  88%   VRAM:   5.3/31G    RAM:  0.5G     │
│                                                                              │
│ Env         connect4cnn    Evaluate      183ms  29%    Losses       0.029    │
│ Params           270.5K      Model       112ms  18%    policy       0.002    │
│ Steps              7.9M      Env          60ms   9%    value        0.005    │
│ SPS               29.5K      Copy          9ms   1%    entropy      0.036    │
│ Epoch              3844    Train         441ms  70%    old_kl      -0.000    │
│ Uptime     4m 36s 947ms      Model       441ms  70%    kl          -0.000    │
│ To go      3m 04s 283ms      Misc          0ms   0%    clipfrac     0.000    │
│                                                                              │
│ perf                          0.947   score                         0.894    │
│ episode_return                0.894   episode_length               13.784    │
│ invalids                      0.013                                          │
╰──────────────────────────────────────────────────────────────────────────────╯
╭──────────────────────────────────────────────────────────────────────────────╮
│ PufferLib 5.0               🐡 GPU:  91%   VRAM:   5.3/31G    RAM:  0.5G     │
│                                                                              │
│ Env         connect4cnn    Evaluate      183ms  29%    Losses       0.035    │
│ Params           270.5K      Model       112ms  18%    policy       0.004    │
│ Steps              7.9M      Env          60ms   9%    value        0.006    │
│ SPS               29.5K      Copy          9ms   1%    entropy      0.037    │
│ Epoch              3853    Train         441ms  70%    old_kl       0.000    │
│ Uptime     4m 37s 571ms      Model       441ms  70%    kl          -0.000    │
│ To go      3m 03s 685ms      Misc          0ms   0%    clipfrac     0.000    │
│                                                                              │
│ perf                          0.944   score                         0.888    │
│ episode_return                0.888   episode_length               13.787    │
│ invalids                      0.019                                          │
╰──────────────────────────────────────────────────────────────────────────────╯
╭──────────────────────────────────────────────────────────────────────────────╮
│ PufferLib 5.0              🐡  GPU:  91%   VRAM:   5.3/31G    RAM:  0.5G     │
│                                                                              │
│ Env         connect4cnn    Evaluate      184ms  29%    Losses       0.028    │
│ Params           270.5K      Model       112ms  18%    policy       0.000    │
│ Steps              7.9M      Env          60ms   9%    value        0.005    │
│ SPS               29.6K      Copy         10ms   1%    entropy      0.036    │
│ Epoch              3862    Train         439ms  70%    old_kl      -0.000    │
│ Uptime     4m 38s 194ms      Model       439ms  70%    kl          -0.000    │
│ To go      3m 02s 502ms      Misc          0ms   0%    clipfrac     0.000    │
│                                                                              │
│ perf                          0.956   score                         0.911    │
│ episode_return                0.911   episode_length               13.837    │
│ invalids                      0.013                                          │
╰──────────────────────────────────────────────────────────────────────────────╯
╭──────────────────────────────────────────────────────────────────────────────╮
│ PufferLib 5.0             🐡   GPU:  92%   VRAM:   5.3/31G    RAM:  0.5G     │
│                                                                              │
│ Env         connect4cnn    Evaluate      183ms  29%    Losses       0.026    │
│ Params           270.5K      Model       112ms  18%    policy      -0.002    │
│ Steps              7.9M      Env          59ms   9%    value        0.006    │
│ SPS               29.6K      Copy          9ms   1%    entropy      0.039    │
│ Epoch              3871    Train         439ms  70%    old_kl       0.000    │
│ Uptime     4m 38s 817ms      Model       439ms  70%    kl          -0.000    │
│ To go      3m 02s 034ms      Misc          0ms   0%    clipfrac     0.000    │
│                                                                              │
│ perf                          0.938   score                         0.877    │
│ episode_return                0.877   episode_length               13.967    │
│ invalids                      0.017                                          │
╰──────────────────────────────────────────────────────────────────────────────╯
╭──────────────────────────────────────────────────────────────────────────────╮
│ PufferLib 5.0            🐡    GPU:  86%   VRAM:   5.3/31G    RAM:  0.5G     │
│                                                                              │
│ Env         connect4cnn    Evaluate      183ms  29%    Losses       0.024    │
│ Params           270.5K      Model       112ms  17%    policy      -0.000    │
│ Steps              7.9M      Env          60ms   9%    value        0.005    │
│ SPS               29.5K      Copy          9ms   1%    entropy      0.034    │
│ Epoch              3880    Train         442ms  70%    old_kl      -0.000    │
│ Uptime     4m 39s 443ms      Model       442ms  70%    kl          -0.000    │
│ To go      3m 02s 143ms      Misc          0ms   0%    clipfrac     0.000    │
│                                                                              │
│ perf                          0.949   score                         0.899    │
│ episode_return                0.899   episode_length               13.719    │
│ invalids                      0.013                                          │
╰──────────────────────────────────────────────────────────────────────────────╯
╭──────────────────────────────────────────────────────────────────────────────╮
│ PufferLib 5.0           🐡     GPU:  86%   VRAM:   5.3/31G    RAM:  0.5G     │
│                                                                              │
│ Env         connect4cnn    Evaluate      184ms  29%    Losses       0.021    │
│ Params           270.5K      Model       112ms  18%    policy       0.001    │
│ Steps              8.0M      Env          60ms   9%    value        0.004    │
│ SPS               29.6K      Copy         10ms   1%    entropy      0.031    │
│ Epoch              3889    Train         438ms  70%    old_kl      -0.000    │
│ Uptime     4m 40s 066ms      Model       438ms  70%    kl          -0.000    │
│ To go      3m 00s 873ms      Misc          0ms   0%    clipfrac     0.000    │
│                                                                              │
│ perf                          0.959   score                         0.918    │
│ episode_return                0.918   episode_length               13.769    │
│ invalids                      0.010                                          │
╰──────────────────────────────────────────────────────────────────────────────╯
╭──────────────────────────────────────────────────────────────────────────────╮
│ PufferLib 5.0          🐡      GPU:  93%   VRAM:   5.3/31G    RAM:  0.5G     │
│                                                                              │
│ Env         connect4cnn    Evaluate      186ms  29%    Losses       0.025    │
│ Params           270.5K      Model       112ms  17%    policy       0.001    │
│ Steps              8.0M      Env          60ms   9%    value        0.005    │
│ SPS               29.4K      Copy         11ms   1%    entropy      0.033    │
│ Epoch              3898    Train         439ms  70%    old_kl       0.000    │
│ Uptime     4m 40s 692ms      Model       439ms  70%    kl          -0.000    │
│ To go      3m 01s 002ms      Misc          0ms   0%    clipfrac     0.000    │
│                                                                              │
│ perf                          0.956   score                         0.912    │
│ episode_return                0.912   episode_length               13.837    │
│ invalids                      0.010                                          │
╰──────────────────────────────────────────────────────────────────────────────╯
╭──────────────────────────────────────────────────────────────────────────────╮
│ PufferLib 5.0         🐡       GPU:  93%   VRAM:   5.3/31G    RAM:  0.5G     │
│                                                                              │
│ Env         connect4cnn    Evaluate      183ms  29%    Losses       0.023    │
│ Params           270.5K      Model       112ms  18%    policy       0.002    │
│ Steps              8.0M      Env          60ms   9%    value        0.004    │
│ SPS               29.5K      Copy          9ms   1%    entropy      0.031    │
│ Epoch              3907    Train         440ms  70%    old_kl      -0.000    │
│ Uptime     4m 41s 316ms      Model       440ms  70%    kl          -0.000    │
│ To go      2m 59s 780ms      Misc          0ms   0%    clipfrac     0.000    │
│                                                                              │
│ perf                          0.959   score                         0.918    │
│ episode_return                0.918   episode_length               13.760    │
│ invalids                      0.008                                          │
╰──────────────────────────────────────────────────────────────────────────────╯
╭──────────────────────────────────────────────────────────────────────────────╮
│ PufferLib 5.0        🐡        GPU:  86%   VRAM:   5.3/31G    RAM:  0.5G     │
│                                                                              │
│ Env         connect4cnn    Evaluate      183ms  29%    Losses       0.020    │
│ Params           270.5K      Model       112ms  18%    policy      -0.002    │
│ Steps              8.0M      Env          60ms   9%    value        0.004    │
│ SPS               29.5K      Copy          9ms   1%    entropy      0.030    │
│ Epoch              3916    Train         441ms  70%    old_kl       0.000    │
│ Uptime     4m 41s 940ms      Model       441ms  70%    kl          -0.000    │
│ To go      2m 59s 142ms      Misc          0ms   0%    clipfrac     0.000    │
│                                                                              │
│ perf                          0.957   score                         0.915    │
│ episode_return                0.915   episode_length               13.706    │
│ invalids                      0.008                                          │
╰──────────────────────────────────────────────────────────────────────────────╯
╭──────────────────────────────────────────────────────────────────────────────╮
│ PufferLib 5.0       🐡         GPU:  93%   VRAM:   5.3/31G    RAM:  0.5G     │
│                                                                              │
│ Env         connect4cnn    Evaluate      185ms  29%    Losses       0.027    │
│ Params           270.5K      Model       112ms  18%    policy       0.003    │
│ Steps              8.0M      Env          59ms   9%    value        0.005    │
│ SPS               29.5K      Copy         11ms   1%    entropy      0.032    │
│ Epoch              3925    Train         439ms  70%    old_kl      -0.000    │
│ Uptime     4m 42s 565ms      Model       439ms  70%    kl          -0.000    │
│ To go      2m 58s 633ms      Misc          0ms   0%    clipfrac     0.000    │
│                                                                              │
│ perf                          0.966   score                         0.932    │
│ episode_return                0.932   episode_length               13.860    │
│ invalids                      0.008                                          │
╰──────────────────────────────────────────────────────────────────────────────╯
╭──────────────────────────────────────────────────────────────────────────────╮
│ PufferLib 5.0      🐡          GPU:  93%   VRAM:   5.3/31G    RAM:  0.5G     │
│                                                                              │
│ Env         connect4cnn    Evaluate      184ms  29%    Losses       0.022    │
│ Params           270.5K      Model       112ms  17%    policy      -0.002    │
│ Steps              8.1M      Env          60ms   9%    value        0.005    │
│ SPS               29.5K      Copy         10ms   1%    entropy      0.032    │
│ Epoch              3934    Train         441ms  70%    old_kl       0.000    │
│ Uptime     4m 43s 190ms      Model       441ms  70%    kl          -0.000    │
│ To go      2m 58s 302ms      Misc          0ms   0%    clipfrac     0.000    │
│                                                                              │
│ perf                          0.952   score                         0.904    │
│ episode_return                0.904   episode_length               13.770    │
│ invalids                      0.013                                          │
╰──────────────────────────────────────────────────────────────────────────────╯
╭──────────────────────────────────────────────────────────────────────────────╮
│ PufferLib 5.0     🐡           GPU:  90%   VRAM:   5.3/31G    RAM:  0.5G     │
│                                                                              │
│ Env         connect4cnn    Evaluate      183ms  29%    Losses       0.028    │
│ Params           270.5K      Model       112ms  18%    policy       0.004    │
│ Steps              8.1M      Env          60ms   9%    value        0.005    │
│ SPS               29.6K      Copy          9ms   1%    entropy      0.033    │
│ Epoch              3943    Train         440ms  70%    old_kl       0.000    │
│ Uptime     4m 43s 814ms      Model       440ms  70%    kl          -0.000    │
│ To go      2m 57s 142ms      Misc          0ms   0%    clipfrac     0.000    │
│                                                                              │
│ perf                          0.956   score                         0.913    │
│ episode_return                0.913   episode_length               13.584    │
│ invalids                      0.010                                          │
╰──────────────────────────────────────────────────────────────────────────────╯
╭──────────────────────────────────────────────────────────────────────────────╮
│ PufferLib 5.0    🐡            GPU:  87%   VRAM:   5.3/31G    RAM:  0.5G     │
│                                                                              │
│ Env         connect4cnn    Evaluate      183ms  29%    Losses       0.022    │
│ Params           270.5K      Model       112ms  17%    policy      -0.000    │
│ Steps              8.1M      Env          60ms   9%    value        0.004    │
│ SPS               29.3K      Copy          9ms   1%    entropy      0.033    │
│ Epoch              3952    Train         446ms  70%    old_kl       0.000    │
│ Uptime     4m 44s 442ms      Model       445ms  70%    kl          -0.000    │
│ To go      2m 58s 039ms      Misc          0ms   0%    clipfrac     0.000    │
│                                                                              │
│ perf                          0.955   score                         0.910    │
│ episode_return                0.910   episode_length               13.908    │
│ invalids                      0.011                                          │
╰──────────────────────────────────────────────────────────────────────────────╯
╭──────────────────────────────────────────────────────────────────────────────╮
│ PufferLib 5.0   🐡             GPU:  87%   VRAM:   5.3/31G    RAM:  0.5G     │
│                                                                              │
│ Env         connect4cnn    Evaluate      184ms  29%    Losses       0.019    │
│ Params           270.5K      Model       112ms  18%    policy      -0.003    │
│ Steps              8.1M      Env          60ms   9%    value        0.004    │
│ SPS               29.7K      Copy          9ms   1%    entropy      0.033    │
│ Epoch              3961    Train         437ms  70%    old_kl      -0.000    │
│ Uptime     4m 45s 064ms      Model       437ms  70%    kl          -0.000    │
│ To go      2m 55s 270ms      Misc          0ms   0%    clipfrac     0.000    │
│                                                                              │
│ perf                          0.960   score                         0.919    │
│ episode_return                0.919   episode_length               13.797    │
│ invalids                      0.007                                          │
╰──────────────────────────────────────────────────────────────────────────────╯
╭──────────────────────────────────────────────────────────────────────────────╮
│ PufferLib 5.0  🐡              GPU:  93%   VRAM:   5.3/31G    RAM:  0.5G     │
│                                                                              │
│ Env         connect4cnn    Evaluate      184ms  29%    Losses       0.022    │
│ Params           270.5K      Model       112ms  17%    policy       0.002    │
│ Steps              8.1M      Env          60ms   9%    value        0.004    │
│ SPS               29.5K      Copy         10ms   1%    entropy      0.035    │
│ Epoch              3970    Train         440ms  70%    old_kl       0.000    │
│ Uptime     4m 45s 689ms      Model       440ms  70%    kl          -0.000    │
│ To go      2m 55s 756ms      Misc          0ms   0%    clipfrac     0.000    │
│                                                                              │
│ perf                          0.957   score                         0.914    │
│ episode_return                0.914   episode_length               13.779    │
│ invalids                      0.006                                          │
╰──────────────────────────────────────────────────────────────────────────────╯
╭──────────────────────────────────────────────────────────────────────────────╮
│ PufferLib 5.0 🐡               GPU:  93%   VRAM:   5.3/31G    RAM:  0.5G     │
│                                                                              │
│ Env         connect4cnn    Evaluate      182ms  29%    Losses       0.022    │
│ Params           270.5K      Model       112ms  18%    policy      -0.000    │
│ Steps              8.1M      Env          59ms   9%    value        0.004    │
│ SPS               29.7K      Copy          9ms   1%    entropy      0.034    │
│ Epoch              3979    Train         437ms  70%    old_kl       0.000    │
│ Uptime     4m 46s 309ms      Model       437ms  70%    kl          -0.000    │
│ To go      2m 53s 801ms      Misc          0ms   0%    clipfrac     0.000    │
│                                                                              │
│ perf                          0.944   score                         0.889    │
│ episode_return                0.889   episode_length               13.852    │
│ invalids                      0.020                                          │
╰──────────────────────────────────────────────────────────────────────────────╯
╭──────────────────────────────────────────────────────────────────────────────╮
│ PufferLib 5.0🐡                GPU:  87%   VRAM:   5.3/31G    RAM:  0.5G     │
│                                                                              │
│ Env         connect4cnn    Evaluate      183ms  29%    Losses       0.021    │
│ Params           270.5K      Model       112ms  18%    policy       0.000    │
│ Steps              8.2M      Env          60ms   9%    value        0.004    │
│ SPS               29.6K      Copy          9ms   1%    entropy      0.033    │
│ Epoch              3988    Train         439ms  70%    old_kl      -0.000    │
│ Uptime     4m 46s 932ms      Model       439ms  70%    kl          -0.000    │
│ To go      2m 53s 766ms      Misc          0ms   0%    clipfrac     0.000    │
│                                                                              │
│ perf                          0.960   score                         0.920    │
│ episode_return                0.920   episode_length               13.653    │
│ invalids                      0.010                                          │
╰──────────────────────────────────────────────────────────────────────────────╯
╭──────────────────────────────────────────────────────────────────────────────╮
│ PufferLib 5.0               🐡 GPU:  93%   VRAM:   5.3/31G    RAM:  0.5G     │
│                                                                              │
│ Env         connect4cnn    Evaluate      185ms  29%    Losses       0.024    │
│ Params           270.5K      Model       112ms  17%    policy      -0.001    │
│ Steps              8.2M      Env          60ms   9%    value        0.005    │
│ SPS               29.5K      Copy         11ms   1%    entropy      0.033    │
│ Epoch              3997    Train         439ms  70%    old_kl       0.000    │
│ Uptime     4m 47s 557ms      Model       439ms  70%    kl          -0.000    │
│ To go      2m 53s 850ms      Misc          0ms   0%    clipfrac     0.000    │
│                                                                              │
│ perf                          0.956   score                         0.912    │
│ episode_return                0.912   episode_length               13.543    │
│ invalids                      0.015                                          │
╰──────────────────────────────────────────────────────────────────────────────╯
╭──────────────────────────────────────────────────────────────────────────────╮
│ PufferLib 5.0              🐡  GPU:  93%   VRAM:   5.3/31G    RAM:  0.5G     │
│                                                                              │
│ Env         connect4cnn    Evaluate      183ms  29%    Losses       0.024    │
│ Params           270.5K      Model       112ms  18%    policy       0.001    │
│ Steps              8.2M      Env          59ms   9%    value        0.005    │
│ SPS               29.5K      Copy         10ms   1%    entropy      0.036    │
│ Epoch              4006    Train         440ms  70%    old_kl       0.000    │
│ Uptime     4m 48s 182ms      Model       440ms  70%    kl          -0.000    │
│ To go      2m 53s 072ms      Misc          0ms   0%    clipfrac     0.000    │
│                                                                              │
│ perf                          0.950   score                         0.901    │
│ episode_return                0.901   episode_length               13.877    │
│ invalids                      0.013                                          │
╰──────────────────────────────────────────────────────────────────────────────╯
╭──────────────────────────────────────────────────────────────────────────────╮
│ PufferLib 5.0             🐡   GPU:  87%   VRAM:   5.3/31G    RAM:  0.5G     │
│                                                                              │
│ Env         connect4cnn    Evaluate      183ms  29%    Losses       0.022    │
│ Params           270.5K      Model       112ms  18%    policy      -0.001    │
│ Steps              8.2M      Env          59ms   9%    value        0.004    │
│ SPS               29.6K      Copy         10ms   1%    entropy      0.036    │
│ Epoch              4015    Train         438ms  70%    old_kl      -0.000    │
│ Uptime     4m 48s 804ms      Model       438ms  70%    kl          -0.000    │
│ To go      2m 51s 776ms      Misc          0ms   0%    clipfrac     0.000    │
│                                                                              │
│ perf                          0.956   score                         0.912    │
│ episode_return                0.912   episode_length               13.939    │
│ invalids                      0.008                                          │
╰──────────────────────────────────────────────────────────────────────────────╯
╭──────────────────────────────────────────────────────────────────────────────╮
│ PufferLib 5.0            🐡    GPU:  91%   VRAM:   5.3/31G    RAM:  0.5G     │
│                                                                              │
│ Env         connect4cnn    Evaluate      184ms  29%    Losses       0.026    │
│ Params           270.5K      Model       112ms  17%    policy      -0.000    │
│ Steps              8.2M      Env          60ms   9%    value        0.005    │
│ SPS               29.4K      Copy         10ms   1%    entropy      0.029    │
│ Epoch              4024    Train         441ms  70%    old_kl       0.000    │
│ Uptime     4m 49s 430ms      Model       441ms  70%    kl          -0.000    │
│ To go      2m 52s 226ms      Misc          0ms   0%    clipfrac     0.000    │
│                                                                              │
│ perf                          0.953   score                         0.906    │
│ episode_return                0.906   episode_length               13.741    │
│ invalids                      0.012                                          │
╰──────────────────────────────────────────────────────────────────────────────╯
╭──────────────────────────────────────────────────────────────────────────────╮
│ PufferLib 5.0           🐡     GPU:  91%   VRAM:   5.3/31G    RAM:  0.5G     │
│                                                                              │
│ Env         connect4cnn    Evaluate      184ms  29%    Losses       0.019    │
│ Params           270.5K      Model       112ms  18%    policy       0.001    │
│ Steps              8.3M      Env          60ms   9%    value        0.004    │
│ SPS               29.5K      Copy          9ms   1%    entropy      0.031    │
│ Epoch              4033    Train         440ms  70%    old_kl      -0.000    │
│ Uptime     4m 50s 055ms      Model       440ms  70%    kl          -0.000    │
│ To go      2m 51s 238ms      Misc          0ms   0%    clipfrac     0.000    │
│                                                                              │
│ perf                          0.963   score                         0.926    │
│ episode_return                0.926   episode_length               13.726    │
│ invalids                      0.012                                          │
╰──────────────────────────────────────────────────────────────────────────────╯
╭──────────────────────────────────────────────────────────────────────────────╮
│ PufferLib 5.0          🐡      GPU:  93%   VRAM:   5.3/31G    RAM:  0.5G     │
│                                                                              │
│ Env         connect4cnn    Evaluate      185ms  29%    Losses       0.019    │
│ Params           270.5K      Model       112ms  17%    policy       0.000    │
│ Steps              8.3M      Env          61ms   9%    value        0.004    │
│ SPS               29.0K      Copy          9ms   1%    entropy      0.034    │
│ Epoch              4042    Train         441ms  70%    old_kl      -0.000    │
│ Uptime     4m 50s 691ms      Model       441ms  70%    kl          -0.000    │
│ To go      2m 53s 761ms      Misc          0ms   0%    clipfrac     0.000    │
│                                                                              │
│ perf                          0.965   score                         0.931    │
│ episode_return                0.931   episode_length               13.838    │
│ invalids                      0.012                                          │
╰──────────────────────────────────────────────────────────────────────────────╯
╭──────────────────────────────────────────────────────────────────────────────╮
│ PufferLib 5.0         🐡       GPU:  93%   VRAM:   5.3/31G    RAM:  0.5G     │
│                                                                              │
│ Env         connect4cnn    Evaluate      183ms  29%    Losses       0.024    │
│ Params           270.5K      Model       112ms  17%    policy       0.001    │
│ Steps              8.3M      Env          60ms   9%    value        0.004    │
│ SPS               29.4K      Copy          9ms   1%    entropy      0.033    │
│ Epoch              4051    Train         443ms  70%    old_kl       0.000    │
│ Uptime     4m 51s 318ms      Model       443ms  70%    kl          -0.000    │
│ To go      2m 50s 571ms      Misc          0ms   0%    clipfrac     0.000    │
│                                                                              │
│ perf                          0.964   score                         0.927    │
│ episode_return                0.927   episode_length               13.684    │
│ invalids                      0.009                                          │
╰──────────────────────────────────────────────────────────────────────────────╯
╭──────────────────────────────────────────────────────────────────────────────╮
│ PufferLib 5.0        🐡        GPU:  87%   VRAM:   5.3/31G    RAM:  0.5G     │
│                                                                              │
│ Env         connect4cnn    Evaluate      185ms  29%    Losses       0.024    │
│ Params           270.5K      Model       112ms  18%    policy       0.001    │
│ Steps              8.3M      Env          61ms   9%    value        0.005    │
│ SPS               29.5K      Copy         10ms   1%    entropy      0.034    │
│ Epoch              4060    Train         439ms  70%    old_kl      -0.000    │
│ Uptime     4m 51s 942ms      Model       439ms  70%    kl          -0.000    │
│ To go      2m 49s 263ms      Misc          0ms   0%    clipfrac     0.000    │
│                                                                              │
│ perf                          0.964   score                         0.927    │
│ episode_return                0.927   episode_length               13.678    │
│ invalids                      0.007                                          │
╰──────────────────────────────────────────────────────────────────────────────╯
╭──────────────────────────────────────────────────────────────────────────────╮
│ PufferLib 5.0       🐡         GPU:  93%   VRAM:   5.3/31G    RAM:  0.5G     │
│                                                                              │
│ Env         connect4cnn    Evaluate      186ms  30%    Losses       0.025    │
│ Params           270.5K      Model       112ms  18%    policy      -0.001    │
│ Steps              8.3M      Env          60ms   9%    value        0.005    │
│ SPS               29.7K      Copy         12ms   1%    entropy      0.035    │
│ Epoch              4069    Train         434ms  69%    old_kl       0.000    │
│ Uptime     4m 52s 562ms      Model       434ms  69%    kl          -0.000    │
│ To go      2m 47s 618ms      Misc          0ms   0%    clipfrac     0.000    │
│                                                                              │
│ perf                          0.959   score                         0.919    │
│ episode_return                0.919   episode_length               13.899    │
│ invalids                      0.010                                          │
╰──────────────────────────────────────────────────────────────────────────────╯
╭──────────────────────────────────────────────────────────────────────────────╮
│ PufferLib 5.0      🐡          GPU:  93%   VRAM:   5.3/31G    RAM:  0.5G     │
│                                                                              │
│ Env         connect4cnn    Evaluate      185ms  29%    Losses       0.026    │
│ Params           270.5K      Model       112ms  18%    policy       0.000    │
│ Steps              8.4M      Env          60ms   9%    value        0.005    │
│ SPS               29.6K      Copy         10ms   1%    entropy      0.039    │
│ Epoch              4078    Train         439ms  70%    old_kl       0.000    │
│ Uptime     4m 53s 186ms      Model       438ms  70%    kl          -0.000    │
│ To go      2m 47s 852ms      Misc          0ms   0%    clipfrac     0.000    │
│                                                                              │
│ perf                          0.954   score                         0.907    │
│ episode_return                0.907   episode_length               13.987    │
│ invalids                      0.012                                          │
╰──────────────────────────────────────────────────────────────────────────────╯
╭──────────────────────────────────────────────────────────────────────────────╮
│ PufferLib 5.0     🐡           GPU:  89%   VRAM:   5.3/31G    RAM:  0.5G     │
│                                                                              │
│ Env         connect4cnn    Evaluate      183ms  29%    Losses       0.023    │
│ Params           270.5K      Model       112ms  18%    policy       0.001    │
│ Steps              8.4M      Env          60ms   9%    value        0.004    │
│ SPS               29.7K      Copy          9ms   1%    entropy      0.036    │
│ Epoch              4087    Train         438ms  70%    old_kl      -0.000    │
│ Uptime     4m 53s 807ms      Model       438ms  70%    kl          -0.000    │
│ To go      2m 46s 574ms      Misc          0ms   0%    clipfrac     0.000    │
│                                                                              │
│ perf                          0.961   score                         0.922    │
│ episode_return                0.922   episode_length               13.858    │
│ invalids                      0.011                                          │
╰──────────────────────────────────────────────────────────────────────────────╯
╭──────────────────────────────────────────────────────────────────────────────╮
│ PufferLib 5.0    🐡            GPU:  91%   VRAM:   5.3/31G    RAM:  0.5G     │
│                                                                              │
│ Env         connect4cnn    Evaluate      184ms  29%    Losses       0.024    │
│ Params           270.5K      Model       112ms  17%    policy       0.000    │
│ Steps              8.4M      Env          59ms   9%    value        0.005    │
│ SPS               29.5K      Copy         11ms   1%    entropy      0.034    │
│ Epoch              4096    Train         440ms  70%    old_kl      -0.000    │
│ Uptime     4m 54s 432ms      Model       439ms  70%    kl          -0.000    │
│ To go      2m 46s 796ms      Misc          0ms   0%    clipfrac     0.000    │
│                                                                              │
│ perf                          0.953   score                         0.905    │
│ episode_return                0.905   episode_length               13.937    │
│ invalids                      0.012                                          │
╰──────────────────────────────────────────────────────────────────────────────╯
╭──────────────────────────────────────────────────────────────────────────────╮
│ PufferLib 5.0   🐡             GPU:  91%   VRAM:   5.3/31G    RAM:  0.5G     │
│                                                                              │
│ Env         connect4cnn    Evaluate      184ms  29%    Losses       0.023    │
│ Params           270.5K      Model       112ms  18%    policy      -0.000    │
│ Steps              8.4M      Env          60ms   9%    value        0.005    │
│ SPS               29.5K      Copy          9ms   1%    entropy      0.036    │
│ Epoch              4105    Train         440ms  70%    old_kl       0.000    │
│ Uptime     4m 55s 056ms      Model       440ms  70%    kl          -0.000    │
│ To go      2m 46s 128ms      Misc          0ms   0%    clipfrac     0.000    │
│                                                                              │
│ perf                          0.969   score                         0.937    │
│ episode_return                0.937   episode_length               13.844    │
│ invalids                      0.005                                          │
╰──────────────────────────────────────────────────────────────────────────────╯
╭──────────────────────────────────────────────────────────────────────────────╮
│ PufferLib 5.0  🐡              GPU:  93%   VRAM:   5.3/31G    RAM:  0.5G     │
│                                                                              │
│ Env         connect4cnn    Evaluate      183ms  29%    Losses       0.028    │
│ Params           270.5K      Model       112ms  18%    policy      -0.001    │
│ Steps              8.4M      Env          59ms   9%    value        0.006    │
│ SPS               29.7K      Copy          9ms   1%    entropy      0.038    │
│ Epoch              4114    Train         437ms  70%    old_kl       0.000    │
│ Uptime     4m 55s 677ms      Model       437ms  70%    kl          -0.000    │
│ To go      2m 44s 630ms      Misc          0ms   0%    clipfrac     0.000    │
│                                                                              │
│ perf                          0.942   score                         0.883    │
│ episode_return                0.883   episode_length               13.827    │
│ invalids                      0.017                                          │
╰──────────────────────────────────────────────────────────────────────────────╯
╭──────────────────────────────────────────────────────────────────────────────╮
│ PufferLib 5.0 🐡               GPU:  93%   VRAM:   5.3/31G    RAM:  0.5G     │
│                                                                              │
│ Env         connect4cnn    Evaluate      184ms  29%    Losses       0.022    │
│ Params           270.5K      Model       112ms  17%    policy      -0.002    │
│ Steps              8.4M      Env          60ms   9%    value        0.005    │
│ SPS               29.4K      Copy         10ms   1%    entropy      0.036    │
│ Epoch              4123    Train         442ms  70%    old_kl       0.000    │
│ Uptime     4m 56s 303ms      Model       441ms  70%    kl          -0.000    │
│ To go      2m 45s 386ms      Misc          0ms   0%    clipfrac     0.000    │
│                                                                              │
│ perf                          0.953   score                         0.906    │
│ episode_return                0.906   episode_length               13.749    │
│ invalids                      0.013                                          │
╰──────────────────────────────────────────────────────────────────────────────╯
╭──────────────────────────────────────────────────────────────────────────────╮
│ PufferLib 5.0🐡                GPU:  87%   VRAM:   5.3/31G    RAM:  0.5G     │
│                                                                              │
│ Env         connect4cnn    Evaluate      182ms  29%    Losses       0.023    │
│ Params           270.5K      Model       112ms  18%    policy       0.002    │
│ Steps              8.5M      Env          59ms   9%    value        0.004    │
│ SPS               29.7K      Copy          9ms   1%    entropy      0.034    │
│ Epoch              4132    Train         438ms  70%    old_kl      -0.000    │
│ Uptime     4m 56s 924ms      Model       438ms  70%    kl          -0.000    │
│ To go      2m 43s 395ms      Misc          0ms   0%    clipfrac     0.000    │
│                                                                              │
│ perf                          0.963   score                         0.927    │
│ episode_return                0.927   episode_length               13.692    │
│ invalids                      0.010                                          │
╰──────────────────────────────────────────────────────────────────────────────╯
╭──────────────────────────────────────────────────────────────────────────────╮
│ PufferLib 5.0               🐡 GPU:  93%   VRAM:   5.3/31G    RAM:  0.5G     │
│                                                                              │
│ Env         connect4cnn    Evaluate      184ms  29%    Losses       0.027    │
│ Params           270.5K      Model       112ms  17%    policy       0.001    │
│ Steps              8.5M      Env          60ms   9%    value        0.005    │
│ SPS               29.4K      Copy         10ms   1%    entropy      0.034    │
│ Epoch              4141    Train         442ms  70%    old_kl      -0.000    │
│ Uptime     4m 57s 551ms      Model       441ms  70%    kl          -0.000    │
│ To go      2m 44s 151ms      Misc          0ms   0%    clipfrac     0.000    │
│                                                                              │
│ perf                          0.960   score                         0.920    │
│ episode_return                0.920   episode_length               13.673    │
│ invalids                      0.008                                          │
╰──────────────────────────────────────────────────────────────────────────────╯
╭──────────────────────────────────────────────────────────────────────────────╮
│ PufferLib 5.0              🐡  GPU:  93%   VRAM:   5.3/31G    RAM:  0.5G     │
│                                                                              │
│ Env         connect4cnn    Evaluate      185ms  29%    Losses       0.023    │
│ Params           270.5K      Model       112ms  18%    policy       0.001    │
│ Steps              8.5M      Env          60ms   9%    value        0.005    │
│ SPS               29.6K      Copy         10ms   1%    entropy      0.034    │
│ Epoch              4150    Train         437ms  70%    old_kl       0.000    │
│ Uptime     4m 58s 173ms      Model       437ms  70%    kl          -0.000    │
│ To go      2m 42s 565ms      Misc          0ms   0%    clipfrac     0.000    │
│                                                                              │
│ perf                          0.956   score                         0.912    │
│ episode_return                0.912   episode_length               13.772    │
│ invalids                      0.013                                          │
╰──────────────────────────────────────────────────────────────────────────────╯
╭──────────────────────────────────────────────────────────────────────────────╮
│ PufferLib 5.0             🐡   GPU:  86%   VRAM:   5.3/31G    RAM:  0.5G     │
│                                                                              │
│ Env         connect4cnn    Evaluate      182ms  29%    Losses       0.026    │
│ Params           270.5K      Model       112ms  18%    policy       0.002    │
│ Steps              8.5M      Env          59ms   9%    value        0.005    │
│ SPS               29.8K      Copy          9ms   1%    entropy      0.039    │
│ Epoch              4159    Train         436ms  70%    old_kl      -0.000    │
│ Uptime     4m 58s 792ms      Model       436ms  70%    kl          -0.000    │
│ To go      2m 40s 979ms      Misc          0ms   0%    clipfrac     0.000    │
│                                                                              │
│ perf                          0.958   score                         0.915    │
│ episode_return                0.915   episode_length               13.992    │
│ invalids                      0.009                                          │
╰──────────────────────────────────────────────────────────────────────────────╯
╭──────────────────────────────────────────────────────────────────────────────╮
│ PufferLib 5.0            🐡    GPU:  86%   VRAM:   5.3/31G    RAM:  0.5G     │
│                                                                              │
│ Env         connect4cnn    Evaluate      183ms  29%    Losses       0.023    │
│ Params           270.5K      Model       112ms  18%    policy       0.001    │
│ Steps              8.5M      Env          59ms   9%    value        0.004    │
│ SPS               29.5K      Copy          9ms   1%    entropy      0.034    │
│ Epoch              4168    Train         441ms  70%    old_kl      -0.000    │
│ Uptime     4m 59s 416ms      Model       441ms  70%    kl          -0.000    │
│ To go      2m 41s 623ms      Misc          0ms   0%    clipfrac     0.000    │
│                                                                              │
│ perf                          0.960   score                         0.919    │
│ episode_return                0.919   episode_length               13.751    │
│ invalids                      0.009                                          │
╰──────────────────────────────────────────────────────────────────────────────╯
╭──────────────────────────────────────────────────────────────────────────────╮
│ PufferLib 5.0           🐡     GPU:  93%   VRAM:   5.3/31G    RAM:  0.5G     │
│                                                                              │
│ Env         connect4cnn    Evaluate      184ms  29%    Losses       0.023    │
│ Params           270.5K      Model       112ms  18%    policy       0.000    │
│ Steps              8.6M      Env          60ms   9%    value        0.005    │
│ SPS               29.6K      Copy         10ms   1%    entropy      0.035    │
│ Epoch              4177    Train         438ms  70%    old_kl      -0.000    │
│ Uptime     5m 00s 039ms      Model       438ms  70%    kl          -0.000    │
│ To go      2m 40s 774ms      Misc          0ms   0%    clipfrac     0.000    │
│                                                                              │
│ perf                          0.958   score                         0.917    │
│ episode_return                0.917   episode_length               13.701    │
│ invalids                      0.007                                          │
╰──────────────────────────────────────────────────────────────────────────────╯
╭──────────────────────────────────────────────────────────────────────────────╮
│ PufferLib 5.0          🐡      GPU:  86%   VRAM:   5.3/31G    RAM:  0.5G     │
│                                                                              │
│ Env         connect4cnn    Evaluate      184ms  29%    Losses       0.024    │
│ Params           270.5K      Model       112ms  18%    policy       0.002    │
│ Steps              8.6M      Env          60ms   9%    value        0.004    │
│ SPS               29.7K      Copy          9ms   1%    entropy      0.034    │
│ Epoch              4186    Train         437ms  70%    old_kl       0.000    │
│ Uptime     5m 00s 660ms      Model       437ms  70%    kl          -0.000    │
│ To go      2m 39s 813ms      Misc          0ms   0%    clipfrac     0.000    │
│                                                                              │
│ perf                          0.956   score                         0.912    │
│ episode_return                0.912   episode_length               13.783    │
│ invalids                      0.012                                          │
╰──────────────────────────────────────────────────────────────────────────────╯
╭──────────────────────────────────────────────────────────────────────────────╮
│ PufferLib 5.0         🐡       GPU:  86%   VRAM:   5.3/31G    RAM:  0.5G     │
│                                                                              │
│ Env         connect4cnn    Evaluate      184ms  29%    Losses       0.021    │
│ Params           270.5K      Model       112ms  18%    policy       0.001    │
│ Steps              8.6M      Env          60ms   9%    value        0.004    │
│ SPS               29.5K      Copy         10ms   1%    entropy      0.034    │
│ Epoch              4195    Train         440ms  70%    old_kl       0.000    │
│ Uptime     5m 01s 285ms      Model       440ms  70%    kl          -0.000    │
│ To go      2m 39s 920ms      Misc          0ms   0%    clipfrac     0.000    │
│                                                                              │
│ perf                          0.966   score                         0.933    │
│ episode_return                0.933   episode_length               13.749    │
│ invalids                      0.010                                          │
╰──────────────────────────────────────────────────────────────────────────────╯
╭──────────────────────────────────────────────────────────────────────────────╮
│ PufferLib 5.0        🐡        GPU:  93%   VRAM:   5.3/31G    RAM:  0.5G     │
│                                                                              │
│ Env         connect4cnn    Evaluate      182ms  29%    Losses       0.024    │
│ Params           270.5K      Model       112ms  17%    policy      -0.001    │
│ Steps              8.6M      Env          60ms   9%    value        0.005    │
│ SPS               29.5K      Copy          8ms   1%    entropy      0.035    │
│ Epoch              4204    Train         443ms  70%    old_kl      -0.000    │
│ Uptime     5m 01s 910ms      Model       443ms  70%    kl          -0.000    │
│ To go      2m 39s 609ms      Misc          0ms   0%    clipfrac     0.000    │
│                                                                              │
│ perf                          0.945   score                         0.890    │
│ episode_return                0.890   episode_length               13.711    │
│ invalids                      0.014                                          │
╰──────────────────────────────────────────────────────────────────────────────╯
╭──────────────────────────────────────────────────────────────────────────────╮
│ PufferLib 5.0       🐡         GPU:  89%   VRAM:   5.3/31G    RAM:  0.5G     │
│                                                                              │
│ Env         connect4cnn    Evaluate      183ms  29%    Losses       0.021    │
│ Params           270.5K      Model       112ms  17%    policy      -0.000    │
│ Steps              8.6M      Env          60ms   9%    value        0.004    │
│ SPS               29.4K      Copy          9ms   1%    entropy      0.035    │
│ Epoch              4213    Train         442ms  70%    old_kl       0.000    │
│ Uptime     5m 02s 536ms      Model       442ms  70%    kl          -0.000    │
│ To go      2m 39s 044ms      Misc          0ms   0%    clipfrac     0.000    │
│                                                                              │
│ perf                          0.955   score                         0.910    │
│ episode_return                0.910   episode_length               13.811    │
│ invalids                      0.010                                          │
╰──────────────────────────────────────────────────────────────────────────────╯
╭──────────────────────────────────────────────────────────────────────────────╮
│ PufferLib 5.0      🐡          GPU:  89%   VRAM:   5.3/31G    RAM:  0.5G     │
│                                                                              │
│ Env         connect4cnn    Evaluate      185ms  29%    Losses       0.020    │
│ Params           270.5K      Model       112ms  18%    policy       0.000    │
│ Steps              8.6M      Env          59ms   9%    value        0.004    │
│ SPS               29.6K      Copy         12ms   1%    entropy      0.036    │
│ Epoch              4222    Train         436ms  70%    old_kl      -0.000    │
│ Uptime     5m 03s 158ms      Model       436ms  70%    kl          -0.000    │
│ To go      2m 37s 351ms      Misc          0ms   0%    clipfrac     0.000    │
│                                                                              │
│ perf                          0.965   score                         0.930    │
│ episode_return                0.930   episode_length               13.902    │
│ invalids                      0.011                                          │
╰──────────────────────────────────────────────────────────────────────────────╯
╭──────────────────────────────────────────────────────────────────────────────╮
│ PufferLib 5.0     🐡           GPU:  89%   VRAM:   5.3/31G    RAM:  0.5G     │
│                                                                              │
│ Env         connect4cnn    Evaluate      183ms  29%    Losses       0.022    │
│ Params           270.5K      Model       112ms  18%    policy       0.001    │
│ Steps              8.7M      Env          60ms   9%    value        0.004    │
│ SPS               29.6K      Copy          9ms   1%    entropy      0.032    │
│ Epoch              4231    Train         438ms  70%    old_kl      -0.000    │
│ Uptime     5m 03s 780ms      Model       438ms  70%    kl          -0.000    │
│ To go      2m 36s 800ms      Misc          0ms   0%    clipfrac     0.000    │
│                                                                              │
│ perf                          0.966   score                         0.932    │
│ episode_return                0.932   episode_length               13.686    │
│ invalids                      0.006                                          │
╰──────────────────────────────────────────────────────────────────────────────╯
╭──────────────────────────────────────────────────────────────────────────────╮
│ PufferLib 5.0    🐡            GPU:  89%   VRAM:   5.3/31G    RAM:  0.5G     │
│                                                                              │
│ Env         connect4cnn    Evaluate      181ms  28%    Losses       0.023    │
│ Params           270.5K      Model       112ms  17%    policy      -0.001    │
│ Steps              8.7M      Env          59ms   9%    value        0.005    │
│ SPS               29.3K      Copy          8ms   1%    entropy      0.034    │
│ Epoch              4240    Train         448ms  71%    old_kl       0.000    │
│ Uptime     5m 04s 409ms      Model       447ms  71%    kl          -0.000    │
│ To go      2m 38s 089ms      Misc          0ms   0%    clipfrac     0.000    │
│                                                                              │
│ perf                          0.950   score                         0.899    │
│ episode_return                0.899   episode_length               13.729    │
│ invalids                      0.009                                          │
╰──────────────────────────────────────────────────────────────────────────────╯
╭──────────────────────────────────────────────────────────────────────────────╮
│ PufferLib 5.0   🐡             GPU:  93%   VRAM:   5.3/31G    RAM:  0.5G     │
│                                                                              │
│ Env         connect4cnn    Evaluate      184ms  29%    Losses       0.018    │
│ Params           270.5K      Model       112ms  18%    policy      -0.003    │
│ Steps              8.7M      Env          60ms   9%    value        0.004    │
│ SPS               29.6K      Copy          9ms   1%    entropy      0.035    │
│ Epoch              4249    Train         439ms  70%    old_kl       0.000    │
│ Uptime     5m 05s 033ms      Model       439ms  70%    kl          -0.000    │
│ To go      2m 35s 926ms      Misc          0ms   0%    clipfrac     0.000    │
│                                                                              │
│ perf                          0.957   score                         0.914    │
│ episode_return                0.914   episode_length               13.717    │
│ invalids                      0.008                                          │
╰──────────────────────────────────────────────────────────────────────────────╯
╭──────────────────────────────────────────────────────────────────────────────╮
│ PufferLib 5.0  🐡              GPU:  87%   VRAM:   5.3/31G    RAM:  0.5G     │
│                                                                              │
│ Env         connect4cnn    Evaluate      185ms  29%    Losses       0.027    │
│ Params           270.5K      Model       112ms  18%    policy       0.001    │
│ Steps              8.7M      Env          59ms   9%    value        0.005    │
│ SPS               29.7K      Copy         11ms   1%    entropy      0.036    │
│ Epoch              4258    Train         435ms  70%    old_kl       0.000    │
│ Uptime     5m 05s 654ms      Model       435ms  70%    kl          -0.000    │
│ To go      2m 34s 610ms      Misc          0ms   0%    clipfrac     0.000    │
│                                                                              │
│ perf                          0.958   score                         0.917    │
│ episode_return                0.917   episode_length               13.687    │
│ invalids                      0.009                                          │
╰──────────────────────────────────────────────────────────────────────────────╯
╭──────────────────────────────────────────────────────────────────────────────╮
│ PufferLib 5.0 🐡               GPU:  87%   VRAM:   5.3/31G    RAM:  0.5G     │
│                                                                              │
│ Env         connect4cnn    Evaluate      182ms  29%    Losses       0.021    │
│ Params           270.5K      Model       112ms  17%    policy      -0.002    │
│ Steps              8.7M      Env          59ms   9%    value        0.005    │
│ SPS               29.5K      Copy          9ms   1%    entropy      0.032    │
│ Epoch              4267    Train         443ms  70%    old_kl      -0.000    │
│ Uptime     5m 06s 279ms      Model       443ms  70%    kl          -0.000    │
│ To go      2m 35s 201ms      Misc          0ms   0%    clipfrac     0.000    │
│                                                                              │
│ perf                          0.959   score                         0.917    │
│ episode_return                0.917   episode_length               13.604    │
│ invalids                      0.013                                          │
╰──────────────────────────────────────────────────────────────────────────────╯
╭──────────────────────────────────────────────────────────────────────────────╮
│ PufferLib 5.0🐡                GPU:  93%   VRAM:   5.3/31G    RAM:  0.5G     │
│                                                                              │
│ Env         connect4cnn    Evaluate      184ms  29%    Losses       0.020    │
│ Params           270.5K      Model       112ms  17%    policy       0.000    │
│ Steps              8.8M      Env          62ms   9%    value        0.004    │
│ SPS               29.4K      Copy          8ms   1%    entropy      0.030    │
│ Epoch              4276    Train         441ms  70%    old_kl      -0.000    │
│ Uptime     5m 06s 905ms      Model       441ms  70%    kl          -0.000    │
│ To go      2m 34s 690ms      Misc          0ms   0%    clipfrac     0.000    │
│                                                                              │
│ perf                          0.965   score                         0.931    │
│ episode_return                0.931   episode_length               13.657    │
│ invalids                      0.010                                          │
╰──────────────────────────────────────────────────────────────────────────────╯
╭──────────────────────────────────────────────────────────────────────────────╮
│ PufferLib 5.0               🐡 GPU:  87%   VRAM:   5.3/31G    RAM:  0.5G     │
│                                                                              │
│ Env         connect4cnn    Evaluate      184ms  29%    Losses       0.022    │
│ Params           270.5K      Model       112ms  18%    policy       0.000    │
│ Steps              8.8M      Env          59ms   9%    value        0.004    │
│ SPS               29.6K      Copy         10ms   1%    entropy      0.031    │
│ Epoch              4285    Train         439ms  70%    old_kl       0.000    │
│ Uptime     5m 07s 529ms      Model       439ms  70%    kl          -0.000    │
│ To go      2m 33s 498ms      Misc          0ms   0%    clipfrac     0.000    │
│                                                                              │
│ perf                          0.956   score                         0.913    │
│ episode_return                0.913   episode_length               13.986    │
│ invalids                      0.014                                          │
╰──────────────────────────────────────────────────────────────────────────────╯
╭──────────────────────────────────────────────────────────────────────────────╮
│ PufferLib 5.0              🐡  GPU:  87%   VRAM:   5.3/31G    RAM:  0.5G     │
│                                                                              │
│ Env         connect4cnn    Evaluate      185ms  29%    Losses       0.022    │
│ Params           270.5K      Model       112ms  18%    policy       0.001    │
│ Steps              8.8M      Env          60ms   9%    value        0.004    │
│ SPS               29.5K      Copy         10ms   1%    entropy      0.030    │
│ Epoch              4294    Train         439ms  70%    old_kl       0.000    │
│ Uptime     5m 08s 153ms      Model       439ms  70%    kl          -0.000    │
│ To go      2m 32s 968ms      Misc          0ms   0%    clipfrac     0.000    │
│                                                                              │
│ perf                          0.955   score                         0.910    │
│ episode_return                0.910   episode_length               13.767    │
│ invalids                      0.012                                          │
╰──────────────────────────────────────────────────────────────────────────────╯
╭──────────────────────────────────────────────────────────────────────────────╮
│ PufferLib 5.0             🐡   GPU:  91%   VRAM:   5.3/31G    RAM:  0.5G     │
│                                                                              │
│ Env         connect4cnn    Evaluate      183ms  29%    Losses       0.020    │
│ Params           270.5K      Model       112ms  18%    policy      -0.001    │
│ Steps              8.8M      Env          60ms   9%    value        0.004    │
│ SPS               29.6K      Copy          9ms   1%    entropy      0.032    │
│ Epoch              4303    Train         438ms  70%    old_kl       0.000    │
│ Uptime     5m 08s 775ms      Model       438ms  70%    kl          -0.000    │
│ To go      2m 31s 757ms      Misc          0ms   0%    clipfrac     0.000    │
│                                                                              │
│ perf                          0.963   score                         0.927    │
│ episode_return                0.927   episode_length               13.863    │
│ invalids                      0.005                                          │
╰──────────────────────────────────────────────────────────────────────────────╯
╭──────────────────────────────────────────────────────────────────────────────╮
│ PufferLib 5.0            🐡    GPU:  91%   VRAM:   5.3/31G    RAM:  0.5G     │
│                                                                              │
│ Env         connect4cnn    Evaluate      184ms  29%    Losses       0.023    │
│ Params           270.5K      Model       112ms  17%    policy       0.000    │
│ Steps              8.8M      Env          60ms   9%    value        0.005    │
│ SPS               29.2K      Copy          9ms   1%    entropy      0.035    │
│ Epoch              4312    Train         447ms  70%    old_kl       0.000    │
│ Uptime     5m 09s 406ms      Model       447ms  70%    kl          -0.000    │
│ To go      2m 33s 461ms      Misc          0ms   0%    clipfrac     0.000    │
│                                                                              │
│ perf                          0.957   score                         0.914    │
│ episode_return                0.914   episode_length               13.665    │
│ invalids                      0.010                                          │
╰──────────────────────────────────────────────────────────────────────────────╯
╭──────────────────────────────────────────────────────────────────────────────╮
│ PufferLib 5.0           🐡     GPU:  92%   VRAM:   5.3/31G    RAM:  0.5G     │
│                                                                              │
│ Env         connect4cnn    Evaluate      184ms  29%    Losses       0.021    │
│ Params           270.5K      Model       112ms  18%    policy      -0.001    │
│ Steps              8.8M      Env          60ms   9%    value        0.005    │
│ SPS               29.7K      Copy         10ms   1%    entropy      0.035    │
│ Epoch              4321    Train         436ms  70%    old_kl      -0.000    │
│ Uptime     5m 10s 026ms      Model       436ms  70%    kl          -0.000    │
│ To go      2m 30s 165ms      Misc          0ms   0%    clipfrac     0.000    │
│                                                                              │
│ perf                          0.957   score                         0.913    │
│ episode_return                0.913   episode_length               13.772    │
│ invalids                      0.011                                          │
╰──────────────────────────────────────────────────────────────────────────────╯
╭──────────────────────────────────────────────────────────────────────────────╮
│ PufferLib 5.0          🐡      GPU:  87%   VRAM:   5.3/31G    RAM:  0.5G     │
│                                                                              │
│ Env         connect4cnn    Evaluate      188ms  30%    Losses       0.022    │
│ Params           270.5K      Model       112ms  18%    policy       0.001    │
│ Steps              8.9M      Env          61ms   9%    value        0.004    │
│ SPS               29.6K      Copy         12ms   1%    entropy      0.032    │
│ Epoch              4330    Train         434ms  69%    old_kl       0.000    │
│ Uptime     5m 10s 649ms      Model       434ms  69%    kl          -0.000    │
│ To go      2m 30s 111ms      Misc          0ms   0%    clipfrac     0.000    │
│                                                                              │
│ perf                          0.965   score                         0.931    │
│ episode_return                0.931   episode_length               13.609    │
│ invalids                      0.007                                          │
╰──────────────────────────────────────────────────────────────────────────────╯
╭──────────────────────────────────────────────────────────────────────────────╮
│ PufferLib 5.0         🐡       GPU:  87%   VRAM:   5.3/31G    RAM:  0.5G     │
│                                                                              │
│ Env         connect4cnn    Evaluate      182ms  29%    Losses       0.025    │
│ Params           270.5K      Model       112ms  17%    policy      -0.001    │
│ Steps              8.9M      Env          60ms   9%    value        0.005    │
│ SPS               29.4K      Copy          9ms   1%    entropy      0.034    │
│ Epoch              4339    Train         445ms  70%    old_kl      -0.000    │
│ Uptime     5m 11s 276ms      Model       445ms  70%    kl          -0.000    │
│ To go      2m 30s 665ms      Misc          0ms   0%    clipfrac     0.000    │
│                                                                              │
│ perf                          0.952   score                         0.904    │
│ episode_return                0.904   episode_length               13.916    │
│ invalids                      0.011                                          │
╰──────────────────────────────────────────────────────────────────────────────╯
╭──────────────────────────────────────────────────────────────────────────────╮
│ PufferLib 5.0        🐡        GPU:  93%   VRAM:   5.3/31G    RAM:  0.5G     │
│                                                                              │
│ Env         connect4cnn    Evaluate      182ms  29%    Losses       0.022    │
│ Params           270.5K      Model       112ms  18%    policy      -0.000    │
│ Steps              8.9M      Env          59ms   9%    value        0.004    │
│ SPS               29.6K      Copy          9ms   1%    entropy      0.032    │
│ Epoch              4348    Train         439ms  70%    old_kl       0.000    │
│ Uptime     5m 11s 898ms      Model       439ms  70%    kl          -0.000    │
│ To go      2m 28s 692ms      Misc          0ms   0%    clipfrac     0.000    │
│                                                                              │
│ perf                          0.956   score                         0.911    │
│ episode_return                0.911   episode_length               13.840    │
│ invalids                      0.008                                          │
╰──────────────────────────────────────────────────────────────────────────────╯
╭──────────────────────────────────────────────────────────────────────────────╮
│ PufferLib 5.0       🐡         GPU:  86%   VRAM:   5.3/31G    RAM:  0.5G     │
│                                                                              │
│ Env         connect4cnn    Evaluate      186ms  29%    Losses       0.023    │
│ Params           270.5K      Model       112ms  17%    policy       0.001    │
│ Steps              8.9M      Env          61ms   9%    value        0.004    │
│ SPS               29.4K      Copy         10ms   1%    entropy      0.033    │
│ Epoch              4357    Train         440ms  70%    old_kl       0.000    │
│ Uptime     5m 12s 525ms      Model       440ms  70%    kl          -0.000    │
│ To go      2m 29s 267ms      Misc          0ms   0%    clipfrac     0.000    │
│                                                                              │
│ perf                          0.957   score                         0.914    │
│ episode_return                0.914   episode_length               13.622    │
│ invalids                      0.009                                          │
╰──────────────────────────────────────────────────────────────────────────────╯
╭──────────────────────────────────────────────────────────────────────────────╮
│ PufferLib 5.0      🐡          GPU:  86%   VRAM:   5.3/31G    RAM:  0.5G     │
│                                                                              │
│ Env         connect4cnn    Evaluate      185ms  29%    Losses       0.017    │
│ Params           270.5K      Model       112ms  18%    policy      -0.001    │
│ Steps              8.9M      Env          60ms   9%    value        0.004    │
│ SPS               29.7K      Copy         10ms   1%    entropy      0.032    │
│ Epoch              4366    Train         434ms  70%    old_kl       0.000    │
│ Uptime     5m 13s 145ms      Model       434ms  70%    kl          -0.000    │
│ To go      2m 26s 951ms      Misc          0ms   0%    clipfrac     0.000    │
│                                                                              │
│ perf                          0.966   score                         0.931    │
│ episode_return                0.931   episode_length               13.739    │
│ invalids                      0.007                                          │
╰──────────────────────────────────────────────────────────────────────────────╯
╭──────────────────────────────────────────────────────────────────────────────╮
│ PufferLib 5.0     🐡           GPU:  93%   VRAM:   5.3/31G    RAM:  0.5G     │
│                                                                              │
│ Env         connect4cnn    Evaluate      183ms  29%    Losses       0.022    │
│ Params           270.5K      Model       112ms  18%    policy       0.000    │
│ Steps              9.0M      Env          60ms   9%    value        0.004    │
│ SPS               29.5K      Copy          9ms   1%    entropy      0.031    │
│ Epoch              4375    Train         440ms  70%    old_kl       0.000    │
│ Uptime     5m 13s 769ms      Model       440ms  70%    kl          -0.000    │
│ To go      2m 27s 455ms      Misc          0ms   0%    clipfrac     0.000    │
│                                                                              │
│ perf                          0.951   score                         0.902    │
│ episode_return                0.902   episode_length               13.873    │
│ invalids                      0.016                                          │
╰──────────────────────────────────────────────────────────────────────────────╯
╭──────────────────────────────────────────────────────────────────────────────╮
│ PufferLib 5.0    🐡            GPU:  93%   VRAM:   5.3/31G    RAM:  0.5G     │
│                                                                              │
│ Env         connect4cnn    Evaluate      184ms  29%    Losses       0.023    │
│ Params           270.5K      Model       112ms  17%    policy      -0.000    │
│ Steps              9.0M      Env          59ms   9%    value        0.005    │
│ SPS               29.5K      Copy         11ms   1%    entropy      0.033    │
│ Epoch              4384    Train         441ms  70%    old_kl       0.000    │
│ Uptime     5m 14s 395ms      Model       441ms  70%    kl          -0.000    │
│ To go      2m 27s 138ms      Misc          0ms   0%    clipfrac     0.000    │
│                                                                              │
│ perf                          0.959   score                         0.918    │
│ episode_return                0.918   episode_length               13.798    │
│ invalids                      0.008                                          │
╰──────────────────────────────────────────────────────────────────────────────╯
╭──────────────────────────────────────────────────────────────────────────────╮
│ PufferLib 5.0   🐡             GPU:  88%   VRAM:   5.3/31G    RAM:  0.5G     │
│                                                                              │
│ Env         connect4cnn    Evaluate      184ms  29%    Losses       0.019    │
│ Params           270.5K      Model       112ms  18%    policy      -0.001    │
│ Steps              9.0M      Env          60ms   9%    value        0.004    │
│ SPS               29.7K      Copy         10ms   1%    entropy      0.032    │
│ Epoch              4393    Train         435ms  70%    old_kl      -0.000    │
│ Uptime     5m 15s 015ms      Model       435ms  70%    kl          -0.000    │
│ To go      2m 25s 063ms      Misc          0ms   0%    clipfrac     0.000    │
│                                                                              │
│ perf                          0.958   score                         0.916    │
│ episode_return                0.916   episode_length               13.865    │
│ invalids                      0.010                                          │
╰──────────────────────────────────────────────────────────────────────────────╯
╭──────────────────────────────────────────────────────────────────────────────╮
│ PufferLib 5.0  🐡              GPU:  92%   VRAM:   5.3/31G    RAM:  0.5G     │
│                                                                              │
│ Env         connect4cnn    Evaluate      185ms  29%    Losses       0.019    │
│ Params           270.5K      Model       112ms  18%    policy      -0.001    │
│ Steps              9.0M      Env          60ms   9%    value        0.004    │
│ SPS               29.7K      Copy         10ms   1%    entropy      0.031    │
│ Epoch              4402    Train         435ms  70%    old_kl       0.000    │
│ Uptime     5m 15s 635ms      Model       435ms  70%    kl          -0.000    │
│ To go      2m 24s 595ms      Misc          0ms   0%    clipfrac     0.000    │
│                                                                              │
│ perf                          0.956   score                         0.912    │
│ episode_return                0.912   episode_length               13.746    │
│ invalids                      0.014                                          │
╰──────────────────────────────────────────────────────────────────────────────╯
╭──────────────────────────────────────────────────────────────────────────────╮
│ PufferLib 5.0 🐡               GPU:  92%   VRAM:   5.3/31G    RAM:  0.5G     │
│                                                                              │
│ Env         connect4cnn    Evaluate      183ms  29%    Losses       0.019    │
│ Params           270.5K      Model       112ms  18%    policy      -0.002    │
│ Steps              9.0M      Env          60ms   9%    value        0.004    │
│ SPS               29.6K      Copy          9ms   1%    entropy      0.030    │
│ Epoch              4411    Train         440ms  70%    old_kl      -0.000    │
│ Uptime     5m 16s 258ms      Model       440ms  70%    kl          -0.000    │
│ To go      2m 24s 711ms      Misc          0ms   0%    clipfrac     0.000    │
│                                                                              │
│ perf                          0.958   score                         0.916    │
│ episode_return                0.916   episode_length               13.862    │
│ invalids                      0.015                                          │
╰──────────────────────────────────────────────────────────────────────────────╯
╭──────────────────────────────────────────────────────────────────────────────╮
│ PufferLib 5.0🐡                GPU:  89%   VRAM:   5.3/31G    RAM:  0.5G     │
│                                                                              │
│ Env         connect4cnn    Evaluate      185ms  29%    Losses       0.020    │
│ Params           270.5K      Model       112ms  18%    policy      -0.000    │
│ Steps              9.1M      Env          60ms   9%    value        0.004    │
│ SPS               29.6K      Copy         11ms   1%    entropy      0.031    │
│ Epoch              4420    Train         437ms  70%    old_kl       0.000    │
│ Uptime     5m 16s 881ms      Model       437ms  70%    kl          -0.000    │
│ To go      2m 23s 959ms      Misc          0ms   0%    clipfrac     0.000    │
│                                                                              │
│ perf                          0.964   score                         0.927    │
│ episode_return                0.927   episode_length               13.686    │
│ invalids                      0.010                                          │
╰──────────────────────────────────────────────────────────────────────────────╯
╭──────────────────────────────────────────────────────────────────────────────╮
│ PufferLib 5.0               🐡 GPU:  91%   VRAM:   5.3/31G    RAM:  0.5G     │
│                                                                              │
│ Env         connect4cnn    Evaluate      184ms  29%    Losses       0.026    │
│ Params           270.5K      Model       112ms  18%    policy       0.002    │
│ Steps              9.1M      Env          60ms   9%    value        0.005    │
│ SPS               29.6K      Copy         10ms   1%    entropy      0.031    │
│ Epoch              4429    Train         437ms  70%    old_kl      -0.000    │
│ Uptime     5m 17s 503ms      Model       437ms  70%    kl          -0.000    │
│ To go      2m 23s 147ms      Misc          0ms   0%    clipfrac     0.000    │
│                                                                              │
│ perf                          0.960   score                         0.919    │
│ episode_return                0.919   episode_length               13.771    │
│ invalids                      0.008                                          │
╰──────────────────────────────────────────────────────────────────────────────╯
╭──────────────────────────────────────────────────────────────────────────────╮
│ PufferLib 5.0              🐡  GPU:  91%   VRAM:   5.3/31G    RAM:  0.5G     │
│                                                                              │
│ Env         connect4cnn    Evaluate      184ms  29%    Losses       0.018    │
│ Params           270.5K      Model       112ms  18%    policy      -0.001    │
│ Steps              9.1M      Env          59ms   9%    value        0.004    │
│ SPS               29.7K      Copy         10ms   1%    entropy      0.032    │
│ Epoch              4438    Train         436ms  70%    old_kl       0.000    │
│ Uptime     5m 18s 124ms      Model       436ms  70%    kl          -0.000    │
│ To go      2m 22s 130ms      Misc          0ms   0%    clipfrac     0.000    │
│                                                                              │
│ perf                          0.958   score                         0.916    │
│ episode_return                0.916   episode_length               13.813    │
│ invalids                      0.017                                          │
╰──────────────────────────────────────────────────────────────────────────────╯
╭──────────────────────────────────────────────────────────────────────────────╮
│ PufferLib 5.0             🐡   GPU:  91%   VRAM:   5.3/31G    RAM:  0.5G     │
│                                                                              │
│ Env         connect4cnn    Evaluate      186ms  29%    Losses       0.019    │
│ Params           270.5K      Model       112ms  18%    policy      -0.001    │
│ Steps              9.1M      Env          60ms   9%    value        0.004    │
│ SPS               29.7K      Copy         11ms   1%    entropy      0.032    │
│ Epoch              4447    Train         435ms  70%    old_kl      -0.000    │
│ Uptime     5m 18s 745ms      Model       434ms  70%    kl          -0.000    │
│ To go      2m 21s 653ms      Misc          0ms   0%    clipfrac     0.000    │
│                                                                              │
│ perf                          0.965   score                         0.930    │
│ episode_return                0.930   episode_length               13.701    │
│ invalids                      0.006                                          │
╰──────────────────────────────────────────────────────────────────────────────╯
╭──────────────────────────────────────────────────────────────────────────────╮
│ PufferLib 5.0            🐡    GPU:  91%   VRAM:   5.3/31G    RAM:  0.5G     │
│                                                                              │
│ Env         connect4cnn    Evaluate      183ms  29%    Losses       0.029    │
│ Params           270.5K      Model       112ms  17%    policy       0.003    │
│ Steps              9.1M      Env          60ms   9%    value        0.005    │
│ SPS               29.3K      Copy          9ms   1%    entropy      0.032    │
│ Epoch              4456    Train         445ms  70%    old_kl      -0.000    │
│ Uptime     5m 19s 373ms      Model       445ms  70%    kl          -0.000    │
│ To go      2m 22s 661ms      Misc          0ms   0%    clipfrac     0.000    │
│                                                                              │
│ perf                          0.949   score                         0.898    │
│ episode_return                0.898   episode_length               13.776    │
│ invalids                      0.011                                          │
╰──────────────────────────────────────────────────────────────────────────────╯
╭──────────────────────────────────────────────────────────────────────────────╮
│ PufferLib 5.0           🐡     GPU:  88%   VRAM:   5.3/31G    RAM:  0.5G     │
│                                                                              │
│ Env         connect4cnn    Evaluate      184ms  29%    Losses       0.022    │
│ Params           270.5K      Model       112ms  18%    policy       0.000    │
│ Steps              9.1M      Env          60ms   9%    value        0.004    │
│ SPS               29.5K      Copy          9ms   1%    entropy      0.031    │
│ Epoch              4465    Train         441ms  70%    old_kl      -0.000    │
│ Uptime     5m 19s 998ms      Model       440ms  70%    kl          -0.000    │
│ To go      2m 21s 305ms      Misc          0ms   0%    clipfrac     0.000    │
│                                                                              │
│ perf                          0.969   score                         0.938    │
│ episode_return                0.938   episode_length               13.629    │
│ invalids                      0.007                                          │
╰──────────────────────────────────────────────────────────────────────────────╯
╭──────────────────────────────────────────────────────────────────────────────╮
│ PufferLib 5.0          🐡      GPU:  94%   VRAM:   5.3/31G    RAM:  0.5G     │
│                                                                              │
│ Env         connect4cnn    Evaluate      187ms  30%    Losses       0.023    │
│ Params           270.5K      Model       112ms  18%    policy       0.000    │
│ Steps              9.2M      Env          61ms   9%    value        0.004    │
│ SPS               29.7K      Copy         12ms   1%    entropy      0.031    │
│ Epoch              4474    Train         432ms  69%    old_kl      -0.000    │
│ Uptime     5m 20s 617ms      Model       432ms  69%    kl          -0.000    │
│ To go      2m 19s 515ms      Misc          0ms   0%    clipfrac     0.000    │
│                                                                              │
│ perf                          0.957   score                         0.914    │
│ episode_return                0.914   episode_length               13.694    │
│ invalids                      0.013                                          │
╰──────────────────────────────────────────────────────────────────────────────╯
╭──────────────────────────────────────────────────────────────────────────────╮
│ PufferLib 5.0         🐡       GPU:  94%   VRAM:   5.3/31G    RAM:  0.5G     │
│                                                                              │
│ Env         connect4cnn    Evaluate      185ms  29%    Losses       0.022    │
│ Params           270.5K      Model       112ms  18%    policy       0.000    │
│ Steps              9.2M      Env          60ms   9%    value        0.004    │
│ SPS               29.8K      Copy         11ms   1%    entropy      0.032    │
│ Epoch              4483    Train         434ms  70%    old_kl       0.000    │
│ Uptime     5m 21s 236ms      Model       433ms  70%    kl          -0.000    │
│ To go      2m 18s 676ms      Misc          0ms   0%    clipfrac     0.000    │
│                                                                              │
│ perf                          0.961   score                         0.922    │
│ episode_return                0.922   episode_length               13.871    │
│ invalids                      0.008                                          │
╰──────────────────────────────────────────────────────────────────────────────╯
╭──────────────────────────────────────────────────────────────────────────────╮
│ PufferLib 5.0        🐡        GPU:  86%   VRAM:   5.3/31G    RAM:  0.5G     │
│                                                                              │
│ Env         connect4cnn    Evaluate      183ms  29%    Losses       0.020    │
│ Params           270.5K      Model       112ms  18%    policy      -0.001    │
│ Steps              9.2M      Env          60ms   9%    value        0.004    │
│ SPS               29.6K      Copy          9ms   1%    entropy      0.029    │
│ Epoch              4492    Train         440ms  70%    old_kl       0.000    │
│ Uptime     5m 21s 859ms      Model       440ms  70%    kl          -0.000    │
│ To go      2m 19s 043ms      Misc          0ms   0%    clipfrac     0.000    │
│                                                                              │
│ perf                          0.963   score                         0.926    │
│ episode_return                0.926   episode_length               13.644    │
│ invalids                      0.006                                          │
╰──────────────────────────────────────────────────────────────────────────────╯
╭──────────────────────────────────────────────────────────────────────────────╮
│ PufferLib 5.0       🐡         GPU:  93%   VRAM:   5.3/31G    RAM:  0.5G     │
│                                                                              │
│ Env         connect4cnn    Evaluate      185ms  29%    Losses       0.021    │
│ Params           270.5K      Model       112ms  18%    policy       0.001    │
│ Steps              9.2M      Env          59ms   9%    value        0.004    │
│ SPS               29.5K      Copy         11ms   1%    entropy      0.029    │
│ Epoch              4501    Train         439ms  70%    old_kl       0.000    │
│ Uptime     5m 22s 484ms      Model       439ms  70%    kl          -0.000    │
│ To go      2m 18s 708ms      Misc          0ms   0%    clipfrac     0.000    │
│                                                                              │
│ perf                          0.965   score                         0.931    │
│ episode_return                0.931   episode_length               13.596    │
│ invalids                      0.010                                          │
╰──────────────────────────────────────────────────────────────────────────────╯
╭──────────────────────────────────────────────────────────────────────────────╮
│ PufferLib 5.0      🐡          GPU:  93%   VRAM:   5.3/31G    RAM:  0.5G     │
│                                                                              │
│ Env         connect4cnn    Evaluate      184ms  29%    Losses       0.018    │
│ Params           270.5K      Model       112ms  18%    policy      -0.001    │
│ Steps              9.2M      Env          60ms   9%    value        0.004    │
│ SPS               29.6K      Copy         10ms   1%    entropy      0.033    │
│ Epoch              4510    Train         438ms  70%    old_kl       0.000    │
│ Uptime     5m 23s 107ms      Model       438ms  70%    kl          -0.000    │
│ To go      2m 17s 713ms      Misc          0ms   0%    clipfrac     0.000    │
│                                                                              │
│ perf                          0.963   score                         0.927    │
│ episode_return                0.927   episode_length               13.811    │
│ invalids                      0.009                                          │
╰──────────────────────────────────────────────────────────────────────────────╯
╭──────────────────────────────────────────────────────────────────────────────╮
│ PufferLib 5.0     🐡           GPU:  87%   VRAM:   5.3/31G    RAM:  0.5G     │
│                                                                              │
│ Env         connect4cnn    Evaluate      184ms  29%    Losses       0.024    │
│ Params           270.5K      Model       112ms  18%    policy       0.003    │
│ Steps              9.3M      Env          59ms   9%    value        0.004    │
│ SPS               29.7K      Copy         10ms   1%    entropy      0.032    │
│ Epoch              4519    Train         436ms  70%    old_kl      -0.000    │
│ Uptime     5m 23s 727ms      Model       436ms  70%    kl          -0.000    │
│ To go      2m 16s 555ms      Misc          0ms   0%    clipfrac     0.000    │
│                                                                              │
│ perf                          0.963   score                         0.927    │
│ episode_return                0.927   episode_length               13.750    │
│ invalids                      0.008                                          │
╰──────────────────────────────────────────────────────────────────────────────╯
╭──────────────────────────────────────────────────────────────────────────────╮
│ PufferLib 5.0    🐡            GPU:  87%   VRAM:   5.3/31G    RAM:  0.5G     │
│                                                                              │
│ Env         connect4cnn    Evaluate      184ms  29%    Losses       0.021    │
│ Params           270.5K      Model       112ms  18%    policy      -0.000    │
│ Steps              9.3M      Env          60ms   9%    value        0.004    │
│ SPS               29.6K      Copy          9ms   1%    entropy      0.032    │
│ Epoch              4528    Train         438ms  70%    old_kl       0.000    │
│ Uptime     5m 24s 350ms      Model       438ms  70%    kl          -0.000    │
│ To go      2m 16s 375ms      Misc          0ms   0%    clipfrac     0.000    │
│                                                                              │
│ perf                          0.957   score                         0.913    │
│ episode_return                0.913   episode_length               13.761    │
│ invalids                      0.008                                          │
╰──────────────────────────────────────────────────────────────────────────────╯
╭──────────────────────────────────────────────────────────────────────────────╮
│ PufferLib 5.0   🐡             GPU:  94%   VRAM:   5.3/31G    RAM:  0.5G     │
│                                                                              │
│ Env         connect4cnn    Evaluate      184ms  29%    Losses       0.025    │
│ Params           270.5K      Model       112ms  18%    policy       0.001    │
│ Steps              9.3M      Env          60ms   9%    value        0.005    │
│ SPS               29.2K      Copy          9ms   1%    entropy      0.030    │
│ Epoch              4537    Train         438ms  70%    old_kl      -0.000    │
│ Uptime     5m 24s 981ms      Model       438ms  70%    kl          -0.000    │
│ To go      2m 17s 840ms      Misc          0ms   0%    clipfrac     0.000    │
│                                                                              │
│ perf                          0.954   score                         0.908    │
│ episode_return                0.908   episode_length               13.718    │
│ invalids                      0.011                                          │
╰──────────────────────────────────────────────────────────────────────────────╯
╭──────────────────────────────────────────────────────────────────────────────╮
│ PufferLib 5.0  🐡              GPU:  88%   VRAM:   5.3/31G    RAM:  0.5G     │
│                                                                              │
│ Env         connect4cnn    Evaluate      184ms  29%    Losses       0.021    │
│ Params           270.5K      Model       112ms  18%    policy      -0.001    │
│ Steps              9.3M      Env          59ms   9%    value        0.004    │
│ SPS               29.7K      Copy         10ms   1%    entropy      0.031    │
│ Epoch              4546    Train         437ms  70%    old_kl      -0.000    │
│ Uptime     5m 25s 602ms      Model       436ms  70%    kl          -0.000    │
│ To go      2m 14s 806ms      Misc          0ms   0%    clipfrac     0.000    │
│                                                                              │
│ perf                          0.954   score                         0.908    │
│ episode_return                0.908   episode_length               13.681    │
│ invalids                      0.010                                          │
╰──────────────────────────────────────────────────────────────────────────────╯
╭──────────────────────────────────────────────────────────────────────────────╮
│ PufferLib 5.0 🐡               GPU:  88%   VRAM:   5.3/31G    RAM:  0.5G     │
│                                                                              │
│ Env         connect4cnn    Evaluate      184ms  29%    Losses       0.018    │
│ Params           270.5K      Model       112ms  18%    policy      -0.001    │
│ Steps              9.3M      Env          60ms   9%    value        0.004    │
│ SPS               29.7K      Copy         10ms   1%    entropy      0.032    │
│ Epoch              4555    Train         437ms  70%    old_kl      -0.000    │
│ Uptime     5m 26s 224ms      Model       437ms  70%    kl          -0.000    │
│ To go      2m 14s 293ms      Misc          0ms   0%    clipfrac     0.000    │
│                                                                              │
│ perf                          0.969   score                         0.939    │
│ episode_return                0.939   episode_length               13.829    │
│ invalids                      0.003                                          │
╰──────────────────────────────────────────────────────────────────────────────╯
╭──────────────────────────────────────────────────────────────────────────────╮
│ PufferLib 5.0🐡                GPU:  91%   VRAM:   5.3/31G    RAM:  0.5G     │
│                                                                              │
│ Env         connect4cnn    Evaluate      183ms  29%    Losses       0.020    │
│ Params           270.5K      Model       112ms  18%    policy      -0.001    │
│ Steps              9.3M      Env          60ms   9%    value        0.004    │
│ SPS               29.5K      Copy          9ms   1%    entropy      0.032    │
│ Epoch              4564    Train         441ms  70%    old_kl       0.000    │
│ Uptime     5m 26s 848ms      Model       441ms  70%    kl          -0.000    │
│ To go      2m 14s 280ms      Misc          0ms   0%    clipfrac     0.000    │
│                                                                              │
│ perf                          0.965   score                         0.931    │
│ episode_return                0.931   episode_length               13.804    │
│ invalids                      0.012                                          │
╰──────────────────────────────────────────────────────────────────────────────╯
╭──────────────────────────────────────────────────────────────────────────────╮
│ PufferLib 5.0               🐡 GPU:  91%   VRAM:   5.3/31G    RAM:  0.5G     │
│                                                                              │
│ Env         connect4cnn    Evaluate      184ms  29%    Losses       0.019    │
│ Params           270.5K      Model       112ms  17%    policy      -0.001    │
│ Steps              9.4M      Env          60ms   9%    value        0.004    │
│ SPS               29.4K      Copy          9ms   1%    entropy      0.030    │
│ Epoch              4573    Train         442ms  70%    old_kl      -0.000    │
│ Uptime     5m 27s 474ms      Model       442ms  70%    kl          -0.000    │
│ To go      2m 14s 107ms      Misc          0ms   0%    clipfrac     0.000    │
│                                                                              │
│ perf                          0.959   score                         0.917    │
│ episode_return                0.917   episode_length               13.636    │
│ invalids                      0.013                                          │
╰──────────────────────────────────────────────────────────────────────────────╯
╭──────────────────────────────────────────────────────────────────────────────╮
│ PufferLib 5.0              🐡  GPU:  91%   VRAM:   5.3/31G    RAM:  0.5G     │
│                                                                              │
│ Env         connect4cnn    Evaluate      183ms  29%    Losses       0.024    │
│ Params           270.5K      Model       112ms  18%    policy       0.002    │
│ Steps              9.4M      Env          60ms   9%    value        0.004    │
│ SPS               29.6K      Copy          9ms   1%    entropy      0.029    │
│ Epoch              4582    Train         438ms  70%    old_kl      -0.000    │
│ Uptime     5m 28s 096ms      Model       438ms  70%    kl          -0.000    │
│ To go      2m 12s 550ms      Misc          0ms   0%    clipfrac     0.000    │
│                                                                              │
│ perf                          0.954   score                         0.908    │
│ episode_return                0.908   episode_length               13.704    │
│ invalids                      0.012                                          │
╰──────────────────────────────────────────────────────────────────────────────╯
╭──────────────────────────────────────────────────────────────────────────────╮
│ PufferLib 5.0             🐡   GPU:  89%   VRAM:   5.3/31G    RAM:  0.5G     │
│                                                                              │
│ Env         connect4cnn    Evaluate      184ms  29%    Losses       0.020    │
│ Params           270.5K      Model       112ms  18%    policy       0.000    │
│ Steps              9.4M      Env          60ms   9%    value        0.004    │
│ SPS               29.8K      Copy         10ms   1%    entropy      0.029    │
│ Epoch              4591    Train         435ms  70%    old_kl      -0.000    │
│ Uptime     5m 28s 716ms      Model       434ms  70%    kl          -0.000    │
│ To go      2m 11s 342ms      Misc          0ms   0%    clipfrac     0.000    │
│                                                                              │
│ perf                          0.963   score                         0.926    │
│ episode_return                0.926   episode_length               13.668    │
│ invalids                      0.008                                          │
╰──────────────────────────────────────────────────────────────────────────────╯
╭──────────────────────────────────────────────────────────────────────────────╮
│ PufferLib 5.0            🐡    GPU:  89%   VRAM:   5.3/31G    RAM:  0.5G     │
│                                                                              │
│ Env         connect4cnn    Evaluate      184ms  29%    Losses       0.024    │
│ Params           270.5K      Model       112ms  18%    policy      -0.002    │
│ Steps              9.4M      Env          60ms   9%    value        0.005    │
│ SPS               29.7K      Copy         10ms   1%    entropy      0.030    │
│ Epoch              4600    Train         436ms  70%    old_kl       0.000    │
│ Uptime     5m 29s 337ms      Model       436ms  70%    kl          -0.000    │
│ To go      2m 11s 088ms      Misc          0ms   0%    clipfrac     0.000    │
│                                                                              │
│ perf                          0.952   score                         0.904    │
│ episode_return                0.904   episode_length               13.783    │
│ invalids                      0.007                                          │
╰──────────────────────────────────────────────────────────────────────────────╯
╭──────────────────────────────────────────────────────────────────────────────╮
│ PufferLib 5.0           🐡     GPU:  93%   VRAM:   5.3/31G    RAM:  0.5G     │
│                                                                              │
│ Env         connect4cnn    Evaluate      184ms  29%    Losses       0.021    │
│ Params           270.5K      Model       112ms  17%    policy       0.002    │
│ Steps              9.4M      Env          61ms   9%    value        0.004    │
│ SPS               29.4K      Copy          9ms   1%    entropy      0.028    │
│ Epoch              4609    Train         442ms  70%    old_kl      -0.000    │
│ Uptime     5m 29s 963ms      Model       442ms  70%    kl          -0.000    │
│ To go      2m 11s 586ms      Misc          0ms   0%    clipfrac     0.000    │
│                                                                              │
│ perf                          0.952   score                         0.904    │
│ episode_return                0.904   episode_length               13.644    │
│ invalids                      0.011                                          │
╰──────────────────────────────────────────────────────────────────────────────╯
╭──────────────────────────────────────────────────────────────────────────────╮
│ PufferLib 5.0          🐡      GPU:  86%   VRAM:   5.3/31G    RAM:  0.5G     │
│                                                                              │
│ Env         connect4cnn    Evaluate      184ms  29%    Losses       0.020    │
│ Params           270.5K      Model       112ms  18%    policy      -0.002    │
│ Steps              9.5M      Env          60ms   9%    value        0.004    │
│ SPS               29.6K      Copy         10ms   1%    entropy      0.029    │
│ Epoch              4618    Train         439ms  70%    old_kl      -0.000    │
│ Uptime     5m 30s 586ms      Model       439ms  70%    kl          -0.000    │
│ To go      2m 10s 352ms      Misc          0ms   0%    clipfrac     0.000    │
│                                                                              │
│ perf                          0.964   score                         0.928    │
│ episode_return                0.928   episode_length               13.568    │
│ invalids                      0.013                                          │
╰──────────────────────────────────────────────────────────────────────────────╯
╭──────────────────────────────────────────────────────────────────────────────╮
│ PufferLib 5.0         🐡       GPU:  86%   VRAM:   5.3/31G    RAM:  0.5G     │
│                                                                              │
│ Env         connect4cnn    Evaluate      183ms  29%    Losses       0.021    │
│ Params           270.5K      Model       112ms  18%    policy       0.001    │
│ Steps              9.5M      Env          59ms   9%    value        0.004    │
│ SPS               29.6K      Copy         10ms   1%    entropy      0.031    │
│ Epoch              4627    Train         439ms  70%    old_kl       0.000    │
│ Uptime     5m 31s 209ms      Model       439ms  70%    kl          -0.000    │
│ To go      2m 09s 566ms      Misc          0ms   0%    clipfrac     0.000    │
│                                                                              │
│ perf                          0.963   score                         0.927    │
│ episode_return                0.927   episode_length               13.727    │
│ invalids                      0.005                                          │
╰──────────────────────────────────────────────────────────────────────────────╯
╭──────────────────────────────────────────────────────────────────────────────╮
│ PufferLib 5.0        🐡        GPU:  93%   VRAM:   5.3/31G    RAM:  0.5G     │
│                                                                              │
│ Env         connect4cnn    Evaluate      184ms  29%    Losses       0.021    │
│ Params           270.5K      Model       112ms  18%    policy      -0.001    │
│ Steps              9.5M      Env          59ms   9%    value        0.004    │
│ SPS               29.6K      Copy         10ms   1%    entropy      0.031    │
│ Epoch              4636    Train         439ms  70%    old_kl      -0.000    │
│ Uptime     5m 31s 832ms      Model       438ms  70%    kl          -0.000    │
│ To go      2m 08s 996ms      Misc          0ms   0%    clipfrac     0.000    │
│                                                                              │
│ perf                          0.955   score                         0.909    │
│ episode_return                0.909   episode_length               13.759    │
│ invalids                      0.014                                          │
╰──────────────────────────────────────────────────────────────────────────────╯
╭──────────────────────────────────────────────────────────────────────────────╮
│ PufferLib 5.0       🐡         GPU:  86%   VRAM:   5.3/31G    RAM:  0.5G     │
│                                                                              │
│ Env         connect4cnn    Evaluate      183ms  29%    Losses       0.023    │
│ Params           270.5K      Model       112ms  17%    policy       0.002    │
│ Steps              9.5M      Env          60ms   9%    value        0.004    │
│ SPS               29.4K      Copy          9ms   1%    entropy      0.030    │
│ Epoch              4645    Train         444ms  70%    old_kl      -0.000    │
│ Uptime     5m 32s 459ms      Model       444ms  70%    kl          -0.000    │
│ To go      2m 09s 327ms      Misc          0ms   0%    clipfrac     0.000    │
│                                                                              │
│ perf                          0.960   score                         0.919    │
│ episode_return                0.919   episode_length               13.727    │
│ invalids                      0.006                                          │
╰──────────────────────────────────────────────────────────────────────────────╯
╭──────────────────────────────────────────────────────────────────────────────╮
│ PufferLib 5.0      🐡          GPU:  86%   VRAM:   5.3/31G    RAM:  0.5G     │
│                                                                              │
│ Env         connect4cnn    Evaluate      183ms  29%    Losses       0.020    │
│ Params           270.5K      Model       112ms  18%    policy      -0.001    │
│ Steps              9.5M      Env          59ms   9%    value        0.004    │
│ SPS               29.6K      Copy         10ms   1%    entropy      0.029    │
│ Epoch              4654    Train         439ms  70%    old_kl       0.000    │
│ Uptime     5m 33s 081ms      Model       439ms  70%    kl          -0.000    │
│ To go      2m 07s 598ms      Misc          0ms   0%    clipfrac     0.000    │
│                                                                              │
│ perf                          0.961   score                         0.923    │
│ episode_return                0.923   episode_length               13.737    │
│ invalids                      0.008                                          │
╰──────────────────────────────────────────────────────────────────────────────╯
╭──────────────────────────────────────────────────────────────────────────────╮
│ PufferLib 5.0     🐡           GPU:  93%   VRAM:   5.3/31G    RAM:  0.5G     │
│                                                                              │
│ Env         connect4cnn    Evaluate      185ms  29%    Losses       0.022    │
│ Params           270.5K      Model       112ms  18%    policy      -0.001    │
│ Steps              9.5M      Env          59ms   9%    value        0.005    │
│ SPS               29.7K      Copy         11ms   1%    entropy      0.031    │
│ Epoch              4663    Train         434ms  70%    old_kl       0.000    │
│ Uptime     5m 33s 701ms      Model       434ms  70%    kl          -0.000    │
│ To go      2m 06s 478ms      Misc          0ms   0%    clipfrac     0.000    │
│                                                                              │
│ perf                          0.967   score                         0.934    │
│ episode_return                0.934   episode_length               13.791    │
│ invalids                      0.011                                          │
╰──────────────────────────────────────────────────────────────────────────────╯
╭──────────────────────────────────────────────────────────────────────────────╮
│ PufferLib 5.0    🐡            GPU:  93%   VRAM:   5.3/31G    RAM:  0.5G     │
│                                                                              │
│ Env         connect4cnn    Evaluate      184ms  29%    Losses       0.019    │
│ Params           270.5K      Model       112ms  18%    policy      -0.000    │
│ Steps              9.6M      Env          59ms   9%    value        0.004    │
│ SPS               29.9K      Copy         10ms   1%    entropy      0.029    │
│ Epoch              4672    Train         432ms  70%    old_kl      -0.000    │
│ Uptime     5m 34s 317ms      Model       432ms  70%    kl          -0.000    │
│ To go      2m 05s 250ms      Misc          0ms   0%    clipfrac     0.000    │
│                                                                              │
│ perf                          0.970   score                         0.940    │
│ episode_return                0.940   episode_length               13.772    │
│ invalids                      0.010                                          │
╰──────────────────────────────────────────────────────────────────────────────╯
╭──────────────────────────────────────────────────────────────────────────────╮
│ PufferLib 5.0   🐡             GPU:  86%   VRAM:   5.3/31G    RAM:  0.5G     │
│                                                                              │
│ Env         connect4cnn    Evaluate      182ms  29%    Losses       0.020    │
│ Params           270.5K      Model       112ms  17%    policy      -0.001    │
│ Steps              9.6M      Env          60ms   9%    value        0.004    │
│ SPS               29.5K      Copy          8ms   1%    entropy      0.031    │
│ Epoch              4681    Train         442ms  70%    old_kl      -0.000    │
│ Uptime     5m 34s 942ms      Model       442ms  70%    kl          -0.000    │
│ To go      2m 06s 233ms      Misc          0ms   0%    clipfrac     0.000    │
│                                                                              │
│ perf                          0.958   score                         0.917    │
│ episode_return                0.917   episode_length               13.850    │
│ invalids                      0.007                                          │
╰──────────────────────────────────────────────────────────────────────────────╯
╭──────────────────────────────────────────────────────────────────────────────╮
│ PufferLib 5.0  🐡              GPU:  92%   VRAM:   5.3/31G    RAM:  0.5G     │
│                                                                              │
│ Env         connect4cnn    Evaluate      185ms  29%    Losses       0.016    │
│ Params           270.5K      Model       112ms  17%    policy      -0.000    │
│ Steps              9.6M      Env          60ms   9%    value        0.003    │
│ SPS               29.4K      Copy         10ms   1%    entropy      0.026    │
│ Epoch              4690    Train         442ms  70%    old_kl       0.000    │
│ Uptime     5m 35s 570ms      Model       442ms  70%    kl          -0.000    │
│ To go      2m 06s 212ms      Misc          0ms   0%    clipfrac     0.000    │
│                                                                              │
│ perf                          0.972   score                         0.943    │
│ episode_return                0.943   episode_length               13.528    │
│ invalids                      0.009                                          │
╰──────────────────────────────────────────────────────────────────────────────╯
╭──────────────────────────────────────────────────────────────────────────────╮
│ PufferLib 5.0 🐡               GPU:  92%   VRAM:   5.3/31G    RAM:  0.5G     │
│                                                                              │
│ Env         connect4cnn    Evaluate      183ms  29%    Losses       0.018    │
│ Params           270.5K      Model       112ms  18%    policy      -0.000    │
│ Steps              9.6M      Env          59ms   9%    value        0.004    │
│ SPS               29.7K      Copy         10ms   1%    entropy      0.030    │
│ Epoch              4699    Train         437ms  70%    old_kl      -0.000    │
│ Uptime     5m 36s 191ms      Model       437ms  70%    kl          -0.000    │
│ To go      2m 04s 286ms      Misc          0ms   0%    clipfrac     0.000    │
│                                                                              │
│ perf                          0.962   score                         0.923    │
│ episode_return                0.923   episode_length               13.780    │
│ invalids                      0.012                                          │
╰──────────────────────────────────────────────────────────────────────────────╯
╭──────────────────────────────────────────────────────────────────────────────╮
│ PufferLib 5.0🐡                GPU:  90%   VRAM:   5.3/31G    RAM:  0.5G     │
│                                                                              │
│ Env         connect4cnn    Evaluate      182ms  29%    Losses       0.024    │
│ Params           270.5K      Model       112ms  18%    policy       0.002    │
│ Steps              9.6M      Env          59ms   9%    value        0.004    │
│ SPS               29.7K      Copy          9ms   1%    entropy      0.028    │
│ Epoch              4708    Train         438ms  70%    old_kl       0.000    │
│ Uptime     5m 36s 812ms      Model       438ms  70%    kl          -0.000    │
│ To go      2m 03s 694ms      Misc          0ms   0%    clipfrac     0.000    │
│                                                                              │
│ perf                          0.954   score                         0.907    │
│ episode_return                0.907   episode_length               13.605    │
│ invalids                      0.011                                          │
╰──────────────────────────────────────────────────────────────────────────────╯
╭──────────────────────────────────────────────────────────────────────────────╮
│ PufferLib 5.0               🐡 GPU:  89%   VRAM:   5.3/31G    RAM:  0.5G     │
│                                                                              │
│ Env         connect4cnn    Evaluate      184ms  29%    Losses       0.022    │
│ Params           270.5K      Model       112ms  17%    policy       0.001    │
│ Steps              9.7M      Env          60ms   9%    value        0.004    │
│ SPS               29.5K      Copy         10ms   1%    entropy      0.027    │
│ Epoch              4717    Train         441ms  70%    old_kl      -0.000    │
│ Uptime     5m 37s 437ms      Model       441ms  70%    kl          -0.000    │
│ To go      2m 03s 836ms      Misc          0ms   0%    clipfrac     0.000    │
│                                                                              │
│ perf                          0.952   score                         0.904    │
│ episode_return                0.904   episode_length               13.600    │
│ invalids                      0.010                                          │
╰──────────────────────────────────────────────────────────────────────────────╯
╭──────────────────────────────────────────────────────────────────────────────╮
│ PufferLib 5.0              🐡  GPU:  89%   VRAM:   5.3/31G    RAM:  0.5G     │
│                                                                              │
│ Env         connect4cnn    Evaluate      181ms  28%    Losses       0.020    │
│ Params           270.5K      Model       112ms  17%    policy       0.001    │
│ Steps              9.7M      Env          59ms   9%    value        0.004    │
│ SPS               29.4K      Copy          8ms   1%    entropy      0.030    │
│ Epoch              4726    Train         444ms  71%    old_kl      -0.000    │
│ Uptime     5m 38s 063ms      Model       444ms  71%    kl          -0.000    │
│ To go      2m 03s 391ms      Misc          0ms   0%    clipfrac     0.000    │
│                                                                              │
│ perf                          0.963   score                         0.927    │
│ episode_return                0.927   episode_length               13.781    │
│ invalids                      0.011                                          │
╰──────────────────────────────────────────────────────────────────────────────╯
╭──────────────────────────────────────────────────────────────────────────────╮
│ PufferLib 5.0             🐡   GPU:  93%   VRAM:   5.3/31G    RAM:  0.5G     │
│                                                                              │
│ Env         connect4cnn    Evaluate      183ms  29%    Losses       0.023    │
│ Params           270.5K      Model       112ms  18%    policy       0.001    │
│ Steps              9.7M      Env          60ms   9%    value        0.005    │
│ SPS               29.7K      Copy          9ms   1%    entropy      0.031    │
│ Epoch              4735    Train         437ms  70%    old_kl      -0.000    │
│ Uptime     5m 38s 684ms      Model       437ms  70%    kl          -0.000    │
│ To go      2m 01s 769ms      Misc          0ms   0%    clipfrac     0.000    │
│                                                                              │
│ perf                          0.954   score                         0.907    │
│ episode_return                0.907   episode_length               13.810    │
│ invalids                      0.010                                          │
╰──────────────────────────────────────────────────────────────────────────────╯
╭──────────────────────────────────────────────────────────────────────────────╮
│ PufferLib 5.0            🐡    GPU:  93%   VRAM:   5.3/31G    RAM:  0.5G     │
│                                                                              │
│ Env         connect4cnn    Evaluate      184ms  29%    Losses       0.019    │
│ Params           270.5K      Model       112ms  18%    policy       0.001    │
│ Steps              9.7M      Env          60ms   9%    value        0.004    │
│ SPS               29.7K      Copy         10ms   1%    entropy      0.030    │
│ Epoch              4744    Train         436ms  70%    old_kl       0.000    │
│ Uptime     5m 39s 305ms      Model       436ms  70%    kl          -0.000    │
│ To go      2m 01s 177ms      Misc          0ms   0%    clipfrac     0.000    │
│                                                                              │
│ perf                          0.965   score                         0.930    │
│ episode_return                0.930   episode_length               13.776    │
│ invalids                      0.006                                          │
╰──────────────────────────────────────────────────────────────────────────────╯
╭──────────────────────────────────────────────────────────────────────────────╮
│ PufferLib 5.0           🐡     GPU:  87%   VRAM:   5.3/31G    RAM:  0.5G     │
│                                                                              │
│ Env         connect4cnn    Evaluate      183ms  29%    Losses       0.019    │
│ Params           270.5K      Model       112ms  18%    policy      -0.001    │
│ Steps              9.7M      Env          59ms   9%    value        0.004    │
│ SPS               29.7K      Copy          9ms   1%    entropy      0.031    │
│ Epoch              4753    Train         437ms  70%    old_kl      -0.000    │
│ Uptime     5m 39s 926ms      Model       437ms  70%    kl          -0.000    │
│ To go      2m 00s 547ms      Misc          0ms   0%    clipfrac     0.000    │
│                                                                              │
│ perf                          0.954   score                         0.907    │
│ episode_return                0.907   episode_length               13.766    │
│ invalids                      0.010                                          │
╰──────────────────────────────────────────────────────────────────────────────╯
╭──────────────────────────────────────────────────────────────────────────────╮
│ PufferLib 5.0          🐡      GPU:  93%   VRAM:   5.3/31G    RAM:  0.5G     │
│                                                                              │
│ Env         connect4cnn    Evaluate      184ms  29%    Losses       0.019    │
│ Params           270.5K      Model       112ms  18%    policy       0.001    │
│ Steps              9.8M      Env          60ms   9%    value        0.003    │
│ SPS               29.5K      Copy         10ms   1%    entropy      0.028    │
│ Epoch              4762    Train         440ms  70%    old_kl      -0.000    │
│ Uptime     5m 40s 550ms      Model       440ms  70%    kl          -0.000    │
│ To go      2m 00s 560ms      Misc          0ms   0%    clipfrac     0.000    │
│                                                                              │
│ perf                          0.966   score                         0.932    │
│ episode_return                0.932   episode_length               13.692    │
│ invalids                      0.009                                          │
╰──────────────────────────────────────────────────────────────────────────────╯
╭──────────────────────────────────────────────────────────────────────────────╮
│ PufferLib 5.0         🐡       GPU:  93%   VRAM:   5.3/31G    RAM:  0.5G     │
│                                                                              │
│ Env         connect4cnn    Evaluate      183ms  29%    Losses       0.017    │
│ Params           270.5K      Model       112ms  18%    policy      -0.000    │
│ Steps              9.8M      Env          60ms   9%    value        0.003    │
│ SPS               29.5K      Copy          9ms   1%    entropy      0.029    │
│ Epoch              4771    Train         441ms  70%    old_kl      -0.000    │
│ Uptime     5m 41s 175ms      Model       441ms  70%    kl          -0.000    │
│ To go      2m 00s 002ms      Misc          0ms   0%    clipfrac     0.000    │
│                                                                              │
│ perf                          0.966   score                         0.933    │
│ episode_return                0.933   episode_length               13.719    │
│ invalids                      0.007                                          │
╰──────────────────────────────────────────────────────────────────────────────╯
╭──────────────────────────────────────────────────────────────────────────────╮
│ PufferLib 5.0        🐡        GPU:  86%   VRAM:   5.3/31G    RAM:  0.5G     │
│                                                                              │
│ Env         connect4cnn    Evaluate      183ms  29%    Losses       0.016    │
│ Params           270.5K      Model       112ms  18%    policy      -0.001    │
│ Steps              9.8M      Env          60ms   9%    value        0.003    │
│ SPS               29.6K      Copy          9ms   1%    entropy      0.027    │
│ Epoch              4780    Train         439ms  70%    old_kl       0.000    │
│ Uptime     5m 41s 798ms      Model       439ms  70%    kl          -0.000    │
│ To go      1m 59s 007ms      Misc          0ms   0%    clipfrac     0.000    │
│                                                                              │
│ perf                          0.969   score                         0.938    │
│ episode_return                0.938   episode_length               13.657    │
│ invalids                      0.005                                          │
╰──────────────────────────────────────────────────────────────────────────────╯
╭──────────────────────────────────────────────────────────────────────────────╮
│ PufferLib 5.0       🐡         GPU:  86%   VRAM:   5.3/31G    RAM:  0.5G     │
│                                                                              │
│ Env         connect4cnn    Evaluate      182ms  29%    Losses       0.018    │
│ Params           270.5K      Model       112ms  17%    policy      -0.000    │
│ Steps              9.8M      Env          59ms   9%    value        0.004    │
│ SPS               29.5K      Copy          8ms   1%    entropy      0.029    │
│ Epoch              4789    Train         443ms  70%    old_kl       0.000    │
│ Uptime     5m 42s 423ms      Model       443ms  70%    kl          -0.000    │
│ To go      1m 58s 851ms      Misc          0ms   0%    clipfrac     0.000    │
│                                                                              │
│ perf                          0.968   score                         0.936    │
│ episode_return                0.936   episode_length               13.735    │
│ invalids                      0.007                                          │
╰──────────────────────────────────────────────────────────────────────────────╯
╭──────────────────────────────────────────────────────────────────────────────╮
│ PufferLib 5.0      🐡          GPU:  93%   VRAM:   5.3/31G    RAM:  0.5G     │
│                                                                              │
│ Env         connect4cnn    Evaluate      183ms  29%    Losses       0.019    │
│ Params           270.5K      Model       112ms  17%    policy       0.000    │
│ Steps              9.8M      Env          60ms   9%    value        0.004    │
│ SPS               29.5K      Copy          9ms   1%    entropy      0.029    │
│ Epoch              4798    Train         442ms  70%    old_kl       0.000    │
│ Uptime     5m 43s 048ms      Model       442ms  70%    kl          -0.000    │
│ To go      1m 58s 200ms      Misc          0ms   0%    clipfrac     0.000    │
│                                                                              │
│ perf                          0.956   score                         0.913    │
│ episode_return                0.913   episode_length               13.607    │
│ invalids                      0.011                                          │
╰──────────────────────────────────────────────────────────────────────────────╯
╭──────────────────────────────────────────────────────────────────────────────╮
│ PufferLib 5.0     🐡           GPU:  88%   VRAM:   5.3/31G    RAM:  0.5G     │
│                                                                              │
│ Env         connect4cnn    Evaluate      182ms  29%    Losses       0.019    │
│ Params           270.5K      Model       112ms  18%    policy      -0.001    │
│ Steps              9.8M      Env          59ms   9%    value        0.004    │
│ SPS               29.5K      Copy          9ms   1%    entropy      0.028    │
│ Epoch              4807    Train         442ms  70%    old_kl      -0.000    │
│ Uptime     5m 43s 673ms      Model       442ms  70%    kl          -0.000    │
│ To go      1m 57s 560ms      Misc          0ms   0%    clipfrac     0.000    │
│                                                                              │
│ perf                          0.966   score                         0.933    │
│ episode_return                0.933   episode_length               13.764    │
│ invalids                      0.007                                          │
╰──────────────────────────────────────────────────────────────────────────────╯
╭──────────────────────────────────────────────────────────────────────────────╮
│ PufferLib 5.0    🐡            GPU:  88%   VRAM:   5.3/31G    RAM:  0.5G     │
│                                                                              │
│ Env         connect4cnn    Evaluate      184ms  29%    Losses       0.018    │
│ Params           270.5K      Model       112ms  18%    policy       0.001    │
│ Steps              9.9M      Env          60ms   9%    value        0.003    │
│ SPS               29.7K      Copy          9ms   1%    entropy      0.027    │
│ Epoch              4816    Train         436ms  70%    old_kl      -0.000    │
│ Uptime     5m 44s 293ms      Model       436ms  70%    kl          -0.000    │
│ To go      1m 56s 089ms      Misc          0ms   0%    clipfrac     0.000    │
│                                                                              │
│ perf                          0.966   score                         0.932    │
│ episode_return                0.932   episode_length               13.700    │
│ invalids                      0.008                                          │
╰──────────────────────────────────────────────────────────────────────────────╯
╭──────────────────────────────────────────────────────────────────────────────╮
│ PufferLib 5.0   🐡             GPU:  91%   VRAM:   5.3/31G    RAM:  0.5G     │
│                                                                              │
│ Env         connect4cnn    Evaluate      185ms  29%    Losses       0.016    │
│ Params           270.5K      Model       112ms  18%    policy      -0.001    │
│ Steps              9.9M      Env          59ms   9%    value        0.003    │
│ SPS               29.7K      Copy         11ms   1%    entropy      0.028    │
│ Epoch              4825    Train         436ms  70%    old_kl      -0.000    │
│ Uptime     5m 44s 914ms      Model       436ms  70%    kl          -0.000    │
│ To go      1m 55s 600ms      Misc          0ms   0%    clipfrac     0.000    │
│                                                                              │
│ perf                          0.958   score                         0.917    │
│ episode_return                0.917   episode_length               13.727    │
│ invalids                      0.011                                          │
╰──────────────────────────────────────────────────────────────────────────────╯
╭──────────────────────────────────────────────────────────────────────────────╮
│ PufferLib 5.0  🐡              GPU:  91%   VRAM:   5.3/31G    RAM:  0.5G     │
│                                                                              │
│ Env         connect4cnn    Evaluate      182ms  29%    Losses       0.023    │
│ Params           270.5K      Model       112ms  17%    policy       0.001    │
│ Steps              9.9M      Env          59ms   9%    value        0.004    │
│ SPS               29.4K      Copy          8ms   1%    entropy      0.027    │
│ Epoch              4834    Train         444ms  70%    old_kl      -0.000    │
│ Uptime     5m 45s 541ms      Model       444ms  70%    kl          -0.000    │
│ To go      1m 55s 998ms      Misc          0ms   0%    clipfrac     0.000    │
│                                                                              │
│ perf                          0.960   score                         0.920    │
│ episode_return                0.920   episode_length               13.665    │
│ invalids                      0.016                                          │
╰──────────────────────────────────────────────────────────────────────────────╯
╭──────────────────────────────────────────────────────────────────────────────╮
│ PufferLib 5.0 🐡               GPU:  91%   VRAM:   5.3/31G    RAM:  0.5G     │
│                                                                              │
│ Env         connect4cnn    Evaluate      183ms  29%    Losses       0.019    │
│ Params           270.5K      Model       112ms  18%    policy      -0.001    │
│ Steps              9.9M      Env          60ms   9%    value        0.004    │
│ SPS               29.5K      Copy          8ms   1%    entropy      0.029    │
│ Epoch              4843    Train         441ms  70%    old_kl       0.000    │
│ Uptime     5m 46s 165ms      Model       441ms  70%    kl          -0.000    │
│ To go      1m 54s 914ms      Misc          0ms   0%    clipfrac     0.000    │
│                                                                              │
│ perf                          0.956   score                         0.911    │
│ episode_return                0.911   episode_length               13.634    │
│ invalids                      0.012                                          │
╰──────────────────────────────────────────────────────────────────────────────╯
╭──────────────────────────────────────────────────────────────────────────────╮
│ PufferLib 5.0🐡                GPU:  87%   VRAM:   5.3/31G    RAM:  0.5G     │
│                                                                              │
│ Env         connect4cnn    Evaluate      185ms  29%    Losses       0.019    │
│ Params           270.5K      Model       112ms  18%    policy       0.001    │
│ Steps              9.9M      Env          60ms   9%    value        0.004    │
│ SPS               29.7K      Copy         11ms   1%    entropy      0.028    │
│ Epoch              4852    Train         435ms  70%    old_kl      -0.000    │
│ Uptime     5m 46s 785ms      Model       435ms  70%    kl          -0.000    │
│ To go      1m 53s 524ms      Misc          0ms   0%    clipfrac     0.000    │
│                                                                              │
│ perf                          0.967   score                         0.933    │
│ episode_return                0.933   episode_length               13.655    │
│ invalids                      0.009                                          │
╰──────────────────────────────────────────────────────────────────────────────╯
╭──────────────────────────────────────────────────────────────────────────────╮
│ PufferLib 5.0               🐡 GPU:  87%   VRAM:   5.3/31G    RAM:  0.5G     │
│                                                                              │
│ Env         connect4cnn    Evaluate      184ms  29%    Losses       0.021    │
│ Params           270.5K      Model       112ms  17%    policy       0.000    │
│ Steps             10.0M      Env          60ms   9%    value        0.004    │
│ SPS               29.5K      Copy          9ms   1%    entropy      0.029    │
│ Epoch              4861    Train         441ms  70%    old_kl      -0.000    │
│ Uptime     5m 47s 410ms      Model       441ms  70%    kl          -0.000    │
│ To go      1m 53s 859ms      Misc          0ms   0%    clipfrac     0.000    │
│                                                                              │
│ perf                          0.964   score                         0.927    │
│ episode_return                0.927   episode_length               13.875    │
│ invalids                      0.010                                          │
╰──────────────────────────────────────────────────────────────────────────────╯
╭──────────────────────────────────────────────────────────────────────────────╮
│ PufferLib 5.0              🐡  GPU:  92%   VRAM:   5.3/31G    RAM:  0.5G     │
│                                                                              │
│ Env         connect4cnn    Evaluate      182ms  29%    Losses       0.021    │
│ Params           270.5K      Model       112ms  17%    policy      -0.000    │
│ Steps             10.0M      Env          60ms   9%    value        0.004    │
│ SPS               29.5K      Copy          8ms   1%    entropy      0.028    │
│ Epoch              4870    Train         443ms  70%    old_kl       0.000    │
│ Uptime     5m 48s 036ms      Model       442ms  70%    kl          -0.000    │
│ To go      1m 53s 257ms      Misc          0ms   0%    clipfrac     0.000    │
│                                                                              │
│ perf                          0.964   score                         0.927    │
│ episode_return                0.927   episode_length               13.728    │
│ invalids                      0.008                                          │
╰──────────────────────────────────────────────────────────────────────────────╯
╭──────────────────────────────────────────────────────────────────────────────╮
│ PufferLib 5.0             🐡   GPU:  87%   VRAM:   5.3/31G    RAM:  0.5G     │
│                                                                              │
│ Env         connect4cnn    Evaluate      186ms  29%    Losses       0.019    │
│ Params           270.5K      Model       112ms  18%    policy      -0.001    │
│ Steps             10.0M      Env          60ms   9%    value        0.004    │
│ SPS               29.5K      Copy         11ms   1%    entropy      0.028    │
│ Epoch              4879    Train         438ms  70%    old_kl      -0.000    │
│ Uptime     5m 48s 660ms      Model       438ms  70%    kl          -0.000    │
│ To go      1m 52s 447ms      Misc          0ms   0%    clipfrac     0.000    │
│                                                                              │
│ perf                          0.957   score                         0.913    │
│ episode_return                0.913   episode_length               13.696    │
│ invalids                      0.009                                          │
╰──────────────────────────────────────────────────────────────────────────────╯
╭──────────────────────────────────────────────────────────────────────────────╮
│ PufferLib 5.0            🐡    GPU:  87%   VRAM:   5.3/31G    RAM:  0.5G     │
│                                                                              │
│ Env         connect4cnn    Evaluate      183ms  29%    Losses       0.026    │
│ Params           270.5K      Model       112ms  18%    policy       0.001    │
│ Steps             10.0M      Env          59ms   9%    value        0.005    │
│ SPS               29.7K      Copy          9ms   1%    entropy      0.031    │
│ Epoch              4888    Train         438ms  70%    old_kl      -0.000    │
│ Uptime     5m 49s 281ms      Model       437ms  70%    kl          -0.000    │
│ To go      1m 51s 282ms      Misc          0ms   0%    clipfrac     0.000    │
│                                                                              │
│ perf                          0.956   score                         0.912    │
│ episode_return                0.912   episode_length               13.723    │
│ invalids                      0.010                                          │
╰──────────────────────────────────────────────────────────────────────────────╯
╭──────────────────────────────────────────────────────────────────────────────╮
│ PufferLib 5.0           🐡     GPU:  92%   VRAM:   5.3/31G    RAM:  0.5G     │
│                                                                              │
│ Env         connect4cnn    Evaluate      183ms  29%    Losses       0.016    │
│ Params           270.5K      Model       112ms  18%    policy      -0.000    │
│ Steps             10.0M      Env          61ms   9%    value        0.003    │
│ SPS               29.5K      Copy          8ms   1%    entropy      0.027    │
│ Epoch              4897    Train         440ms  70%    old_kl       0.000    │
│ Uptime     5m 49s 905ms      Model       440ms  70%    kl          -0.000    │
│ To go      1m 51s 145ms      Misc          0ms   0%    clipfrac     0.000    │
│                                                                              │
│ perf                          0.959   score                         0.918    │
│ episode_return                0.918   episode_length               13.508    │
│ invalids                      0.012                                          │
╰──────────────────────────────────────────────────────────────────────────────╯
╭──────────────────────────────────────────────────────────────────────────────╮
│ PufferLib 5.0          🐡      GPU:  88%   VRAM:   5.3/31G    RAM:  0.5G     │
│                                                                              │
│ Env         connect4cnn    Evaluate      182ms  28%    Losses       0.023    │
│ Params           270.5K      Model       112ms  17%    policy       0.001    │
│ Steps             10.0M      Env          60ms   9%    value        0.004    │
│ SPS               29.3K      Copy          8ms   1%    entropy      0.028    │
│ Epoch              4906    Train         447ms  71%    old_kl      -0.000    │
│ Uptime     5m 50s 534ms      Model       446ms  71%    kl          -0.000    │
│ To go      1m 51s 346ms      Misc          0ms   0%    clipfrac     0.000    │
│                                                                              │
│ perf                          0.957   score                         0.913    │
│ episode_return                0.913   episode_length               13.766    │
│ invalids                      0.013                                          │
╰──────────────────────────────────────────────────────────────────────────────╯
╭──────────────────────────────────────────────────────────────────────────────╮
│ PufferLib 5.0         🐡       GPU:  88%   VRAM:   5.3/31G    RAM:  0.5G     │
│                                                                              │
│ Env         connect4cnn    Evaluate      183ms  29%    Losses       0.017    │
│ Params           270.5K      Model       112ms  18%    policy      -0.002    │
│ Steps             10.1M      Env          60ms   9%    value        0.004    │
│ SPS               29.6K      Copy          9ms   1%    entropy      0.026    │
│ Epoch              4915    Train         438ms  70%    old_kl      -0.000    │
│ Uptime     5m 51s 156ms      Model       438ms  70%    kl          -0.000    │
│ To go      1m 49s 497ms      Misc          0ms   0%    clipfrac     0.000    │
│                                                                              │
│ perf                          0.973   score                         0.945    │
│ episode_return                0.945   episode_length               13.617    │
│ invalids                      0.008                                          │
╰──────────────────────────────────────────────────────────────────────────────╯
╭──────────────────────────────────────────────────────────────────────────────╮
│ PufferLib 5.0        🐡        GPU:  91%   VRAM:   5.3/31G    RAM:  0.5G     │
│                                                                              │
│ Env         connect4cnn    Evaluate      184ms  29%    Losses       0.019    │
│ Params           270.5K      Model       112ms  18%    policy       0.001    │
│ Steps             10.1M      Env          60ms   9%    value        0.004    │
│ SPS               29.7K      Copy         10ms   1%    entropy      0.028    │
│ Epoch              4924    Train         437ms  70%    old_kl      -0.000    │
│ Uptime     5m 51s 777ms      Model       436ms  70%    kl          -0.000    │
│ To go      1m 48s 803ms      Misc          0ms   0%    clipfrac     0.000    │
│                                                                              │
│ perf                          0.964   score                         0.928    │
│ episode_return                0.928   episode_length               13.816    │
│ invalids                      0.005                                          │
╰──────────────────────────────────────────────────────────────────────────────╯
╭──────────────────────────────────────────────────────────────────────────────╮
│ PufferLib 5.0       🐡         GPU:  91%   VRAM:   5.3/31G    RAM:  0.5G     │
│                                                                              │
│ Env         connect4cnn    Evaluate      184ms  29%    Losses       0.020    │
│ Params           270.5K      Model       112ms  18%    policy       0.001    │
│ Steps             10.1M      Env          60ms   9%    value        0.004    │
│ SPS               29.5K      Copy         10ms   1%    entropy      0.029    │
│ Epoch              4933    Train         440ms  70%    old_kl      -0.000    │
│ Uptime     5m 52s 402ms      Model       440ms  70%    kl          -0.000    │
│ To go      1m 48s 746ms      Misc          0ms   0%    clipfrac     0.000    │
│                                                                              │
│ perf                          0.962   score                         0.924    │
│ episode_return                0.924   episode_length               13.834    │
│ invalids                      0.008                                          │
╰──────────────────────────────────────────────────────────────────────────────╯
╭──────────────────────────────────────────────────────────────────────────────╮
│ PufferLib 5.0      🐡          GPU:  91%   VRAM:   5.3/31G    RAM:  0.5G     │
│                                                                              │
│ Env         connect4cnn    Evaluate      184ms  29%    Losses       0.021    │
│ Params           270.5K      Model       112ms  18%    policy       0.002    │
│ Steps             10.1M      Env          60ms   9%    value        0.004    │
│ SPS               29.6K      Copy          9ms   1%    entropy      0.027    │
│ Epoch              4942    Train         438ms  70%    old_kl      -0.000    │
│ Uptime     5m 53s 024ms      Model       438ms  70%    kl          -0.000    │
│ To go      1m 47s 693ms      Misc          0ms   0%    clipfrac     0.000    │
│                                                                              │
│ perf                          0.958   score                         0.917    │
│ episode_return                0.917   episode_length               13.687    │
│ invalids                      0.014                                          │
╰──────────────────────────────────────────────────────────────────────────────╯
╭──────────────────────────────────────────────────────────────────────────────╮
│ PufferLib 5.0     🐡           GPU:  92%   VRAM:   5.3/31G    RAM:  0.5G     │
│                                                                              │
│ Env         connect4cnn    Evaluate      183ms  29%    Losses       0.018    │
│ Params           270.5K      Model       112ms  18%    policy      -0.000    │
│ Steps             10.1M      Env          59ms   9%    value        0.004    │
│ SPS               29.8K      Copy         10ms   1%    entropy      0.028    │
│ Epoch              4951    Train         435ms  70%    old_kl       0.000    │
│ Uptime     5m 53s 643ms      Model       435ms  70%    kl          -0.000    │
│ To go      1m 46s 618ms      Misc          0ms   0%    clipfrac     0.000    │
│                                                                              │
│ perf                          0.959   score                         0.917    │
│ episode_return                0.917   episode_length               13.870    │
│ invalids                      0.008                                          │
╰──────────────────────────────────────────────────────────────────────────────╯
╭──────────────────────────────────────────────────────────────────────────────╮
│ PufferLib 5.0    🐡            GPU:  92%   VRAM:   5.3/31G    RAM:  0.5G     │
│                                                                              │
│ Env         connect4cnn    Evaluate      184ms  29%    Losses       0.021    │
│ Params           270.5K      Model       112ms  18%    policy       0.000    │
│ Steps             10.2M      Env          60ms   9%    value        0.004    │
│ SPS               29.7K      Copy         10ms   1%    entropy      0.028    │
│ Epoch              4960    Train         437ms  70%    old_kl       0.000    │
│ Uptime     5m 54s 264ms      Model       436ms  70%    kl          -0.000    │
│ To go      1m 46s 234ms      Misc          0ms   0%    clipfrac     0.000    │
│                                                                              │
│ perf                          0.959   score                         0.918    │
│ episode_return                0.918   episode_length               13.783    │
│ invalids                      0.011                                          │
╰──────────────────────────────────────────────────────────────────────────────╯
╭──────────────────────────────────────────────────────────────────────────────╮
│ PufferLib 5.0   🐡             GPU:  92%   VRAM:   5.3/31G    RAM:  0.5G     │
│                                                                              │
│ Env         connect4cnn    Evaluate      184ms  29%    Losses       0.019    │
│ Params           270.5K      Model       112ms  18%    policy       0.001    │
│ Steps             10.2M      Env          60ms   9%    value        0.004    │
│ SPS               29.6K      Copy         10ms   1%    entropy      0.027    │
│ Epoch              4969    Train         439ms  70%    old_kl       0.000    │
│ Uptime     5m 54s 887ms      Model       439ms  70%    kl          -0.000    │
│ To go      1m 45s 967ms      Misc          0ms   0%    clipfrac     0.000    │
│                                                                              │
│ perf                          0.962   score                         0.924    │
│ episode_return                0.924   episode_length               13.783    │
│ invalids                      0.013                                          │
╰──────────────────────────────────────────────────────────────────────────────╯
╭──────────────────────────────────────────────────────────────────────────────╮
│ PufferLib 5.0  🐡              GPU:  87%   VRAM:   5.3/31G    RAM:  0.5G     │
│                                                                              │
│ Env         connect4cnn    Evaluate      185ms  29%    Losses       0.016    │
│ Params           270.5K      Model       112ms  17%    policy      -0.001    │
│ Steps             10.2M      Env          61ms   9%    value        0.003    │
│ SPS               29.4K      Copy         10ms   1%    entropy      0.027    │
│ Epoch              4978    Train         442ms  70%    old_kl      -0.000    │
│ Uptime     5m 55s 515ms      Model       442ms  70%    kl          -0.000    │
│ To go      1m 46s 125ms      Misc          0ms   0%    clipfrac     0.000    │
│                                                                              │
│ perf                          0.964   score                         0.928    │
│ episode_return                0.928   episode_length               13.547    │
│ invalids                      0.009                                          │
╰──────────────────────────────────────────────────────────────────────────────╯
╭──────────────────────────────────────────────────────────────────────────────╮
│ PufferLib 5.0 🐡               GPU:  87%   VRAM:   5.3/31G    RAM:  0.5G     │
│                                                                              │
│ Env         connect4cnn    Evaluate      181ms  28%    Losses       0.022    │
│ Params           270.5K      Model       112ms  17%    policy       0.002    │
│ Steps             10.2M      Env          59ms   9%    value        0.004    │
│ SPS               29.5K      Copy          8ms   1%    entropy      0.030    │
│ Epoch              4987    Train         443ms  71%    old_kl      -0.000    │
│ Uptime     5m 56s 139ms      Model       443ms  70%    kl          -0.000    │
│ To go      1m 44s 990ms      Misc          0ms   0%    clipfrac     0.000    │
│                                                                              │
│ perf                          0.960   score                         0.920    │
│ episode_return                0.920   episode_length               13.943    │
│ invalids                      0.005                                          │
╰──────────────────────────────────────────────────────────────────────────────╯
╭──────────────────────────────────────────────────────────────────────────────╮
│ PufferLib 5.0🐡                GPU:  94%   VRAM:   5.3/31G    RAM:  0.5G     │
│                                                                              │
│ Env         connect4cnn    Evaluate      185ms  29%    Losses       0.017    │
│ Params           270.5K      Model       112ms  18%    policy      -0.000    │
│ Steps             10.2M      Env          60ms   9%    value        0.003    │
│ SPS               29.6K      Copy         10ms   1%    entropy      0.027    │
│ Epoch              4996    Train         438ms  70%    old_kl      -0.000    │
│ Uptime     5m 56s 763ms      Model       438ms  70%    kl          -0.000    │
│ To go      1m 44s 221ms      Misc          0ms   0%    clipfrac     0.000    │
│                                                                              │
│ perf                          0.967   score                         0.935    │
│ episode_return                0.935   episode_length               13.713    │
│ invalids                      0.010                                          │
╰──────────────────────────────────────────────────────────────────────────────╯
╭──────────────────────────────────────────────────────────────────────────────╮
│ PufferLib 5.0               🐡 GPU:  94%   VRAM:   5.3/31G    RAM:  0.5G     │
│                                                                              │
│ Env         connect4cnn    Evaluate      184ms  29%    Losses       0.017    │
│ Params           270.5K      Model       112ms  18%    policy       0.001    │
│ Steps             10.3M      Env          60ms   9%    value        0.003    │
│ SPS               29.8K      Copy         10ms   1%    entropy      0.025    │
│ Epoch              5005    Train         434ms  70%    old_kl      -0.000    │
│ Uptime     5m 57s 382ms      Model       434ms  70%    kl          -0.000    │
│ To go      1m 42s 854ms      Misc          0ms   0%    clipfrac     0.000    │
│                                                                              │
│ perf                          0.962   score                         0.924    │
│ episode_return                0.924   episode_length               13.593    │
│ invalids                      0.010                                          │
╰──────────────────────────────────────────────────────────────────────────────╯
╭──────────────────────────────────────────────────────────────────────────────╮
│ PufferLib 5.0              🐡  GPU:  87%   VRAM:   5.3/31G    RAM:  0.5G     │
│                                                                              │
│ Env         connect4cnn    Evaluate      186ms  29%    Losses       0.022    │
│ Params           270.5K      Model       112ms  18%    policy      -0.000    │
│ Steps             10.3M      Env          60ms   9%    value        0.004    │
│ SPS               29.6K      Copy         11ms   1%    entropy      0.027    │
│ Epoch              5014    Train         437ms  70%    old_kl       0.000    │
│ Uptime     5m 58s 005ms      Model       437ms  70%    kl          -0.000    │
│ To go      1m 42s 851ms      Misc          0ms   0%    clipfrac     0.000    │
│                                                                              │
│ perf                          0.957   score                         0.915    │
│ episode_return                0.915   episode_length               13.746    │
│ invalids                      0.008                                          │
╰──────────────────────────────────────────────────────────────────────────────╯
╭──────────────────────────────────────────────────────────────────────────────╮
│ PufferLib 5.0             🐡   GPU:  94%   VRAM:   5.3/31G    RAM:  0.5G     │
│                                                                              │
│ Env         connect4cnn    Evaluate      184ms  29%    Losses       0.021    │
│ Params           270.5K      Model       112ms  17%    policy       0.001    │
│ Steps             10.3M      Env          60ms   9%    value        0.004    │
│ SPS               29.4K      Copy          9ms   1%    entropy      0.027    │
│ Epoch              5023    Train         443ms  70%    old_kl       0.000    │
│ Uptime     5m 58s 632ms      Model       443ms  70%    kl          -0.000    │
│ To go      1m 42s 848ms      Misc          0ms   0%    clipfrac     0.000    │
│                                                                              │
│ perf                          0.958   score                         0.916    │
│ episode_return                0.916   episode_length               13.771    │
│ invalids                      0.008                                          │
╰──────────────────────────────────────────────────────────────────────────────╯
╭──────────────────────────────────────────────────────────────────────────────╮
│ PufferLib 5.0            🐡    GPU:  94%   VRAM:   5.3/31G    RAM:  0.5G     │
│                                                                              │
│ Env         connect4cnn    Evaluate      183ms  29%    Losses       0.017    │
│ Params           270.5K      Model       112ms  18%    policy       0.001    │
│ Steps             10.3M      Env          59ms   9%    value        0.003    │
│ SPS               29.8K      Copy          9ms   1%    entropy      0.026    │
│ Epoch              5032    Train         435ms  70%    old_kl      -0.000    │
│ Uptime     5m 59s 250ms      Model       435ms  70%    kl          -0.000    │
│ To go      1m 40s 883ms      Misc          0ms   0%    clipfrac     0.000    │
│                                                                              │
│ perf                          0.968   score                         0.936    │
│ episode_return                0.936   episode_length               13.771    │
│ invalids                      0.010                                          │
╰──────────────────────────────────────────────────────────────────────────────╯
╭──────────────────────────────────────────────────────────────────────────────╮
│ PufferLib 5.0           🐡     GPU:  87%   VRAM:   5.3/31G    RAM:  0.5G     │
│                                                                              │
│ Env         connect4cnn    Evaluate      189ms  29%    Losses       0.017    │
│ Params           270.5K      Model       112ms  17%    policy      -0.000    │
│ Steps             10.3M      Env          60ms   9%    value        0.003    │
│ SPS               29.2K      Copy         14ms   2%    entropy      0.027    │
│ Epoch              5041    Train         442ms  70%    old_kl       0.000    │
│ Uptime     5m 59s 882ms      Model       442ms  70%    kl          -0.000    │
│ To go      1m 42s 373ms      Misc          0ms   0%    clipfrac     0.000    │
│                                                                              │
│ perf                          0.964   score                         0.927    │
│ episode_return                0.927   episode_length               13.745    │
│ invalids                      0.006                                          │
╰──────────────────────────────────────────────────────────────────────────────╯
╭──────────────────────────────────────────────────────────────────────────────╮
│ PufferLib 5.0          🐡      GPU:  90%   VRAM:   5.3/31G    RAM:  0.5G     │
│                                                                              │
│ Env         connect4cnn    Evaluate      182ms  29%    Losses       0.014    │
│ Params           270.5K      Model       112ms  17%    policy      -0.002    │
│ Steps             10.3M      Env          60ms   9%    value        0.003    │
│ SPS               29.5K      Copy          9ms   1%    entropy      0.027    │
│ Epoch              5050    Train         443ms  70%    old_kl      -0.000    │
│ Uptime     6m 00s 507ms      Model       443ms  70%    kl          -0.000    │
│ To go      1m 40s 799ms      Misc          0ms   0%    clipfrac     0.000    │
│                                                                              │
│ perf                          0.975   score                         0.951    │
│ episode_return                0.951   episode_length               13.716    │
│ invalids                      0.005                                          │
╰──────────────────────────────────────────────────────────────────────────────╯
╭──────────────────────────────────────────────────────────────────────────────╮
│ PufferLib 5.0         🐡       GPU:  90%   VRAM:   5.3/31G    RAM:  0.5G     │
│                                                                              │
│ Env         connect4cnn    Evaluate      183ms  29%    Losses       0.017    │
│ Params           270.5K      Model       113ms  18%    policy       0.002    │
│ Steps             10.4M      Env          60ms   9%    value        0.003    │
│ SPS               29.6K      Copy          9ms   1%    entropy      0.029    │
│ Epoch              5059    Train         439ms  70%    old_kl      -0.000    │
│ Uptime     6m 01s 129ms      Model       439ms  70%    kl          -0.000    │
│ To go      1m 39s 605ms      Misc          0ms   0%    clipfrac     0.000    │
│                                                                              │
│ perf                          0.973   score                         0.946    │
│ episode_return                0.946   episode_length               13.722    │
│ invalids                      0.006                                          │
╰──────────────────────────────────────────────────────────────────────────────╯
╭──────────────────────────────────────────────────────────────────────────────╮
│ PufferLib 5.0        🐡        GPU:  93%   VRAM:   5.3/31G    RAM:  0.5G     │
│                                                                              │
│ Env         connect4cnn    Evaluate      184ms  29%    Losses       0.014    │
│ Params           270.5K      Model       112ms  18%    policy      -0.001    │
│ Steps             10.4M      Env          60ms   9%    value        0.003    │
│ SPS               29.6K      Copy         10ms   1%    entropy      0.027    │
│ Epoch              5068    Train         438ms  70%    old_kl      -0.000    │
│ Uptime     6m 01s 752ms      Model       438ms  70%    kl          -0.000    │
│ To go      1m 39s 152ms      Misc          0ms   0%    clipfrac     0.000    │
│                                                                              │
│ perf                          0.969   score                         0.937    │
│ episode_return                0.937   episode_length               13.491    │
│ invalids                      0.009                                          │
╰──────────────────────────────────────────────────────────────────────────────╯
╭──────────────────────────────────────────────────────────────────────────────╮
│ PufferLib 5.0       🐡         GPU:  93%   VRAM:   5.3/31G    RAM:  0.5G     │
│                                                                              │
│ Env         connect4cnn    Evaluate      184ms  29%    Losses       0.018    │
│ Params           270.5K      Model       112ms  18%    policy       0.000    │
│ Steps             10.4M      Env          59ms   9%    value        0.004    │
│ SPS               29.7K      Copy         10ms   1%    entropy      0.028    │
│ Epoch              5077    Train         435ms  70%    old_kl       0.000    │
│ Uptime     6m 02s 372ms      Model       435ms  70%    kl          -0.000    │
│ To go      1m 37s 963ms      Misc          0ms   0%    clipfrac     0.000    │
│                                                                              │
│ perf                          0.969   score                         0.938    │
│ episode_return                0.938   episode_length               13.684    │
│ invalids                      0.006                                          │
╰──────────────────────────────────────────────────────────────────────────────╯
╭──────────────────────────────────────────────────────────────────────────────╮
│ PufferLib 5.0      🐡          GPU:  89%   VRAM:   5.3/31G    RAM:  0.5G     │
│                                                                              │
│ Env         connect4cnn    Evaluate      183ms  28%    Losses       0.020    │
│ Params           270.5K      Model       112ms  17%    policy       0.002    │
│ Steps             10.4M      Env          60ms   9%    value        0.004    │
│ SPS               28.9K      Copy          9ms   1%    entropy      0.028    │
│ Epoch              5086    Train         453ms  71%    old_kl       0.000    │
│ Uptime     6m 03s 009ms      Model       453ms  71%    kl          -0.000    │
│ To go      1m 40s 087ms      Misc          0ms   0%    clipfrac     0.000    │
│                                                                              │
│ perf                          0.967   score                         0.935    │
│ episode_return                0.935   episode_length               13.672    │
│ invalids                      0.007                                          │
╰──────────────────────────────────────────────────────────────────────────────╯
╭──────────────────────────────────────────────────────────────────────────────╮
│ PufferLib 5.0     🐡           GPU:  93%   VRAM:   5.3/31G    RAM:  0.5G     │
│                                                                              │
│ Env         connect4cnn    Evaluate      183ms  29%    Losses       0.015    │
│ Params           270.5K      Model       112ms  18%    policy      -0.001    │
│ Steps             10.4M      Env          59ms   9%    value        0.003    │
│ SPS               29.5K      Copy         10ms   1%    entropy      0.028    │
│ Epoch              5095    Train         440ms  70%    old_kl      -0.000    │
│ Uptime     6m 03s 633ms      Model       440ms  70%    kl          -0.000    │
│ To go      1m 37s 397ms      Misc          0ms   0%    clipfrac     0.000    │
│                                                                              │
│ perf                          0.967   score                         0.934    │
│ episode_return                0.934   episode_length               13.762    │
│ invalids                      0.006                                          │
╰──────────────────────────────────────────────────────────────────────────────╯
╭──────────────────────────────────────────────────────────────────────────────╮
│ PufferLib 5.0    🐡            GPU:  93%   VRAM:   5.3/31G    RAM:  0.5G     │
│                                                                              │
│ Env         connect4cnn    Evaluate      183ms  29%    Losses       0.019    │
│ Params           270.5K      Model       112ms  18%    policy       0.002    │
│ Steps             10.5M      Env          60ms   9%    value        0.003    │
│ SPS               29.7K      Copy          9ms   1%    entropy      0.029    │
│ Epoch              5104    Train         436ms  70%    old_kl      -0.000    │
│ Uptime     6m 04s 253ms      Model       436ms  70%    kl          -0.000    │
│ To go      1m 36s 114ms      Misc          0ms   0%    clipfrac     0.000    │
│                                                                              │
│ perf                          0.976   score                         0.953    │
│ episode_return                0.953   episode_length               13.643    │
│ invalids                      0.005                                          │
╰──────────────────────────────────────────────────────────────────────────────╯
╭──────────────────────────────────────────────────────────────────────────────╮
│ PufferLib 5.0   🐡             GPU:  88%   VRAM:   5.3/31G    RAM:  0.5G     │
│                                                                              │
│ Env         connect4cnn    Evaluate      184ms  29%    Losses       0.020    │
│ Params           270.5K      Model       112ms  17%    policy       0.001    │
│ Steps             10.5M      Env          60ms   9%    value        0.004    │
│ SPS               29.4K      Copy         10ms   1%    entropy      0.028    │
│ Epoch              5113    Train         443ms  70%    old_kl      -0.000    │
│ Uptime     6m 04s 880ms      Model       443ms  70%    kl          -0.000    │
│ To go      1m 36s 717ms      Misc          0ms   0%    clipfrac     0.000    │
│                                                                              │
│ perf                          0.964   score                         0.929    │
│ episode_return                0.929   episode_length               13.645    │
│ invalids                      0.007                                          │
╰──────────────────────────────────────────────────────────────────────────────╯
╭──────────────────────────────────────────────────────────────────────────────╮
│ PufferLib 5.0  🐡              GPU:  91%   VRAM:   5.3/31G    RAM:  0.5G     │
│                                                                              │
│ Env         connect4cnn    Evaluate      184ms  29%    Losses       0.015    │
│ Params           270.5K      Model       112ms  17%    policy      -0.001    │
│ Steps             10.5M      Env          60ms   9%    value        0.003    │
│ SPS               29.3K      Copy         10ms   1%    entropy      0.027    │
│ Epoch              5122    Train         444ms  70%    old_kl       0.000    │
│ Uptime     6m 05s 509ms      Model       443ms  70%    kl          -0.000    │
│ To go      1m 36s 225ms      Misc          0ms   0%    clipfrac     0.000    │
│                                                                              │
│ perf                          0.971   score                         0.942    │
│ episode_return                0.942   episode_length               13.481    │
│ invalids                      0.008                                          │
╰──────────────────────────────────────────────────────────────────────────────╯
╭──────────────────────────────────────────────────────────────────────────────╮
│ PufferLib 5.0 🐡               GPU:  91%   VRAM:   5.3/31G    RAM:  0.5G     │
│                                                                              │
│ Env         connect4cnn    Evaluate      183ms  29%    Losses       0.019    │
│ Params           270.5K      Model       112ms  18%    policy      -0.000    │
│ Steps             10.5M      Env          60ms   9%    value        0.004    │
│ SPS               29.7K      Copy          9ms   1%    entropy      0.028    │
│ Epoch              5131    Train         438ms  70%    old_kl      -0.000    │
│ Uptime     6m 06s 130ms      Model       438ms  70%    kl          -0.000    │
│ To go      1m 34s 516ms      Misc          0ms   0%    clipfrac     0.000    │
│                                                                              │
│ perf                          0.955   score                         0.910    │
│ episode_return                0.910   episode_length               13.804    │
│ invalids                      0.010                                          │
╰──────────────────────────────────────────────────────────────────────────────╯
╭──────────────────────────────────────────────────────────────────────────────╮
│ PufferLib 5.0🐡                GPU:  93%   VRAM:   5.3/31G    RAM:  0.5G     │
│                                                                              │
│ Env         connect4cnn    Evaluate      184ms  29%    Losses       0.022    │
│ Params           270.5K      Model       112ms  17%    policy       0.003    │
│ Steps             10.5M      Env          60ms   9%    value        0.004    │
│ SPS               29.5K      Copy         10ms   1%    entropy      0.027    │
│ Epoch              5140    Train         441ms  70%    old_kl       0.000    │
│ Uptime     6m 06s 756ms      Model       441ms  70%    kl          -0.000    │
│ To go      1m 34s 536ms      Misc          0ms   0%    clipfrac     0.000    │
│                                                                              │
│ perf                          0.960   score                         0.920    │
│ episode_return                0.920   episode_length               13.602    │
│ invalids                      0.010                                          │
╰──────────────────────────────────────────────────────────────────────────────╯
╭──────────────────────────────────────────────────────────────────────────────╮
│ PufferLib 5.0               🐡 GPU:  93%   VRAM:   5.3/31G    RAM:  0.5G     │
│                                                                              │
│ Env         connect4cnn    Evaluate      184ms  29%    Losses       0.019    │
│ Params           270.5K      Model       112ms  18%    policy       0.001    │
│ Steps             10.5M      Env          60ms   9%    value        0.004    │
│ SPS               29.6K      Copy         10ms   1%    entropy      0.027    │
│ Epoch              5149    Train         438ms  70%    old_kl       0.000    │
│ Uptime     6m 07s 378ms      Model       438ms  70%    kl          -0.000    │
│ To go      1m 33s 464ms      Misc          0ms   0%    clipfrac     0.000    │
│                                                                              │
│ perf                          0.960   score                         0.919    │
│ episode_return                0.919   episode_length               13.531    │
│ invalids                      0.008                                          │
╰──────────────────────────────────────────────────────────────────────────────╯
╭──────────────────────────────────────────────────────────────────────────────╮
│ PufferLib 5.0              🐡  GPU:  87%   VRAM:   5.3/31G    RAM:  0.5G     │
│                                                                              │
│ Env         connect4cnn    Evaluate      184ms  29%    Losses       0.020    │
│ Params           270.5K      Model       112ms  17%    policy       0.003    │
│ Steps             10.6M      Env          60ms   9%    value        0.004    │
│ SPS               29.5K      Copy          9ms   1%    entropy      0.027    │
│ Epoch              5158    Train         442ms  70%    old_kl       0.000    │
│ Uptime     6m 08s 004ms      Model       441ms  70%    kl          -0.000    │
│ To go      1m 33s 286ms      Misc          0ms   0%    clipfrac     0.000    │
│                                                                              │
│ perf                          0.956   score                         0.912    │
│ episode_return                0.912   episode_length               13.803    │
│ invalids                      0.018                                          │
╰──────────────────────────────────────────────────────────────────────────────╯
╭──────────────────────────────────────────────────────────────────────────────╮
│ PufferLib 5.0             🐡   GPU:  94%   VRAM:   5.3/31G    RAM:  0.5G     │
│                                                                              │
│ Env         connect4cnn    Evaluate      183ms  29%    Losses       0.015    │
│ Params           270.5K      Model       112ms  17%    policy      -0.002    │
│ Steps             10.6M      Env          60ms   9%    value        0.003    │
│ SPS               29.4K      Copy          9ms   1%    entropy      0.025    │
│ Epoch              5167    Train         443ms  70%    old_kl      -0.000    │
│ Uptime     6m 08s 631ms      Model       443ms  70%    kl          -0.000    │
│ To go      1m 32s 849ms      Misc          0ms   0%    clipfrac     0.000    │
│                                                                              │
│ perf                          0.972   score                         0.944    │
│ episode_return                0.944   episode_length               13.540    │
│ invalids                      0.009                                          │
╰──────────────────────────────────────────────────────────────────────────────╯
╭──────────────────────────────────────────────────────────────────────────────╮
│ PufferLib 5.0            🐡    GPU:  94%   VRAM:   5.3/31G    RAM:  0.5G     │
│                                                                              │
│ Env         connect4cnn    Evaluate      184ms  29%    Losses       0.019    │
│ Params           270.5K      Model       112ms  18%    policy      -0.001    │
│ Steps             10.6M      Env          60ms   9%    value        0.004    │
│ SPS               29.8K      Copy         10ms   1%    entropy      0.030    │
│ Epoch              5176    Train         435ms  70%    old_kl       0.000    │
│ Uptime     6m 09s 250ms      Model       435ms  70%    kl          -0.000    │
│ To go      1m 31s 040ms      Misc          0ms   0%    clipfrac     0.000    │
│                                                                              │
│ perf                          0.961   score                         0.921    │
│ episode_return                0.921   episode_length               13.657    │
│ invalids                      0.011                                          │
╰──────────────────────────────────────────────────────────────────────────────╯
╭──────────────────────────────────────────────────────────────────────────────╮
│ PufferLib 5.0           🐡     GPU:  87%   VRAM:   5.3/31G    RAM:  0.5G     │
│                                                                              │
│ Env         connect4cnn    Evaluate      184ms  29%    Losses       0.020    │
│ Params           270.5K      Model       112ms  17%    policy       0.002    │
│ Steps             10.6M      Env          60ms   9%    value        0.004    │
│ SPS               29.4K      Copy         10ms   1%    entropy      0.028    │
│ Epoch              5185    Train         443ms  70%    old_kl      -0.000    │
│ Uptime     6m 09s 877ms      Model       442ms  70%    kl          -0.000    │
│ To go      1m 31s 654ms      Misc          0ms   0%    clipfrac     0.000    │
│                                                                              │
│ perf                          0.959   score                         0.918    │
│ episode_return                0.918   episode_length               13.736    │
│ invalids                      0.010                                          │
╰──────────────────────────────────────────────────────────────────────────────╯
╭──────────────────────────────────────────────────────────────────────────────╮
│ PufferLib 5.0          🐡      GPU:  92%   VRAM:   5.3/31G    RAM:  0.5G     │
│                                                                              │
│ Env         connect4cnn    Evaluate      185ms  29%    Losses       0.016    │
│ Params           270.5K      Model       113ms  17%    policy      -0.001    │
│ Steps             10.6M      Env          61ms   9%    value        0.003    │
│ SPS               29.2K      Copy          9ms   1%    entropy      0.029    │
│ Epoch              5194    Train         445ms  70%    old_kl       0.000    │
│ Uptime     6m 10s 508ms      Model       445ms  70%    kl          -0.000    │
│ To go      1m 31s 577ms      Misc          0ms   0%    clipfrac     0.000    │
│                                                                              │
│ perf                          0.966   score                         0.932    │
│ episode_return                0.932   episode_length               13.617    │
│ invalids                      0.011                                          │
╰──────────────────────────────────────────────────────────────────────────────╯
╭──────────────────────────────────────────────────────────────────────────────╮
│ PufferLib 5.0         🐡       GPU:  92%   VRAM:   5.3/31G    RAM:  0.5G     │
│                                                                              │
│ Env         connect4cnn    Evaluate      186ms  29%    Losses       0.019    │
│ Params           270.5K      Model       113ms  18%    policy      -0.000    │
│ Steps             10.7M      Env          62ms   9%    value        0.004    │
│ SPS               29.6K      Copy         10ms   1%    entropy      0.026    │
│ Epoch              5203    Train         435ms  70%    old_kl      -0.000    │
│ Uptime     6m 11s 130ms      Model       435ms  70%    kl          -0.000    │
│ To go      1m 29s 697ms      Misc          0ms   0%    clipfrac     0.000    │
│                                                                              │
│ perf                          0.956   score                         0.913    │
│ episode_return                0.913   episode_length               13.624    │
│ invalids                      0.013                                          │
╰──────────────────────────────────────────────────────────────────────────────╯
╭──────────────────────────────────────────────────────────────────────────────╮
│ PufferLib 5.0        🐡        GPU:  93%   VRAM:   5.3/31G    RAM:  0.5G     │
│                                                                              │
│ Env         connect4cnn    Evaluate      185ms  29%    Losses       0.021    │
│ Params           270.5K      Model       112ms  17%    policy      -0.001    │
│ Steps             10.7M      Env          60ms   9%    value        0.004    │
│ SPS               29.4K      Copy         10ms   1%    entropy      0.027    │
│ Epoch              5212    Train         442ms  70%    old_kl      -0.000    │
│ Uptime     6m 11s 758ms      Model       442ms  70%    kl          -0.000    │
│ To go      1m 29s 784ms      Misc          0ms   0%    clipfrac     0.000    │
│                                                                              │
│ perf                          0.965   score                         0.931    │
│ episode_return                0.931   episode_length               13.654    │
│ invalids                      0.010                                          │
╰──────────────────────────────────────────────────────────────────────────────╯
╭──────────────────────────────────────────────────────────────────────────────╮
│ PufferLib 5.0       🐡         GPU:  93%   VRAM:   5.3/31G    RAM:  0.5G     │
│                                                                              │
│ Env         connect4cnn    Evaluate      184ms  29%    Losses       0.016    │
│ Params           270.5K      Model       112ms  18%    policy       0.000    │
│ Steps             10.7M      Env          60ms   9%    value        0.003    │
│ SPS               29.5K      Copy         10ms   1%    entropy      0.026    │
│ Epoch              5221    Train         440ms  70%    old_kl       0.000    │
│ Uptime     6m 12s 382ms      Model       440ms  70%    kl          -0.000    │
│ To go      1m 28s 712ms      Misc          0ms   0%    clipfrac     0.000    │
│                                                                              │
│ perf                          0.961   score                         0.922    │
│ episode_return                0.922   episode_length               13.802    │
│ invalids                      0.013                                          │
╰──────────────────────────────────────────────────────────────────────────────╯
╭──────────────────────────────────────────────────────────────────────────────╮
│ PufferLib 5.0      🐡          GPU:  87%   VRAM:   5.3/31G    RAM:  0.5G     │
│                                                                              │
│ Env         connect4cnn    Evaluate      183ms  29%    Losses       0.020    │
│ Params           270.5K      Model       112ms  18%    policy       0.001    │
│ Steps             10.7M      Env          60ms   9%    value        0.004    │
│ SPS               29.5K      Copy          9ms   1%    entropy      0.028    │
│ Epoch              5230    Train         441ms  70%    old_kl       0.000    │
│ Uptime     6m 13s 006ms      Model       440ms  70%    kl          -0.000    │
│ To go      1m 28s 024ms      Misc          0ms   0%    clipfrac     0.000    │
│                                                                              │
│ perf                          0.959   score                         0.917    │
│ episode_return                0.917   episode_length               13.906    │
│ invalids                      0.011                                          │
╰──────────────────────────────────────────────────────────────────────────────╯
╭──────────────────────────────────────────────────────────────────────────────╮
│ PufferLib 5.0     🐡           GPU:  93%   VRAM:   5.3/31G    RAM:  0.5G     │
│                                                                              │
│ Env         connect4cnn    Evaluate      183ms  29%    Losses       0.020    │
│ Params           270.5K      Model       112ms  18%    policy       0.001    │
│ Steps             10.7M      Env          60ms   9%    value        0.004    │
│ SPS               29.6K      Copy          9ms   1%    entropy      0.027    │
│ Epoch              5239    Train         440ms  70%    old_kl       0.000    │
│ Uptime     6m 13s 629ms      Model       439ms  70%    kl          -0.000    │
│ To go      1m 27s 353ms      Misc          0ms   0%    clipfrac     0.000    │
│                                                                              │
│ perf                          0.965   score                         0.930    │
│ episode_return                0.930   episode_length               13.775    │
│ invalids                      0.005                                          │
╰──────────────────────────────────────────────────────────────────────────────╯
╭──────────────────────────────────────────────────────────────────────────────╮
│ PufferLib 5.0    🐡            GPU:  93%   VRAM:   5.3/31G    RAM:  0.5G     │
│                                                                              │
│ Env         connect4cnn    Evaluate      184ms  29%    Losses       0.018    │
│ Params           270.5K      Model       112ms  17%    policy      -0.001    │
│ Steps             10.7M      Env          60ms   9%    value        0.004    │
│ SPS               29.4K      Copy          9ms   1%    entropy      0.026    │
│ Epoch              5248    Train         442ms  70%    old_kl      -0.000    │
│ Uptime     6m 14s 256ms      Model       442ms  70%    kl          -0.000    │
│ To go      1m 27s 178ms      Misc          0ms   0%    clipfrac     0.000    │
│                                                                              │
│ perf                          0.965   score                         0.929    │
│ episode_return                0.929   episode_length               13.639    │
│ invalids                      0.011                                          │
╰──────────────────────────────────────────────────────────────────────────────╯
╭──────────────────────────────────────────────────────────────────────────────╮
│ PufferLib 5.0   🐡             GPU:  91%   VRAM:   5.3/31G    RAM:  0.5G     │
│                                                                              │
│ Env         connect4cnn    Evaluate      183ms  29%    Losses       0.019    │
│ Params           270.5K      Model       112ms  17%    policy       0.000    │
│ Steps             10.8M      Env          59ms   9%    value        0.004    │
│ SPS               29.5K      Copy         10ms   1%    entropy      0.027    │
│ Epoch              5257    Train         442ms  70%    old_kl       0.000    │
│ Uptime     6m 14s 881ms      Model       442ms  70%    kl          -0.000    │
│ To go      1m 26s 379ms      Misc          0ms   0%    clipfrac     0.000    │
│                                                                              │
│ perf                          0.965   score                         0.930    │
│ episode_return                0.930   episode_length               13.708    │
│ invalids                      0.013                                          │
╰──────────────────────────────────────────────────────────────────────────────╯
╭──────────────────────────────────────────────────────────────────────────────╮
│ PufferLib 5.0  🐡              GPU:  91%   VRAM:   5.3/31G    RAM:  0.5G     │
│                                                                              │
│ Env         connect4cnn    Evaluate      185ms  29%    Losses       0.016    │
│ Params           270.5K      Model       112ms  18%    policy       0.001    │
│ Steps             10.8M      Env          60ms   9%    value        0.003    │
│ SPS               29.6K      Copy         10ms   1%    entropy      0.028    │
│ Epoch              5266    Train         439ms  70%    old_kl      -0.000    │
│ Uptime     6m 15s 505ms      Model       439ms  70%    kl          -0.000    │
│ To go      1m 25s 517ms      Misc          0ms   0%    clipfrac     0.000    │
│                                                                              │
│ perf                          0.973   score                         0.946    │
│ episode_return                0.946   episode_length               13.605    │
│ invalids                      0.004                                          │
╰──────────────────────────────────────────────────────────────────────────────╯
╭──────────────────────────────────────────────────────────────────────────────╮
│ PufferLib 5.0 🐡               GPU:  91%   VRAM:   5.3/31G    RAM:  0.5G     │
│                                                                              │
│ Env         connect4cnn    Evaluate      185ms  29%    Losses       0.019    │
│ Params           270.5K      Model       112ms  18%    policy       0.001    │
│ Steps             10.8M      Env          60ms   9%    value        0.004    │
│ SPS               29.7K      Copy         11ms   1%    entropy      0.027    │
│ Epoch              5275    Train         436ms  70%    old_kl      -0.000    │
│ Uptime     6m 16s 126ms      Model       435ms  70%    kl          -0.000    │
│ To go      1m 24s 535ms      Misc          0ms   0%    clipfrac     0.000    │
│                                                                              │
│ perf                          0.962   score                         0.924    │
│ episode_return                0.924   episode_length               13.631    │
│ invalids                      0.010                                          │
╰──────────────────────────────────────────────────────────────────────────────╯
╭──────────────────────────────────────────────────────────────────────────────╮
│ PufferLib 5.0🐡                GPU:  93%   VRAM:   5.3/31G    RAM:  0.5G     │
│                                                                              │
│ Env         connect4cnn    Evaluate      188ms  29%    Losses       0.017    │
│ Params           270.5K      Model       112ms  17%    policy      -0.001    │
│ Steps             10.8M      Env          62ms   9%    value        0.004    │
│ SPS               29.3K      Copy         11ms   1%    entropy      0.028    │
│ Epoch              5284    Train         440ms  70%    old_kl       0.000    │
│ Uptime     6m 16s 754ms      Model       440ms  70%    kl          -0.000    │
│ To go      1m 24s 889ms      Misc          0ms   0%    clipfrac     0.000    │
│                                                                              │
│ perf                          0.965   score                         0.930    │
│ episode_return                0.930   episode_length               13.723    │
│ invalids                      0.008                                          │
╰──────────────────────────────────────────────────────────────────────────────╯
╭──────────────────────────────────────────────────────────────────────────────╮
│ PufferLib 5.0               🐡 GPU:  93%   VRAM:   5.3/31G    RAM:  0.5G     │
│                                                                              │
│ Env         connect4cnn    Evaluate      183ms  29%    Losses       0.017    │
│ Params           270.5K      Model       112ms  18%    policy       0.000    │
│ Steps             10.8M      Env          59ms   9%    value        0.003    │
│ SPS               29.6K      Copy          9ms   1%    entropy      0.028    │
│ Epoch              5293    Train         439ms  70%    old_kl      -0.000    │
│ Uptime     6m 17s 378ms      Model       439ms  70%    kl          -0.000    │
│ To go      1m 23s 569ms      Misc          0ms   0%    clipfrac     0.000    │
│                                                                              │
│ perf                          0.969   score                         0.937    │
│ episode_return                0.937   episode_length               13.795    │
│ invalids                      0.010                                          │
╰──────────────────────────────────────────────────────────────────────────────╯
╭──────────────────────────────────────────────────────────────────────────────╮
│ PufferLib 5.0              🐡  GPU:  87%   VRAM:   5.3/31G    RAM:  0.5G     │
│                                                                              │
│ Env         connect4cnn    Evaluate      184ms  29%    Losses       0.016    │
│ Params           270.5K      Model       112ms  18%    policy       0.000    │
│ Steps             10.9M      Env          60ms   9%    value        0.003    │
│ SPS               29.6K      Copy         10ms   1%    entropy      0.026    │
│ Epoch              5302    Train         438ms  70%    old_kl      -0.000    │
│ Uptime     6m 18s 000ms      Model       438ms  70%    kl          -0.000    │
│ To go      1m 22s 880ms      Misc          0ms   0%    clipfrac     0.000    │
│                                                                              │
│ perf                          0.970   score                         0.941    │
│ episode_return                0.941   episode_length               13.587    │
│ invalids                      0.009                                          │
╰──────────────────────────────────────────────────────────────────────────────╯
╭──────────────────────────────────────────────────────────────────────────────╮
│ PufferLib 5.0             🐡   GPU:  93%   VRAM:   5.3/31G    RAM:  0.5G     │
│                                                                              │
│ Env         connect4cnn    Evaluate      185ms  29%    Losses       0.022    │
│ Params           270.5K      Model       112ms  18%    policy       0.001    │
│ Steps             10.9M      Env          61ms   9%    value        0.004    │
│ SPS               29.6K      Copy         10ms   1%    entropy      0.027    │
│ Epoch              5311    Train         436ms  70%    old_kl       0.000    │
│ Uptime     6m 18s 622ms      Model       436ms  70%    kl          -0.000    │
│ To go      1m 22s 190ms      Misc          0ms   0%    clipfrac     0.000    │
│                                                                              │
│ perf                          0.950   score                         0.899    │
│ episode_return                0.899   episode_length               13.656    │
│ invalids                      0.012                                          │
╰──────────────────────────────────────────────────────────────────────────────╯
╭──────────────────────────────────────────────────────────────────────────────╮
│ PufferLib 5.0            🐡    GPU:  93%   VRAM:   5.3/31G    RAM:  0.5G     │
│                                                                              │
│ Env         connect4cnn    Evaluate      184ms  29%    Losses       0.016    │
│ Params           270.5K      Model       112ms  18%    policy      -0.002    │
│ Steps             10.9M      Env          59ms   9%    value        0.004    │
│ SPS               29.6K      Copy         11ms   1%    entropy      0.028    │
│ Epoch              5320    Train         438ms  70%    old_kl       0.000    │
│ Uptime     6m 19s 245ms      Model       438ms  70%    kl          -0.000    │
│ To go      1m 21s 650ms      Misc          0ms   0%    clipfrac     0.000    │
│                                                                              │
│ perf                          0.963   score                         0.926    │
│ episode_return                0.926   episode_length               13.869    │
│ invalids                      0.010                                          │
╰──────────────────────────────────────────────────────────────────────────────╯
╭──────────────────────────────────────────────────────────────────────────────╮
│ PufferLib 5.0           🐡     GPU:  88%   VRAM:   5.3/31G    RAM:  0.5G     │
│                                                                              │
│ Env         connect4cnn    Evaluate      184ms  29%    Losses       0.016    │
│ Params           270.5K      Model       112ms  17%    policy       0.000    │
│ Steps             10.9M      Env          60ms   9%    value        0.003    │
│ SPS               29.4K      Copy          9ms   1%    entropy      0.025    │
│ Epoch              5329    Train         442ms  70%    old_kl      -0.000    │
│ Uptime     6m 19s 871ms      Model       442ms  70%    kl          -0.000    │
│ To go      1m 21s 446ms      Misc          0ms   0%    clipfrac     0.000    │
│                                                                              │
│ perf                          0.965   score                         0.931    │
│ episode_return                0.931   episode_length               13.588    │
│ invalids                      0.010                                          │
╰──────────────────────────────────────────────────────────────────────────────╯
╭──────────────────────────────────────────────────────────────────────────────╮
│ PufferLib 5.0          🐡      GPU:  93%   VRAM:   5.3/31G    RAM:  0.5G     │
│                                                                              │
│ Env         connect4cnn    Evaluate      184ms  29%    Losses       0.019    │
│ Params           270.5K      Model       112ms  17%    policy       0.002    │
│ Steps             10.9M      Env          60ms   9%    value        0.003    │
│ SPS               29.5K      Copy          9ms   1%    entropy      0.027    │
│ Epoch              5338    Train         441ms  70%    old_kl      -0.000    │
│ Uptime     6m 20s 496ms      Model       440ms  70%    kl          -0.000    │
│ To go      1m 20s 696ms      Misc          0ms   0%    clipfrac     0.000    │
│                                                                              │
│ perf                          0.967   score                         0.935    │
│ episode_return                0.935   episode_length               13.687    │
│ invalids                      0.008                                          │
╰──────────────────────────────────────────────────────────────────────────────╯
╭──────────────────────────────────────────────────────────────────────────────╮
│ PufferLib 5.0         🐡       GPU:  93%   VRAM:   5.3/31G    RAM:  0.5G     │
│                                                                              │
│ Env         connect4cnn    Evaluate      185ms  29%    Losses       0.016    │
│ Params           270.5K      Model       112ms  18%    policy      -0.001    │
│ Steps             11.0M      Env          60ms   9%    value        0.003    │
│ SPS               29.6K      Copy          9ms   1%    entropy      0.027    │
│ Epoch              5347    Train         437ms  70%    old_kl       0.000    │
│ Uptime     6m 21s 118ms      Model       437ms  70%    kl          -0.000    │
│ To go      1m 19s 678ms      Misc          0ms   0%    clipfrac     0.000    │
│                                                                              │
│ perf                          0.969   score                         0.938    │
│ episode_return                0.938   episode_length               13.728    │
│ invalids                      0.007                                          │
╰──────────────────────────────────────────────────────────────────────────────╯
╭──────────────────────────────────────────────────────────────────────────────╮
│ PufferLib 5.0        🐡        GPU:  90%   VRAM:   5.3/31G    RAM:  0.5G     │
│                                                                              │
│ Env         connect4cnn    Evaluate      184ms  29%    Losses       0.017    │
│ Params           270.5K      Model       112ms  17%    policy      -0.001    │
│ Steps             11.0M      Env          61ms   9%    value        0.003    │
│ SPS               29.3K      Copy          9ms   1%    entropy      0.025    │
│ Epoch              5356    Train         444ms  70%    old_kl      -0.000    │
│ Uptime     6m 21s 747ms      Model       444ms  70%    kl          -0.000    │
│ To go      1m 19s 915ms      Misc          0ms   0%    clipfrac     0.000    │
│                                                                              │
│ perf                          0.963   score                         0.925    │
│ episode_return                0.925   episode_length               13.663    │
│ invalids                      0.008                                          │
╰──────────────────────────────────────────────────────────────────────────────╯
╭──────────────────────────────────────────────────────────────────────────────╮
│ PufferLib 5.0       🐡         GPU:  90%   VRAM:   5.3/31G    RAM:  0.5G     │
│                                                                              │
│ Env         connect4cnn    Evaluate      183ms  29%    Losses       0.019    │
│ Params           270.5K      Model       112ms  18%    policy       0.001    │
│ Steps             11.0M      Env          59ms   9%    value        0.004    │
│ SPS               29.5K      Copy         10ms   1%    entropy      0.026    │
│ Epoch              5365    Train         441ms  70%    old_kl       0.000    │
│ Uptime     6m 22s 371ms      Model       441ms  70%    kl          -0.000    │
│ To go      1m 18s 760ms      Misc          0ms   0%    clipfrac     0.000    │
│                                                                              │
│ perf                          0.957   score                         0.913    │
│ episode_return                0.913   episode_length               13.746    │
│ invalids                      0.009                                          │
╰──────────────────────────────────────────────────────────────────────────────╯
╭──────────────────────────────────────────────────────────────────────────────╮
│ PufferLib 5.0      🐡          GPU:  90%   VRAM:   5.3/31G    RAM:  0.5G     │
│                                                                              │
│ Env         connect4cnn    Evaluate      185ms  29%    Losses       0.018    │
│ Params           270.5K      Model       112ms  18%    policy      -0.001    │
│ Steps             11.0M      Env          60ms   9%    value        0.004    │
│ SPS               29.6K      Copy         10ms   1%    entropy      0.028    │
│ Epoch              5374    Train         438ms  70%    old_kl      -0.000    │
│ Uptime     6m 22s 995ms      Model       438ms  70%    kl          -0.000    │
│ To go      1m 18s 019ms      Misc          0ms   0%    clipfrac     0.000    │
│                                                                              │
│ perf                          0.967   score                         0.935    │
│ episode_return                0.935   episode_length               13.647    │
│ invalids                      0.001                                          │
╰──────────────────────────────────────────────────────────────────────────────╯
╭──────────────────────────────────────────────────────────────────────────────╮
│ PufferLib 5.0     🐡           GPU:  93%   VRAM:   5.3/31G    RAM:  0.5G     │
│                                                                              │
│ Env         connect4cnn    Evaluate      185ms  29%    Losses       0.019    │
│ Params           270.5K      Model       112ms  18%    policy       0.001    │
│ Steps             11.0M      Env          60ms   9%    value        0.004    │
│ SPS               29.5K      Copy         10ms   1%    entropy      0.027    │
│ Epoch              5383    Train         439ms  70%    old_kl      -0.000    │
│ Uptime     6m 23s 619ms      Model       438ms  70%    kl          -0.000    │
│ To go      1m 17s 435ms      Misc          0ms   0%    clipfrac     0.000    │
│                                                                              │
│ perf                          0.970   score                         0.939    │
│ episode_return                0.939   episode_length               13.747    │
│ invalids                      0.010                                          │
╰──────────────────────────────────────────────────────────────────────────────╯
╭──────────────────────────────────────────────────────────────────────────────╮
│ PufferLib 5.0    🐡            GPU:  93%   VRAM:   5.3/31G    RAM:  0.5G     │
│                                                                              │
│ Env         connect4cnn    Evaluate      185ms  29%    Losses       0.016    │
│ Params           270.5K      Model       112ms  17%    policy       0.001    │
│ Steps             11.0M      Env          60ms   9%    value        0.003    │
│ SPS               29.4K      Copy         10ms   1%    entropy      0.025    │
│ Epoch              5392    Train         443ms  70%    old_kl       0.000    │
│ Uptime     6m 24s 246ms      Model       443ms  70%    kl          -0.000    │
│ To go      1m 17s 275ms      Misc          0ms   0%    clipfrac     0.000    │
│                                                                              │
│ perf                          0.973   score                         0.945    │
│ episode_return                0.945   episode_length               13.530    │
│ invalids                      0.004                                          │
╰──────────────────────────────────────────────────────────────────────────────╯
╭──────────────────────────────────────────────────────────────────────────────╮
│ PufferLib 5.0   🐡             GPU:  87%   VRAM:   5.3/31G    RAM:  0.5G     │
│                                                                              │
│ Env         connect4cnn    Evaluate      184ms  29%    Losses       0.020    │
│ Params           270.5K      Model       112ms  17%    policy       0.000    │
│ Steps             11.1M      Env          60ms   9%    value        0.004    │
│ SPS               29.4K      Copy         10ms   1%    entropy      0.027    │
│ Epoch              5401    Train         442ms  70%    old_kl      -0.000    │
│ Uptime     6m 24s 873ms      Model       442ms  70%    kl          -0.000    │
│ To go      1m 16s 508ms      Misc          0ms   0%    clipfrac     0.000    │
│                                                                              │
│ perf                          0.963   score                         0.925    │
│ episode_return                0.925   episode_length               13.894    │
│ invalids                      0.010                                          │
╰──────────────────────────────────────────────────────────────────────────────╯
╭──────────────────────────────────────────────────────────────────────────────╮
│ PufferLib 5.0  🐡              GPU:  92%   VRAM:   5.3/31G    RAM:  0.5G     │
│                                                                              │
│ Env         connect4cnn    Evaluate      187ms  29%    Losses       0.015    │
│ Params           270.5K      Model       112ms  18%    policy      -0.001    │
│ Steps             11.1M      Env          63ms  10%    value        0.003    │
│ SPS               29.5K      Copy         10ms   1%    entropy      0.028    │
│ Epoch              5410    Train         437ms  70%    old_kl      -0.000    │
│ Uptime     6m 25s 498ms      Model       437ms  70%    kl          -0.000    │
│ To go      1m 15s 747ms      Misc          0ms   0%    clipfrac     0.000    │
│                                                                              │
│ perf                          0.971   score                         0.941    │
│ episode_return                0.941   episode_length               13.827    │
│ invalids                      0.008                                          │
╰──────────────────────────────────────────────────────────────────────────────╯
╭──────────────────────────────────────────────────────────────────────────────╮
│ PufferLib 5.0 🐡               GPU:  92%   VRAM:   5.3/31G    RAM:  0.5G     │
│                                                                              │
│ Env         connect4cnn    Evaluate      185ms  29%    Losses       0.017    │
│ Params           270.5K      Model       112ms  18%    policy       0.001    │
│ Steps             11.1M      Env          60ms   9%    value        0.003    │
│ SPS               29.6K      Copy         11ms   1%    entropy      0.031    │
│ Epoch              5419    Train         438ms  70%    old_kl      -0.000    │
│ Uptime     6m 26s 122ms      Model       438ms  70%    kl          -0.000    │
│ To go      1m 14s 893ms      Misc          0ms   0%    clipfrac     0.000    │
│                                                                              │
│ perf                          0.965   score                         0.929    │
│ episode_return                0.929   episode_length               13.815    │
│ invalids                      0.005                                          │
╰──────────────────────────────────────────────────────────────────────────────╯
╭──────────────────────────────────────────────────────────────────────────────╮
│ PufferLib 5.0🐡                GPU:  91%   VRAM:   5.3/31G    RAM:  0.5G     │
│                                                                              │
│ Env         connect4cnn    Evaluate      185ms  29%    Losses       0.015    │
│ Params           270.5K      Model       112ms  17%    policy      -0.003    │
│ Steps             11.1M      Env          61ms   9%    value        0.004    │
│ SPS               29.2K      Copy          9ms   1%    entropy      0.026    │
│ Epoch              5428    Train         447ms  70%    old_kl      -0.000    │
│ Uptime     6m 26s 754ms      Model       447ms  70%    kl          -0.000    │
│ To go      1m 15s 261ms      Misc          0ms   0%    clipfrac     0.000    │
│                                                                              │
│ perf                          0.966   score                         0.931    │
│ episode_return                0.931   episode_length               13.521    │
│ invalids                      0.011                                          │
╰──────────────────────────────────────────────────────────────────────────────╯
╭──────────────────────────────────────────────────────────────────────────────╮
│ PufferLib 5.0               🐡 GPU:  91%   VRAM:   5.3/31G    RAM:  0.5G     │
│                                                                              │
│ Env         connect4cnn    Evaluate      184ms  29%    Losses       0.019    │
│ Params           270.5K      Model       112ms  18%    policy       0.001    │
│ Steps             11.1M      Env          60ms   9%    value        0.004    │
│ SPS               29.7K      Copy         10ms   1%    entropy      0.029    │
│ Epoch              5437    Train         437ms  70%    old_kl      -0.000    │
│ Uptime     6m 27s 375ms      Model       437ms  70%    kl          -0.000    │
│ To go      1m 13s 403ms      Misc          0ms   0%    clipfrac     0.000    │
│                                                                              │
│ perf                          0.966   score                         0.933    │
│ episode_return                0.933   episode_length               13.745    │
│ invalids                      0.013                                          │
╰──────────────────────────────────────────────────────────────────────────────╯
╭──────────────────────────────────────────────────────────────────────────────╮
│ PufferLib 5.0              🐡  GPU:  87%   VRAM:   5.3/31G    RAM:  0.5G     │
│                                                                              │
│ Env         connect4cnn    Evaluate      183ms  29%    Losses       0.018    │
│ Params           270.5K      Model       112ms  18%    policy       0.001    │
│ Steps             11.2M      Env          60ms   9%    value        0.003    │
│ SPS               29.6K      Copy          9ms   1%    entropy      0.029    │
│ Epoch              5446    Train         439ms  70%    old_kl       0.000    │
│ Uptime     6m 27s 998ms      Model       439ms  70%    kl          -0.000    │
│ To go      1m 12s 937ms      Misc          0ms   0%    clipfrac     0.000    │
│                                                                              │
│ perf                          0.961   score                         0.923    │
│ episode_return                0.923   episode_length               13.715    │
│ invalids                      0.012                                          │
╰──────────────────────────────────────────────────────────────────────────────╯
╭──────────────────────────────────────────────────────────────────────────────╮
│ PufferLib 5.0             🐡   GPU:  93%   VRAM:   5.3/31G    RAM:  0.5G     │
│                                                                              │
│ Env         connect4cnn    Evaluate      183ms  29%    Losses       0.018    │
│ Params           270.5K      Model       112ms  17%    policy      -0.001    │
│ Steps             11.2M      Env          60ms   9%    value        0.004    │
│ SPS               29.5K      Copy          9ms   1%    entropy      0.030    │
│ Epoch              5455    Train         442ms  70%    old_kl       0.000    │
│ Uptime     6m 28s 624ms      Model       442ms  70%    kl          -0.000    │
│ To go      1m 12s 614ms      Misc          0ms   0%    clipfrac     0.000    │
│                                                                              │
│ perf                          0.964   score                         0.928    │
│ episode_return                0.928   episode_length               13.762    │
│ invalids                      0.007                                          │
╰──────────────────────────────────────────────────────────────────────────────╯
╭──────────────────────────────────────────────────────────────────────────────╮
│ PufferLib 5.0            🐡    GPU:  93%   VRAM:   5.3/31G    RAM:  0.5G     │
│                                                                              │
│ Env         connect4cnn    Evaluate      185ms  29%    Losses       0.017    │
│ Params           270.5K      Model       112ms  18%    policy       0.001    │
│ Steps             11.2M      Env          60ms   9%    value        0.003    │
│ SPS               29.6K      Copy         10ms   1%    entropy      0.029    │
│ Epoch              5464    Train         438ms  70%    old_kl      -0.000    │
│ Uptime     6m 29s 247ms      Model       438ms  70%    kl          -0.000    │
│ To go      1m 11s 746ms      Misc          0ms   0%    clipfrac     0.000    │
│                                                                              │
│ perf                          0.971   score                         0.942    │
│ episode_return                0.942   episode_length               13.692    │
│ invalids                      0.005                                          │
╰──────────────────────────────────────────────────────────────────────────────╯
╭──────────────────────────────────────────────────────────────────────────────╮
│ PufferLib 5.0           🐡     GPU:  87%   VRAM:   5.3/31G    RAM:  0.5G     │
│                                                                              │
│ Env         connect4cnn    Evaluate      186ms  29%    Losses       0.017    │
│ Params           270.5K      Model       113ms  18%    policy      -0.002    │
│ Steps             11.2M      Env          61ms   9%    value        0.004    │
│ SPS               29.5K      Copy         10ms   1%    entropy      0.027    │
│ Epoch              5473    Train         439ms  70%    old_kl      -0.000    │
│ Uptime     6m 29s 872ms      Model       439ms  70%    kl          -0.000    │
│ To go      1m 11s 393ms      Misc          0ms   0%    clipfrac     0.000    │
│                                                                              │
│ perf                          0.961   score                         0.922    │
│ episode_return                0.922   episode_length               13.703    │
│ invalids                      0.008                                          │
╰──────────────────────────────────────────────────────────────────────────────╯
╭──────────────────────────────────────────────────────────────────────────────╮
│ PufferLib 5.0          🐡      GPU:  92%   VRAM:   5.3/31G    RAM:  0.5G     │
│                                                                              │
│ Env         connect4cnn    Evaluate      184ms  29%    Losses       0.018    │
│ Params           270.5K      Model       112ms  17%    policy       0.002    │
│ Steps             11.2M      Env          60ms   9%    value        0.003    │
│ SPS               29.4K      Copy         10ms   1%    entropy      0.025    │
│ Epoch              5482    Train         443ms  70%    old_kl       0.000    │
│ Uptime     6m 30s 500ms      Model       442ms  70%    kl          -0.000    │
│ To go      1m 10s 943ms      Misc          0ms   0%    clipfrac     0.000    │
│                                                                              │
│ perf                          0.972   score                         0.944    │
│ episode_return                0.944   episode_length               13.539    │
│ invalids                      0.008                                          │
╰──────────────────────────────────────────────────────────────────────────────╯
╭──────────────────────────────────────────────────────────────────────────────╮
│ PufferLib 5.0         🐡       GPU:  92%   VRAM:   5.3/31G    RAM:  0.5G     │
│                                                                              │
│ Env         connect4cnn    Evaluate      185ms  29%    Losses       0.019    │
│ Params           270.5K      Model       112ms  18%    policy       0.000    │
│ Steps             11.2M      Env          59ms   9%    value        0.004    │
│ SPS               29.6K      Copy         11ms   1%    entropy      0.029    │
│ Epoch              5491    Train         438ms  70%    old_kl       0.000    │
│ Uptime     6m 31s 123ms      Model       438ms  70%    kl          -0.000    │
│ To go      1m 09s 844ms      Misc          0ms   0%    clipfrac     0.000    │
│                                                                              │
│ perf                          0.959   score                         0.918    │
│ episode_return                0.918   episode_length               13.813    │
│ invalids                      0.010                                          │
╰──────────────────────────────────────────────────────────────────────────────╯
╭──────────────────────────────────────────────────────────────────────────────╮
│ PufferLib 5.0        🐡        GPU:  91%   VRAM:   5.3/31G    RAM:  0.5G     │
│                                                                              │
│ Env         connect4cnn    Evaluate      185ms  29%    Losses       0.017    │
│ Params           270.5K      Model       113ms  17%    policy       0.000    │
│ Steps             11.3M      Env          61ms   9%    value        0.003    │
│ SPS               29.4K      Copy         10ms   1%    entropy      0.027    │
│ Epoch              5500    Train         442ms  70%    old_kl      -0.000    │
│ Uptime     6m 31s 751ms      Model       442ms  70%    kl          -0.000    │
│ To go      1m 09s 770ms      Misc          0ms   0%    clipfrac     0.000    │
│                                                                              │
│ perf                          0.965   score                         0.929    │
│ episode_return                0.929   episode_length               13.582    │
│ invalids                      0.009                                          │
╰──────────────────────────────────────────────────────────────────────────────╯
╭──────────────────────────────────────────────────────────────────────────────╮
│ PufferLib 5.0       🐡         GPU:  91%   VRAM:   5.3/31G    RAM:  0.5G     │
│                                                                              │
│ Env         connect4cnn    Evaluate      183ms  29%    Losses       0.017    │
│ Params           270.5K      Model       112ms  18%    policy       0.001    │
│ Steps             11.3M      Env          59ms   9%    value        0.003    │
│ SPS               29.6K      Copy         10ms   1%    entropy      0.030    │
│ Epoch              5509    Train         440ms  70%    old_kl       0.000    │
│ Uptime     6m 32s 374ms      Model       440ms  70%    kl          -0.000    │
│ To go      1m 08s 650ms      Misc          0ms   0%    clipfrac     0.000    │
│                                                                              │
│ perf                          0.967   score                         0.934    │
│ episode_return                0.934   episode_length               13.892    │
│ invalids                      0.014                                          │
╰──────────────────────────────────────────────────────────────────────────────╯
╭──────────────────────────────────────────────────────────────────────────────╮
│ PufferLib 5.0      🐡          GPU:  88%   VRAM:   5.3/31G    RAM:  0.5G     │
│                                                                              │
│ Env         connect4cnn    Evaluate      184ms  29%    Losses       0.017    │
│ Params           270.5K      Model       112ms  18%    policy       0.000    │
│ Steps             11.3M      Env          60ms   9%    value        0.003    │
│ SPS               29.6K      Copy          9ms   1%    entropy      0.028    │
│ Epoch              5518    Train         439ms  70%    old_kl       0.000    │
│ Uptime     6m 32s 998ms      Model       439ms  70%    kl          -0.000    │
│ To go      1m 08s 056ms      Misc          0ms   0%    clipfrac     0.000    │
│                                                                              │
│ perf                          0.974   score                         0.948    │
│ episode_return                0.948   episode_length               13.651    │
│ invalids                      0.008                                          │
╰──────────────────────────────────────────────────────────────────────────────╯
╭──────────────────────────────────────────────────────────────────────────────╮
│ PufferLib 5.0     🐡           GPU:  93%   VRAM:   5.3/31G    RAM:  0.5G     │
│                                                                              │
│ Env         connect4cnn    Evaluate      184ms  29%    Losses       0.021    │
│ Params           270.5K      Model       112ms  18%    policy       0.001    │
│ Steps             11.3M      Env          60ms   9%    value        0.004    │
│ SPS               29.6K      Copy          9ms   1%    entropy      0.027    │
│ Epoch              5527    Train         438ms  70%    old_kl      -0.000    │
│ Uptime     6m 33s 620ms      Model       437ms  70%    kl          -0.000    │
│ To go      1m 07s 249ms      Misc          0ms   0%    clipfrac     0.000    │
│                                                                              │
│ perf                          0.954   score                         0.907    │
│ episode_return                0.907   episode_length               13.817    │
│ invalids                      0.011                                          │
╰──────────────────────────────────────────────────────────────────────────────╯
╭──────────────────────────────────────────────────────────────────────────────╮
│ PufferLib 5.0    🐡            GPU:  93%   VRAM:   5.3/31G    RAM:  0.5G     │
│                                                                              │
│ Env         connect4cnn    Evaluate      182ms  29%    Losses       0.020    │
│ Params           270.5K      Model       112ms  18%    policy       0.002    │
│ Steps             11.3M      Env          59ms   9%    value        0.004    │
│ SPS               29.5K      Copy          9ms   1%    entropy      0.027    │
│ Epoch              5536    Train         443ms  70%    old_kl       0.000    │
│ Uptime     6m 34s 244ms      Model       442ms  70%    kl          -0.000    │
│ To go      1m 06s 903ms      Misc          0ms   0%    clipfrac     0.000    │
│                                                                              │
│ perf                          0.972   score                         0.943    │
│ episode_return                0.943   episode_length               13.704    │
│ invalids                      0.006                                          │
╰──────────────────────────────────────────────────────────────────────────────╯
╭──────────────────────────────────────────────────────────────────────────────╮
│ PufferLib 5.0   🐡             GPU:  87%   VRAM:   5.3/31G    RAM:  0.5G     │
│                                                                              │
│ Env         connect4cnn    Evaluate      184ms  29%    Losses       0.016    │
│ Params           270.5K      Model       113ms  17%    policy      -0.002    │
│ Steps             11.4M      Env          59ms   9%    value        0.004    │
│ SPS               29.5K      Copy         10ms   1%    entropy      0.028    │
│ Epoch              5545    Train         441ms  70%    old_kl      -0.000    │
│ Uptime     6m 34s 870ms      Model       440ms  70%    kl          -0.000    │
│ To go      1m 06s 404ms      Misc          0ms   0%    clipfrac     0.000    │
│                                                                              │
│ perf                          0.963   score                         0.927    │
│ episode_return                0.927   episode_length               13.790    │
│ invalids                      0.010                                          │
╰──────────────────────────────────────────────────────────────────────────────╯
╭──────────────────────────────────────────────────────────────────────────────╮
│ PufferLib 5.0  🐡              GPU:  93%   VRAM:   5.3/31G    RAM:  0.5G     │
│                                                                              │
│ Env         connect4cnn    Evaluate      183ms  29%    Losses       0.014    │
│ Params           270.5K      Model       112ms  18%    policy      -0.001    │
│ Steps             11.4M      Env          59ms   9%    value        0.003    │
│ SPS               29.7K      Copy          9ms   1%    entropy      0.028    │
│ Epoch              5554    Train         438ms  70%    old_kl       0.000    │
│ Uptime     6m 35s 492ms      Model       438ms  70%    kl          -0.000    │
│ To go      1m 05s 319ms      Misc          0ms   0%    clipfrac     0.000    │
│                                                                              │
│ perf                          0.971   score                         0.942    │
│ episode_return                0.942   episode_length               13.832    │
│ invalids                      0.008                                          │
╰──────────────────────────────────────────────────────────────────────────────╯
╭──────────────────────────────────────────────────────────────────────────────╮
│ PufferLib 5.0 🐡               GPU:  93%   VRAM:   5.3/31G    RAM:  0.5G     │
│                                                                              │
│ Env         connect4cnn    Evaluate      183ms  29%    Losses       0.018    │
│ Params           270.5K      Model       112ms  17%    policy       0.002    │
│ Steps             11.4M      Env          59ms   9%    value        0.003    │
│ SPS               29.4K      Copy         10ms   1%    entropy      0.030    │
│ Epoch              5563    Train         443ms  70%    old_kl       0.000    │
│ Uptime     6m 36s 118ms      Model       443ms  70%    kl          -0.000    │
│ To go      1m 05s 213ms      Misc          0ms   0%    clipfrac     0.000    │
│                                                                              │
│ perf                          0.964   score                         0.928    │
│ episode_return                0.928   episode_length               13.869    │
│ invalids                      0.004                                          │
╰──────────────────────────────────────────────────────────────────────────────╯
╭──────────────────────────────────────────────────────────────────────────────╮
│ PufferLib 5.0🐡                GPU:  89%   VRAM:   5.3/31G    RAM:  0.5G     │
│                                                                              │
│ Env         connect4cnn    Evaluate      185ms  29%    Losses       0.014    │
│ Params           270.5K      Model       112ms  17%    policy      -0.001    │
│ Steps             11.4M      Env          60ms   9%    value        0.003    │
│ SPS               29.4K      Copy         10ms   1%    entropy      0.029    │
│ Epoch              5572    Train         441ms  70%    old_kl      -0.000    │
│ Uptime     6m 36s 745ms      Model       441ms  70%    kl          -0.000    │
│ To go      1m 04s 602ms      Misc          0ms   0%    clipfrac     0.000    │
│                                                                              │
│ perf                          0.969   score                         0.938    │
│ episode_return                0.938   episode_length               13.662    │
│ invalids                      0.010                                          │
╰──────────────────────────────────────────────────────────────────────────────╯
╭──────────────────────────────────────────────────────────────────────────────╮
│ PufferLib 5.0               🐡 GPU:  89%   VRAM:   5.3/31G    RAM:  0.5G     │
│                                                                              │
│ Env         connect4cnn    Evaluate      184ms  29%    Losses       0.017    │
│ Params           270.5K      Model       112ms  18%    policy      -0.000    │
│ Steps             11.4M      Env          60ms   9%    value        0.003    │
│ SPS               29.2K      Copy         10ms   1%    entropy      0.029    │
│ Epoch              5581    Train         437ms  70%    old_kl      -0.000    │
│ Uptime     6m 37s 376ms      Model       437ms  70%    kl          -0.000    │
│ To go      1m 04s 474ms      Misc          0ms   0%    clipfrac     0.000    │
│                                                                              │
│ perf                          0.960   score                         0.920    │
│ episode_return                0.920   episode_length               13.710    │
│ invalids                      0.009                                          │
╰──────────────────────────────────────────────────────────────────────────────╯
╭──────────────────────────────────────────────────────────────────────────────╮
│ PufferLib 5.0              🐡  GPU:  88%   VRAM:   5.3/31G    RAM:  0.5G     │
│                                                                              │
│ Env         connect4cnn    Evaluate      186ms  29%    Losses       0.019    │
│ Params           270.5K      Model       112ms  18%    policy       0.002    │
│ Steps             11.4M      Env          60ms   9%    value        0.003    │
│ SPS               29.6K      Copy         11ms   1%    entropy      0.028    │
│ Epoch              5590    Train         437ms  70%    old_kl      -0.000    │
│ Uptime     6m 37s 999ms      Model       437ms  70%    kl          -0.000    │
│ To go      1m 03s 017ms      Misc          0ms   0%    clipfrac     0.000    │
│                                                                              │
│ perf                          0.969   score                         0.937    │
│ episode_return                0.937   episode_length               13.787    │
│ invalids                      0.008                                          │
╰──────────────────────────────────────────────────────────────────────────────╯
╭──────────────────────────────────────────────────────────────────────────────╮
│ PufferLib 5.0             🐡   GPU:  93%   VRAM:   5.3/31G    RAM:  0.5G     │
│                                                                              │
│ Env         connect4cnn    Evaluate      186ms  29%    Losses       0.015    │
│ Params           270.5K      Model       112ms  17%    policy       0.000    │
│ Steps             11.5M      Env          63ms   9%    value        0.003    │
│ SPS               29.3K      Copy          9ms   1%    entropy      0.025    │
│ Epoch              5599    Train         442ms  70%    old_kl      -0.000    │
│ Uptime     6m 38s 628ms      Model       442ms  70%    kl          -0.000    │
│ To go      1m 02s 995ms      Misc          0ms   0%    clipfrac     0.000    │
│                                                                              │
│ perf                          0.967   score                         0.935    │
│ episode_return                0.935   episode_length               13.629    │
│ invalids                      0.006                                          │
╰──────────────────────────────────────────────────────────────────────────────╯
╭──────────────────────────────────────────────────────────────────────────────╮
│ PufferLib 5.0            🐡    GPU:  93%   VRAM:   5.3/31G    RAM:  0.5G     │
│                                                                              │
│ Env         connect4cnn    Evaluate      185ms  29%    Losses       0.018    │
│ Params           270.5K      Model       112ms  18%    policy      -0.000    │
│ Steps             11.5M      Env          60ms   9%    value        0.004    │
│ SPS               29.6K      Copy         10ms   1%    entropy      0.026    │
│ Epoch              5608    Train         438ms  70%    old_kl       0.000    │
│ Uptime     6m 39s 252ms      Model       438ms  70%    kl          -0.000    │
│ To go      1m 01s 762ms      Misc          0ms   0%    clipfrac     0.000    │
│                                                                              │
│ perf                          0.963   score                         0.927    │
│ episode_return                0.927   episode_length               13.489    │
│ invalids                      0.010                                          │
╰──────────────────────────────────────────────────────────────────────────────╯
╭──────────────────────────────────────────────────────────────────────────────╮
│ PufferLib 5.0           🐡     GPU:  87%   VRAM:   5.3/31G    RAM:  0.5G     │
│                                                                              │
│ Env         connect4cnn    Evaluate      183ms  29%    Losses       0.018    │
│ Params           270.5K      Model       112ms  18%    policy       0.001    │
│ Steps             11.5M      Env          59ms   9%    value        0.003    │
│ SPS               29.5K      Copy         10ms   1%    entropy      0.026    │
│ Epoch              5617    Train         440ms  70%    old_kl      -0.000    │
│ Uptime     6m 39s 876ms      Model       440ms  70%    kl          -0.000    │
│ To go      1m 01s 229ms      Misc          0ms   0%    clipfrac     0.000    │
│                                                                              │
│ perf                          0.966   score                         0.932    │
│ episode_return                0.932   episode_length               13.651    │
│ invalids                      0.006                                          │
╰──────────────────────────────────────────────────────────────────────────────╯
╭──────────────────────────────────────────────────────────────────────────────╮
│ PufferLib 5.0          🐡      GPU:  92%   VRAM:   5.3/31G    RAM:  0.5G     │
│                                                                              │
│ Env         connect4cnn    Evaluate      183ms  29%    Losses       0.018    │
│ Params           270.5K      Model       112ms  17%    policy       0.000    │
│ Steps             11.5M      Env          60ms   9%    value        0.004    │
│ SPS               29.4K      Copy         10ms   1%    entropy      0.027    │
│ Epoch              5626    Train         443ms  70%    old_kl      -0.000    │
│ Uptime     6m 40s 502ms      Model       443ms  70%    kl          -0.000    │
│ To go      1m 00s 864ms      Misc          0ms   0%    clipfrac     0.000    │
│                                                                              │
│ perf                          0.970   score                         0.941    │
│ episode_return                0.941   episode_length               13.649    │
│ invalids                      0.009                                          │
╰──────────────────────────────────────────────────────────────────────────────╯
╭──────────────────────────────────────────────────────────────────────────────╮
│ PufferLib 5.0         🐡       GPU:  92%   VRAM:   5.3/31G    RAM:  0.5G     │
│                                                                              │
│ Env         connect4cnn    Evaluate      185ms  29%    Losses       0.015    │
│ Params           270.5K      Model       112ms  18%    policy      -0.001    │
│ Steps             11.5M      Env          60ms   9%    value        0.003    │
│ SPS               29.5K      Copy         11ms   1%    entropy      0.027    │
│ Epoch              5635    Train         439ms  70%    old_kl       0.000    │
│ Uptime     6m 41s 127ms      Model       439ms  70%    kl          -0.000    │
│ To go         59s 984ms      Misc          0ms   0%    clipfrac     0.000    │
│                                                                              │
│ perf                          0.974   score                         0.947    │
│ episode_return                0.947   episode_length               13.554    │
│ invalids                      0.004                                          │
╰──────────────────────────────────────────────────────────────────────────────╯
╭──────────────────────────────────────────────────────────────────────────────╮
│ PufferLib 5.0        🐡        GPU:  90%   VRAM:   5.3/31G    RAM:  0.5G     │
│                                                                              │
│ Env         connect4cnn    Evaluate      184ms  29%    Losses       0.020    │
│ Params           270.5K      Model       112ms  18%    policy       0.002    │
│ Steps             11.6M      Env          60ms   9%    value        0.004    │
│ SPS               29.6K      Copy         10ms   1%    entropy      0.029    │
│ Epoch              5644    Train         437ms  70%    old_kl       0.000    │
│ Uptime     6m 41s 749ms      Model       437ms  70%    kl          -0.000    │
│ To go         59s 158ms      Misc          0ms   0%    clipfrac     0.000    │
│                                                                              │
│ perf                          0.970   score                         0.940    │
│ episode_return                0.940   episode_length               13.692    │
│ invalids                      0.008                                          │
╰──────────────────────────────────────────────────────────────────────────────╯
╭──────────────────────────────────────────────────────────────────────────────╮
│ PufferLib 5.0       🐡         GPU:  90%   VRAM:   5.3/31G    RAM:  0.5G     │
│                                                                              │
│ Env         connect4cnn    Evaluate      183ms  29%    Losses       0.019    │
│ Params           270.5K      Model       112ms  17%    policy       0.001    │
│ Steps             11.6M      Env          60ms   9%    value        0.004    │
│ SPS               29.4K      Copy         10ms   1%    entropy      0.029    │
│ Epoch              5653    Train         442ms  70%    old_kl      -0.000    │
│ Uptime     6m 42s 374ms      Model       442ms  70%    kl          -0.000    │
│ To go         58s 902ms      Misc          0ms   0%    clipfrac     0.000    │
│                                                                              │
│ perf                          0.963   score                         0.926    │
│ episode_return                0.926   episode_length               13.821    │
│ invalids                      0.012                                          │
╰──────────────────────────────────────────────────────────────────────────────╯
╭──────────────────────────────────────────────────────────────────────────────╮
│ PufferLib 5.0      🐡          GPU:  89%   VRAM:   5.3/31G    RAM:  0.5G     │
│                                                                              │
│ Env         connect4cnn    Evaluate      185ms  29%    Losses       0.017    │
│ Params           270.5K      Model       112ms  18%    policy       0.000    │
│ Steps             11.6M      Env          60ms   9%    value        0.003    │
│ SPS               29.5K      Copy         10ms   1%    entropy      0.029    │
│ Epoch              5662    Train         439ms  70%    old_kl       0.000    │
│ Uptime     6m 42s 999ms      Model       439ms  70%    kl          -0.000    │
│ To go         58s 159ms      Misc          0ms   0%    clipfrac     0.000    │
│                                                                              │
│ perf                          0.965   score                         0.929    │
│ episode_return                0.929   episode_length               13.859    │
│ invalids                      0.006                                          │
╰──────────────────────────────────────────────────────────────────────────────╯
╭──────────────────────────────────────────────────────────────────────────────╮
│ PufferLib 5.0     🐡           GPU:  93%   VRAM:   5.3/31G    RAM:  0.5G     │
│                                                                              │
│ Env         connect4cnn    Evaluate      184ms  29%    Losses       0.020    │
│ Params           270.5K      Model       112ms  18%    policy      -0.001    │
│ Steps             11.6M      Env          60ms   9%    value        0.004    │
│ SPS               29.6K      Copy         10ms   1%    entropy      0.027    │
│ Epoch              5671    Train         438ms  70%    old_kl      -0.000    │
│ Uptime     6m 43s 622ms      Model       438ms  70%    kl          -0.000    │
│ To go         57s 387ms      Misc          0ms   0%    clipfrac     0.000    │
│                                                                              │
│ perf                          0.953   score                         0.906    │
│ episode_return                0.906   episode_length               13.765    │
│ invalids                      0.008                                          │
╰──────────────────────────────────────────────────────────────────────────────╯
╭──────────────────────────────────────────────────────────────────────────────╮
│ PufferLib 5.0    🐡            GPU:  93%   VRAM:   5.3/31G    RAM:  0.5G     │
│                                                                              │
│ Env         connect4cnn    Evaluate      184ms  29%    Losses       0.019    │
│ Params           270.5K      Model       112ms  18%    policy       0.001    │
│ Steps             11.6M      Env          59ms   9%    value        0.004    │
│ SPS               29.6K      Copy          9ms   1%    entropy      0.027    │
│ Epoch              5680    Train         439ms  70%    old_kl       0.000    │
│ Uptime     6m 44s 245ms      Model       439ms  70%    kl          -0.000    │
│ To go         56s 784ms      Misc          0ms   0%    clipfrac     0.000    │
│                                                                              │
│ perf                          0.960   score                         0.921    │
│ episode_return                0.921   episode_length               13.815    │
│ invalids                      0.011                                          │
╰──────────────────────────────────────────────────────────────────────────────╯
╭──────────────────────────────────────────────────────────────────────────────╮
│ PufferLib 5.0   🐡             GPU:  86%   VRAM:   5.3/31G    RAM:  0.5G     │
│                                                                              │
│ Env         connect4cnn    Evaluate      185ms  29%    Losses       0.018    │
│ Params           270.5K      Model       112ms  17%    policy      -0.001    │
│ Steps             11.7M      Env          60ms   9%    value        0.004    │
│ SPS               29.3K      Copy          9ms   1%    entropy      0.027    │
│ Epoch              5689    Train         443ms  70%    old_kl       0.000    │
│ Uptime     6m 44s 874ms      Model       442ms  70%    kl          -0.000    │
│ To go         56s 614ms      Misc          0ms   0%    clipfrac     0.000    │
│                                                                              │
│ perf                          0.965   score                         0.929    │
│ episode_return                0.929   episode_length               13.758    │
│ invalids                      0.007                                          │
╰──────────────────────────────────────────────────────────────────────────────╯
╭──────────────────────────────────────────────────────────────────────────────╮
│ PufferLib 5.0  🐡              GPU:  93%   VRAM:   5.3/31G    RAM:  0.5G     │
│                                                                              │
│ Env         connect4cnn    Evaluate      184ms  29%    Losses       0.015    │
│ Params           270.5K      Model       113ms  18%    policy       0.000    │
│ Steps             11.7M      Env          60ms   9%    value        0.003    │
│ SPS               29.5K      Copy          9ms   1%    entropy      0.026    │
│ Epoch              5698    Train         440ms  70%    old_kl      -0.000    │
│ Uptime     6m 45s 498ms      Model       440ms  70%    kl          -0.000    │
│ To go         55s 636ms      Misc          0ms   0%    clipfrac     0.000    │
│                                                                              │
│ perf                          0.964   score                         0.928    │
│ episode_return                0.928   episode_length               13.841    │
│ invalids                      0.009                                          │
╰──────────────────────────────────────────────────────────────────────────────╯
╭──────────────────────────────────────────────────────────────────────────────╮
│ PufferLib 5.0 🐡               GPU:  93%   VRAM:   5.3/31G    RAM:  0.5G     │
│                                                                              │
│ Env         connect4cnn    Evaluate      185ms  29%    Losses       0.018    │
│ Params           270.5K      Model       112ms  18%    policy       0.001    │
│ Steps             11.7M      Env          60ms   9%    value        0.003    │
│ SPS               29.6K      Copy          9ms   1%    entropy      0.027    │
│ Epoch              5707    Train         438ms  70%    old_kl      -0.000    │
│ Uptime     6m 46s 121ms      Model       437ms  70%    kl          -0.000    │
│ To go         54s 887ms      Misc          0ms   0%    clipfrac     0.000    │
│                                                                              │
│ perf                          0.970   score                         0.940    │
│ episode_return                0.940   episode_length               13.853    │
│ invalids                      0.002                                          │
╰──────────────────────────────────────────────────────────────────────────────╯
╭──────────────────────────────────────────────────────────────────────────────╮
│ PufferLib 5.0🐡                GPU:  89%   VRAM:   5.3/31G    RAM:  0.5G     │
│                                                                              │
│ Env         connect4cnn    Evaluate      184ms  29%    Losses       0.017    │
│ Params           270.5K      Model       112ms  17%    policy      -0.000    │
│ Steps             11.7M      Env          60ms   9%    value        0.003    │
│ SPS               29.5K      Copy         10ms   1%    entropy      0.026    │
│ Epoch              5716    Train         441ms  70%    old_kl       0.000    │
│ Uptime     6m 46s 747ms      Model       441ms  70%    kl          -0.000    │
│ To go         54s 508ms      Misc          0ms   0%    clipfrac     0.000    │
│                                                                              │
│ perf                          0.963   score                         0.927    │
│ episode_return                0.927   episode_length               13.672    │
│ invalids                      0.011                                          │
╰──────────────────────────────────────────────────────────────────────────────╯
╭──────────────────────────────────────────────────────────────────────────────╮
│ PufferLib 5.0               🐡 GPU:  89%   VRAM:   5.3/31G    RAM:  0.5G     │
│                                                                              │
│ Env         connect4cnn    Evaluate      184ms  29%    Losses       0.019    │
│ Params           270.5K      Model       112ms  18%    policy       0.001    │
│ Steps             11.7M      Env          60ms   9%    value        0.004    │
│ SPS               29.6K      Copy          9ms   1%    entropy      0.024    │
│ Epoch              5725    Train         439ms  70%    old_kl      -0.000    │
│ Uptime     6m 47s 369ms      Model       438ms  70%    kl          -0.000    │
│ To go         53s 642ms      Misc          0ms   0%    clipfrac     0.000    │
│                                                                              │
│ perf                          0.965   score                         0.930    │
│ episode_return                0.930   episode_length               13.692    │
│ invalids                      0.010                                          │
╰──────────────────────────────────────────────────────────────────────────────╯
╭──────────────────────────────────────────────────────────────────────────────╮
│ PufferLib 5.0              🐡  GPU:  90%   VRAM:   5.3/31G    RAM:  0.5G     │
│                                                                              │
│ Env         connect4cnn    Evaluate      184ms  29%    Losses       0.017    │
│ Params           270.5K      Model       112ms  17%    policy      -0.001    │
│ Steps             11.7M      Env          60ms   9%    value        0.004    │
│ SPS               29.4K      Copy         10ms   1%    entropy      0.025    │
│ Epoch              5734    Train         440ms  70%    old_kl       0.000    │
│ Uptime     6m 47s 996ms      Model       440ms  70%    kl          -0.000    │
│ To go         53s 282ms      Misc          0ms   0%    clipfrac     0.000    │
│                                                                              │
│ perf                          0.968   score                         0.936    │
│ episode_return                0.936   episode_length               13.758    │
│ invalids                      0.007                                          │
╰──────────────────────────────────────────────────────────────────────────────╯
╭──────────────────────────────────────────────────────────────────────────────╮
│ PufferLib 5.0             🐡   GPU:  93%   VRAM:   5.3/31G    RAM:  0.5G     │
│                                                                              │
│ Env         connect4cnn    Evaluate      185ms  29%    Losses       0.021    │
│ Params           270.5K      Model       112ms  17%    policy       0.002    │
│ Steps             11.8M      Env          61ms   9%    value        0.004    │
│ SPS               29.4K      Copy         10ms   1%    entropy      0.025    │
│ Epoch              5743    Train         441ms  70%    old_kl       0.000    │
│ Uptime     6m 48s 623ms      Model       441ms  70%    kl          -0.000    │
│ To go         52s 770ms      Misc          0ms   0%    clipfrac     0.000    │
│                                                                              │
│ perf                          0.966   score                         0.931    │
│ episode_return                0.931   episode_length               13.663    │
│ invalids                      0.010                                          │
╰──────────────────────────────────────────────────────────────────────────────╯
╭──────────────────────────────────────────────────────────────────────────────╮
│ PufferLib 5.0            🐡    GPU:  93%   VRAM:   5.3/31G    RAM:  0.5G     │
│                                                                              │
│ Env         connect4cnn    Evaluate      184ms  29%    Losses       0.017    │
│ Params           270.5K      Model       112ms  18%    policy      -0.000    │
│ Steps             11.8M      Env          60ms   9%    value        0.003    │
│ SPS               29.5K      Copy          9ms   1%    entropy      0.026    │
│ Epoch              5752    Train         441ms  70%    old_kl      -0.000    │
│ Uptime     6m 49s 248ms      Model       441ms  70%    kl          -0.000    │
│ To go         51s 953ms      Misc          0ms   0%    clipfrac     0.000    │
│                                                                              │
│ perf                          0.961   score                         0.921    │
│ episode_return                0.921   episode_length               13.706    │
│ invalids                      0.004                                          │
╰──────────────────────────────────────────────────────────────────────────────╯
╭──────────────────────────────────────────────────────────────────────────────╮
│ PufferLib 5.0           🐡     GPU:  86%   VRAM:   5.3/31G    RAM:  0.5G     │
│                                                                              │
│ Env         connect4cnn    Evaluate      185ms  29%    Losses       0.018    │
│ Params           270.5K      Model       112ms  17%    policy       0.001    │
│ Steps             11.8M      Env          60ms   9%    value        0.003    │
│ SPS               29.4K      Copy         11ms   1%    entropy      0.026    │
│ Epoch              5761    Train         441ms  70%    old_kl       0.000    │
│ Uptime     6m 49s 874ms      Model       440ms  70%    kl          -0.000    │
│ To go         51s 400ms      Misc          0ms   0%    clipfrac     0.000    │
│                                                                              │
│ perf                          0.974   score                         0.948    │
│ episode_return                0.948   episode_length               13.791    │
│ invalids                      0.007                                          │
╰──────────────────────────────────────────────────────────────────────────────╯
╭──────────────────────────────────────────────────────────────────────────────╮
│ PufferLib 5.0          🐡      GPU:  93%   VRAM:   5.3/31G    RAM:  0.5G     │
│                                                                              │
│ Env         connect4cnn    Evaluate      183ms  29%    Losses       0.013    │
│ Params           270.5K      Model       112ms  17%    policy      -0.000    │
│ Steps             11.8M      Env          59ms   9%    value        0.003    │
│ SPS               29.4K      Copy         10ms   1%    entropy      0.025    │
│ Epoch              5770    Train         443ms  70%    old_kl      -0.000    │
│ Uptime     6m 50s 501ms      Model       443ms  70%    kl          -0.000    │
│ To go         50s 831ms      Misc          0ms   0%    clipfrac     0.000    │
│                                                                              │
│ perf                          0.973   score                         0.946    │
│ episode_return                0.946   episode_length               13.488    │
│ invalids                      0.010                                          │
╰──────────────────────────────────────────────────────────────────────────────╯
╭──────────────────────────────────────────────────────────────────────────────╮
│ PufferLib 5.0         🐡       GPU:  93%   VRAM:   5.3/31G    RAM:  0.5G     │
│                                                                              │
│ Env         connect4cnn    Evaluate      183ms  29%    Losses       0.019    │
│ Params           270.5K      Model       112ms  18%    policy       0.002    │
│ Steps             11.8M      Env          59ms   9%    value        0.003    │
│ SPS               29.6K      Copy         10ms   1%    entropy      0.026    │
│ Epoch              5779    Train         439ms  70%    old_kl      -0.000    │
│ Uptime     6m 51s 124ms      Model       439ms  70%    kl          -0.000    │
│ To go         49s 910ms      Misc          0ms   0%    clipfrac     0.000    │
│                                                                              │
│ perf                          0.961   score                         0.922    │
│ episode_return                0.922   episode_length               13.790    │
│ invalids                      0.015                                          │
╰──────────────────────────────────────────────────────────────────────────────╯
╭──────────────────────────────────────────────────────────────────────────────╮
│ PufferLib 5.0        🐡        GPU:  91%   VRAM:   5.3/31G    RAM:  0.5G     │
│                                                                              │
│ Env         connect4cnn    Evaluate      183ms  29%    Losses       0.017    │
│ Params           270.5K      Model       112ms  18%    policy       0.001    │
│ Steps             11.9M      Env          59ms   9%    value        0.003    │
│ SPS               29.6K      Copy          9ms   1%    entropy      0.026    │
│ Epoch              5788    Train         439ms  70%    old_kl       0.000    │
│ Uptime     6m 51s 746ms      Model       439ms  70%    kl          -0.000    │
│ To go         49s 257ms      Misc          0ms   0%    clipfrac     0.000    │
│                                                                              │
│ perf                          0.971   score                         0.942    │
│ episode_return                0.942   episode_length               13.681    │
│ invalids                      0.013                                          │
╰──────────────────────────────────────────────────────────────────────────────╯
╭──────────────────────────────────────────────────────────────────────────────╮
│ PufferLib 5.0       🐡         GPU:  91%   VRAM:   5.3/31G    RAM:  0.5G     │
│                                                                              │
│ Env         connect4cnn    Evaluate      184ms  29%    Losses       0.012    │
│ Params           270.5K      Model       112ms  18%    policy      -0.001    │
│ Steps             11.9M      Env          60ms   9%    value        0.003    │
│ SPS               29.5K      Copy          9ms   1%    entropy      0.023    │
│ Epoch              5797    Train         439ms  70%    old_kl       0.000    │
│ Uptime     6m 52s 370ms      Model       439ms  70%    kl          -0.000    │
│ To go         48s 724ms      Misc          0ms   0%    clipfrac     0.000    │
│                                                                              │
│ perf                          0.969   score                         0.939    │
│ episode_return                0.939   episode_length               13.416    │
│ invalids                      0.009                                          │
╰──────────────────────────────────────────────────────────────────────────────╯
╭──────────────────────────────────────────────────────────────────────────────╮
│ PufferLib 5.0      🐡          GPU:  89%   VRAM:   5.3/31G    RAM:  0.5G     │
│                                                                              │
│ Env         connect4cnn    Evaluate      183ms  29%    Losses       0.022    │
│ Params           270.5K      Model       112ms  17%    policy       0.003    │
│ Steps             11.9M      Env          59ms   9%    value        0.004    │
│ SPS               29.3K      Copy          9ms   1%    entropy      0.025    │
│ Epoch              5806    Train         445ms  70%    old_kl      -0.000    │
│ Uptime     6m 52s 999ms      Model       445ms  70%    kl          -0.000    │
│ To go         48s 468ms      Misc          0ms   0%    clipfrac     0.000    │
│                                                                              │
│ perf                          0.965   score                         0.930    │
│ episode_return                0.930   episode_length               13.769    │
│ invalids                      0.012                                          │
╰──────────────────────────────────────────────────────────────────────────────╯
╭──────────────────────────────────────────────────────────────────────────────╮
│ PufferLib 5.0     🐡           GPU:  93%   VRAM:   5.3/31G    RAM:  0.5G     │
│                                                                              │
│ Env         connect4cnn    Evaluate      183ms  29%    Losses       0.016    │
│ Params           270.5K      Model       112ms  18%    policy      -0.000    │
│ Steps             11.9M      Env          59ms   9%    value        0.003    │
│ SPS               29.8K      Copy         10ms   1%    entropy      0.026    │
│ Epoch              5815    Train         436ms  70%    old_kl       0.000    │
│ Uptime     6m 53s 618ms      Model       436ms  70%    kl          -0.000    │
│ To go         47s 138ms      Misc          0ms   0%    clipfrac     0.000    │
│                                                                              │
│ perf                          0.966   score                         0.931    │
│ episode_return                0.931   episode_length               13.805    │
│ invalids                      0.010                                          │
╰──────────────────────────────────────────────────────────────────────────────╯
╭──────────────────────────────────────────────────────────────────────────────╮
│ PufferLib 5.0    🐡            GPU:  93%   VRAM:   5.3/31G    RAM:  0.5G     │
│                                                                              │
│ Env         connect4cnn    Evaluate      183ms  29%    Losses       0.016    │
│ Params           270.5K      Model       112ms  17%    policy       0.001    │
│ Steps             11.9M      Env          59ms   9%    value        0.003    │
│ SPS               29.4K      Copy          9ms   1%    entropy      0.025    │
│ Epoch              5824    Train         444ms  70%    old_kl      -0.000    │
│ Uptime     6m 54s 246ms      Model       444ms  70%    kl          -0.000    │
│ To go         47s 154ms      Misc          0ms   0%    clipfrac     0.000    │
│                                                                              │
│ perf                          0.969   score                         0.937    │
│ episode_return                0.937   episode_length               13.813    │
│ invalids                      0.010                                          │
╰──────────────────────────────────────────────────────────────────────────────╯
╭──────────────────────────────────────────────────────────────────────────────╮
│ PufferLib 5.0   🐡             GPU:  86%   VRAM:   5.3/31G    RAM:  0.5G     │
│                                                                              │
│ Env         connect4cnn    Evaluate      186ms  29%    Losses       0.013    │
│ Params           270.5K      Model       112ms  17%    policy      -0.002    │
│ Steps             11.9M      Env          60ms   9%    value        0.003    │
│ SPS               29.3K      Copy         12ms   1%    entropy      0.025    │
│ Epoch              5833    Train         442ms  70%    old_kl       0.000    │
│ Uptime     6m 54s 874ms      Model       442ms  70%    kl          -0.000    │
│ To go         46s 576ms      Misc          0ms   0%    clipfrac     0.000    │
│                                                                              │
│ perf                          0.968   score                         0.935    │
│ episode_return                0.935   episode_length               13.596    │
│ invalids                      0.009                                          │
╰──────────────────────────────────────────────────────────────────────────────╯
╭──────────────────────────────────────────────────────────────────────────────╮
│ PufferLib 5.0  🐡              GPU:  93%   VRAM:   5.3/31G    RAM:  0.5G     │
│                                                                              │
│ Env         connect4cnn    Evaluate      183ms  29%    Losses       0.017    │
│ Params           270.5K      Model       112ms  18%    policy       0.001    │
│ Steps             12.0M      Env          60ms   9%    value        0.003    │
│ SPS               29.7K      Copy          9ms   1%    entropy      0.026    │
│ Epoch              5842    Train         437ms  70%    old_kl       0.000    │
│ Uptime     6m 55s 495ms      Model       437ms  70%    kl          -0.000    │
│ To go         45s 400ms      Misc          0ms   0%    clipfrac     0.000    │
│                                                                              │
│ perf                          0.967   score                         0.933    │
│ episode_return                0.933   episode_length               13.699    │
│ invalids                      0.008                                          │
╰──────────────────────────────────────────────────────────────────────────────╯
╭──────────────────────────────────────────────────────────────────────────────╮
│ PufferLib 5.0 🐡               GPU:  93%   VRAM:   5.3/31G    RAM:  0.5G     │
│                                                                              │
│ Env         connect4cnn    Evaluate      187ms  29%    Losses       0.017    │
│ Params           270.5K      Model       112ms  17%    policy       0.001    │
│ Steps             12.0M      Env          63ms  10%    value        0.003    │
│ SPS               29.4K      Copy         10ms   1%    entropy      0.025    │
│ Epoch              5851    Train         440ms  70%    old_kl      -0.000    │
│ Uptime     6m 56s 122ms      Model       440ms  70%    kl          -0.000    │
│ To go         45s 222ms      Misc          0ms   0%    clipfrac     0.000    │
│                                                                              │
│ perf                          0.965   score                         0.930    │
│ episode_return                0.930   episode_length               13.690    │
│ invalids                      0.012                                          │
╰──────────────────────────────────────────────────────────────────────────────╯
╭──────────────────────────────────────────────────────────────────────────────╮
│ PufferLib 5.0🐡                GPU:  90%   VRAM:   5.3/31G    RAM:  0.5G     │
│                                                                              │
│ Env         connect4cnn    Evaluate      184ms  29%    Losses       0.015    │
│ Params           270.5K      Model       112ms  18%    policy      -0.000    │
│ Steps             12.0M      Env          59ms   9%    value        0.003    │
│ SPS               29.6K      Copy         10ms   1%    entropy      0.027    │
│ Epoch              5860    Train         439ms  70%    old_kl      -0.000    │
│ Uptime     6m 56s 745ms      Model       439ms  70%    kl          -0.000    │
│ To go         44s 293ms      Misc          0ms   0%    clipfrac     0.000    │
│                                                                              │
│ perf                          0.963   score                         0.925    │
│ episode_return                0.925   episode_length               13.936    │
│ invalids                      0.011                                          │
╰──────────────────────────────────────────────────────────────────────────────╯
╭──────────────────────────────────────────────────────────────────────────────╮
│ PufferLib 5.0               🐡 GPU:  90%   VRAM:   5.3/31G    RAM:  0.5G     │
│                                                                              │
│ Env         connect4cnn    Evaluate      185ms  29%    Losses       0.021    │
│ Params           270.5K      Model       112ms  18%    policy       0.001    │
│ Steps             12.0M      Env          60ms   9%    value        0.004    │
│ SPS               29.6K      Copy         10ms   1%    entropy      0.027    │
│ Epoch              5869    Train         437ms  70%    old_kl       0.000    │
│ Uptime     6m 57s 368ms      Model       437ms  70%    kl          -0.000    │
│ To go         43s 638ms      Misc          0ms   0%    clipfrac     0.000    │
│                                                                              │
│ perf                          0.962   score                         0.924    │
│ episode_return                0.924   episode_length               13.678    │
│ invalids                      0.010                                          │
╰──────────────────────────────────────────────────────────────────────────────╯
╭──────────────────────────────────────────────────────────────────────────────╮
│ PufferLib 5.0              🐡  GPU:  89%   VRAM:   5.3/31G    RAM:  0.5G     │
│                                                                              │
│ Env         connect4cnn    Evaluate      184ms  29%    Losses       0.016    │
│ Params           270.5K      Model       112ms  17%    policy       0.000    │
│ Steps             12.0M      Env          60ms   9%    value        0.003    │
│ SPS               29.4K      Copy          9ms   1%    entropy      0.024    │
│ Epoch              5878    Train         444ms  70%    old_kl       0.000    │
│ Uptime     6m 57s 995ms      Model       443ms  70%    kl          -0.000    │
│ To go         43s 392ms      Misc          0ms   0%    clipfrac     0.000    │
│                                                                              │
│ perf                          0.968   score                         0.935    │
│ episode_return                0.935   episode_length               13.549    │
│ invalids                      0.007                                          │
╰──────────────────────────────────────────────────────────────────────────────╯
╭──────────────────────────────────────────────────────────────────────────────╮
│ PufferLib 5.0             🐡   GPU:  93%   VRAM:   5.3/31G    RAM:  0.5G     │
│                                                                              │
│ Env         connect4cnn    Evaluate      184ms  29%    Losses       0.019    │
│ Params           270.5K      Model       112ms  18%    policy       0.001    │
│ Steps             12.1M      Env          60ms   9%    value        0.003    │
│ SPS               29.6K      Copy         10ms   1%    entropy      0.023    │
│ Epoch              5887    Train         438ms  70%    old_kl       0.000    │
│ Uptime     6m 58s 618ms      Model       438ms  70%    kl          -0.000    │
│ To go         42s 399ms      Misc          0ms   0%    clipfrac     0.000    │
│                                                                              │
│ perf                          0.964   score                         0.927    │
│ episode_return                0.927   episode_length               13.610    │
│ invalids                      0.010                                          │
╰──────────────────────────────────────────────────────────────────────────────╯
╭──────────────────────────────────────────────────────────────────────────────╮
│ PufferLib 5.0            🐡    GPU:  93%   VRAM:   5.3/31G    RAM:  0.5G     │
│                                                                              │
│ Env         connect4cnn    Evaluate      184ms  29%    Losses       0.012    │
│ Params           270.5K      Model       112ms  17%    policy      -0.003    │
│ Steps             12.1M      Env          60ms   9%    value        0.003    │
│ SPS               29.3K      Copy          9ms   1%    entropy      0.024    │
│ Epoch              5896    Train         444ms  70%    old_kl       0.000    │
│ Uptime     6m 59s 246ms      Model       444ms  70%    kl          -0.000    │
│ To go         42s 157ms      Misc          0ms   0%    clipfrac     0.000    │
│                                                                              │
│ perf                          0.973   score                         0.946    │
│ episode_return                0.946   episode_length               13.514    │
│ invalids                      0.005                                          │
╰──────────────────────────────────────────────────────────────────────────────╯
╭──────────────────────────────────────────────────────────────────────────────╮
│ PufferLib 5.0           🐡     GPU:  86%   VRAM:   5.3/31G    RAM:  0.5G     │
│                                                                              │
│ Env         connect4cnn    Evaluate      186ms  29%    Losses       0.019    │
│ Params           270.5K      Model       112ms  17%    policy       0.003    │
│ Steps             12.1M      Env          60ms   9%    value        0.003    │
│ SPS               29.5K      Copy         12ms   1%    entropy      0.024    │
│ Epoch              5905    Train         439ms  70%    old_kl      -0.000    │
│ Uptime     6m 59s 872ms      Model       439ms  70%    kl          -0.000    │
│ To go         41s 371ms      Misc          0ms   0%    clipfrac     0.000    │
│                                                                              │
│ perf                          0.965   score                         0.931    │
│ episode_return                0.931   episode_length               13.541    │
│ invalids                      0.007                                          │
╰──────────────────────────────────────────────────────────────────────────────╯
╭──────────────────────────────────────────────────────────────────────────────╮
│ PufferLib 5.0          🐡      GPU:  94%   VRAM:   5.3/31G    RAM:  0.5G     │
│                                                                              │
│ Env         connect4cnn    Evaluate      182ms  29%    Losses       0.019    │
│ Params           270.5K      Model       112ms  18%    policy      -0.000    │
│ Steps             12.1M      Env          59ms   9%    value        0.004    │
│ SPS               29.7K      Copy          9ms   1%    entropy      0.026    │
│ Epoch              5914    Train         439ms  70%    old_kl       0.000    │
│ Uptime     7m 00s 493ms      Model       439ms  70%    kl          -0.000    │
│ To go         40s 460ms      Misc          0ms   0%    clipfrac     0.000    │
│                                                                              │
│ perf                          0.963   score                         0.926    │
│ episode_return                0.926   episode_length               13.732    │
│ invalids                      0.010                                          │
╰──────────────────────────────────────────────────────────────────────────────╯
╭──────────────────────────────────────────────────────────────────────────────╮
│ PufferLib 5.0         🐡       GPU:  94%   VRAM:   5.3/31G    RAM:  0.5G     │
│                                                                              │
│ Env         connect4cnn    Evaluate      184ms  29%    Losses       0.012    │
│ Params           270.5K      Model       112ms  18%    policy      -0.003    │
│ Steps             12.1M      Env          60ms   9%    value        0.003    │
│ SPS               29.5K      Copy         10ms   1%    entropy      0.025    │
│ Epoch              5923    Train         440ms  70%    old_kl      -0.000    │
│ Uptime     7m 01s 118ms      Model       440ms  70%    kl          -0.000    │
│ To go         40s 020ms      Misc          0ms   0%    clipfrac     0.000    │
│                                                                              │
│ perf                          0.976   score                         0.951    │
│ episode_return                0.951   episode_length               13.582    │
│ invalids                      0.005                                          │
╰──────────────────────────────────────────────────────────────────────────────╯
╭──────────────────────────────────────────────────────────────────────────────╮
│ PufferLib 5.0        🐡        GPU:  88%   VRAM:   5.3/31G    RAM:  0.5G     │
│                                                                              │
│ Env         connect4cnn    Evaluate      183ms  29%    Losses       0.018    │
│ Params           270.5K      Model       112ms  18%    policy       0.001    │
│ Steps             12.1M      Env          60ms   9%    value        0.003    │
│ SPS               29.6K      Copy          9ms   1%    entropy      0.024    │
│ Epoch              5932    Train         438ms  70%    old_kl      -0.000    │
│ Uptime     7m 01s 739ms      Model       438ms  70%    kl          -0.000    │
│ To go         39s 249ms      Misc          0ms   0%    clipfrac     0.000    │
│                                                                              │
│ perf                          0.970   score                         0.939    │
│ episode_return                0.939   episode_length               13.611    │
│ invalids                      0.008                                          │
╰──────────────────────────────────────────────────────────────────────────────╯
╭──────────────────────────────────────────────────────────────────────────────╮
│ PufferLib 5.0       🐡         GPU:  88%   VRAM:   5.3/31G    RAM:  0.5G     │
│                                                                              │
│ Env         connect4cnn    Evaluate      187ms  29%    Losses       0.015    │
│ Params           270.5K      Model       112ms  18%    policy      -0.000    │
│ Steps             12.2M      Env          61ms   9%    value        0.003    │
│ SPS               29.5K      Copy         11ms   1%    entropy      0.024    │
│ Epoch              5941    Train         438ms  70%    old_kl      -0.000    │
│ Uptime     7m 02s 364ms      Model       437ms  70%    kl          -0.000    │
│ To go         38s 816ms      Misc          0ms   0%    clipfrac     0.000    │
│                                                                              │
│ perf                          0.966   score                         0.932    │
│ episode_return                0.932   episode_length               13.730    │
│ invalids                      0.010                                          │
╰──────────────────────────────────────────────────────────────────────────────╯
╭──────────────────────────────────────────────────────────────────────────────╮
│ PufferLib 5.0      🐡          GPU:  90%   VRAM:   5.3/31G    RAM:  0.5G     │
│                                                                              │
│ Env         connect4cnn    Evaluate      183ms  29%    Losses       0.020    │
│ Params           270.5K      Model       112ms  17%    policy       0.002    │
│ Steps             12.2M      Env          60ms   9%    value        0.004    │
│ SPS               29.5K      Copy          9ms   1%    entropy      0.027    │
│ Epoch              5950    Train         441ms  70%    old_kl       0.000    │
│ Uptime     7m 02s 990ms      Model       441ms  70%    kl          -0.000    │
│ To go         38s 227ms      Misc          0ms   0%    clipfrac     0.000    │
│                                                                              │
│ perf                          0.962   score                         0.925    │
│ episode_return                0.925   episode_length               13.770    │
│ invalids                      0.009                                          │
╰──────────────────────────────────────────────────────────────────────────────╯
╭──────────────────────────────────────────────────────────────────────────────╮
│ PufferLib 5.0     🐡           GPU:  92%   VRAM:   5.3/31G    RAM:  0.5G     │
│                                                                              │
│ Env         connect4cnn    Evaluate      183ms  29%    Losses       0.017    │
│ Params           270.5K      Model       112ms  18%    policy      -0.002    │
│ Steps             12.2M      Env          59ms   9%    value        0.004    │
│ SPS               29.7K      Copy          9ms   1%    entropy      0.026    │
│ Epoch              5959    Train         439ms  70%    old_kl      -0.000    │
│ Uptime     7m 03s 611ms      Model       438ms  70%    kl          -0.000    │
│ To go         37s 355ms      Misc          0ms   0%    clipfrac     0.000    │
│                                                                              │
│ perf                          0.966   score                         0.932    │
│ episode_return                0.932   episode_length               13.692    │
│ invalids                      0.012                                          │
╰──────────────────────────────────────────────────────────────────────────────╯
╭──────────────────────────────────────────────────────────────────────────────╮
│ PufferLib 5.0    🐡            GPU:  92%   VRAM:   5.3/31G    RAM:  0.5G     │
│                                                                              │
│ Env         connect4cnn    Evaluate      186ms  29%    Losses       0.020    │
│ Params           270.5K      Model       112ms  17%    policy       0.001    │
│ Steps             12.2M      Env          60ms   9%    value        0.004    │
│ SPS               29.5K      Copy         11ms   1%    entropy      0.026    │
│ Epoch              5968    Train         439ms  70%    old_kl       0.000    │
│ Uptime     7m 04s 237ms      Model       439ms  70%    kl          -0.000    │
│ To go         36s 975ms      Misc          0ms   0%    clipfrac     0.000    │
│                                                                              │
│ perf                          0.964   score                         0.927    │
│ episode_return                0.927   episode_length               13.700    │
│ invalids                      0.007                                          │
╰──────────────────────────────────────────────────────────────────────────────╯
╭──────────────────────────────────────────────────────────────────────────────╮
│ PufferLib 5.0   🐡             GPU:  87%   VRAM:   5.3/31G    RAM:  0.5G     │
│                                                                              │
│ Env         connect4cnn    Evaluate      184ms  29%    Losses       0.016    │
│ Params           270.5K      Model       112ms  17%    policy      -0.001    │
│ Steps             12.2M      Env          60ms   9%    value        0.003    │
│ SPS               29.4K      Copy          9ms   1%    entropy      0.026    │
│ Epoch              5977    Train         443ms  70%    old_kl       0.000    │
│ Uptime     7m 04s 864ms      Model       443ms  70%    kl          -0.000    │
│ To go         36s 435ms      Misc          0ms   0%    clipfrac     0.000    │
│                                                                              │
│ perf                          0.966   score                         0.932    │
│ episode_return                0.932   episode_length               13.700    │
│ invalids                      0.011                                          │
╰──────────────────────────────────────────────────────────────────────────────╯
╭──────────────────────────────────────────────────────────────────────────────╮
│ PufferLib 5.0  🐡              GPU:  94%   VRAM:   5.3/31G    RAM:  0.5G     │
│                                                                              │
│ Env         connect4cnn    Evaluate      183ms  29%    Losses       0.018    │
│ Params           270.5K      Model       112ms  18%    policy       0.001    │
│ Steps             12.3M      Env          59ms   9%    value        0.003    │
│ SPS               29.7K      Copy         10ms   1%    entropy      0.026    │
│ Epoch              5986    Train         437ms  70%    old_kl      -0.000    │
│ Uptime     7m 05s 485ms      Model       437ms  70%    kl          -0.000    │
│ To go         35s 460ms      Misc          0ms   0%    clipfrac     0.000    │
│                                                                              │
│ perf                          0.963   score                         0.925    │
│ episode_return                0.925   episode_length               13.764    │
│ invalids                      0.008                                          │
╰──────────────────────────────────────────────────────────────────────────────╯
╭──────────────────────────────────────────────────────────────────────────────╮
│ PufferLib 5.0 🐡               GPU:  94%   VRAM:   5.3/31G    RAM:  0.5G     │
│                                                                              │
│ Env         connect4cnn    Evaluate      184ms  29%    Losses       0.017    │
│ Params           270.5K      Model       112ms  17%    policy       0.000    │
│ Steps             12.3M      Env          60ms   9%    value        0.003    │
│ SPS               29.4K      Copy          9ms   1%    entropy      0.024    │
│ Epoch              5995    Train         442ms  70%    old_kl       0.000    │
│ Uptime     7m 06s 111ms      Model       441ms  70%    kl          -0.000    │
│ To go         35s 148ms      Misc          0ms   0%    clipfrac     0.000    │
│                                                                              │
│ perf                          0.969   score                         0.938    │
│ episode_return                0.938   episode_length               13.650    │
│ invalids                      0.005                                          │
╰──────────────────────────────────────────────────────────────────────────────╯
╭──────────────────────────────────────────────────────────────────────────────╮
│ PufferLib 5.0🐡                GPU:  86%   VRAM:   5.3/31G    RAM:  0.5G     │
│                                                                              │
│ Env         connect4cnn    Evaluate      186ms  29%    Losses       0.019    │
│ Params           270.5K      Model       112ms  17%    policy       0.002    │
│ Steps             12.3M      Env          62ms   9%    value        0.003    │
│ SPS               29.4K      Copy         10ms   1%    entropy      0.028    │
│ Epoch              6004    Train         439ms  70%    old_kl       0.000    │
│ Uptime     7m 06s 737ms      Model       439ms  70%    kl          -0.000    │
│ To go         34s 514ms      Misc          0ms   0%    clipfrac     0.000    │
│                                                                              │
│ perf                          0.957   score                         0.913    │
│ episode_return                0.913   episode_length               13.781    │
│ invalids                      0.016                                          │
╰──────────────────────────────────────────────────────────────────────────────╯
╭──────────────────────────────────────────────────────────────────────────────╮
│ PufferLib 5.0               🐡 GPU:  86%   VRAM:   5.3/31G    RAM:  0.5G     │
│                                                                              │
│ Env         connect4cnn    Evaluate      185ms  29%    Losses       0.020    │
│ Params           270.5K      Model       112ms  18%    policy       0.000    │
│ Steps             12.3M      Env          60ms   9%    value        0.004    │
│ SPS               29.5K      Copy         11ms   1%    entropy      0.026    │
│ Epoch              6013    Train         439ms  70%    old_kl      -0.000    │
│ Uptime     7m 07s 362ms      Model       439ms  70%    kl          -0.000    │
│ To go         33s 822ms      Misc          0ms   0%    clipfrac     0.000    │
│                                                                              │
│ perf                          0.961   score                         0.922    │
│ episode_return                0.922   episode_length               13.671    │
│ invalids                      0.006                                          │
╰──────────────────────────────────────────────────────────────────────────────╯
╭──────────────────────────────────────────────────────────────────────────────╮
│ PufferLib 5.0              🐡  GPU:  91%   VRAM:   5.3/31G    RAM:  0.5G     │
│                                                                              │
│ Env         connect4cnn    Evaluate      186ms  29%    Losses       0.012    │
│ Params           270.5K      Model       112ms  17%    policy      -0.003    │
│ Steps             12.3M      Env          62ms   9%    value        0.003    │
│ SPS               29.3K      Copy         10ms   1%    entropy      0.025    │
│ Epoch              6022    Train         443ms  70%    old_kl      -0.000    │
│ Uptime     7m 07s 992ms      Model       443ms  70%    kl          -0.000    │
│ To go         33s 462ms      Misc          0ms   0%    clipfrac     0.000    │
│                                                                              │
│ perf                          0.974   score                         0.949    │
│ episode_return                0.949   episode_length               13.554    │
│ invalids                      0.003                                          │
╰──────────────────────────────────────────────────────────────────────────────╯
╭──────────────────────────────────────────────────────────────────────────────╮
│ PufferLib 5.0             🐡   GPU:  94%   VRAM:   5.3/31G    RAM:  0.5G     │
│                                                                              │
│ Env         connect4cnn    Evaluate      184ms  29%    Losses       0.022    │
│ Params           270.5K      Model       112ms  18%    policy       0.003    │
│ Steps             12.4M      Env          60ms   9%    value        0.004    │
│ SPS               29.6K      Copy          9ms   1%    entropy      0.027    │
│ Epoch              6031    Train         438ms  70%    old_kl      -0.000    │
│ Uptime     7m 08s 615ms      Model       438ms  70%    kl          -0.000    │
│ To go         32s 429ms      Misc          0ms   0%    clipfrac     0.000    │
│                                                                              │
│ perf                          0.962   score                         0.924    │
│ episode_return                0.924   episode_length               13.749    │
│ invalids                      0.014                                          │
╰──────────────────────────────────────────────────────────────────────────────╯
╭──────────────────────────────────────────────────────────────────────────────╮
│ PufferLib 5.0            🐡    GPU:  94%   VRAM:   5.3/31G    RAM:  0.5G     │
│                                                                              │
│ Env         connect4cnn    Evaluate      185ms  29%    Losses       0.018    │
│ Params           270.5K      Model       112ms  18%    policy       0.000    │
│ Steps             12.4M      Env          59ms   9%    value        0.003    │
│ SPS               29.5K      Copy         12ms   1%    entropy      0.027    │
│ Epoch              6040    Train         439ms  70%    old_kl      -0.000    │
│ Uptime     7m 09s 239ms      Model       439ms  70%    kl          -0.000    │
│ To go         31s 922ms      Misc          0ms   0%    clipfrac     0.000    │
│                                                                              │
│ perf                          0.965   score                         0.929    │
│ episode_return                0.929   episode_length               13.880    │
│ invalids                      0.009                                          │
╰──────────────────────────────────────────────────────────────────────────────╯
╭──────────────────────────────────────────────────────────────────────────────╮
│ PufferLib 5.0           🐡     GPU:  86%   VRAM:   5.3/31G    RAM:  0.5G     │
│                                                                              │
│ Env         connect4cnn    Evaluate      186ms  29%    Losses       0.018    │
│ Params           270.5K      Model       112ms  17%    policy      -0.001    │
│ Steps             12.4M      Env          62ms   9%    value        0.004    │
│ SPS               29.3K      Copy         10ms   1%    entropy      0.025    │
│ Epoch              6049    Train         443ms  70%    old_kl       0.000    │
│ Uptime     7m 09s 868ms      Model       443ms  70%    kl          -0.000    │
│ To go         31s 528ms      Misc          0ms   0%    clipfrac     0.000    │
│                                                                              │
│ perf                          0.961   score                         0.922    │
│ episode_return                0.922   episode_length               13.790    │
│ invalids                      0.013                                          │
╰──────────────────────────────────────────────────────────────────────────────╯
╭──────────────────────────────────────────────────────────────────────────────╮
│ PufferLib 5.0          🐡      GPU:  93%   VRAM:   5.3/31G    RAM:  0.5G     │
│                                                                              │
│ Env         connect4cnn    Evaluate      186ms  29%    Losses       0.012    │
│ Params           270.5K      Model       113ms  18%    policy      -0.004    │
│ Steps             12.4M      Env          63ms  10%    value        0.003    │
│ SPS               29.6K      Copy          9ms   1%    entropy      0.025    │
│ Epoch              6058    Train         436ms  70%    old_kl       0.000    │
│ Uptime     7m 10s 491ms      Model       436ms  70%    kl          -0.000    │
│ To go         30s 590ms      Misc          0ms   0%    clipfrac     0.000    │
│                                                                              │
│ perf                          0.971   score                         0.943    │
│ episode_return                0.943   episode_length               13.587    │
│ invalids                      0.008                                          │
╰──────────────────────────────────────────────────────────────────────────────╯
╭──────────────────────────────────────────────────────────────────────────────╮
│ PufferLib 5.0         🐡       GPU:  93%   VRAM:   5.3/31G    RAM:  0.5G     │
│                                                                              │
│ Env         connect4cnn    Evaluate      186ms  29%    Losses       0.019    │
│ Params           270.5K      Model       112ms  17%    policy       0.002    │
│ Steps             12.4M      Env          60ms   9%    value        0.003    │
│ SPS               29.3K      Copy         11ms   1%    entropy      0.024    │
│ Epoch              6067    Train         441ms  70%    old_kl      -0.000    │
│ Uptime     7m 11s 120ms      Model       441ms  70%    kl          -0.000    │
│ To go         30s 232ms      Misc          0ms   0%    clipfrac     0.000    │
│                                                                              │
│ perf                          0.970   score                         0.940    │
│ episode_return                0.940   episode_length               13.714    │
│ invalids                      0.009                                          │
╰──────────────────────────────────────────────────────────────────────────────╯
╭──────────────────────────────────────────────────────────────────────────────╮
│ PufferLib 5.0        🐡        GPU:  89%   VRAM:   5.3/31G    RAM:  0.5G     │
│                                                                              │
│ Env         connect4cnn    Evaluate      184ms  29%    Losses       0.021    │
│ Params           270.5K      Model       112ms  18%    policy       0.003    │
│ Steps             12.4M      Env          60ms   9%    value        0.004    │
│ SPS               29.5K      Copy         10ms   1%    entropy      0.025    │
│ Epoch              6076    Train         440ms  70%    old_kl      -0.000    │
│ Uptime     7m 11s 744ms      Model       440ms  70%    kl          -0.000    │
│ To go         29s 406ms      Misc          0ms   0%    clipfrac     0.000    │
│                                                                              │
│ perf                          0.961   score                         0.922    │
│ episode_return                0.922   episode_length               13.788    │
│ invalids                      0.009                                          │
╰──────────────────────────────────────────────────────────────────────────────╯
╭──────────────────────────────────────────────────────────────────────────────╮
│ PufferLib 5.0       🐡         GPU:  89%   VRAM:   5.3/31G    RAM:  0.5G     │
│                                                                              │
│ Env         connect4cnn    Evaluate      186ms  29%    Losses       0.014    │
│ Params           270.5K      Model       112ms  17%    policy      -0.002    │
│ Steps             12.5M      Env          60ms   9%    value        0.003    │
│ SPS               29.4K      Copy         11ms   1%    entropy      0.024    │
│ Epoch              6085    Train         440ms  70%    old_kl       0.000    │
│ Uptime     7m 12s 370ms      Model       440ms  70%    kl          -0.000    │
│ To go         28s 870ms      Misc          0ms   0%    clipfrac     0.000    │
│                                                                              │
│ perf                          0.959   score                         0.918    │
│ episode_return                0.918   episode_length               13.569    │
│ invalids                      0.009                                          │
╰──────────────────────────────────────────────────────────────────────────────╯
╭──────────────────────────────────────────────────────────────────────────────╮
│ PufferLib 5.0      🐡          GPU:  88%   VRAM:   5.3/31G    RAM:  0.5G     │
│                                                                              │
│ Env         connect4cnn    Evaluate      184ms  29%    Losses       0.015    │
│ Params           270.5K      Model       112ms  18%    policy      -0.000    │
│ Steps             12.5M      Env          60ms   9%    value        0.003    │
│ SPS               29.6K      Copy          9ms   1%    entropy      0.025    │
│ Epoch              6094    Train         438ms  70%    old_kl      -0.000    │
│ Uptime     7m 12s 993ms      Model       438ms  70%    kl          -0.000    │
│ To go         28s 103ms      Misc          0ms   0%    clipfrac     0.000    │
│                                                                              │
│ perf                          0.970   score                         0.941    │
│ episode_return                0.941   episode_length               13.699    │
│ invalids                      0.009                                          │
╰──────────────────────────────────────────────────────────────────────────────╯
╭──────────────────────────────────────────────────────────────────────────────╮
│ PufferLib 5.0     🐡           GPU:  93%   VRAM:   5.3/31G    RAM:  0.5G     │
│                                                                              │
│ Env         connect4cnn    Evaluate      185ms  29%    Losses       0.016    │
│ Params           270.5K      Model       112ms  18%    policy       0.001    │
│ Steps             12.5M      Env          61ms   9%    value        0.003    │
│ SPS               29.6K      Copy         11ms   1%    entropy      0.026    │
│ Epoch              6103    Train         438ms  70%    old_kl      -0.000    │
│ Uptime     7m 13s 617ms      Model       438ms  70%    kl          -0.000    │
│ To go         27s 507ms      Misc          0ms   0%    clipfrac     0.000    │
│                                                                              │
│ perf                          0.969   score                         0.937    │
│ episode_return                0.937   episode_length               13.657    │
│ invalids                      0.010                                          │
╰──────────────────────────────────────────────────────────────────────────────╯
╭──────────────────────────────────────────────────────────────────────────────╮
│ PufferLib 5.0    🐡            GPU:  93%   VRAM:   5.3/31G    RAM:  0.5G     │
│                                                                              │
│ Env         connect4cnn    Evaluate      184ms  29%    Losses       0.020    │
│ Params           270.5K      Model       112ms  17%    policy       0.003    │
│ Steps             12.5M      Env          60ms   9%    value        0.003    │
│ SPS               29.5K      Copy         10ms   1%    entropy      0.027    │
│ Epoch              6112    Train         440ms  70%    old_kl       0.000    │
│ Uptime     7m 14s 242ms      Model       440ms  70%    kl          -0.000    │
│ To go         26s 958ms      Misc          0ms   0%    clipfrac     0.000    │
│                                                                              │
│ perf                          0.961   score                         0.923    │
│ episode_return                0.923   episode_length               13.675    │
│ invalids                      0.007                                          │
╰──────────────────────────────────────────────────────────────────────────────╯
╭──────────────────────────────────────────────────────────────────────────────╮
│ PufferLib 5.0   🐡             GPU:  86%   VRAM:   5.3/31G    RAM:  0.5G     │
│                                                                              │
│ Env         connect4cnn    Evaluate      184ms  29%    Losses       0.016    │
│ Params           270.5K      Model       112ms  18%    policy      -0.000    │
│ Steps             12.5M      Env          60ms   9%    value        0.003    │
│ SPS               29.5K      Copy          9ms   1%    entropy      0.025    │
│ Epoch              6121    Train         440ms  70%    old_kl      -0.000    │
│ Uptime     7m 14s 866ms      Model       440ms  70%    kl          -0.000    │
│ To go         26s 283ms      Misc          0ms   0%    clipfrac     0.000    │
│                                                                              │
│ perf                          0.962   score                         0.924    │
│ episode_return                0.924   episode_length               13.587    │
│ invalids                      0.010                                          │
╰──────────────────────────────────────────────────────────────────────────────╯
╭──────────────────────────────────────────────────────────────────────────────╮
│ PufferLib 5.0  🐡              GPU:  93%   VRAM:   5.3/31G    RAM:  0.5G     │
│                                                                              │
│ Env         connect4cnn    Evaluate      186ms  29%    Losses       0.015    │
│ Params           270.5K      Model       112ms  18%    policy      -0.001    │
│ Steps             12.6M      Env          60ms   9%    value        0.003    │
│ SPS               29.7K      Copy         11ms   1%    entropy      0.024    │
│ Epoch              6130    Train         435ms  70%    old_kl       0.000    │
│ Uptime     7m 15s 487ms      Model       435ms  70%    kl          -0.000    │
│ To go         25s 543ms      Misc          0ms   0%    clipfrac     0.000    │
│                                                                              │
│ perf                          0.975   score                         0.950    │
│ episode_return                0.950   episode_length               13.558    │
│ invalids                      0.007                                          │
╰──────────────────────────────────────────────────────────────────────────────╯
╭──────────────────────────────────────────────────────────────────────────────╮
│ PufferLib 5.0 🐡               GPU:  93%   VRAM:   5.3/31G    RAM:  0.5G     │
│                                                                              │
│ Env         connect4cnn    Evaluate      184ms  29%    Losses       0.016    │
│ Params           270.5K      Model       112ms  18%    policy      -0.000    │
│ Steps             12.6M      Env          61ms   9%    value        0.003    │
│ SPS               29.6K      Copy         10ms   1%    entropy      0.024    │
│ Epoch              6139    Train         437ms  70%    old_kl       0.000    │
│ Uptime     7m 16s 110ms      Model       437ms  70%    kl          -0.000    │
│ To go         24s 963ms      Misc          0ms   0%    clipfrac     0.000    │
│                                                                              │
│ perf                          0.964   score                         0.927    │
│ episode_return                0.927   episode_length               13.657    │
│ invalids                      0.008                                          │
╰──────────────────────────────────────────────────────────────────────────────╯
╭──────────────────────────────────────────────────────────────────────────────╮
│ PufferLib 5.0🐡                GPU:  87%   VRAM:   5.3/31G    RAM:  0.5G     │
│                                                                              │
│ Env         connect4cnn    Evaluate      183ms  29%    Losses       0.016    │
│ Params           270.5K      Model       112ms  17%    policy      -0.000    │
│ Steps             12.6M      Env          60ms   9%    value        0.003    │
│ SPS               29.3K      Copy          8ms   1%    entropy      0.026    │
│ Epoch              6148    Train         447ms  70%    old_kl      -0.000    │
│ Uptime     7m 16s 740ms      Model       447ms  70%    kl          -0.000    │
│ To go         24s 632ms      Misc          0ms   0%    clipfrac     0.000    │
│                                                                              │
│ perf                          0.969   score                         0.938    │
│ episode_return                0.938   episode_length               13.606    │
│ invalids                      0.010                                          │
╰──────────────────────────────────────────────────────────────────────────────╯
╭──────────────────────────────────────────────────────────────────────────────╮
│ PufferLib 5.0               🐡 GPU:  87%   VRAM:   5.3/31G    RAM:  0.5G     │
│                                                                              │
│ Env         connect4cnn    Evaluate      186ms  29%    Losses       0.020    │
│ Params           270.5K      Model       112ms  18%    policy       0.002    │
│ Steps             12.6M      Env          60ms   9%    value        0.004    │
│ SPS               29.6K      Copy         10ms   1%    entropy      0.026    │
│ Epoch              6157    Train         437ms  70%    old_kl      -0.000    │
│ Uptime     7m 17s 363ms      Model       437ms  70%    kl          -0.000    │
│ To go         23s 754ms      Misc          0ms   0%    clipfrac     0.000    │
│                                                                              │
│ perf                          0.962   score                         0.924    │
│ episode_return                0.924   episode_length               13.677    │
│ invalids                      0.009                                          │
╰──────────────────────────────────────────────────────────────────────────────╯
╭──────────────────────────────────────────────────────────────────────────────╮
│ PufferLib 5.0              🐡  GPU:  91%   VRAM:   5.3/31G    RAM:  0.5G     │
│                                                                              │
│ Env         connect4cnn    Evaluate      184ms  29%    Losses       0.015    │
│ Params           270.5K      Model       112ms  18%    policy       0.000    │
│ Steps             12.6M      Env          60ms   9%    value        0.003    │
│ SPS               29.6K      Copy          9ms   1%    entropy      0.025    │
│ Epoch              6166    Train         438ms  70%    old_kl       0.000    │
│ Uptime     7m 17s 986ms      Model       438ms  70%    kl          -0.000    │
│ To go         23s 118ms      Misc          0ms   0%    clipfrac     0.000    │
│                                                                              │
│ perf                          0.965   score                         0.930    │
│ episode_return                0.930   episode_length               13.713    │
│ invalids                      0.007                                          │
╰──────────────────────────────────────────────────────────────────────────────╯
╭──────────────────────────────────────────────────────────────────────────────╮
│ PufferLib 5.0             🐡   GPU:  92%   VRAM:   5.3/31G    RAM:  0.5G     │
│                                                                              │
│ Env         connect4cnn    Evaluate      185ms  29%    Losses       0.014    │
│ Params           270.5K      Model       112ms  17%    policy      -0.001    │
│ Steps             12.6M      Env          61ms   9%    value        0.003    │
│ SPS               29.4K      Copy         10ms   1%    entropy      0.023    │
│ Epoch              6175    Train         442ms  70%    old_kl       0.000    │
│ Uptime     7m 18s 613ms      Model       442ms  70%    kl          -0.000    │
│ To go         22s 666ms      Misc          0ms   0%    clipfrac     0.000    │
│                                                                              │
│ perf                          0.968   score                         0.936    │
│ episode_return                0.936   episode_length               13.393    │
│ invalids                      0.009                                          │
╰──────────────────────────────────────────────────────────────────────────────╯
╭──────────────────────────────────────────────────────────────────────────────╮
│ PufferLib 5.0            🐡    GPU:  92%   VRAM:   5.3/31G    RAM:  0.5G     │
│                                                                              │
│ Env         connect4cnn    Evaluate      183ms  29%    Losses       0.018    │
│ Params           270.5K      Model       112ms  18%    policy       0.001    │
│ Steps             12.7M      Env          60ms   9%    value        0.003    │
│ SPS               29.5K      Copy         10ms   1%    entropy      0.025    │
│ Epoch              6184    Train         441ms  70%    old_kl       0.000    │
│ Uptime     7m 19s 238ms      Model       441ms  70%    kl          -0.000    │
│ To go         21s 936ms      Misc          0ms   0%    clipfrac     0.000    │
│                                                                              │
│ perf                          0.962   score                         0.924    │
│ episode_return                0.924   episode_length               13.682    │
│ invalids                      0.006                                          │
╰──────────────────────────────────────────────────────────────────────────────╯
╭──────────────────────────────────────────────────────────────────────────────╮
│ PufferLib 5.0           🐡     GPU:  87%   VRAM:   5.3/31G    RAM:  0.5G     │
│                                                                              │
│ Env         connect4cnn    Evaluate      184ms  29%    Losses       0.019    │
│ Params           270.5K      Model       112ms  18%    policy       0.001    │
│ Steps             12.7M      Env          60ms   9%    value        0.004    │
│ SPS               29.6K      Copy         10ms   1%    entropy      0.025    │
│ Epoch              6193    Train         439ms  70%    old_kl       0.000    │
│ Uptime     7m 19s 862ms      Model       439ms  70%    kl          -0.000    │
│ To go         21s 274ms      Misc          0ms   0%    clipfrac     0.000    │
│                                                                              │
│ perf                          0.959   score                         0.918    │
│ episode_return                0.918   episode_length               13.654    │
│ invalids                      0.013                                          │
╰──────────────────────────────────────────────────────────────────────────────╯
╭──────────────────────────────────────────────────────────────────────────────╮
│ PufferLib 5.0          🐡      GPU:  94%   VRAM:   5.3/31G    RAM:  0.5G     │
│                                                                              │
│ Env         connect4cnn    Evaluate      186ms  29%    Losses       0.016    │
│ Params           270.5K      Model       112ms  18%    policy       0.001    │
│ Steps             12.7M      Env          59ms   9%    value        0.003    │
│ SPS               29.6K      Copy         12ms   1%    entropy      0.027    │
│ Epoch              6202    Train         436ms  70%    old_kl      -0.000    │
│ Uptime     7m 20s 484ms      Model       436ms  70%    kl          -0.000    │
│ To go         20s 600ms      Misc          0ms   0%    clipfrac     0.000    │
│                                                                              │
│ perf                          0.961   score                         0.922    │
│ episode_return                0.922   episode_length               13.870    │
│ invalids                      0.009                                          │
╰──────────────────────────────────────────────────────────────────────────────╯
╭──────────────────────────────────────────────────────────────────────────────╮
│ PufferLib 5.0         🐡       GPU:  94%   VRAM:   5.3/31G    RAM:  0.5G     │
│                                                                              │
│ Env         connect4cnn    Evaluate      184ms  29%    Losses       0.018    │
│ Params           270.5K      Model       112ms  18%    policy       0.002    │
│ Steps             12.7M      Env          60ms   9%    value        0.003    │
│ SPS               29.5K      Copy         10ms   1%    entropy      0.026    │
│ Epoch              6211    Train         441ms  70%    old_kl      -0.000    │
│ Uptime     7m 21s 109ms      Model       440ms  70%    kl          -0.000    │
│ To go         20s 055ms      Misc          0ms   0%    clipfrac     0.000    │
│                                                                              │
│ perf                          0.958   score                         0.916    │
│ episode_return                0.916   episode_length               13.847    │
│ invalids                      0.012                                          │
╰──────────────────────────────────────────────────────────────────────────────╯
╭──────────────────────────────────────────────────────────────────────────────╮
│ PufferLib 5.0        🐡        GPU:  87%   VRAM:   5.3/31G    RAM:  0.5G     │
│                                                                              │
│ Env         connect4cnn    Evaluate      183ms  29%    Losses       0.014    │
│ Params           270.5K      Model       113ms  17%    policy      -0.001    │
│ Steps             12.7M      Env          59ms   9%    value        0.003    │
│ SPS               29.4K      Copy          9ms   1%    entropy      0.025    │
│ Epoch              6220    Train         444ms  70%    old_kl       0.000    │
│ Uptime     7m 21s 736ms      Model       444ms  70%    kl          -0.000    │
│ To go         19s 508ms      Misc          0ms   0%    clipfrac     0.000    │
│                                                                              │
│ perf                          0.971   score                         0.942    │
│ episode_return                0.942   episode_length               13.925    │
│ invalids                      0.008                                          │
╰──────────────────────────────────────────────────────────────────────────────╯
╭──────────────────────────────────────────────────────────────────────────────╮
│ PufferLib 5.0       🐡         GPU:  87%   VRAM:   5.3/31G    RAM:  0.5G     │
│                                                                              │
│ Env         connect4cnn    Evaluate      184ms  29%    Losses       0.018    │
│ Params           270.5K      Model       112ms  18%    policy      -0.000    │
│ Steps             12.8M      Env          59ms   9%    value        0.004    │
│ SPS               29.6K      Copy         11ms   1%    entropy      0.029    │
│ Epoch              6229    Train         438ms  70%    old_kl       0.000    │
│ Uptime     7m 22s 358ms      Model       438ms  70%    kl          -0.000    │
│ To go         18s 749ms      Misc          0ms   0%    clipfrac     0.000    │
│                                                                              │
│ perf                          0.962   score                         0.924    │
│ episode_return                0.924   episode_length               13.822    │
│ invalids                      0.007                                          │
╰──────────────────────────────────────────────────────────────────────────────╯
╭──────────────────────────────────────────────────────────────────────────────╮
│ PufferLib 5.0      🐡          GPU:  93%   VRAM:   5.3/31G    RAM:  0.5G     │
│                                                                              │
│ Env         connect4cnn    Evaluate      183ms  29%    Losses       0.020    │
│ Params           270.5K      Model       112ms  18%    policy       0.002    │
│ Steps             12.8M      Env          59ms   9%    value        0.004    │
│ SPS               29.6K      Copy         10ms   1%    entropy      0.027    │
│ Epoch              6238    Train         440ms  70%    old_kl      -0.000    │
│ Uptime     7m 22s 982ms      Model       440ms  70%    kl          -0.000    │
│ To go         18s 155ms      Misc          0ms   0%    clipfrac     0.000    │
│                                                                              │
│ perf                          0.959   score                         0.919    │
│ episode_return                0.919   episode_length               13.835    │
│ invalids                      0.008                                          │
╰──────────────────────────────────────────────────────────────────────────────╯
╭──────────────────────────────────────────────────────────────────────────────╮
│ PufferLib 5.0     🐡           GPU:  91%   VRAM:   5.3/31G    RAM:  0.5G     │
│                                                                              │
│ Env         connect4cnn    Evaluate      182ms  29%    Losses       0.017    │
│ Params           270.5K      Model       112ms  17%    policy      -0.001    │
│ Steps             12.8M      Env          60ms   9%    value        0.004    │
│ SPS               29.5K      Copy          9ms   1%    entropy      0.025    │
│ Epoch              6247    Train         442ms  70%    old_kl      -0.000    │
│ Uptime     7m 23s 607ms      Model       442ms  70%    kl          -0.000    │
│ To go         17s 578ms      Misc          0ms   0%    clipfrac     0.000    │
│                                                                              │
│ perf                          0.966   score                         0.931    │
│ episode_return                0.931   episode_length               13.549    │
│ invalids                      0.007                                          │
╰──────────────────────────────────────────────────────────────────────────────╯
╭──────────────────────────────────────────────────────────────────────────────╮
│ PufferLib 5.0    🐡            GPU:  91%   VRAM:   5.3/31G    RAM:  0.5G     │
│                                                                              │
│ Env         connect4cnn    Evaluate      183ms  29%    Losses       0.016    │
│ Params           270.5K      Model       112ms  18%    policy       0.000    │
│ Steps             12.8M      Env          60ms   9%    value        0.003    │
│ SPS               29.6K      Copy          9ms   1%    entropy      0.028    │
│ Epoch              6256    Train         440ms  70%    old_kl       0.000    │
│ Uptime     7m 24s 230ms      Model       440ms  70%    kl          -0.000    │
│ To go         16s 885ms      Misc          0ms   0%    clipfrac     0.000    │
│                                                                              │
│ perf                          0.968   score                         0.935    │
│ episode_return                0.935   episode_length               13.805    │
│ invalids                      0.011                                          │
╰──────────────────────────────────────────────────────────────────────────────╯
╭──────────────────────────────────────────────────────────────────────────────╮
│ PufferLib 5.0   🐡             GPU:  89%   VRAM:   5.3/31G    RAM:  0.5G     │
│                                                                              │
│ Env         connect4cnn    Evaluate      186ms  29%    Losses       0.014    │
│ Params           270.5K      Model       113ms  18%    policy      -0.002    │
│ Steps             12.8M      Env          60ms   9%    value        0.003    │
│ SPS               29.5K      Copy         11ms   1%    entropy      0.025    │
│ Epoch              6265    Train         438ms  70%    old_kl      -0.000    │
│ Uptime     7m 24s 855ms      Model       438ms  70%    kl          -0.000    │
│ To go         16s 313ms      Misc          0ms   0%    clipfrac     0.000    │
│                                                                              │
│ perf                          0.967   score                         0.933    │
│ episode_return                0.933   episode_length               13.681    │
│ invalids                      0.011                                          │
╰──────────────────────────────────────────────────────────────────────────────╯
╭──────────────────────────────────────────────────────────────────────────────╮
│ PufferLib 5.0  🐡              GPU:  93%   VRAM:   5.3/31G    RAM:  0.5G     │
│                                                                              │
│ Env         connect4cnn    Evaluate      185ms  29%    Losses       0.014    │
│ Params           270.5K      Model       112ms  17%    policy      -0.001    │
│ Steps             12.8M      Env          61ms   9%    value        0.003    │
│ SPS               29.5K      Copy         10ms   1%    entropy      0.025    │
│ Epoch              6274    Train         440ms  70%    old_kl      -0.000    │
│ Uptime     7m 25s 480ms      Model       439ms  70%    kl          -0.000    │
│ To go         15s 695ms      Misc          0ms   0%    clipfrac     0.000    │
│                                                                              │
│ perf                          0.966   score                         0.933    │
│ episode_return                0.933   episode_length               13.539    │
│ invalids                      0.006                                          │
╰──────────────────────────────────────────────────────────────────────────────╯
╭──────────────────────────────────────────────────────────────────────────────╮
│ PufferLib 5.0 🐡               GPU:  93%   VRAM:   5.3/31G    RAM:  0.5G     │
│                                                                              │
│ Env         connect4cnn    Evaluate      183ms  29%    Losses       0.020    │
│ Params           270.5K      Model       112ms  18%    policy       0.002    │
│ Steps             12.9M      Env          59ms   9%    value        0.004    │
│ SPS               29.7K      Copy          9ms   1%    entropy      0.026    │
│ Epoch              6283    Train         438ms  70%    old_kl       0.000    │
│ Uptime     7m 26s 101ms      Model       438ms  70%    kl          -0.000    │
│ To go         14s 985ms      Misc          0ms   0%    clipfrac     0.000    │
│                                                                              │
│ perf                          0.966   score                         0.931    │
│ episode_return                0.931   episode_length               13.791    │
│ invalids                      0.011                                          │
╰──────────────────────────────────────────────────────────────────────────────╯
╭──────────────────────────────────────────────────────────────────────────────╮
│ PufferLib 5.0🐡                GPU:  87%   VRAM:   5.3/31G    RAM:  0.5G     │
│                                                                              │
│ Env         connect4cnn    Evaluate      183ms  29%    Losses       0.019    │
│ Params           270.5K      Model       112ms  18%    policy       0.002    │
│ Steps             12.9M      Env          59ms   9%    value        0.003    │
│ SPS               29.5K      Copy          9ms   1%    entropy      0.025    │
│ Epoch              6292    Train         442ms  70%    old_kl      -0.000    │
│ Uptime     7m 26s 726ms      Model       442ms  70%    kl          -0.000    │
│ To go         14s 444ms      Misc          0ms   0%    clipfrac     0.000    │
│                                                                              │
│ perf                          0.961   score                         0.922    │
│ episode_return                0.922   episode_length               13.701    │
│ invalids                      0.012                                          │
╰──────────────────────────────────────────────────────────────────────────────╯
╭──────────────────────────────────────────────────────────────────────────────╮
│ PufferLib 5.0               🐡 GPU:  87%   VRAM:   5.3/31G    RAM:  0.5G     │
│                                                                              │
│ Env         connect4cnn    Evaluate      184ms  29%    Losses       0.016    │
│ Params           270.5K      Model       112ms  17%    policy      -0.001    │
│ Steps             12.9M      Env          60ms   9%    value        0.003    │
│ SPS               29.5K      Copy         10ms   1%    entropy      0.026    │
│ Epoch              6301    Train         441ms  70%    old_kl       0.000    │
│ Uptime     7m 27s 352ms      Model       441ms  70%    kl          -0.000    │
│ To go         13s 836ms      Misc          0ms   0%    clipfrac     0.000    │
│                                                                              │
│ perf                          0.967   score                         0.935    │
│ episode_return                0.935   episode_length               13.670    │
│ invalids                      0.008                                          │
╰──────────────────────────────────────────────────────────────────────────────╯
╭──────────────────────────────────────────────────────────────────────────────╮
│ PufferLib 5.0              🐡  GPU:  92%   VRAM:   5.3/31G    RAM:  0.5G     │
│                                                                              │
│ Env         connect4cnn    Evaluate      185ms  29%    Losses       0.013    │
│ Params           270.5K      Model       112ms  18%    policy      -0.002    │
│ Steps             12.9M      Env          60ms   9%    value        0.003    │
│ SPS               29.6K      Copy         10ms   1%    entropy      0.025    │
│ Epoch              6310    Train         437ms  70%    old_kl      -0.000    │
│ Uptime     7m 27s 974ms      Model       437ms  70%    kl          -0.000    │
│ To go         13s 137ms      Misc          0ms   0%    clipfrac     0.000    │
│                                                                              │
│ perf                          0.971   score                         0.941    │
│ episode_return                0.941   episode_length               13.555    │
│ invalids                      0.010                                          │
╰──────────────────────────────────────────────────────────────────────────────╯
╭──────────────────────────────────────────────────────────────────────────────╮
│ PufferLib 5.0             🐡   GPU:  88%   VRAM:   5.3/31G    RAM:  0.5G     │
│                                                                              │
│ Env         connect4cnn    Evaluate      184ms  29%    Losses       0.015    │
│ Params           270.5K      Model       112ms  17%    policy       0.000    │
│ Steps             12.9M      Env          61ms   9%    value        0.003    │
│ SPS               29.5K      Copy          9ms   1%    entropy      0.024    │
│ Epoch              6319    Train         441ms  70%    old_kl       0.000    │
│ Uptime     7m 28s 600ms      Model       441ms  70%    kl          -0.000    │
│ To go         12s 586ms      Misc          0ms   0%    clipfrac     0.000    │
│                                                                              │
│ perf                          0.971   score                         0.942    │
│ episode_return                0.942   episode_length               13.691    │
│ invalids                      0.005                                          │
╰──────────────────────────────────────────────────────────────────────────────╯
╭──────────────────────────────────────────────────────────────────────────────╮
│ PufferLib 5.0            🐡    GPU:  88%   VRAM:   5.3/31G    RAM:  0.5G     │
│                                                                              │
│ Env         connect4cnn    Evaluate      184ms  29%    Losses       0.017    │
│ Params           270.5K      Model       112ms  17%    policy       0.000    │
│ Steps             13.0M      Env          61ms   9%    value        0.003    │
│ SPS               29.4K      Copy          9ms   1%    entropy      0.026    │
│ Epoch              6328    Train         443ms  70%    old_kl       0.000    │
│ Uptime     7m 29s 227ms      Model       443ms  70%    kl          -0.000    │
│ To go         11s 990ms      Misc          0ms   0%    clipfrac     0.000    │
│                                                                              │
│ perf                          0.963   score                         0.926    │
│ episode_return                0.926   episode_length               13.492    │
│ invalids                      0.009                                          │
╰──────────────────────────────────────────────────────────────────────────────╯
╭──────────────────────────────────────────────────────────────────────────────╮
│ PufferLib 5.0           🐡     GPU:  90%   VRAM:   5.3/31G    RAM:  0.5G     │
│                                                                              │
│ Env         connect4cnn    Evaluate      187ms  30%    Losses       0.016    │
│ Params           270.5K      Model       112ms  18%    policy      -0.000    │
│ Steps             13.0M      Env          60ms   9%    value        0.003    │
│ SPS               29.6K      Copy         12ms   1%    entropy      0.026    │
│ Epoch              6337    Train         435ms  69%    old_kl       0.000    │
│ Uptime     7m 29s 850ms      Model       435ms  69%    kl          -0.000    │
│ To go         11s 273ms      Misc          0ms   0%    clipfrac     0.000    │
│                                                                              │
│ perf                          0.967   score                         0.934    │
│ episode_return                0.934   episode_length               13.674    │
│ invalids                      0.012                                          │
╰──────────────────────────────────────────────────────────────────────────────╯
╭──────────────────────────────────────────────────────────────────────────────╮
│ PufferLib 5.0          🐡      GPU:  91%   VRAM:   5.3/31G    RAM:  0.5G     │
│                                                                              │
│ Env         connect4cnn    Evaluate      184ms  29%    Losses       0.014    │
│ Params           270.5K      Model       112ms  18%    policy      -0.001    │
│ Steps             13.0M      Env          60ms   9%    value        0.003    │
│ SPS               29.6K      Copy          9ms   1%    entropy      0.025    │
│ Epoch              6346    Train         438ms  70%    old_kl       0.000    │
│ Uptime     7m 30s 472ms      Model       438ms  70%    kl          -0.000    │
│ To go         10s 648ms      Misc          0ms   0%    clipfrac     0.000    │
│                                                                              │
│ perf                          0.971   score                         0.942    │
│ episode_return                0.942   episode_length               13.666    │
│ invalids                      0.011                                          │
╰──────────────────────────────────────────────────────────────────────────────╯
╭──────────────────────────────────────────────────────────────────────────────╮
│ PufferLib 5.0         🐡       GPU:  91%   VRAM:   5.3/31G    RAM:  0.5G     │
│                                                                              │
│ Env         connect4cnn    Evaluate      182ms  29%    Losses       0.016    │
│ Params           270.5K      Model       112ms  17%    policy      -0.001    │
│ Steps             13.0M      Env          60ms   9%    value        0.003    │
│ SPS               29.4K      Copy          8ms   1%    entropy      0.025    │
│ Epoch              6355    Train         444ms  70%    old_kl      -0.000    │
│ Uptime     7m 31s 099ms      Model       444ms  70%    kl          -0.000    │
│ To go         10s 105ms      Misc          0ms   0%    clipfrac     0.000    │
│                                                                              │
│ perf                          0.968   score                         0.936    │
│ episode_return                0.936   episode_length               13.679    │
│ invalids                      0.012                                          │
╰──────────────────────────────────────────────────────────────────────────────╯
╭──────────────────────────────────────────────────────────────────────────────╮
│ PufferLib 5.0        🐡        GPU:  87%   VRAM:   5.3/31G    RAM:  0.5G     │
│                                                                              │
│ Env         connect4cnn    Evaluate      185ms  29%    Losses       0.018    │
│ Params           270.5K      Model       112ms  17%    policy       0.001    │
│ Steps             13.0M      Env          60ms   9%    value        0.003    │
│ SPS               29.5K      Copy         10ms   1%    entropy      0.025    │
│ Epoch              6364    Train         440ms  70%    old_kl      -0.000    │
│ Uptime     7m 31s 725ms      Model       440ms  70%    kl          -0.000    │
│ To go          9s 452ms      Misc          0ms   0%    clipfrac     0.000    │
│                                                                              │
│ perf                          0.971   score                         0.942    │
│ episode_return                0.942   episode_length               13.735    │
│ invalids                      0.008                                          │
╰──────────────────────────────────────────────────────────────────────────────╯
╭──────────────────────────────────────────────────────────────────────────────╮
│ PufferLib 5.0       🐡         GPU:  87%   VRAM:   5.3/31G    RAM:  0.5G     │
│                                                                              │
│ Env         connect4cnn    Evaluate      184ms  29%    Losses       0.018    │
│ Params           270.5K      Model       113ms  18%    policy      -0.000    │
│ Steps             13.1M      Env          60ms   9%    value        0.004    │
│ SPS               29.6K      Copy         10ms   1%    entropy      0.025    │
│ Epoch              6373    Train         438ms  70%    old_kl       0.000    │
│ Uptime     7m 32s 348ms      Model       438ms  70%    kl          -0.000    │
│ To go          8s 794ms      Misc          0ms   0%    clipfrac     0.000    │
│                                                                              │
│ perf                          0.966   score                         0.933    │
│ episode_return                0.933   episode_length               13.486    │
│ invalids                      0.008                                          │
╰──────────────────────────────────────────────────────────────────────────────╯
╭──────────────────────────────────────────────────────────────────────────────╮
│ PufferLib 5.0      🐡          GPU:  93%   VRAM:   5.3/31G    RAM:  0.5G     │
│                                                                              │
│ Env         connect4cnn    Evaluate      183ms  29%    Losses       0.016    │
│ Params           270.5K      Model       113ms  18%    policy       0.001    │
│ Steps             13.1M      Env          59ms   9%    value        0.003    │
│ SPS               29.5K      Copy          9ms   1%    entropy      0.025    │
│ Epoch              6382    Train         440ms  70%    old_kl      -0.000    │
│ Uptime     7m 32s 972ms      Model       440ms  70%    kl          -0.000    │
│ To go          8s 181ms      Misc          0ms   0%    clipfrac     0.000    │
│                                                                              │
│ perf                          0.967   score                         0.934    │
│ episode_return                0.934   episode_length               13.670    │
│ invalids                      0.008                                          │
╰──────────────────────────────────────────────────────────────────────────────╯
╭──────────────────────────────────────────────────────────────────────────────╮
│ PufferLib 5.0     🐡           GPU:  87%   VRAM:   5.3/31G    RAM:  0.5G     │
│                                                                              │
│ Env         connect4cnn    Evaluate      183ms  29%    Losses       0.022    │
│ Params           270.5K      Model       112ms  17%    policy       0.004    │
│ Steps             13.1M      Env          60ms   9%    value        0.004    │
│ SPS               29.4K      Copy          9ms   1%    entropy      0.026    │
│ Epoch              6391    Train         442ms  70%    old_kl      -0.000    │
│ Uptime     7m 33s 598ms      Model       442ms  70%    kl          -0.000    │
│ To go          7s 582ms      Misc          0ms   0%    clipfrac     0.000    │
│                                                                              │
│ perf                          0.963   score                         0.926    │
│ episode_return                0.926   episode_length               13.833    │
│ invalids                      0.011                                          │
╰──────────────────────────────────────────────────────────────────────────────╯
╭──────────────────────────────────────────────────────────────────────────────╮
│ PufferLib 5.0    🐡            GPU:  87%   VRAM:   5.3/31G    RAM:  0.5G     │
│                                                                              │
│ Env         connect4cnn    Evaluate      184ms  29%    Losses       0.018    │
│ Params           270.5K      Model       112ms  18%    policy       0.000    │
│ Steps             13.1M      Env          60ms   9%    value        0.004    │
│ SPS               29.6K      Copy         10ms   1%    entropy      0.026    │
│ Epoch              6400    Train         438ms  70%    old_kl       0.000    │
│ Uptime     7m 34s 221ms      Model       438ms  70%    kl          -0.000    │
│ To go          6s 918ms      Misc          0ms   0%    clipfrac     0.000    │
│                                                                              │
│ perf                          0.969   score                         0.938    │
│ episode_return                0.938   episode_length               13.682    │
│ invalids                      0.007                                          │
╰──────────────────────────────────────────────────────────────────────────────╯
╭──────────────────────────────────────────────────────────────────────────────╮
│ PufferLib 5.0   🐡             GPU:  93%   VRAM:   5.3/31G    RAM:  0.5G     │
│                                                                              │
│ Env         connect4cnn    Evaluate      183ms  29%    Losses       0.016    │
│ Params           270.5K      Model       112ms  18%    policy      -0.001    │
│ Steps             13.1M      Env          59ms   9%    value        0.003    │
│ SPS               29.6K      Copy         10ms   1%    entropy      0.027    │
│ Epoch              6409    Train         439ms  70%    old_kl       0.000    │
│ Uptime     7m 34s 843ms      Model       439ms  70%    kl          -0.000    │
│ To go          6s 294ms      Misc          0ms   0%    clipfrac     0.000    │
│                                                                              │
│ perf                          0.963   score                         0.926    │
│ episode_return                0.926   episode_length               13.745    │
│ invalids                      0.010                                          │
╰──────────────────────────────────────────────────────────────────────────────╯
╭──────────────────────────────────────────────────────────────────────────────╮
│ PufferLib 5.0  🐡              GPU:  89%   VRAM:   5.3/31G    RAM:  0.5G     │
│                                                                              │
│ Env         connect4cnn    Evaluate      183ms  29%    Losses       0.015    │
│ Params           270.5K      Model       113ms  18%    policy       0.000    │
│ Steps             13.1M      Env          60ms   9%    value        0.003    │
│ SPS               29.5K      Copy          9ms   1%    entropy      0.024    │
│ Epoch              6418    Train         441ms  70%    old_kl      -0.000    │
│ Uptime     7m 35s 468ms      Model       441ms  70%    kl          -0.000    │
│ To go          5s 691ms      Misc          0ms   0%    clipfrac     0.000    │
│                                                                              │
│ perf                          0.970   score                         0.940    │
│ episode_return                0.940   episode_length               13.670    │
│ invalids                      0.007                                          │
╰──────────────────────────────────────────────────────────────────────────────╯
╭──────────────────────────────────────────────────────────────────────────────╮
│ PufferLib 5.0 🐡               GPU:  89%   VRAM:   5.3/31G    RAM:  0.5G     │
│                                                                              │
│ Env         connect4cnn    Evaluate      183ms  29%    Losses       0.015    │
│ Params           270.5K      Model       112ms  18%    policy       0.000    │
│ Steps             13.2M      Env          60ms   9%    value        0.003    │
│ SPS               29.5K      Copy          9ms   1%    entropy      0.026    │
│ Epoch              6427    Train         440ms  70%    old_kl      -0.000    │
│ Uptime     7m 36s 092ms      Model       440ms  70%    kl          -0.000    │
│ To go          5s 061ms      Misc          0ms   0%    clipfrac     0.000    │
│                                                                              │
│ perf                          0.970   score                         0.940    │
│ episode_return                0.940   episode_length               13.637    │
│ invalids                      0.007                                          │
╰──────────────────────────────────────────────────────────────────────────────╯
╭──────────────────────────────────────────────────────────────────────────────╮
│ PufferLib 5.0🐡                GPU:  91%   VRAM:   5.3/31G    RAM:  0.5G     │
│                                                                              │
│ Env         connect4cnn    Evaluate      185ms  29%    Losses       0.018    │
│ Params           270.5K      Model       112ms  18%    policy       0.001    │
│ Steps             13.2M      Env          60ms   9%    value        0.003    │
│ SPS               29.6K      Copy         11ms   1%    entropy      0.025    │
│ Epoch              6436    Train         437ms  70%    old_kl      -0.000    │
│ Uptime     7m 36s 715ms      Model       437ms  70%    kl          -0.000    │
│ To go          4s 432ms      Misc          0ms   0%    clipfrac     0.000    │
│                                                                              │
│ perf                          0.960   score                         0.920    │
│ episode_return                0.920   episode_length               13.636    │
│ invalids                      0.013                                          │
╰──────────────────────────────────────────────────────────────────────────────╯
╭──────────────────────────────────────────────────────────────────────────────╮
│ PufferLib 5.0               🐡 GPU:  91%   VRAM:   5.3/31G    RAM:  0.5G     │
│                                                                              │
│ Env         connect4cnn    Evaluate      186ms  29%    Losses       0.018    │
│ Params           270.5K      Model       112ms  17%    policy       0.001    │
│ Steps             13.2M      Env          60ms   9%    value        0.003    │
│ SPS               29.4K      Copy         11ms   1%    entropy      0.024    │
│ Epoch              6445    Train         440ms  70%    old_kl      -0.000    │
│ Uptime     7m 37s 341ms      Model       440ms  70%    kl          -0.000    │
│ To go          3s 826ms      Misc          0ms   0%    clipfrac     0.000    │
│                                                                              │
│ perf                          0.964   score                         0.929    │
│ episode_return                0.929   episode_length               13.658    │
│ invalids                      0.010                                          │
╰──────────────────────────────────────────────────────────────────────────────╯
╭──────────────────────────────────────────────────────────────────────────────╮
│ PufferLib 5.0              🐡  GPU:  93%   VRAM:   5.3/31G    RAM:  0.5G     │
│                                                                              │
│ Env         connect4cnn    Evaluate      184ms  29%    Losses       0.015    │
│ Params           270.5K      Model       112ms  18%    policy      -0.001    │
│ Steps             13.2M      Env          60ms   9%    value        0.003    │
│ SPS               29.6K      Copy         10ms   1%    entropy      0.025    │
│ Epoch              6454    Train         438ms  70%    old_kl      -0.000    │
│ Uptime     7m 37s 964ms      Model       438ms  70%    kl          -0.000    │
│ To go          3s 186ms      Misc          0ms   0%    clipfrac     0.000    │
│                                                                              │
│ perf                          0.969   score                         0.937    │
│ episode_return                0.937   episode_length               13.743    │
│ invalids                      0.006                                          │
╰──────────────────────────────────────────────────────────────────────────────╯
╭──────────────────────────────────────────────────────────────────────────────╮
│ PufferLib 5.0             🐡   GPU:  86%   VRAM:   5.3/31G    RAM:  0.5G     │
│                                                                              │
│ Env         connect4cnn    Evaluate      186ms  29%    Losses       0.016    │
│ Params           270.5K      Model       112ms  18%    policy       0.000    │
│ Steps             13.2M      Env          61ms   9%    value        0.003    │
│ SPS               29.6K      Copy         10ms   1%    entropy      0.025    │
│ Epoch              6463    Train         437ms  70%    old_kl       0.000    │
│ Uptime     7m 38s 588ms      Model       437ms  70%    kl          -0.000    │
│ To go          2s 564ms      Misc          0ms   0%    clipfrac     0.000    │
│                                                                              │
│ perf                          0.965   score                         0.930    │
│ episode_return                0.930   episode_length               13.703    │
│ invalids                      0.009                                          │
╰──────────────────────────────────────────────────────────────────────────────╯
╭──────────────────────────────────────────────────────────────────────────────╮
│ PufferLib 5.0            🐡    GPU:  86%   VRAM:   5.3/31G    RAM:  0.5G     │
│                                                                              │
│ Env         connect4cnn    Evaluate      187ms  29%    Losses       0.016    │
│ Params           270.5K      Model       112ms  17%    policy      -0.001    │
│ Steps             13.3M      Env          63ms  10%    value        0.003    │
│ SPS               29.4K      Copy         10ms   1%    entropy      0.025    │
│ Epoch              6472    Train         439ms  70%    old_kl       0.000    │
│ Uptime     7m 39s 215ms      Model       439ms  70%    kl          -0.000    │
│ To go          1s 951ms      Misc          0ms   0%    clipfrac     0.000    │
│                                                                              │
│ perf                          0.963   score                         0.926    │
│ episode_return                0.926   episode_length               13.553    │
│ invalids                      0.008                                          │
╰──────────────────────────────────────────────────────────────────────────────╯
╭──────────────────────────────────────────────────────────────────────────────╮
│ PufferLib 5.0           🐡     GPU:  93%   VRAM:   5.3/31G    RAM:  0.5G     │
│                                                                              │
│ Env         connect4cnn    Evaluate      186ms  29%    Losses       0.019    │
│ Params           270.5K      Model       112ms  18%    policy       0.002    │
│ Steps             13.3M      Env          61ms   9%    value        0.003    │
│ SPS               29.5K      Copy         10ms   1%    entropy      0.027    │
│ Epoch              6481    Train         438ms  70%    old_kl      -0.000    │
│ Uptime     7m 39s 839ms      Model       438ms  70%    kl          -0.000    │
│ To go          1s 318ms      Misc          0ms   0%    clipfrac     0.000    │
│                                                                              │
│ perf                          0.959   score                         0.917    │
│ episode_return                0.917   episode_length               13.919    │
│ invalids                      0.013                                          │
╰──────────────────────────────────────────────────────────────────────────────╯
╭──────────────────────────────────────────────────────────────────────────────╮
│ PufferLib 5.0          🐡      GPU:  88%   VRAM:   5.3/31G    RAM:  0.5G     │
│                                                                              │
│ Env         connect4cnn    Evaluate      185ms  29%    Losses       0.018    │
│ Params           270.5K      Model       112ms  18%    policy       0.001    │
│ Steps             13.3M      Env          61ms   9%    value        0.004    │
│ SPS               29.6K      Copy         10ms   1%    entropy      0.026    │
│ Epoch              6490    Train         438ms  70%    old_kl       0.000    │
│ Uptime     7m 40s 462ms      Model       438ms  70%    kl          -0.000    │
│ To go             692ms      Misc          0ms   0%    clipfrac     0.000    │
│                                                                              │
│ perf                          0.961   score                         0.923    │
│ episode_return                0.923   episode_length               13.651    │
│ invalids                      0.010                                          │
╰──────────────────────────────────────────────────────────────────────────────╯
╭──────────────────────────────────────────────────────────────────────────────╮
│ PufferLib 5.0         🐡       GPU:  88%   VRAM:   5.3/31G    RAM:  0.5G     │
│                                                                              │
│ Env         connect4cnn    Evaluate      185ms  29%    Losses       0.017    │
│ Params           270.5K      Model       112ms  18%    policy       0.000    │
│ Steps             13.3M      Env          61ms   9%    value        0.003    │
│ SPS               29.5K      Copy          9ms   1%    entropy      0.026    │
│ Epoch              6499    Train         440ms  70%    old_kl       0.000    │
│ Uptime     7m 41s 088ms      Model       440ms  70%    kl          -0.000    │
│ To go              70ms      Misc          0ms   0%    clipfrac     0.000    │
│                                                                              │
│ perf                          0.962   score                         0.924    │
│ episode_return                0.924   episode_length               13.736    │
│ invalids                      0.013                                          │
╰──────────────────────────────────────────────────────────────────────────────╯
╭──────────────────────────────────────────────────────────────────────────────╮
│ PufferLib 5.0        🐡        GPU:  88%   VRAM:   5.3/31G    RAM:  0.5G     │
│                                                                              │
│ Env         connect4cnn    Evaluate       21ms  29%    Losses       0.020    │
│ Params           270.5K      Model        12ms  17%    policy      -0.003    │
│ Steps             13.3M      Env           7ms   9%    value        0.005    │
│ SPS               28.8K      Copy          1ms   1%    entropy      0.027    │
│ Epoch              6500    Train          50ms  70%    old_kl       0.000    │
│ Uptime     7m 41s 159ms      Model        50ms  70%    kl          -0.000    │
│ To go               0ms      Misc          0ms   0%    clipfrac     0.000    │
│                                                                              │
│ perf                          0.974   score                         0.948    │
│ episode_return                0.948   episode_length               13.438    │
│ invalids                      0.000                                          │
╰──────────────────────────────────────────────────────────────────────────────╯
