╭──────────────────────────────────────────────────────────────────────────────╮
│ PufferLib 5.0               🐡 GPU:  16%   VRAM:   3.2/31G    RAM:  0.5G     │
│                                                                              │
│ Env         connect4cnn    Evaluate       56ms  98%    Losses       0.885    │
│ Params           160.7K      Model        46ms  80%    policy       0.360    │
│ Steps              2.0K      Env           9ms  15%    value        0.105    │
│ SPS               35.8K      Copy          1ms   1%    entropy      1.938    │
│ Epoch                 1    Train           1ms   1%    old_kl      -0.000    │
│ Uptime             57ms      Model         1ms   1%    kl           0.000    │
│ To go      6m 11s 770ms      Misc          0ms   0%    clipfrac     0.000    │
│                                                                              │
│ perf                          0.000   score                        -0.934    │
│ episode_return               -0.934   episode_length                6.276    │
│ invalids                      0.030                                          │
╰──────────────────────────────────────────────────────────────────────────────╯
╭──────────────────────────────────────────────────────────────────────────────╮
│ PufferLib 5.0              🐡  GPU:  16%   VRAM:   3.2/31G    RAM:  0.5G     │
│                                                                              │
│ Env         connect4cnn    Evaluate      549ms  90%    Losses       0.677    │
│ Params           160.7K      Model        62ms  10%    policy       0.287    │
│ Steps            100.4K      Env         386ms  63%    value        0.078    │
│ SPS              161.3K      Copy         87ms  14%    entropy      1.938    │
│ Epoch                49    Train          55ms   9%    old_kl      -0.000    │
│ Uptime            667ms      Model        54ms   8%    kl           0.000    │
│ To go      1m 21s 892ms      Misc          1ms   0%    clipfrac     0.000    │
│                                                                              │
│ perf                          0.001   score                        -0.959    │
│ episode_return               -0.959   episode_length                6.622    │
│ invalids                      0.037                                          │
╰──────────────────────────────────────────────────────────────────────────────╯
╭──────────────────────────────────────────────────────────────────────────────╮
│ PufferLib 5.0             🐡   GPU:  36%   VRAM:   3.2/31G    RAM:  0.5G     │
│                                                                              │
│ Env         connect4cnn    Evaluate      553ms  90%    Losses       0.296    │
│ Params           160.7K      Model        62ms  10%    policy       0.127    │
│ Steps            198.7K      Env         385ms  63%    value        0.034    │
│ SPS              161.0K      Copy         94ms  15%    entropy      1.938    │
│ Epoch                97    Train          55ms   9%    old_kl      -0.000    │
│ Uptime         1s 277ms      Model        54ms   8%    kl           0.000    │
│ To go      1m 21s 428ms      Misc          1ms   0%    clipfrac     0.000    │
│                                                                              │
│ perf                          0.001   score                        -0.959    │
│ episode_return               -0.959   episode_length                6.604    │
│ invalids                      0.034                                          │
╰──────────────────────────────────────────────────────────────────────────────╯
╭──────────────────────────────────────────────────────────────────────────────╮
│ PufferLib 5.0            🐡    GPU:  35%   VRAM:   3.2/31G    RAM:  0.5G     │
│                                                                              │
│ Env         connect4cnn    Evaluate      553ms  90%    Losses       0.100    │
│ Params           160.7K      Model        62ms  10%    policy       0.004    │
│ Steps            297.0K      Env         389ms  64%    value        0.019    │
│ SPS              161.2K      Copy         92ms  15%    entropy      1.938    │
│ Epoch               145    Train          55ms   9%    old_kl       0.000    │
│ Uptime         1s 887ms      Model        54ms   8%    kl           0.000    │
│ To go      1m 20s 719ms      Misc          1ms   0%    clipfrac     0.000    │
│                                                                              │
│ perf                          0.001   score                        -0.958    │
│ episode_return               -0.958   episode_length                6.616    │
│ invalids                      0.035                                          │
╰──────────────────────────────────────────────────────────────────────────────╯
╭──────────────────────────────────────────────────────────────────────────────╮
│ PufferLib 5.0           🐡     GPU:  35%   VRAM:   3.2/31G    RAM:  0.5G     │
│                                                                              │
│ Env         connect4cnn    Evaluate      548ms  90%    Losses       0.095    │
│ Params           160.7K      Model        62ms  10%    policy       0.003    │
│ Steps            395.3K      Env         385ms  63%    value        0.018    │
│ SPS              162.1K      Copy         89ms  14%    entropy      1.938    │
│ Epoch               193    Train          55ms   9%    old_kl      -0.000    │
│ Uptime         2s 493ms      Model        54ms   8%    kl           0.000    │
│ To go      1m 19s 660ms      Misc          1ms   0%    clipfrac     0.000    │
│                                                                              │
│ perf                          0.001   score                        -0.961    │
│ episode_return               -0.961   episode_length                6.629    │
│ invalids                      0.034                                          │
╰──────────────────────────────────────────────────────────────────────────────╯
╭──────────────────────────────────────────────────────────────────────────────╮
│ PufferLib 5.0          🐡      GPU:  34%   VRAM:   3.2/31G    RAM:  0.5G     │
│                                                                              │
│ Env         connect4cnn    Evaluate      556ms  91%    Losses       0.094    │
│ Params           160.7K      Model        62ms  10%    policy       0.004    │
│ Steps            493.6K      Env         392ms  64%    value        0.018    │
│ SPS              160.5K      Copy         91ms  14%    entropy      1.938    │
│ Epoch               241    Train          55ms   8%    old_kl       0.000    │
│ Uptime         3s 106ms      Model        54ms   8%    kl           0.000    │
│ To go      1m 19s 882ms      Misc          1ms   0%    clipfrac     0.000    │
│                                                                              │
│ perf                          0.001   score                        -0.960    │
│ episode_return               -0.960   episode_length                6.666    │
│ invalids                      0.035                                          │
╰──────────────────────────────────────────────────────────────────────────────╯
╭──────────────────────────────────────────────────────────────────────────────╮
│ PufferLib 5.0         🐡       GPU:  37%   VRAM:   3.2/31G    RAM:  0.5G     │
│                                                                              │
│ Env         connect4cnn    Evaluate      551ms  90%    Losses       0.089    │
│ Params           160.7K      Model        62ms  10%    policy       0.003    │
│ Steps            591.9K      Env         385ms  63%    value        0.017    │
│ SPS              161.4K      Copy         88ms  14%    entropy      1.936    │
│ Epoch               289    Train          55ms   9%    old_kl       0.000    │
│ Uptime         3s 714ms      Model        54ms   8%    kl           0.000    │
│ To go      1m 18s 794ms      Misc          1ms   0%    clipfrac     0.000    │
│                                                                              │
│ perf                          0.000   score                        -0.961    │
│ episode_return               -0.961   episode_length                6.672    │
│ invalids                      0.037                                          │
╰──────────────────────────────────────────────────────────────────────────────╯
╭──────────────────────────────────────────────────────────────────────────────╮
│ PufferLib 5.0        🐡        GPU:  37%   VRAM:   3.2/31G    RAM:  0.5G     │
│                                                                              │
│ Env         connect4cnn    Evaluate      553ms  90%    Losses       0.091    │
│ Params           160.7K      Model        62ms  10%    policy       0.002    │
│ Steps            690.2K      Env         384ms  63%    value        0.018    │
│ SPS              161.3K      Copy         95ms  15%    entropy      1.934    │
│ Epoch               337    Train          55ms   9%    old_kl       0.000    │
│ Uptime         4s 324ms      Model        54ms   8%    kl           0.000    │
│ To go      1m 18s 269ms      Misc          1ms   0%    clipfrac     0.000    │
│                                                                              │
│ perf                          0.001   score                        -0.957    │
│ episode_return               -0.957   episode_length                6.669    │
│ invalids                      0.036                                          │
╰──────────────────────────────────────────────────────────────────────────────╯
╭──────────────────────────────────────────────────────────────────────────────╮
│ PufferLib 5.0       🐡         GPU:  34%   VRAM:   3.2/31G    RAM:  0.5G     │
│                                                                              │
│ Env         connect4cnn    Evaluate      549ms  90%    Losses       0.088    │
│ Params           160.7K      Model        62ms  10%    policy       0.001    │
│ Steps            788.5K      Env         386ms  63%    value        0.017    │
│ SPS              162.3K      Copy         91ms  15%    entropy      1.930    │
│ Epoch               385    Train          55ms   9%    old_kl       0.000    │
│ Uptime         4s 930ms      Model        54ms   8%    kl           0.000    │
│ To go      1m 17s 159ms      Misc          1ms   0%    clipfrac     0.000    │
│                                                                              │
│ perf                          0.001   score                        -0.959    │
│ episode_return               -0.959   episode_length                6.717    │
│ invalids                      0.036                                          │
╰──────────────────────────────────────────────────────────────────────────────╯
╭──────────────────────────────────────────────────────────────────────────────╮
│ PufferLib 5.0      🐡          GPU:  34%   VRAM:   3.2/31G    RAM:  0.5G     │
│                                                                              │
│ Env         connect4cnn    Evaluate      554ms  91%    Losses       0.085    │
│ Params           160.7K      Model        62ms  10%    policy       0.002    │
│ Steps            886.8K      Env         385ms  63%    value        0.017    │
│ SPS              161.1K      Copy         93ms  15%    entropy      1.924    │
│ Epoch               433    Train          55ms   8%    old_kl      -0.000    │
│ Uptime         5s 540ms      Model        54ms   8%    kl           0.000    │
│ To go      1m 17s 104ms      Misc          1ms   0%    clipfrac     0.000    │
│                                                                              │
│ perf                          0.000   score                        -0.960    │
│ episode_return               -0.960   episode_length                6.692    │
│ invalids                      0.038                                          │
╰──────────────────────────────────────────────────────────────────────────────╯
╭──────────────────────────────────────────────────────────────────────────────╮
│ PufferLib 5.0     🐡           GPU:  36%   VRAM:   3.2/31G    RAM:  0.5G     │
│                                                                              │
│ Env         connect4cnn    Evaluate      550ms  90%    Losses       0.083    │
│ Params           160.7K      Model        62ms  10%    policy       0.000    │
│ Steps            985.1K      Env         384ms  63%    value        0.017    │
│ SPS              162.2K      Copy         90ms  14%    entropy      1.916    │
│ Epoch               481    Train          55ms   9%    old_kl       0.000    │
│ Uptime         6s 146ms      Model        54ms   8%    kl           0.000    │
│ To go      1m 16s 018ms      Misc          1ms   0%    clipfrac     0.000    │
│                                                                              │
│ perf                          0.001   score                        -0.962    │
│ episode_return               -0.962   episode_length                6.814    │
│ invalids                      0.045                                          │
╰──────────────────────────────────────────────────────────────────────────────╯
╭──────────────────────────────────────────────────────────────────────────────╮
│ PufferLib 5.0    🐡            GPU:  36%   VRAM:   3.2/31G    RAM:  0.5G     │
│                                                                              │
│ Env         connect4cnn    Evaluate      552ms  90%    Losses       0.083    │
│ Params           160.7K      Model        62ms  10%    policy       0.001    │
│ Steps              1.1M      Env         386ms  63%    value        0.016    │
│ SPS              161.6K      Copy         94ms  15%    entropy      1.907    │
│ Epoch               529    Train          55ms   9%    old_kl       0.000    │
│ Uptime         6s 754ms      Model        54ms   8%    kl           0.000    │
│ To go      1m 15s 684ms      Misc          1ms   0%    clipfrac     0.000    │
│                                                                              │
│ perf                          0.001   score                        -0.958    │
│ episode_return               -0.958   episode_length                6.784    │
│ invalids                      0.045                                          │
╰──────────────────────────────────────────────────────────────────────────────╯
╭──────────────────────────────────────────────────────────────────────────────╮
│ PufferLib 5.0   🐡             GPU:  36%   VRAM:   3.2/31G    RAM:  0.5G     │
│                                                                              │
│ Env         connect4cnn    Evaluate      548ms  90%    Losses       0.081    │
│ Params           160.7K      Model        62ms  10%    policy       0.001    │
│ Steps              1.2M      Env         384ms  63%    value        0.016    │
│ SPS              162.4K      Copy         90ms  14%    entropy      1.897    │
│ Epoch               577    Train          55ms   9%    old_kl      -0.000    │
│ Uptime         7s 360ms      Model        54ms   8%    kl           0.000    │
│ To go      1m 14s 694ms      Misc          1ms   0%    clipfrac     0.000    │
│                                                                              │
│ perf                          0.001   score                        -0.960    │
│ episode_return               -0.960   episode_length                6.835    │
│ invalids                      0.049                                          │
╰──────────────────────────────────────────────────────────────────────────────╯
╭──────────────────────────────────────────────────────────────────────────────╮
│ PufferLib 5.0  🐡              GPU:  34%   VRAM:   3.2/31G    RAM:  0.5G     │
│                                                                              │
│ Env         connect4cnn    Evaluate      550ms  90%    Losses       0.078    │
│ Params           160.7K      Model        62ms  10%    policy       0.001    │
│ Steps              1.3M      Env         387ms  63%    value        0.016    │
│ SPS              162.0K      Copy         89ms  14%    entropy      1.888    │
│ Epoch               625    Train          55ms   9%    old_kl       0.000    │
│ Uptime         7s 967ms      Model        54ms   8%    kl           0.000    │
│ To go      1m 14s 282ms      Misc          1ms   0%    clipfrac     0.000    │
│                                                                              │
│ perf                          0.001   score                        -0.961    │
│ episode_return               -0.961   episode_length                6.802    │
│ invalids                      0.046                                          │
╰──────────────────────────────────────────────────────────────────────────────╯
╭──────────────────────────────────────────────────────────────────────────────╮
│ PufferLib 5.0 🐡               GPU:  34%   VRAM:   3.2/31G    RAM:  0.5G     │
│                                                                              │
│ Env         connect4cnn    Evaluate      550ms  90%    Losses       0.081    │
│ Params           160.7K      Model        62ms  10%    policy      -0.000    │
│ Steps              1.4M      Env         384ms  63%    value        0.016    │
│ SPS              162.0K      Copy         92ms  15%    entropy      1.877    │
│ Epoch               673    Train          55ms   9%    old_kl      -0.000    │
│ Uptime         8s 573ms      Model        54ms   8%    kl          -0.000    │
│ To go      1m 13s 663ms      Misc          1ms   0%    clipfrac     0.000    │
│                                                                              │
│ perf                          0.001   score                        -0.955    │
│ episode_return               -0.955   episode_length                6.860    │
│ invalids                      0.048                                          │
╰──────────────────────────────────────────────────────────────────────────────╯
╭──────────────────────────────────────────────────────────────────────────────╮
│ PufferLib 5.0🐡                GPU:  36%   VRAM:   3.2/31G    RAM:  0.5G     │
│                                                                              │
│ Env         connect4cnn    Evaluate      547ms  90%    Losses       0.075    │
│ Params           160.7K      Model        62ms  10%    policy      -0.000    │
│ Steps              1.5M      Env         384ms  63%    value        0.015    │
│ SPS              162.8K      Copy         90ms  14%    entropy      1.865    │
│ Epoch               721    Train          55ms   9%    old_kl       0.000    │
│ Uptime         9s 177ms      Model        54ms   8%    kl          -0.000    │
│ To go      1m 12s 683ms      Misc          1ms   0%    clipfrac     0.000    │
│                                                                              │
│ perf                          0.000   score                        -0.960    │
│ episode_return               -0.960   episode_length                6.902    │
│ invalids                      0.049                                          │
╰──────────────────────────────────────────────────────────────────────────────╯
╭──────────────────────────────────────────────────────────────────────────────╮
│ PufferLib 5.0               🐡 GPU:  36%   VRAM:   3.2/31G    RAM:  0.5G     │
│                                                                              │
│ Env         connect4cnn    Evaluate      548ms  90%    Losses       0.078    │
│ Params           160.7K      Model        62ms  10%    policy       0.000    │
│ Steps              1.6M      Env         385ms  63%    value        0.016    │
│ SPS              162.5K      Copy         91ms  15%    entropy      1.848    │
│ Epoch               769    Train          55ms   9%    old_kl      -0.000    │
│ Uptime         9s 782ms      Model        54ms   8%    kl          -0.000    │
│ To go      1m 12s 221ms      Misc          1ms   0%    clipfrac     0.000    │
│                                                                              │
│ perf                          0.001   score                        -0.959    │
│ episode_return               -0.959   episode_length                6.960    │
│ invalids                      0.049                                          │
╰──────────────────────────────────────────────────────────────────────────────╯
╭──────────────────────────────────────────────────────────────────────────────╮
│ PufferLib 5.0              🐡  GPU:  36%   VRAM:   3.2/31G    RAM:  0.5G     │
│                                                                              │
│ Env         connect4cnn    Evaluate      547ms  90%    Losses       0.081    │
│ Params           160.7K      Model        62ms  10%    policy      -0.000    │
│ Steps              1.7M      Env         384ms  63%    value        0.016    │
│ SPS              162.5K      Copy         89ms  14%    entropy      1.824    │
│ Epoch               817    Train          55ms   9%    old_kl      -0.000    │
│ Uptime        10s 387ms      Model        54ms   8%    kl          -0.000    │
│ To go      1m 11s 610ms      Misc          1ms   0%    clipfrac     0.000    │
│                                                                              │
│ perf                          0.002   score                        -0.959    │
│ episode_return               -0.959   episode_length                7.059    │
│ invalids                      0.046                                          │
╰──────────────────────────────────────────────────────────────────────────────╯
╭──────────────────────────────────────────────────────────────────────────────╮
│ PufferLib 5.0             🐡   GPU:  35%   VRAM:   3.2/31G    RAM:  0.5G     │
│                                                                              │
│ Env         connect4cnn    Evaluate      547ms  90%    Losses       0.080    │
│ Params           160.7K      Model        62ms  10%    policy      -0.001    │
│ Steps              1.8M      Env         384ms  63%    value        0.016    │
│ SPS              163.0K      Copy         91ms  15%    entropy      1.797    │
│ Epoch               865    Train          55ms   9%    old_kl      -0.000    │
│ Uptime        10s 990ms      Model        54ms   8%    kl          -0.000    │
│ To go      1m 10s 791ms      Misc          1ms   0%    clipfrac     0.000    │
│                                                                              │
│ perf                          0.002   score                        -0.962    │
│ episode_return               -0.962   episode_length                7.088    │
│ invalids                      0.047                                          │
╰──────────────────────────────────────────────────────────────────────────────╯
╭──────────────────────────────────────────────────────────────────────────────╮
│ PufferLib 5.0            🐡    GPU:  35%   VRAM:   3.2/31G    RAM:  0.5G     │
│                                                                              │
│ Env         connect4cnn    Evaluate      546ms  90%    Losses       0.083    │
│ Params           160.7K      Model        62ms  10%    policy      -0.000    │
│ Steps              1.9M      Env         384ms  63%    value        0.017    │
│ SPS              163.3K      Copy         88ms  14%    entropy      1.758    │
│ Epoch               913    Train          55ms   9%    old_kl      -0.000    │
│ Uptime        11s 592ms      Model        54ms   8%    kl          -0.000    │
│ To go      1m 10s 084ms      Misc          1ms   0%    clipfrac     0.000    │
│                                                                              │
│ perf                          0.002   score                        -0.958    │
│ episode_return               -0.958   episode_length                7.179    │
│ invalids                      0.050                                          │
╰──────────────────────────────────────────────────────────────────────────────╯
╭──────────────────────────────────────────────────────────────────────────────╮
│ PufferLib 5.0           🐡     GPU:  35%   VRAM:   3.2/31G    RAM:  0.5G     │
│                                                                              │
│ Env         connect4cnn    Evaluate      547ms  90%    Losses       0.089    │
│ Params           160.7K      Model        62ms  10%    policy      -0.001    │
│ Steps              2.0M      Env         383ms  63%    value        0.018    │
│ SPS              162.5K      Copy         91ms  15%    entropy      1.715    │
│ Epoch               961    Train          55ms   9%    old_kl      -0.000    │
│ Uptime        12s 197ms      Model        54ms   8%    kl          -0.000    │
│ To go      1m 09s 801ms      Misc          1ms   0%    clipfrac     0.000    │
│                                                                              │
│ perf                          0.004   score                        -0.953    │
│ episode_return               -0.953   episode_length                7.309    │
│ invalids                      0.050                                          │
╰──────────────────────────────────────────────────────────────────────────────╯
╭──────────────────────────────────────────────────────────────────────────────╮
│ PufferLib 5.0          🐡      GPU:  35%   VRAM:   3.2/31G    RAM:  0.5G     │
│                                                                              │
│ Env         connect4cnn    Evaluate      544ms  90%    Losses       0.089    │
│ Params           160.7K      Model        62ms  10%    policy      -0.000    │
│ Steps              2.1M      Env         381ms  63%    value        0.018    │
│ SPS              163.4K      Copy         86ms  14%    entropy      1.654    │
│ Epoch              1009    Train          55ms   9%    old_kl       0.000    │
│ Uptime        12s 798ms      Model        54ms   9%    kl          -0.000    │
│ To go      1m 08s 803ms      Misc          1ms   0%    clipfrac     0.000    │
│                                                                              │
│ perf                          0.004   score                        -0.950    │
│ episode_return               -0.950   episode_length                7.354    │
│ invalids                      0.052                                          │
╰──────────────────────────────────────────────────────────────────────────────╯
╭──────────────────────────────────────────────────────────────────────────────╮
│ PufferLib 5.0         🐡       GPU:  35%   VRAM:   3.2/31G    RAM:  0.5G     │
│                                                                              │
│ Env         connect4cnn    Evaluate      545ms  90%    Losses       0.098    │
│ Params           160.7K      Model        62ms  10%    policy      -0.000    │
│ Steps              2.2M      Env         382ms  63%    value        0.020    │
│ SPS              163.3K      Copy         89ms  14%    entropy      1.583    │
│ Epoch              1057    Train          55ms   9%    old_kl      -0.000    │
│ Uptime        13s 400ms      Model        54ms   8%    kl          -0.000    │
│ To go      1m 08s 274ms      Misc          1ms   0%    clipfrac     0.000    │
│                                                                              │
│ perf                          0.007   score                        -0.947    │
│ episode_return               -0.947   episode_length                7.463    │
│ invalids                      0.050                                          │
╰──────────────────────────────────────────────────────────────────────────────╯
╭──────────────────────────────────────────────────────────────────────────────╮
│ PufferLib 5.0        🐡        GPU:  36%   VRAM:   3.2/31G    RAM:  0.5G     │
│                                                                              │
│ Env         connect4cnn    Evaluate      549ms  90%    Losses       0.100    │
│ Params           160.7K      Model        62ms  10%    policy      -0.002    │
│ Steps              2.3M      Env         382ms  63%    value        0.020    │
│ SPS              162.1K      Copy         95ms  15%    entropy      1.500    │
│ Epoch              1105    Train          55ms   9%    old_kl       0.000    │
│ Uptime        14s 007ms      Model        54ms   8%    kl          -0.000    │
│ To go      1m 08s 143ms      Misc          1ms   0%    clipfrac     0.000    │
│                                                                              │
│ perf                          0.009   score                        -0.942    │
│ episode_return               -0.942   episode_length                7.631    │
│ invalids                      0.048                                          │
╰──────────────────────────────────────────────────────────────────────────────╯
╭──────────────────────────────────────────────────────────────────────────────╮
│ PufferLib 5.0       🐡         GPU:  36%   VRAM:   3.2/31G    RAM:  0.5G     │
│                                                                              │
│ Env         connect4cnn    Evaluate      545ms  90%    Losses       0.110    │
│ Params           160.7K      Model        62ms  10%    policy      -0.001    │
│ Steps              2.4M      Env         383ms  63%    value        0.022    │
│ SPS              163.5K      Copy         89ms  14%    entropy      1.394    │
│ Epoch              1153    Train          55ms   9%    old_kl      -0.000    │
│ Uptime        14s 608ms      Model        54ms   9%    kl          -0.000    │
│ To go      1m 06s 981ms      Misc          1ms   0%    clipfrac     0.000    │
│                                                                              │
│ perf                          0.013   score                        -0.935    │
│ episode_return               -0.935   episode_length                7.862    │
│ invalids                      0.051                                          │
╰──────────────────────────────────────────────────────────────────────────────╯
╭──────────────────────────────────────────────────────────────────────────────╮
│ PufferLib 5.0      🐡          GPU:  35%   VRAM:   3.2/31G    RAM:  0.5G     │
│                                                                              │
│ Env         connect4cnn    Evaluate      549ms  90%    Losses       0.127    │
│ Params           160.7K      Model        62ms  10%    policy      -0.001    │
│ Steps              2.5M      Env         383ms  63%    value        0.026    │
│ SPS              162.5K      Copy         93ms  15%    entropy      1.313    │
│ Epoch              1201    Train          55ms   9%    old_kl      -0.000    │
│ Uptime        15s 213ms      Model        54ms   8%    kl          -0.000    │
│ To go      1m 06s 788ms      Misc          1ms   0%    clipfrac     0.000    │
│                                                                              │
│ perf                          0.020   score                        -0.919    │
│ episode_return               -0.919   episode_length                8.065    │
│ invalids                      0.052                                          │
╰──────────────────────────────────────────────────────────────────────────────╯
╭──────────────────────────────────────────────────────────────────────────────╮
│ PufferLib 5.0     🐡           GPU:  35%   VRAM:   3.2/31G    RAM:  0.5G     │
│                                                                              │
│ Env         connect4cnn    Evaluate      553ms  90%    Losses       0.144    │
│ Params           160.7K      Model        63ms  10%    policy      -0.002    │
│ Steps              2.6M      Env         385ms  63%    value        0.029    │
│ SPS              164.1K      Copy         92ms  15%    entropy      1.214    │
│ Epoch              1250    Train          56ms   9%    old_kl      -0.000    │
│ Uptime        15s 825ms      Model        55ms   9%    kl          -0.000    │
│ To go      1m 05s 535ms      Misc          1ms   0%    clipfrac     0.000    │
│                                                                              │
│ perf                          0.029   score                        -0.904    │
│ episode_return               -0.904   episode_length                8.370    │
│ invalids                      0.056                                          │
╰──────────────────────────────────────────────────────────────────────────────╯
╭──────────────────────────────────────────────────────────────────────────────╮
│ PufferLib 5.0    🐡            GPU:  35%   VRAM:   3.2/31G    RAM:  0.5G     │
│                                                                              │
│ Env         connect4cnn    Evaluate      551ms  90%    Losses       0.167    │
│ Params           160.7K      Model        63ms  10%    policy      -0.002    │
│ Steps              2.7M      Env         382ms  62%    value        0.034    │
│ SPS              164.9K      Copy         89ms  14%    entropy      1.106    │
│ Epoch              1299    Train          56ms   9%    old_kl       0.000    │
│ Uptime        16s 433ms      Model        55ms   9%    kl          -0.000    │
│ To go      1m 04s 580ms      Misc          1ms   0%    clipfrac     0.000    │
│                                                                              │
│ perf                          0.047   score                        -0.866    │
│ episode_return               -0.866   episode_length                8.519    │
│ invalids                      0.057                                          │
╰──────────────────────────────────────────────────────────────────────────────╯
╭──────────────────────────────────────────────────────────────────────────────╮
│ PufferLib 5.0   🐡             GPU:  36%   VRAM:   3.2/31G    RAM:  0.5G     │
│                                                                              │
│ Env         connect4cnn    Evaluate      552ms  90%    Losses       0.176    │
│ Params           160.7K      Model        63ms  10%    policy      -0.001    │
│ Steps              2.8M      Env         381ms  62%    value        0.035    │
│ SPS              164.6K      Copy         97ms  16%    entropy      1.012    │
│ Epoch              1348    Train          56ms   9%    old_kl      -0.000    │
│ Uptime        17s 043ms      Model        55ms   9%    kl          -0.000    │
│ To go      1m 04s 091ms      Misc          1ms   0%    clipfrac     0.000    │
│                                                                              │
│ perf                          0.058   score                        -0.847    │
│ episode_return               -0.847   episode_length                8.746    │
│ invalids                      0.055                                          │
╰──────────────────────────────────────────────────────────────────────────────╯
╭──────────────────────────────────────────────────────────────────────────────╮
│ PufferLib 5.0  🐡              GPU:  36%   VRAM:   3.2/31G    RAM:  0.5G     │
│                                                                              │
│ Env         connect4cnn    Evaluate      545ms  90%    Losses       0.194    │
│ Params           160.7K      Model        62ms  10%    policy      -0.002    │
│ Steps              2.9M      Env         373ms  62%    value        0.039    │
│ SPS              163.3K      Copy         97ms  16%    entropy      0.923    │
│ Epoch              1396    Train          55ms   9%    old_kl       0.000    │
│ Uptime        17s 644ms      Model        54ms   8%    kl          -0.000    │
│ To go      1m 04s 008ms      Misc          1ms   0%    clipfrac     0.000    │
│                                                                              │
│ perf                          0.079   score                        -0.805    │
│ episode_return               -0.805   episode_length                8.906    │
│ invalids                      0.052                                          │
╰──────────────────────────────────────────────────────────────────────────────╯
╭──────────────────────────────────────────────────────────────────────────────╮
│ PufferLib 5.0 🐡               GPU:  36%   VRAM:   3.2/31G    RAM:  0.5G     │
│                                                                              │
│ Env         connect4cnn    Evaluate      554ms  90%    Losses       0.195    │
│ Params           160.7K      Model        63ms  10%    policy      -0.001    │
│ Steps              3.0M      Env         380ms  62%    value        0.039    │
│ SPS              164.1K      Copy         96ms  15%    entropy      0.848    │
│ Epoch              1445    Train          56ms   9%    old_kl       0.000    │
│ Uptime        18s 256ms      Model        55ms   9%    kl          -0.000    │
│ To go      1m 03s 094ms      Misc          1ms   0%    clipfrac     0.000    │
│                                                                              │
│ perf                          0.092   score                        -0.779    │
│ episode_return               -0.779   episode_length                9.110    │
│ invalids                      0.049                                          │
╰──────────────────────────────────────────────────────────────────────────────╯
╭──────────────────────────────────────────────────────────────────────────────╮
│ PufferLib 5.0🐡                GPU:  38%   VRAM:   3.2/31G    RAM:  0.5G     │
│                                                                              │
│ Env         connect4cnn    Evaluate      547ms  90%    Losses       0.199    │
│ Params           160.7K      Model        63ms  10%    policy      -0.004    │
│ Steps              3.1M      Env         380ms  63%    value        0.041    │
│ SPS              166.0K      Copy         93ms  15%    entropy      0.789    │
│ Epoch              1494    Train          56ms   9%    old_kl      -0.000    │
│ Uptime        18s 861ms      Model        55ms   9%    kl          -0.000    │
│ To go      1m 01s 770ms      Misc          1ms   0%    clipfrac     0.000    │
│                                                                              │
│ perf                          0.112   score                        -0.740    │
│ episode_return               -0.740   episode_length                9.215    │
│ invalids                      0.043                                          │
╰──────────────────────────────────────────────────────────────────────────────╯
╭──────────────────────────────────────────────────────────────────────────────╮
│ PufferLib 5.0               🐡 GPU:  38%   VRAM:   3.2/31G    RAM:  0.5G     │
│                                                                              │
│ Env         connect4cnn    Evaluate      554ms  90%    Losses       0.196    │
│ Params           160.7K      Model        64ms  10%    policy      -0.002    │
│ Steps              3.2M      Env         386ms  63%    value        0.040    │
│ SPS              167.1K      Copy         94ms  15%    entropy      0.735    │
│ Epoch              1544    Train          57ms   9%    old_kl       0.000    │
│ Uptime        19s 474ms      Model        56ms   9%    kl          -0.000    │
│ To go      1m 00s 750ms      Misc          1ms   0%    clipfrac     0.000    │
│                                                                              │
│ perf                          0.123   score                        -0.714    │
│ episode_return               -0.714   episode_length                9.329    │
│ invalids                      0.046                                          │
╰──────────────────────────────────────────────────────────────────────────────╯
╭──────────────────────────────────────────────────────────────────────────────╮
│ PufferLib 5.0              🐡  GPU:  39%   VRAM:   3.2/31G    RAM:  0.5G     │
│                                                                              │
│ Env         connect4cnn    Evaluate      548ms  90%    Losses       0.200    │
│ Params           160.7K      Model        63ms  10%    policy      -0.000    │
│ Steps              3.3M      Env         376ms  62%    value        0.040    │
│ SPS              166.0K      Copy         96ms  15%    entropy      0.692    │
│ Epoch              1593    Train          56ms   9%    old_kl      -0.000    │
│ Uptime        20s 078ms      Model        55ms   9%    kl          -0.000    │
│ To go      1m 00s 557ms      Misc          1ms   0%    clipfrac     0.000    │
│                                                                              │
│ perf                          0.145   score                        -0.673    │
│ episode_return               -0.673   episode_length                9.444    │
│ invalids                      0.040                                          │
╰──────────────────────────────────────────────────────────────────────────────╯
╭──────────────────────────────────────────────────────────────────────────────╮
│ PufferLib 5.0             🐡   GPU:  39%   VRAM:   3.2/31G    RAM:  0.5G     │
│                                                                              │
│ Env         connect4cnn    Evaluate      543ms  90%    Losses       0.191    │
│ Params           160.7K      Model        63ms  10%    policy      -0.002    │
│ Steps              3.4M      Env         374ms  62%    value        0.039    │
│ SPS              166.6K      Copy         94ms  15%    entropy      0.647    │
│ Epoch              1642    Train          56ms   9%    old_kl       0.000    │
│ Uptime        20s 680ms      Model        55ms   9%    kl          -0.000    │
│ To go         59s 701ms      Misc          1ms   0%    clipfrac     0.000    │
│                                                                              │
│ perf                          0.161   score                        -0.641    │
│ episode_return               -0.641   episode_length                9.563    │
│ invalids                      0.034                                          │
╰──────────────────────────────────────────────────────────────────────────────╯
╭──────────────────────────────────────────────────────────────────────────────╮
│ PufferLib 5.0            🐡    GPU:  35%   VRAM:   3.2/31G    RAM:  0.5G     │
│                                                                              │
│ Env         connect4cnn    Evaluate      551ms  90%    Losses       0.195    │
│ Params           160.7K      Model        64ms  10%    policy      -0.000    │
│ Steps              3.5M      Env         383ms  62%    value        0.039    │
│ SPS              167.8K      Copy         91ms  15%    entropy      0.611    │
│ Epoch              1692    Train          57ms   9%    old_kl      -0.000    │
│ Uptime        21s 291ms      Model        56ms   9%    kl          -0.000    │
│ To go         58s 699ms      Misc          1ms   0%    clipfrac     0.000    │
│                                                                              │
│ perf                          0.167   score                        -0.629    │
│ episode_return               -0.629   episode_length                9.679    │
│ invalids                      0.036                                          │
╰──────────────────────────────────────────────────────────────────────────────╯
╭──────────────────────────────────────────────────────────────────────────────╮
│ PufferLib 5.0           🐡     GPU:  38%   VRAM:   3.2/31G    RAM:  0.5G     │
│                                                                              │
│ Env         connect4cnn    Evaluate      552ms  90%    Losses       0.189    │
│ Params           160.7K      Model        64ms  10%    policy      -0.002    │
│ Steps              3.6M      Env         382ms  62%    value        0.038    │
│ SPS              167.5K      Copy         93ms  15%    entropy      0.586    │
│ Epoch              1742    Train          57ms   9%    old_kl       0.000    │
│ Uptime        21s 902ms      Model        56ms   9%    kl          -0.000    │
│ To go         58s 185ms      Misc          1ms   0%    clipfrac     0.000    │
│                                                                              │
│ perf                          0.187   score                        -0.589    │
│ episode_return               -0.589   episode_length                9.737    │
│ invalids                      0.031                                          │
╰──────────────────────────────────────────────────────────────────────────────╯
╭──────────────────────────────────────────────────────────────────────────────╮
│ PufferLib 5.0          🐡      GPU:  38%   VRAM:   3.2/31G    RAM:  0.5G     │
│                                                                              │
│ Env         connect4cnn    Evaluate      544ms  90%    Losses       0.193    │
│ Params           160.7K      Model        63ms  10%    policy      -0.002    │
│ Steps              3.7M      Env         372ms  62%    value        0.039    │
│ SPS              167.0K      Copy         94ms  15%    entropy      0.560    │
│ Epoch              1791    Train          56ms   9%    old_kl      -0.000    │
│ Uptime        22s 503ms      Model        55ms   9%    kl          -0.000    │
│ To go         57s 752ms      Misc          1ms   0%    clipfrac     0.000    │
│                                                                              │
│ perf                          0.210   score                        -0.546    │
│ episode_return               -0.546   episode_length                9.841    │
│ invalids                      0.030                                          │
╰──────────────────────────────────────────────────────────────────────────────╯
╭──────────────────────────────────────────────────────────────────────────────╮
│ PufferLib 5.0         🐡       GPU:  37%   VRAM:   3.2/31G    RAM:  0.5G     │
│                                                                              │
│ Env         connect4cnn    Evaluate      543ms  90%    Losses       0.197    │
│ Params           160.7K      Model        63ms  10%    policy      -0.001    │
│ Steps              3.8M      Env         371ms  61%    value        0.040    │
│ SPS              166.9K      Copy         96ms  16%    entropy      0.540    │
│ Epoch              1840    Train          56ms   9%    old_kl      -0.000    │
│ Uptime        23s 105ms      Model        55ms   9%    kl          -0.000    │
│ To go         57s 192ms      Misc          1ms   0%    clipfrac     0.000    │
│                                                                              │
│ perf                          0.228   score                        -0.510    │
│ episode_return               -0.510   episode_length                9.951    │
│ invalids                      0.028                                          │
╰──────────────────────────────────────────────────────────────────────────────╯
╭──────────────────────────────────────────────────────────────────────────────╮
│ PufferLib 5.0        🐡        GPU:  36%   VRAM:   3.2/31G    RAM:  0.5G     │
│                                                                              │
│ Env         connect4cnn    Evaluate      550ms  90%    Losses       0.200    │
│ Params           160.7K      Model        64ms  10%    policy      -0.001    │
│ Steps              3.9M      Env         379ms  62%    value        0.040    │
│ SPS              168.3K      Copy         95ms  15%    entropy      0.525    │
│ Epoch              1890    Train          57ms   9%    old_kl       0.000    │
│ Uptime        23s 713ms      Model        56ms   9%    kl          -0.000    │
│ To go         56s 090ms      Misc          1ms   0%    clipfrac     0.000    │
│                                                                              │
│ perf                          0.247   score                        -0.473    │
│ episode_return               -0.473   episode_length                9.932    │
│ invalids                      0.028                                          │
╰──────────────────────────────────────────────────────────────────────────────╯
╭──────────────────────────────────────────────────────────────────────────────╮
│ PufferLib 5.0       🐡         GPU:  36%   VRAM:   3.2/31G    RAM:  0.5G     │
│                                                                              │
│ Env         connect4cnn    Evaluate      547ms  90%    Losses       0.184    │
│ Params           160.7K      Model        64ms  10%    policy      -0.003    │
│ Steps              4.0M      Env         378ms  62%    value        0.037    │
│ SPS              169.2K      Copy         91ms  15%    entropy      0.497    │
│ Epoch              1940    Train          57ms   9%    old_kl       0.000    │
│ Uptime        24s 318ms      Model        56ms   9%    kl          -0.000    │
│ To go         55s 186ms      Misc          1ms   0%    clipfrac     0.000    │
│                                                                              │
│ perf                          0.271   score                        -0.425    │
│ episode_return               -0.425   episode_length               10.050    │
│ invalids                      0.025                                          │
╰──────────────────────────────────────────────────────────────────────────────╯
╭──────────────────────────────────────────────────────────────────────────────╮
│ PufferLib 5.0      🐡          GPU:  38%   VRAM:   3.2/31G    RAM:  0.5G     │
│                                                                              │
│ Env         connect4cnn    Evaluate      548ms  90%    Losses       0.180    │
│ Params           160.7K      Model        64ms  10%    policy      -0.002    │
│ Steps              4.1M      Env         378ms  62%    value        0.037    │
│ SPS              169.0K      Copy         93ms  15%    entropy      0.477    │
│ Epoch              1990    Train          57ms   9%    old_kl      -0.000    │
│ Uptime        24s 924ms      Model        56ms   9%    kl          -0.000    │
│ To go         54s 666ms      Misc          1ms   0%    clipfrac     0.000    │
│                                                                              │
│ perf                          0.284   score                        -0.400    │
│ episode_return               -0.400   episode_length               10.045    │
│ invalids                      0.022                                          │
╰──────────────────────────────────────────────────────────────────────────────╯
╭──────────────────────────────────────────────────────────────────────────────╮
│ PufferLib 5.0     🐡           GPU:  38%   VRAM:   3.2/31G    RAM:  0.5G     │
│                                                                              │
│ Env         connect4cnn    Evaluate      546ms  90%    Losses       0.173    │
│ Params           160.7K      Model        64ms  10%    policy      -0.001    │
│ Steps              4.2M      Env         376ms  62%    value        0.035    │
│ SPS              169.0K      Copy         94ms  15%    entropy      0.454    │
│ Epoch              2040    Train          57ms   9%    old_kl       0.000    │
│ Uptime        25s 530ms      Model        56ms   9%    kl          -0.000    │
│ To go         54s 038ms      Misc          1ms   0%    clipfrac     0.000    │
│                                                                              │
│ perf                          0.298   score                        -0.370    │
│ episode_return               -0.370   episode_length               10.152    │
│ invalids                      0.022                                          │
╰──────────────────────────────────────────────────────────────────────────────╯
╭──────────────────────────────────────────────────────────────────────────────╮
│ PufferLib 5.0    🐡            GPU:  36%   VRAM:   3.2/31G    RAM:  0.5G     │
│                                                                              │
│ Env         connect4cnn    Evaluate      548ms  90%    Losses       0.175    │
│ Params           160.7K      Model        64ms  10%    policy      -0.002    │
│ Steps              4.3M      Env         377ms  62%    value        0.035    │
│ SPS              168.5K      Copy         93ms  15%    entropy      0.436    │
│ Epoch              2090    Train          57ms   9%    old_kl      -0.000    │
│ Uptime        26s 138ms      Model        56ms   9%    kl          -0.000    │
│ To go         53s 612ms      Misc          1ms   0%    clipfrac     0.000    │
│                                                                              │
│ perf                          0.322   score                        -0.323    │
│ episode_return               -0.323   episode_length               10.197    │
│ invalids                      0.026                                          │
╰──────────────────────────────────────────────────────────────────────────────╯
╭──────────────────────────────────────────────────────────────────────────────╮
│ PufferLib 5.0   🐡             GPU:  37%   VRAM:   3.2/31G    RAM:  0.5G     │
│                                                                              │
│ Env         connect4cnn    Evaluate      550ms  90%    Losses       0.166    │
│ Params           160.7K      Model        66ms  10%    policy      -0.000    │
│ Steps              4.4M      Env         382ms  62%    value        0.033    │
│ SPS              171.1K      Copy         91ms  15%    entropy      0.422    │
│ Epoch              2141    Train          58ms   9%    old_kl       0.000    │
│ Uptime        26s 748ms      Model        57ms   9%    kl          -0.000    │
│ To go         52s 180ms      Misc          1ms   0%    clipfrac     0.000    │
│                                                                              │
│ perf                          0.335   score                        -0.298    │
│ episode_return               -0.298   episode_length               10.282    │
│ invalids                      0.028                                          │
╰──────────────────────────────────────────────────────────────────────────────╯
╭──────────────────────────────────────────────────────────────────────────────╮
│ PufferLib 5.0  🐡              GPU:  37%   VRAM:   3.2/31G    RAM:  0.5G     │
│                                                                              │
│ Env         connect4cnn    Evaluate      546ms  90%    Losses       0.163    │
│ Params           160.7K      Model        64ms  10%    policy      -0.000    │
│ Steps              4.5M      Env         372ms  61%    value        0.033    │
│ SPS              169.3K      Copy         98ms  16%    entropy      0.404    │
│ Epoch              2191    Train          57ms   9%    old_kl       0.000    │
│ Uptime        27s 353ms      Model        56ms   9%    kl          -0.000    │
│ To go         52s 124ms      Misc          1ms   0%    clipfrac     0.000    │
│                                                                              │
│ perf                          0.356   score                        -0.258    │
│ episode_return               -0.258   episode_length               10.376    │
│ invalids                      0.027                                          │
╰──────────────────────────────────────────────────────────────────────────────╯
╭──────────────────────────────────────────────────────────────────────────────╮
│ PufferLib 5.0 🐡               GPU:  38%   VRAM:   3.2/31G    RAM:  0.5G     │
│                                                                              │
│ Env         connect4cnn    Evaluate      547ms  90%    Losses       0.160    │
│ Params           160.7K      Model        64ms  10%    policy       0.002    │
│ Steps              4.6M      Env         377ms  62%    value        0.032    │
│ SPS              168.8K      Copy         96ms  15%    entropy      0.386    │
│ Epoch              2241    Train          57ms   9%    old_kl      -0.000    │
│ Uptime        27s 960ms      Model        56ms   9%    kl          -0.000    │
│ To go         51s 679ms      Misc          1ms   0%    clipfrac     0.000    │
│                                                                              │
│ perf                          0.364   score                        -0.243    │
│ episode_return               -0.243   episode_length               10.399    │
│ invalids                      0.023                                          │
╰──────────────────────────────────────────────────────────────────────────────╯
╭──────────────────────────────────────────────────────────────────────────────╮
│ PufferLib 5.0🐡                GPU:  38%   VRAM:   3.2/31G    RAM:  0.5G     │
│                                                                              │
│ Env         connect4cnn    Evaluate      546ms  90%    Losses       0.150    │
│ Params           160.7K      Model        64ms  10%    policy       0.001    │
│ Steps              4.7M      Env         373ms  61%    value        0.030    │
│ SPS              169.4K      Copy         96ms  15%    entropy      0.371    │
│ Epoch              2291    Train          57ms   9%    old_kl      -0.000    │
│ Uptime        28s 564ms      Model        56ms   9%    kl          -0.000    │
│ To go         50s 896ms      Misc          1ms   0%    clipfrac     0.000    │
│                                                                              │
│ perf                          0.384   score                        -0.205    │
│ episode_return               -0.205   episode_length               10.509    │
│ invalids                      0.024                                          │
╰──────────────────────────────────────────────────────────────────────────────╯
╭──────────────────────────────────────────────────────────────────────────────╮
│ PufferLib 5.0               🐡 GPU:  38%   VRAM:   3.2/31G    RAM:  0.5G     │
│                                                                              │
│ Env         connect4cnn    Evaluate      545ms  90%    Losses       0.143    │
│ Params           160.7K      Model        64ms  10%    policy      -0.002    │
│ Steps              4.8M      Env         369ms  61%    value        0.029    │
│ SPS              169.4K      Copy         95ms  15%    entropy      0.352    │
│ Epoch              2341    Train          57ms   9%    old_kl       0.000    │
│ Uptime        29s 169ms      Model        56ms   9%    kl          -0.000    │
│ To go         50s 279ms      Misc          1ms   0%    clipfrac     0.000    │
│                                                                              │
│ perf                          0.410   score                        -0.152    │
│ episode_return               -0.152   episode_length               10.608    │
│ invalids                      0.025                                          │
╰──────────────────────────────────────────────────────────────────────────────╯
╭──────────────────────────────────────────────────────────────────────────────╮
│ PufferLib 5.0              🐡  GPU:  39%   VRAM:   3.2/31G    RAM:  0.5G     │
│                                                                              │
│ Env         connect4cnn    Evaluate      550ms  90%    Losses       0.142    │
│ Params           160.7K      Model        66ms  10%    policy      -0.003    │
│ Steps              4.9M      Env         375ms  61%    value        0.029    │
│ SPS              171.0K      Copy         97ms  15%    entropy      0.337    │
│ Epoch              2392    Train          58ms   9%    old_kl      -0.000    │
│ Uptime        29s 780ms      Model        57ms   9%    kl          -0.000    │
│ To go         49s 188ms      Misc          1ms   0%    clipfrac     0.000    │
│                                                                              │
│ perf                          0.435   score                        -0.109    │
│ episode_return               -0.109   episode_length               10.707    │
│ invalids                      0.026                                          │
╰──────────────────────────────────────────────────────────────────────────────╯
╭──────────────────────────────────────────────────────────────────────────────╮
│ PufferLib 5.0             🐡   GPU:  39%   VRAM:   3.2/31G    RAM:  0.5G     │
│                                                                              │
│ Env         connect4cnn    Evaluate      546ms  90%    Losses       0.139    │
│ Params           160.7K      Model        66ms  10%    policy       0.000    │
│ Steps              5.0M      Env         371ms  61%    value        0.028    │
│ SPS              172.7K      Copy         95ms  15%    entropy      0.317    │
│ Epoch              2443    Train          58ms   9%    old_kl      -0.000    │
│ Uptime        30s 385ms      Model        57ms   9%    kl          -0.000    │
│ To go         48s 125ms      Misc          1ms   0%    clipfrac     0.000    │
│                                                                              │
│ perf                          0.450   score                        -0.079    │
│ episode_return               -0.079   episode_length               10.760    │
│ invalids                      0.029                                          │
╰──────────────────────────────────────────────────────────────────────────────╯
╭──────────────────────────────────────────────────────────────────────────────╮
│ PufferLib 5.0            🐡    GPU:  40%   VRAM:   3.2/31G    RAM:  0.5G     │
│                                                                              │
│ Env         connect4cnn    Evaluate      551ms  90%    Losses       0.133    │
│ Params           160.7K      Model        66ms  10%    policy       0.001    │
│ Steps              5.1M      Env         376ms  61%    value        0.026    │
│ SPS              170.7K      Copy         93ms  15%    entropy      0.298    │
│ Epoch              2494    Train          58ms   9%    old_kl      -0.000    │
│ Uptime        30s 996ms      Model        57ms   9%    kl          -0.000    │
│ To go         48s 060ms      Misc          1ms   0%    clipfrac     0.000    │
│                                                                              │
│ perf                          0.472   score                        -0.036    │
│ episode_return               -0.036   episode_length               10.777    │
│ invalids                      0.028                                          │
╰──────────────────────────────────────────────────────────────────────────────╯
╭──────────────────────────────────────────────────────────────────────────────╮
│ PufferLib 5.0           🐡     GPU:  40%   VRAM:   3.2/31G    RAM:  0.5G     │
│                                                                              │
│ Env         connect4cnn    Evaluate      541ms  90%    Losses       0.132    │
│ Params           160.7K      Model        66ms  10%    policy       0.000    │
│ Steps              5.2M      Env         368ms  61%    value        0.026    │
│ SPS              173.9K      Copy         95ms  15%    entropy      0.274    │
│ Epoch              2545    Train          58ms   9%    old_kl      -0.000    │
│ Uptime        31s 597ms      Model        57ms   9%    kl          -0.000    │
│ To go         46s 585ms      Misc          1ms   0%    clipfrac     0.000    │
│                                                                              │
│ perf                          0.500   score                         0.018    │
│ episode_return                0.018   episode_length               10.790    │
│ invalids                      0.030                                          │
╰──────────────────────────────────────────────────────────────────────────────╯
╭──────────────────────────────────────────────────────────────────────────────╮
│ PufferLib 5.0          🐡      GPU:  37%   VRAM:   3.2/31G    RAM:  0.5G     │
│                                                                              │
│ Env         connect4cnn    Evaluate      544ms  90%    Losses       0.124    │
│ Params           160.7K      Model        66ms  10%    policy      -0.000    │
│ Steps              5.3M      Env         367ms  60%    value        0.025    │
│ SPS              173.1K      Copy         98ms  16%    entropy      0.254    │
│ Epoch              2596    Train          58ms   9%    old_kl      -0.000    │
│ Uptime        32s 201ms      Model        57ms   9%    kl          -0.000    │
│ To go         46s 195ms      Misc          1ms   0%    clipfrac     0.000    │
│                                                                              │
│ perf                          0.518   score                         0.050    │
│ episode_return                0.050   episode_length               10.874    │
│ invalids                      0.025                                          │
╰──────────────────────────────────────────────────────────────────────────────╯
╭──────────────────────────────────────────────────────────────────────────────╮
│ PufferLib 5.0         🐡       GPU:  37%   VRAM:   3.2/31G    RAM:  0.5G     │
│                                                                              │
│ Env         connect4cnn    Evaluate      542ms  90%    Losses       0.116    │
│ Params           160.7K      Model        66ms  10%    policy      -0.000    │
│ Steps              5.4M      Env         365ms  60%    value        0.023    │
│ SPS              173.7K      Copy        100ms  16%    entropy      0.233    │
│ Epoch              2647    Train          58ms   9%    old_kl       0.000    │
│ Uptime        32s 802ms      Model        57ms   9%    kl          -0.000    │
│ To go         45s 427ms      Misc          1ms   0%    clipfrac     0.000    │
│                                                                              │
│ perf                          0.548   score                         0.108    │
│ episode_return                0.108   episode_length               10.901    │
│ invalids                      0.027                                          │
╰──────────────────────────────────────────────────────────────────────────────╯
╭──────────────────────────────────────────────────────────────────────────────╮
│ PufferLib 5.0        🐡        GPU:  37%   VRAM:   3.2/31G    RAM:  0.5G     │
│                                                                              │
│ Env         connect4cnn    Evaluate      549ms  90%    Losses       0.103    │
│ Params           160.7K      Model        67ms  10%    policy       0.000    │
│ Steps              5.5M      Env         371ms  60%    value        0.021    │
│ SPS              174.7K      Copy        100ms  16%    entropy      0.208    │
│ Epoch              2699    Train          59ms   9%    old_kl       0.000    │
│ Uptime        33s 411ms      Model        58ms   9%    kl          -0.000    │
│ To go         44s 553ms      Misc          1ms   0%    clipfrac     0.000    │
│                                                                              │
│ perf                          0.560   score                         0.131    │
│ episode_return                0.131   episode_length               10.925    │
│ invalids                      0.027                                          │
╰──────────────────────────────────────────────────────────────────────────────╯
╭──────────────────────────────────────────────────────────────────────────────╮
│ PufferLib 5.0       🐡         GPU:  37%   VRAM:   3.2/31G    RAM:  0.5G     │
│                                                                              │
│ Env         connect4cnn    Evaluate      542ms  90%    Losses       0.101    │
│ Params           160.7K      Model        66ms  10%    policy      -0.001    │
│ Steps              5.6M      Env         361ms  60%    value        0.020    │
│ SPS              173.4K      Copy        103ms  17%    entropy      0.183    │
│ Epoch              2750    Train          58ms   9%    old_kl       0.000    │
│ Uptime        34s 014ms      Model        57ms   9%    kl          -0.000    │
│ To go         44s 289ms      Misc          1ms   0%    clipfrac     0.000    │
│                                                                              │
│ perf                          0.586   score                         0.181    │
│ episode_return                0.181   episode_length               10.948    │
│ invalids                      0.028                                          │
╰──────────────────────────────────────────────────────────────────────────────╯
╭──────────────────────────────────────────────────────────────────────────────╮
│ PufferLib 5.0      🐡          GPU:  37%   VRAM:   3.2/31G    RAM:  0.5G     │
│                                                                              │
│ Env         connect4cnn    Evaluate      542ms  90%    Losses       0.096    │
│ Params           160.7K      Model        67ms  11%    policy      -0.001    │
│ Steps              5.7M      Env         366ms  60%    value        0.019    │
│ SPS              176.4K      Copy         98ms  16%    entropy      0.166    │
│ Epoch              2802    Train          59ms   9%    old_kl      -0.000    │
│ Uptime        34s 617ms      Model        58ms   9%    kl          -0.000    │
│ To go         42s 929ms      Misc          1ms   0%    clipfrac     0.000    │
│                                                                              │
│ perf                          0.596   score                         0.198    │
│ episode_return                0.198   episode_length               11.056    │
│ invalids                      0.034                                          │
╰──────────────────────────────────────────────────────────────────────────────╯
╭──────────────────────────────────────────────────────────────────────────────╮
│ PufferLib 5.0     🐡           GPU:  38%   VRAM:   3.2/31G    RAM:  0.5G     │
│                                                                              │
│ Env         connect4cnn    Evaluate      545ms  90%    Losses       0.092    │
│ Params           160.7K      Model        67ms  11%    policy      -0.001    │
│ Steps              5.8M      Env         365ms  60%    value        0.019    │
│ SPS              175.6K      Copy        100ms  16%    entropy      0.148    │
│ Epoch              2854    Train          59ms   9%    old_kl      -0.000    │
│ Uptime        35s 224ms      Model        58ms   9%    kl          -0.000    │
│ To go         42s 530ms      Misc          1ms   0%    clipfrac     0.000    │
│                                                                              │
│ perf                          0.612   score                         0.229    │
│ episode_return                0.229   episode_length               11.042    │
│ invalids                      0.028                                          │
╰──────────────────────────────────────────────────────────────────────────────╯
╭──────────────────────────────────────────────────────────────────────────────╮
│ PufferLib 5.0    🐡            GPU:  38%   VRAM:   3.2/31G    RAM:  0.5G     │
│                                                                              │
│ Env         connect4cnn    Evaluate      541ms  90%    Losses       0.086    │
│ Params           160.7K      Model        67ms  11%    policy      -0.002    │
│ Steps              6.0M      Env         363ms  60%    value        0.018    │
│ SPS              176.6K      Copy         98ms  16%    entropy      0.133    │
│ Epoch              2906    Train          59ms   9%    old_kl      -0.000    │
│ Uptime        35s 827ms      Model        58ms   9%    kl          -0.000    │
│ To go         41s 684ms      Misc          1ms   0%    clipfrac     0.000    │
│                                                                              │
│ perf                          0.624   score                         0.252    │
│ episode_return                0.252   episode_length               11.112    │
│ invalids                      0.028                                          │
╰──────────────────────────────────────────────────────────────────────────────╯
╭──────────────────────────────────────────────────────────────────────────────╮
│ PufferLib 5.0   🐡             GPU:  38%   VRAM:   3.2/31G    RAM:  0.5G     │
│                                                                              │
│ Env         connect4cnn    Evaluate      542ms  90%    Losses       0.089    │
│ Params           160.7K      Model        67ms  11%    policy       0.001    │
│ Steps              6.1M      Env         363ms  60%    value        0.018    │
│ SPS              176.6K      Copy         98ms  16%    entropy      0.118    │
│ Epoch              2958    Train          59ms   9%    old_kl      -0.000    │
│ Uptime        36s 430ms      Model        58ms   9%    kl          -0.000    │
│ To go         41s 064ms      Misc          1ms   0%    clipfrac     0.000    │
│                                                                              │
│ perf                          0.636   score                         0.277    │
│ episode_return                0.277   episode_length               11.074    │
│ invalids                      0.026                                          │
╰──────────────────────────────────────────────────────────────────────────────╯
╭──────────────────────────────────────────────────────────────────────────────╮
│ PufferLib 5.0  🐡              GPU:  38%   VRAM:   3.2/31G    RAM:  0.5G     │
│                                                                              │
│ Env         connect4cnn    Evaluate      541ms  90%    Losses       0.085    │
│ Params           160.7K      Model        67ms  11%    policy      -0.001    │
│ Steps              6.2M      Env         362ms  60%    value        0.017    │
│ SPS              176.5K      Copy         98ms  16%    entropy      0.103    │
│ Epoch              3010    Train          59ms   9%    old_kl       0.000    │
│ Uptime        37s 033ms      Model        58ms   9%    kl          -0.000    │
│ To go         40s 493ms      Misc          1ms   0%    clipfrac     0.000    │
│                                                                              │
│ perf                          0.651   score                         0.304    │
│ episode_return                0.304   episode_length               11.147    │
│ invalids                      0.028                                          │
╰──────────────────────────────────────────────────────────────────────────────╯
╭──────────────────────────────────────────────────────────────────────────────╮
│ PufferLib 5.0 🐡               GPU:  38%   VRAM:   3.2/31G    RAM:  0.5G     │
│                                                                              │
│ Env         connect4cnn    Evaluate      540ms  90%    Losses       0.084    │
│ Params           160.7K      Model        67ms  11%    policy       0.000    │
│ Steps              6.3M      Env         361ms  60%    value        0.017    │
│ SPS              177.3K      Copy         99ms  16%    entropy      0.096    │
│ Epoch              3062    Train          59ms   9%    old_kl      -0.000    │
│ Uptime        37s 634ms      Model        58ms   9%    kl          -0.000    │
│ To go         39s 709ms      Misc          1ms   0%    clipfrac     0.000    │
│                                                                              │
│ perf                          0.654   score                         0.309    │
│ episode_return                0.309   episode_length               11.146    │
│ invalids                      0.029                                          │
╰──────────────────────────────────────────────────────────────────────────────╯
╭──────────────────────────────────────────────────────────────────────────────╮
│ PufferLib 5.0🐡                GPU:  38%   VRAM:   3.2/31G    RAM:  0.5G     │
│                                                                              │
│ Env         connect4cnn    Evaluate      545ms  90%    Losses       0.079    │
│ Params           160.7K      Model        67ms  11%    policy      -0.002    │
│ Steps              6.4M      Env         367ms  60%    value        0.016    │
│ SPS              175.6K      Copy        100ms  16%    entropy      0.090    │
│ Epoch              3114    Train          59ms   9%    old_kl       0.000    │
│ Uptime        38s 240ms      Model        58ms   9%    kl          -0.000    │
│ To go         39s 494ms      Misc          1ms   0%    clipfrac     0.000    │
│                                                                              │
│ perf                          0.658   score                         0.317    │
│ episode_return                0.317   episode_length               11.148    │
│ invalids                      0.031                                          │
╰──────────────────────────────────────────────────────────────────────────────╯
╭──────────────────────────────────────────────────────────────────────────────╮
│ PufferLib 5.0               🐡 GPU:  38%   VRAM:   3.2/31G    RAM:  0.5G     │
│                                                                              │
│ Env         connect4cnn    Evaluate      547ms  90%    Losses       0.077    │
│ Params           160.7K      Model        68ms  11%    policy      -0.001    │
│ Steps              6.5M      Env         367ms  60%    value        0.015    │
│ SPS              178.0K      Copy         98ms  16%    entropy      0.085    │
│ Epoch              3167    Train          60ms   9%    old_kl       0.000    │
│ Uptime        38s 850ms      Model        60ms   9%    kl          -0.000    │
│ To go         38s 351ms      Misc          1ms   0%    clipfrac     0.000    │
│                                                                              │
│ perf                          0.664   score                         0.328    │
│ episode_return                0.328   episode_length               11.176    │
│ invalids                      0.034                                          │
╰──────────────────────────────────────────────────────────────────────────────╯
╭──────────────────────────────────────────────────────────────────────────────╮
│ PufferLib 5.0              🐡  GPU:  38%   VRAM:   3.2/31G    RAM:  0.5G     │
│                                                                              │
│ Env         connect4cnn    Evaluate      539ms  90%    Losses       0.075    │
│ Params           160.7K      Model        67ms  11%    policy       0.000    │
│ Steps              6.6M      Env         359ms  59%    value        0.015    │
│ SPS              177.0K      Copy        102ms  17%    entropy      0.078    │
│ Epoch              3219    Train          59ms   9%    old_kl      -0.000    │
│ Uptime        39s 452ms      Model        58ms   9%    kl          -0.000    │
│ To go         37s 958ms      Misc          1ms   0%    clipfrac     0.000    │
│                                                                              │
│ perf                          0.668   score                         0.338    │
│ episode_return                0.338   episode_length               11.257    │
│ invalids                      0.038                                          │
╰──────────────────────────────────────────────────────────────────────────────╯
╭──────────────────────────────────────────────────────────────────────────────╮
│ PufferLib 5.0             🐡   GPU:  40%   VRAM:   3.2/31G    RAM:  0.5G     │
│                                                                              │
│ Env         connect4cnn    Evaluate      546ms  90%    Losses       0.073    │
│ Params           160.7K      Model        68ms  11%    policy      -0.001    │
│ Steps              6.7M      Env         367ms  60%    value        0.015    │
│ SPS              178.4K      Copy         98ms  16%    entropy      0.073    │
│ Epoch              3272    Train          60ms   9%    old_kl      -0.000    │
│ Uptime        40s 060ms      Model        60ms   9%    kl          -0.000    │
│ To go         37s 060ms      Misc          1ms   0%    clipfrac     0.000    │
│                                                                              │
│ perf                          0.676   score                         0.353    │
│ episode_return                0.353   episode_length               11.183    │
│ invalids                      0.037                                          │
╰──────────────────────────────────────────────────────────────────────────────╯
╭──────────────────────────────────────────────────────────────────────────────╮
│ PufferLib 5.0            🐡    GPU:  40%   VRAM:   3.2/31G    RAM:  0.5G     │
│                                                                              │
│ Env         connect4cnn    Evaluate      539ms  90%    Losses       0.074    │
│ Params           160.7K      Model        67ms  11%    policy      -0.001    │
│ Steps              6.8M      Env         359ms  60%    value        0.015    │
│ SPS              177.1K      Copy         98ms  16%    entropy      0.069    │
│ Epoch              3324    Train          59ms   9%    old_kl      -0.000    │
│ Uptime        40s 662ms      Model        58ms   9%    kl          -0.000    │
│ To go         36s 721ms      Misc          1ms   0%    clipfrac     0.000    │
│                                                                              │
│ perf                          0.664   score                         0.328    │
│ episode_return                0.328   episode_length               11.191    │
│ invalids                      0.040                                          │
╰──────────────────────────────────────────────────────────────────────────────╯
╭──────────────────────────────────────────────────────────────────────────────╮
│ PufferLib 5.0           🐡     GPU:  38%   VRAM:   3.2/31G    RAM:  0.5G     │
│                                                                              │
│ Env         connect4cnn    Evaluate      542ms  89%    Losses       0.071    │
│ Params           160.7K      Model        68ms  11%    policy      -0.000    │
│ Steps              6.9M      Env         364ms  60%    value        0.014    │
│ SPS              179.6K      Copy         96ms  15%    entropy      0.067    │
│ Epoch              3377    Train          60ms  10%    old_kl      -0.000    │
│ Uptime        41s 266ms      Model        60ms   9%    kl          -0.000    │
│ To go         35s 615ms      Misc          1ms   0%    clipfrac     0.000    │
│                                                                              │
│ perf                          0.673   score                         0.346    │
│ episode_return                0.346   episode_length               11.235    │
│ invalids                      0.040                                          │
╰──────────────────────────────────────────────────────────────────────────────╯
╭──────────────────────────────────────────────────────────────────────────────╮
│ PufferLib 5.0          🐡      GPU:  38%   VRAM:   3.2/31G    RAM:  0.5G     │
│                                                                              │
│ Env         connect4cnn    Evaluate      547ms  90%    Losses       0.069    │
│ Params           160.7K      Model        68ms  11%    policy      -0.001    │
│ Steps              7.0M      Env         367ms  60%    value        0.014    │
│ SPS              177.9K      Copy         99ms  16%    entropy      0.064    │
│ Epoch              3430    Train          60ms   9%    old_kl      -0.000    │
│ Uptime        41s 876ms      Model        60ms   9%    kl          -0.000    │
│ To go         35s 350ms      Misc          1ms   0%    clipfrac     0.000    │
│                                                                              │
│ perf                          0.680   score                         0.360    │
│ episode_return                0.360   episode_length               11.246    │
│ invalids                      0.038                                          │
╰──────────────────────────────────────────────────────────────────────────────╯
╭──────────────────────────────────────────────────────────────────────────────╮
│ PufferLib 5.0         🐡       GPU:  38%   VRAM:   3.2/31G    RAM:  0.5G     │
│                                                                              │
│ Env         connect4cnn    Evaluate      546ms  90%    Losses       0.069    │
│ Params           160.7K      Model        68ms  11%    policy      -0.001    │
│ Steps              7.1M      Env         366ms  60%    value        0.014    │
│ SPS              178.6K      Copy         99ms  16%    entropy      0.061    │
│ Epoch              3483    Train          60ms   9%    old_kl       0.000    │
│ Uptime        42s 484ms      Model        60ms   9%    kl          -0.000    │
│ To go         34s 603ms      Misc          1ms   0%    clipfrac     0.000    │
│                                                                              │
│ perf                          0.676   score                         0.353    │
│ episode_return                0.353   episode_length               11.281    │
│ invalids                      0.039                                          │
╰──────────────────────────────────────────────────────────────────────────────╯
╭──────────────────────────────────────────────────────────────────────────────╮
│ PufferLib 5.0        🐡        GPU:  39%   VRAM:   3.2/31G    RAM:  0.5G     │
│                                                                              │
│ Env         connect4cnn    Evaluate      547ms  90%    Losses       0.065    │
│ Params           160.7K      Model        68ms  11%    policy      -0.001    │
│ Steps              7.2M      Env         366ms  60%    value        0.013    │
│ SPS              178.2K      Copy        101ms  16%    entropy      0.057    │
│ Epoch              3536    Train          60ms   9%    old_kl      -0.000    │
│ Uptime        43s 093ms      Model        59ms   9%    kl          -0.000    │
│ To go         34s 056ms      Misc          1ms   0%    clipfrac     0.000    │
│                                                                              │
│ perf                          0.683   score                         0.365    │
│ episode_return                0.365   episode_length               11.232    │
│ invalids                      0.040                                          │
╰──────────────────────────────────────────────────────────────────────────────╯
╭──────────────────────────────────────────────────────────────────────────────╮
│ PufferLib 5.0       🐡         GPU:  39%   VRAM:   3.2/31G    RAM:  0.5G     │
│                                                                              │
│ Env         connect4cnn    Evaluate      545ms  90%    Losses       0.066    │
│ Params           160.7K      Model        68ms  11%    policy      -0.001    │
│ Steps              7.4M      Env         366ms  60%    value        0.013    │
│ SPS              178.5K      Copy         98ms  16%    entropy      0.056    │
│ Epoch              3589    Train          60ms   9%    old_kl      -0.000    │
│ Uptime        43s 701ms      Model        60ms   9%    kl          -0.000    │
│ To go         33s 400ms      Misc          1ms   0%    clipfrac     0.000    │
│                                                                              │
│ perf                          0.685   score                         0.370    │
│ episode_return                0.370   episode_length               11.248    │
│ invalids                      0.041                                          │
╰──────────────────────────────────────────────────────────────────────────────╯
╭──────────────────────────────────────────────────────────────────────────────╮
│ PufferLib 5.0      🐡          GPU:  36%   VRAM:   3.2/31G    RAM:  0.5G     │
│                                                                              │
│ Env         connect4cnn    Evaluate      547ms  90%    Losses       0.065    │
│ Params           160.7K      Model        68ms  11%    policy      -0.001    │
│ Steps              7.5M      Env         366ms  60%    value        0.013    │
│ SPS              178.3K      Copy         96ms  15%    entropy      0.055    │
│ Epoch              3642    Train          60ms   9%    old_kl       0.000    │
│ Uptime        44s 310ms      Model        60ms   9%    kl          -0.000    │
│ To go         32s 832ms      Misc          1ms   0%    clipfrac     0.000    │
│                                                                              │
│ perf                          0.688   score                         0.377    │
│ episode_return                0.377   episode_length               11.260    │
│ invalids                      0.039                                          │
╰──────────────────────────────────────────────────────────────────────────────╯
╭──────────────────────────────────────────────────────────────────────────────╮
│ PufferLib 5.0     🐡           GPU:  41%   VRAM:   3.2/31G    RAM:  0.5G     │
│                                                                              │
│ Env         connect4cnn    Evaluate      548ms  90%    Losses       0.066    │
│ Params           160.7K      Model        68ms  11%    policy       0.001    │
│ Steps              7.6M      Env         365ms  60%    value        0.013    │
│ SPS              177.8K      Copy        102ms  16%    entropy      0.054    │
│ Epoch              3695    Train          60ms   9%    old_kl      -0.000    │
│ Uptime        44s 921ms      Model        60ms   9%    kl          -0.000    │
│ To go         32s 313ms      Misc          1ms   0%    clipfrac     0.000    │
│                                                                              │
│ perf                          0.690   score                         0.381    │
│ episode_return                0.381   episode_length               11.228    │
│ invalids                      0.036                                          │
╰──────────────────────────────────────────────────────────────────────────────╯
╭──────────────────────────────────────────────────────────────────────────────╮
│ PufferLib 5.0    🐡            GPU:  41%   VRAM:   3.2/31G    RAM:  0.5G     │
│                                                                              │
│ Env         connect4cnn    Evaluate      547ms  90%    Losses       0.064    │
│ Params           160.7K      Model        68ms  11%    policy      -0.001    │
│ Steps              7.7M      Env         365ms  60%    value        0.013    │
│ SPS              178.2K      Copy        104ms  17%    entropy      0.053    │
│ Epoch              3748    Train          60ms   9%    old_kl       0.000    │
│ Uptime        45s 530ms      Model        60ms   9%    kl          -0.000    │
│ To go         31s 624ms      Misc          1ms   0%    clipfrac     0.000    │
│                                                                              │
│ perf                          0.683   score                         0.367    │
│ episode_return                0.367   episode_length               11.238    │
│ invalids                      0.038                                          │
╰──────────────────────────────────────────────────────────────────────────────╯
╭──────────────────────────────────────────────────────────────────────────────╮
│ PufferLib 5.0   🐡             GPU:  38%   VRAM:   3.2/31G    RAM:  0.5G     │
│                                                                              │
│ Env         connect4cnn    Evaluate      544ms  90%    Losses       0.065    │
│ Params           160.7K      Model        68ms  11%    policy       0.000    │
│ Steps              7.8M      Env         365ms  60%    value        0.013    │
│ SPS              178.7K      Copy         98ms  16%    entropy      0.054    │
│ Epoch              3801    Train          60ms   9%    old_kl       0.000    │
│ Uptime        46s 137ms      Model        60ms   9%    kl          -0.000    │
│ To go         30s 940ms      Misc          1ms   0%    clipfrac     0.000    │
│                                                                              │
│ perf                          0.687   score                         0.375    │
│ episode_return                0.375   episode_length               11.276    │
│ invalids                      0.039                                          │
╰──────────────────────────────────────────────────────────────────────────────╯
╭──────────────────────────────────────────────────────────────────────────────╮
│ PufferLib 5.0  🐡              GPU:  39%   VRAM:   3.2/31G    RAM:  0.5G     │
│                                                                              │
│ Env         connect4cnn    Evaluate      540ms  90%    Losses       0.065    │
│ Params           160.7K      Model        67ms  11%    policy      -0.001    │
│ Steps              7.9M      Env         360ms  60%    value        0.013    │
│ SPS              176.6K      Copy         96ms  16%    entropy      0.051    │
│ Epoch              3853    Train          59ms   9%    old_kl      -0.000    │
│ Uptime        46s 740ms      Model        58ms   9%    kl          -0.000    │
│ To go         30s 688ms      Misc          1ms   0%    clipfrac     0.000    │
│                                                                              │
│ perf                          0.689   score                         0.378    │
│ episode_return                0.378   episode_length               11.272    │
│ invalids                      0.039                                          │
╰──────────────────────────────────────────────────────────────────────────────╯
╭──────────────────────────────────────────────────────────────────────────────╮
│ PufferLib 5.0 🐡               GPU:  39%   VRAM:   3.2/31G    RAM:  0.5G     │
│                                                                              │
│ Env         connect4cnn    Evaluate      540ms  90%    Losses       0.065    │
│ Params           160.7K      Model        67ms  11%    policy       0.001    │
│ Steps              8.0M      Env         359ms  59%    value        0.013    │
│ SPS              176.7K      Copy        101ms  16%    entropy      0.049    │
│ Epoch              3905    Train          59ms   9%    old_kl       0.000    │
│ Uptime        47s 343ms      Model        58ms   9%    kl          -0.000    │
│ To go         30s 070ms      Misc          1ms   0%    clipfrac     0.000    │
│                                                                              │
│ perf                          0.695   score                         0.391    │
│ episode_return                0.391   episode_length               11.203    │
│ invalids                      0.035                                          │
╰──────────────────────────────────────────────────────────────────────────────╯
╭──────────────────────────────────────────────────────────────────────────────╮
│ PufferLib 5.0🐡                GPU:  40%   VRAM:   3.2/31G    RAM:  0.5G     │
│                                                                              │
│ Env         connect4cnn    Evaluate      546ms  90%    Losses       0.063    │
│ Params           160.7K      Model        68ms  11%    policy       0.000    │
│ Steps              8.1M      Env         366ms  60%    value        0.013    │
│ SPS              178.4K      Copy        100ms  16%    entropy      0.049    │
│ Epoch              3958    Train          60ms   9%    old_kl      -0.000    │
│ Uptime        47s 951ms      Model        60ms   9%    kl          -0.000    │
│ To go         29s 180ms      Misc          1ms   0%    clipfrac     0.000    │
│                                                                              │
│ perf                          0.691   score                         0.382    │
│ episode_return                0.382   episode_length               11.218    │
│ invalids                      0.039                                          │
╰──────────────────────────────────────────────────────────────────────────────╯
╭──────────────────────────────────────────────────────────────────────────────╮
│ PufferLib 5.0               🐡 GPU:  40%   VRAM:   3.2/31G    RAM:  0.5G     │
│                                                                              │
│ Env         connect4cnn    Evaluate      536ms  89%    Losses       0.063    │
│ Params           160.7K      Model        71ms  11%    policy      -0.001    │
│ Steps              8.2M      Env         380ms  63%    value        0.013    │
│ SPS              187.5K      Copy         76ms  12%    entropy      0.049    │
│ Epoch              4013    Train          63ms  10%    old_kl       0.000    │
│ Uptime        48s 552ms      Model        62ms  10%    kl          -0.000    │
│ To go         27s 162ms      Misc          1ms   0%    clipfrac     0.000    │
│                                                                              │
│ perf                          0.697   score                         0.394    │
│ episode_return                0.394   episode_length               11.250    │
│ invalids                      0.037                                          │
╰──────────────────────────────────────────────────────────────────────────────╯
╭──────────────────────────────────────────────────────────────────────────────╮
│ PufferLib 5.0              🐡  GPU:  32%   VRAM:   3.2/31G    RAM:  0.5G     │
│                                                                              │
│ Env         connect4cnn    Evaluate      536ms  89%    Losses       0.063    │
│ Params           160.7K      Model        73ms  12%    policy      -0.001    │
│ Steps              8.3M      Env         391ms  64%    value        0.013    │
│ SPS              193.3K      Copy         61ms  10%    entropy      0.050    │
│ Epoch              4070    Train          65ms  10%    old_kl       0.000    │
│ Uptime        49s 155ms      Model        64ms  10%    kl          -0.000    │
│ To go         25s 739ms      Misc          1ms   0%    clipfrac     0.000    │
│                                                                              │
│ perf                          0.704   score                         0.408    │
│ episode_return                0.408   episode_length               11.264    │
│ invalids                      0.038                                          │
╰──────────────────────────────────────────────────────────────────────────────╯
╭──────────────────────────────────────────────────────────────────────────────╮
│ PufferLib 5.0             🐡   GPU:  31%   VRAM:   3.2/31G    RAM:  0.5G     │
│                                                                              │
│ Env         connect4cnn    Evaluate      536ms  89%    Losses       0.064    │
│ Params           160.7K      Model        73ms  12%    policy       0.000    │
│ Steps              8.5M      Env         392ms  65%    value        0.013    │
│ SPS              193.8K      Copy         60ms  10%    entropy      0.056    │
│ Epoch              4127    Train          65ms  10%    old_kl      -0.000    │
│ Uptime        49s 758ms      Model        64ms  10%    kl          -0.000    │
│ To go         25s 083ms      Misc          1ms   0%    clipfrac     0.000    │
│                                                                              │
│ perf                          0.709   score                         0.419    │
│ episode_return                0.419   episode_length               11.357    │
│ invalids                      0.036                                          │
╰──────────────────────────────────────────────────────────────────────────────╯
╭──────────────────────────────────────────────────────────────────────────────╮
│ PufferLib 5.0            🐡    GPU:  31%   VRAM:   3.2/31G    RAM:  0.5G     │
│                                                                              │
│ Env         connect4cnn    Evaluate      540ms  89%    Losses       0.060    │
│ Params           160.7K      Model        73ms  12%    policy      -0.000    │
│ Steps              8.6M      Env         393ms  64%    value        0.012    │
│ SPS              192.7K      Copy         63ms  10%    entropy      0.053    │
│ Epoch              4184    Train          65ms  10%    old_kl       0.000    │
│ Uptime        50s 364ms      Model        64ms  10%    kl          -0.000    │
│ To go         24s 615ms      Misc          1ms   0%    clipfrac     0.000    │
│                                                                              │
│ perf                          0.715   score                         0.430    │
│ episode_return                0.430   episode_length               11.376    │
│ invalids                      0.036                                          │
╰──────────────────────────────────────────────────────────────────────────────╯
╭──────────────────────────────────────────────────────────────────────────────╮
│ PufferLib 5.0           🐡     GPU:  32%   VRAM:   3.2/31G    RAM:  0.5G     │
│                                                                              │
│ Env         connect4cnn    Evaluate      535ms  89%    Losses       0.059    │
│ Params           160.7K      Model        73ms  12%    policy       0.000    │
│ Steps              8.7M      Env         393ms  65%    value        0.012    │
│ SPS              194.0K      Copy         59ms   9%    entropy      0.050    │
│ Epoch              4241    Train          65ms  10%    old_kl      -0.000    │
│ Uptime        50s 965ms      Model        64ms  10%    kl          -0.000    │
│ To go         23s 843ms      Misc          1ms   0%    clipfrac     0.000    │
│                                                                              │
│ perf                          0.714   score                         0.428    │
│ episode_return                0.428   episode_length               11.354    │
│ invalids                      0.038                                          │
╰──────────────────────────────────────────────────────────────────────────────╯
╭──────────────────────────────────────────────────────────────────────────────╮
│ PufferLib 5.0          🐡      GPU:  32%   VRAM:   3.2/31G    RAM:  0.5G     │
│                                                                              │
│ Env         connect4cnn    Evaluate      540ms  89%    Losses       0.058    │
│ Params           160.7K      Model        73ms  12%    policy       0.000    │
│ Steps              8.8M      Env         392ms  64%    value        0.011    │
│ SPS              192.3K      Copy         65ms  10%    entropy      0.045    │
│ Epoch              4298    Train          65ms  10%    old_kl      -0.000    │
│ Uptime        51s 572ms      Model        64ms  10%    kl          -0.000    │
│ To go         23s 446ms      Misc          1ms   0%    clipfrac     0.000    │
│                                                                              │
│ perf                          0.722   score                         0.445    │
│ episode_return                0.445   episode_length               11.333    │
│ invalids                      0.038                                          │
╰──────────────────────────────────────────────────────────────────────────────╯
╭──────────────────────────────────────────────────────────────────────────────╮
│ PufferLib 5.0         🐡       GPU:  30%   VRAM:   3.2/31G    RAM:  0.5G     │
│                                                                              │
│ Env         connect4cnn    Evaluate      541ms  89%    Losses       0.057    │
│ Params           160.7K      Model        73ms  12%    policy      -0.000    │
│ Steps              8.9M      Env         394ms  65%    value        0.011    │
│ SPS              192.3K      Copy         62ms  10%    entropy      0.044    │
│ Epoch              4355    Train          65ms  10%    old_kl       0.000    │
│ Uptime        52s 179ms      Model        64ms  10%    kl          -0.000    │
│ To go         22s 843ms      Misc          1ms   0%    clipfrac     0.000    │
│                                                                              │
│ perf                          0.724   score                         0.449    │
│ episode_return                0.449   episode_length               11.315    │
│ invalids                      0.037                                          │
╰──────────────────────────────────────────────────────────────────────────────╯
╭──────────────────────────────────────────────────────────────────────────────╮
│ PufferLib 5.0        🐡        GPU:  33%   VRAM:   3.2/31G    RAM:  0.5G     │
│                                                                              │
│ Env         connect4cnn    Evaluate      536ms  89%    Losses       0.058    │
│ Params           160.7K      Model        73ms  12%    policy      -0.000    │
│ Steps              9.0M      Env         393ms  65%    value        0.012    │
│ SPS              193.6K      Copy         59ms   9%    entropy      0.045    │
│ Epoch              4412    Train          65ms  10%    old_kl      -0.000    │
│ Uptime        52s 782ms      Model        64ms  10%    kl          -0.000    │
│ To go         22s 087ms      Misc          1ms   0%    clipfrac     0.000    │
│                                                                              │
│ perf                          0.716   score                         0.431    │
│ episode_return                0.431   episode_length               11.364    │
│ invalids                      0.037                                          │
╰──────────────────────────────────────────────────────────────────────────────╯
╭──────────────────────────────────────────────────────────────────────────────╮
│ PufferLib 5.0       🐡         GPU:  33%   VRAM:   3.2/31G    RAM:  0.5G     │
│                                                                              │
│ Env         connect4cnn    Evaluate      539ms  89%    Losses       0.057    │
│ Params           160.7K      Model        73ms  12%    policy       0.001    │
│ Steps              9.2M      Env         394ms  65%    value        0.011    │
│ SPS              192.9K      Copy         62ms  10%    entropy      0.044    │
│ Epoch              4469    Train          65ms  10%    old_kl      -0.000    │
│ Uptime        53s 387ms      Model        64ms  10%    kl          -0.000    │
│ To go         21s 566ms      Misc          1ms   0%    clipfrac     0.000    │
│                                                                              │
│ perf                          0.716   score                         0.431    │
│ episode_return                0.431   episode_length               11.378    │
│ invalids                      0.041                                          │
╰──────────────────────────────────────────────────────────────────────────────╯
╭──────────────────────────────────────────────────────────────────────────────╮
│ PufferLib 5.0      🐡          GPU:  30%   VRAM:   3.2/31G    RAM:  0.5G     │
│                                                                              │
│ Env         connect4cnn    Evaluate      537ms  89%    Losses       0.057    │
│ Params           160.7K      Model        73ms  12%    policy       0.000    │
│ Steps              9.3M      Env         394ms  65%    value        0.011    │
│ SPS              193.5K      Copy         59ms   9%    entropy      0.041    │
│ Epoch              4526    Train          65ms  10%    old_kl      -0.000    │
│ Uptime        53s 991ms      Model        64ms  10%    kl          -0.000    │
│ To go         20s 896ms      Misc          1ms   0%    clipfrac     0.000    │
│                                                                              │
│ perf                          0.721   score                         0.441    │
│ episode_return                0.441   episode_length               11.327    │
│ invalids                      0.038                                          │
╰──────────────────────────────────────────────────────────────────────────────╯
╭──────────────────────────────────────────────────────────────────────────────╮
│ PufferLib 5.0     🐡           GPU:  30%   VRAM:   3.1/31G    RAM:  0.5G     │
│                                                                              │
│ Env         connect4cnn    Evaluate      542ms  89%    Losses       0.057    │
│ Params           160.7K      Model        73ms  12%    policy       0.001    │
│ Steps              9.4M      Env         394ms  64%    value        0.011    │
│ SPS              191.8K      Copy         63ms  10%    entropy      0.043    │
│ Epoch              4583    Train          65ms  10%    old_kl      -0.000    │
│ Uptime        54s 600ms      Model        64ms  10%    kl          -0.000    │
│ To go         20s 472ms      Misc          1ms   0%    clipfrac     0.000    │
│                                                                              │
│ perf                          0.719   score                         0.439    │
│ episode_return                0.439   episode_length               11.373    │
│ invalids                      0.041                                          │
╰──────────────────────────────────────────────────────────────────────────────╯
╭──────────────────────────────────────────────────────────────────────────────╮
│ PufferLib 5.0    🐡            GPU:  30%   VRAM:   3.1/31G    RAM:  0.5G     │
│                                                                              │
│ Env         connect4cnn    Evaluate      538ms  89%    Losses       0.056    │
│ Params           160.7K      Model        72ms  11%    policy       0.000    │
│ Steps              9.5M      Env         388ms  64%    value        0.011    │
│ SPS              190.0K      Copy         67ms  11%    entropy      0.043    │
│ Epoch              4639    Train          64ms  10%    old_kl       0.000    │
│ Uptime        55s 203ms      Model        63ms  10%    kl          -0.000    │
│ To go         20s 062ms      Misc          1ms   0%    clipfrac     0.000    │
│                                                                              │
│ perf                          0.717   score                         0.434    │
│ episode_return                0.434   episode_length               11.327    │
│ invalids                      0.036                                          │
╰──────────────────────────────────────────────────────────────────────────────╯
╭──────────────────────────────────────────────────────────────────────────────╮
│ PufferLib 5.0   🐡             GPU:  32%   VRAM:   3.1/31G    RAM:  0.5G     │
│                                                                              │
│ Env         connect4cnn    Evaluate      543ms  89%    Losses       0.055    │
│ Params           160.7K      Model        74ms  12%    policy      -0.001    │
│ Steps              9.6M      Env         398ms  65%    value        0.011    │
│ SPS              194.6K      Copy         61ms  10%    entropy      0.043    │
│ Epoch              4697    Train          66ms  10%    old_kl       0.000    │
│ Uptime        55s 814ms      Model        65ms  10%    kl          -0.000    │
│ To go         18s 972ms      Misc          1ms   0%    clipfrac     0.000    │
│                                                                              │
│ perf                          0.717   score                         0.433    │
│ episode_return                0.433   episode_length               11.395    │
│ invalids                      0.043                                          │
╰──────────────────────────────────────────────────────────────────────────────╯
╭──────────────────────────────────────────────────────────────────────────────╮
│ PufferLib 5.0  🐡              GPU:  32%   VRAM:   3.1/31G    RAM:  0.5G     │
│                                                                              │
│ Env         connect4cnn    Evaluate      540ms  89%    Losses       0.053    │
│ Params           160.7K      Model        73ms  12%    policy      -0.001    │
│ Steps              9.7M      Env         393ms  64%    value        0.011    │
│ SPS              192.5K      Copy         64ms  10%    entropy      0.044    │
│ Epoch              4754    Train          65ms  10%    old_kl      -0.000    │
│ Uptime        56s 420ms      Model        64ms  10%    kl          -0.000    │
│ To go         18s 577ms      Misc          1ms   0%    clipfrac     0.000    │
│                                                                              │
│ perf                          0.724   score                         0.447    │
│ episode_return                0.447   episode_length               11.393    │
│ invalids                      0.041                                          │
╰──────────────────────────────────────────────────────────────────────────────╯
╭──────────────────────────────────────────────────────────────────────────────╮
│ PufferLib 5.0 🐡               GPU:  30%   VRAM:   3.1/31G    RAM:  0.5G     │
│                                                                              │
│ Env         connect4cnn    Evaluate      535ms  89%    Losses       0.055    │
│ Params           160.7K      Model        73ms  12%    policy       0.000    │
│ Steps              9.9M      Env         393ms  65%    value        0.011    │
│ SPS              193.9K      Copy         59ms   9%    entropy      0.042    │
│ Epoch              4811    Train          65ms  10%    old_kl       0.000    │
│ Uptime        57s 022ms      Model        64ms  10%    kl          -0.000    │
│ To go         17s 839ms      Misc          1ms   0%    clipfrac     0.000    │
│                                                                              │
│ perf                          0.724   score                         0.449    │
│ episode_return                0.449   episode_length               11.358    │
│ invalids                      0.040                                          │
╰──────────────────────────────────────────────────────────────────────────────╯
╭──────────────────────────────────────────────────────────────────────────────╮
│ PufferLib 5.0🐡                GPU:  30%   VRAM:   3.1/31G    RAM:  0.5G     │
│                                                                              │
│ Env         connect4cnn    Evaluate      538ms  89%    Losses       0.054    │
│ Params           160.7K      Model        73ms  12%    policy       0.000    │
│ Steps             10.0M      Env         391ms  64%    value        0.011    │
│ SPS              193.1K      Copy         64ms  10%    entropy      0.043    │
│ Epoch              4868    Train          65ms  10%    old_kl       0.000    │
│ Uptime        57s 627ms      Model        64ms  10%    kl          -0.000    │
│ To go         17s 310ms      Misc          1ms   0%    clipfrac     0.000    │
│                                                                              │
│ perf                          0.723   score                         0.447    │
│ episode_return                0.447   episode_length               11.371    │
│ invalids                      0.044                                          │
╰──────────────────────────────────────────────────────────────────────────────╯
╭──────────────────────────────────────────────────────────────────────────────╮
│ PufferLib 5.0               🐡 GPU:  33%   VRAM:   3.1/31G    RAM:  0.5G     │
│                                                                              │
│ Env         connect4cnn    Evaluate      541ms  90%    Losses       0.054    │
│ Params           160.7K      Model        64ms  10%    policy       0.000    │
│ Steps             10.1M      Env         346ms  57%    value        0.011    │
│ SPS              170.3K      Copy        120ms  20%    entropy      0.042    │
│ Epoch              4918    Train          57ms   9%    old_kl       0.000    │
│ Uptime        58s 228ms      Model        56ms   9%    kl          -0.000    │
│ To go         19s 030ms      Misc          1ms   0%    clipfrac     0.000    │
│                                                                              │
│ perf                          0.722   score                         0.444    │
│ episode_return                0.444   episode_length               11.402    │
│ invalids                      0.044                                          │
╰──────────────────────────────────────────────────────────────────────────────╯
╭──────────────────────────────────────────────────────────────────────────────╮
│ PufferLib 5.0              🐡  GPU:  43%   VRAM:   3.1/31G    RAM:  0.5G     │
│                                                                              │
│ Env         connect4cnn    Evaluate      544ms  90%    Losses       0.053    │
│ Params           160.7K      Model        63ms  10%    policy      -0.000    │
│ Steps             10.2M      Env         346ms  57%    value        0.011    │
│ SPS              166.6K      Copy        121ms  20%    entropy      0.042    │
│ Epoch              4967    Train          56ms   9%    old_kl       0.000    │
│ Uptime        58s 831ms      Model        55ms   9%    kl          -0.000    │
│ To go         18s 848ms      Misc          1ms   0%    clipfrac     0.000    │
│                                                                              │
│ perf                          0.719   score                         0.439    │
│ episode_return                0.439   episode_length               11.445    │
│ invalids                      0.047                                          │
╰──────────────────────────────────────────────────────────────────────────────╯
╭──────────────────────────────────────────────────────────────────────────────╮
│ PufferLib 5.0             🐡   GPU:  43%   VRAM:   3.1/31G    RAM:  0.5G     │
│                                                                              │
│ Env         connect4cnn    Evaluate      543ms  90%    Losses       0.054    │
│ Params           160.7K      Model        64ms  10%    policy       0.000    │
│ Steps             10.3M      Env         345ms  57%    value        0.011    │
│ SPS              169.9K      Copy        122ms  20%    entropy      0.040    │
│ Epoch              5017    Train          57ms   9%    old_kl      -0.000    │
│ Uptime        59s 433ms      Model        56ms   9%    kl          -0.000    │
│ To go         17s 881ms      Misc          1ms   0%    clipfrac     0.000    │
│                                                                              │
│ perf                          0.719   score                         0.438    │
│ episode_return                0.438   episode_length               11.433    │
│ invalids                      0.045                                          │
╰──────────────────────────────────────────────────────────────────────────────╯
╭──────────────────────────────────────────────────────────────────────────────╮
│ PufferLib 5.0            🐡    GPU:  42%   VRAM:   3.1/31G    RAM:  0.5G     │
│                                                                              │
│ Env         connect4cnn    Evaluate      544ms  90%    Losses       0.053    │
│ Params           160.7K      Model        64ms  10%    policy       0.000    │
│ Steps             10.4M      Env         345ms  57%    value        0.010    │
│ SPS              169.9K      Copy        120ms  20%    entropy      0.039    │
│ Epoch              5067    Train          57ms   9%    old_kl      -0.000    │
│ Uptime     1m 00s 036ms      Model        56ms   9%    kl          -0.000    │
│ To go         17s 272ms      Misc          1ms   0%    clipfrac     0.000    │
│                                                                              │
│ perf                          0.723   score                         0.445    │
│ episode_return                0.445   episode_length               11.419    │
│ invalids                      0.042                                          │
╰──────────────────────────────────────────────────────────────────────────────╯
╭──────────────────────────────────────────────────────────────────────────────╮
│ PufferLib 5.0           🐡     GPU:  42%   VRAM:   3.2/31G    RAM:  0.5G     │
│                                                                              │
│ Env         connect4cnn    Evaluate      546ms  90%    Losses       0.053    │
│ Params           160.7K      Model        63ms  10%    policy      -0.000    │
│ Steps             10.5M      Env         339ms  56%    value        0.011    │
│ SPS              165.7K      Copy        132ms  21%    entropy      0.040    │
│ Epoch              5116    Train          56ms   9%    old_kl       0.000    │
│ Uptime     1m 00s 642ms      Model        55ms   9%    kl          -0.000    │
│ To go         17s 107ms      Misc          1ms   0%    clipfrac     0.000    │
│                                                                              │
│ perf                          0.716   score                         0.432    │
│ episode_return                0.432   episode_length               11.396    │
│ invalids                      0.042                                          │
╰──────────────────────────────────────────────────────────────────────────────╯
╭──────────────────────────────────────────────────────────────────────────────╮
│ PufferLib 5.0          🐡      GPU:  43%   VRAM:   3.2/31G    RAM:  0.5G     │
│                                                                              │
│ Env         connect4cnn    Evaluate      546ms  90%    Losses       0.054    │
│ Params           160.7K      Model        64ms  10%    policy       0.000    │
│ Steps             10.6M      Env         344ms  57%    value        0.011    │
│ SPS              169.1K      Copy        124ms  20%    entropy      0.039    │
│ Epoch              5166    Train          57ms   9%    old_kl      -0.000    │
│ Uptime     1m 01s 247ms      Model        56ms   9%    kl          -0.000    │
│ To go         16s 154ms      Misc          1ms   0%    clipfrac     0.000    │
│                                                                              │
│ perf                          0.719   score                         0.437    │
│ episode_return                0.437   episode_length               11.439    │
│ invalids                      0.047                                          │
╰──────────────────────────────────────────────────────────────────────────────╯
╭──────────────────────────────────────────────────────────────────────────────╮
│ PufferLib 5.0         🐡       GPU:  40%   VRAM:   3.2/31G    RAM:  0.5G     │
│                                                                              │
│ Env         connect4cnn    Evaluate      548ms  90%    Losses       0.052    │
│ Params           160.7K      Model        66ms  10%    policy      -0.000    │
│ Steps             10.7M      Env         352ms  58%    value        0.010    │
│ SPS              171.1K      Copy        116ms  19%    entropy      0.039    │
│ Epoch              5217    Train          58ms   9%    old_kl      -0.000    │
│ Uptime     1m 01s 858ms      Model        57ms   9%    kl          -0.000    │
│ To go         15s 354ms      Misc          1ms   0%    clipfrac     0.000    │
│                                                                              │
│ perf                          0.720   score                         0.440    │
│ episode_return                0.440   episode_length               11.424    │
│ invalids                      0.045                                          │
╰──────────────────────────────────────────────────────────────────────────────╯
╭──────────────────────────────────────────────────────────────────────────────╮
│ PufferLib 5.0        🐡        GPU:  40%   VRAM:   3.2/31G    RAM:  0.5G     │
│                                                                              │
│ Env         connect4cnn    Evaluate      543ms  90%    Losses       0.051    │
│ Params           160.7K      Model        64ms  10%    policy      -0.000    │
│ Steps             10.8M      Env         345ms  57%    value        0.010    │
│ SPS              170.1K      Copy        121ms  20%    entropy      0.038    │
│ Epoch              5267    Train          57ms   9%    old_kl       0.000    │
│ Uptime     1m 02s 460ms      Model        56ms   9%    kl          -0.000    │
│ To go         14s 850ms      Misc          1ms   0%    clipfrac     0.000    │
│                                                                              │
│ perf                          0.731   score                         0.462    │
│ episode_return                0.462   episode_length               11.372    │
│ invalids                      0.043                                          │
╰──────────────────────────────────────────────────────────────────────────────╯
╭──────────────────────────────────────────────────────────────────────────────╮
│ PufferLib 5.0       🐡         GPU:  44%   VRAM:   3.2/31G    RAM:  0.5G     │
│                                                                              │
│ Env         connect4cnn    Evaluate      547ms  90%    Losses       0.051    │
│ Params           160.7K      Model        63ms  10%    policy       0.000    │
│ Steps             10.9M      Env         348ms  57%    value        0.010    │
│ SPS              164.4K      Copy        125ms  20%    entropy      0.039    │
│ Epoch              5316    Train          56ms   9%    old_kl       0.000    │
│ Uptime     1m 03s 070ms      Model        55ms   9%    kl          -0.000    │
│ To go         14s 754ms      Misc          1ms   0%    clipfrac     0.000    │
│                                                                              │
│ perf                          0.725   score                         0.449    │
│ episode_return                0.449   episode_length               11.376    │
│ invalids                      0.044                                          │
╰──────────────────────────────────────────────────────────────────────────────╯
╭──────────────────────────────────────────────────────────────────────────────╮
│ PufferLib 5.0      🐡          GPU:  44%   VRAM:   3.2/31G    RAM:  0.5G     │
│                                                                              │
│ Env         connect4cnn    Evaluate      544ms  90%    Losses       0.053    │
│ Params           160.7K      Model        63ms  10%    policy      -0.001    │
│ Steps             11.0M      Env         345ms  57%    value        0.011    │
│ SPS              166.5K      Copy        121ms  20%    entropy      0.038    │
│ Epoch              5365    Train          56ms   9%    old_kl       0.000    │
│ Uptime     1m 03s 673ms      Model        55ms   9%    kl          -0.000    │
│ To go         13s 962ms      Misc          1ms   0%    clipfrac     0.000    │
│                                                                              │
│ perf                          0.723   score                         0.447    │
│ episode_return                0.447   episode_length               11.352    │
│ invalids                      0.040                                          │
╰──────────────────────────────────────────────────────────────────────────────╯
╭──────────────────────────────────────────────────────────────────────────────╮
│ PufferLib 5.0     🐡           GPU:  42%   VRAM:   3.2/31G    RAM:  0.5G     │
│                                                                              │
│ Env         connect4cnn    Evaluate      545ms  90%    Losses       0.053    │
│ Params           160.7K      Model        64ms  10%    policy       0.000    │
│ Steps             11.1M      Env         345ms  57%    value        0.011    │
│ SPS              169.2K      Copy        122ms  20%    entropy      0.039    │
│ Epoch              5415    Train          57ms   9%    old_kl      -0.000    │
│ Uptime     1m 04s 278ms      Model        56ms   9%    kl          -0.000    │
│ To go         13s 129ms      Misc          1ms   0%    clipfrac     0.000    │
│                                                                              │
│ perf                          0.721   score                         0.442    │
│ episode_return                0.442   episode_length               11.406    │
│ invalids                      0.045                                          │
╰──────────────────────────────────────────────────────────────────────────────╯
╭──────────────────────────────────────────────────────────────────────────────╮
│ PufferLib 5.0    🐡            GPU:  41%   VRAM:   3.2/31G    RAM:  0.5G     │
│                                                                              │
│ Env         connect4cnn    Evaluate      543ms  90%    Losses       0.052    │
│ Params           160.7K      Model        63ms  10%    policy       0.000    │
│ Steps             11.2M      Env         342ms  57%    value        0.010    │
│ SPS              166.3K      Copy        120ms  20%    entropy      0.038    │
│ Epoch              5464    Train          56ms   9%    old_kl      -0.000    │
│ Uptime     1m 04s 881ms      Model        55ms   9%    kl          -0.000    │
│ To go         12s 757ms      Misc          1ms   0%    clipfrac     0.000    │
│                                                                              │
│ perf                          0.728   score                         0.456    │
│ episode_return                0.456   episode_length               11.391    │
│ invalids                      0.041                                          │
╰──────────────────────────────────────────────────────────────────────────────╯
╭──────────────────────────────────────────────────────────────────────────────╮
│ PufferLib 5.0   🐡             GPU:  41%   VRAM:   3.2/31G    RAM:  0.5G     │
│                                                                              │
│ Env         connect4cnn    Evaluate      544ms  90%    Losses       0.053    │
│ Params           160.7K      Model        64ms  10%    policy       0.000    │
│ Steps             11.3M      Env         346ms  57%    value        0.011    │
│ SPS              169.8K      Copy        122ms  20%    entropy      0.038    │
│ Epoch              5514    Train          57ms   9%    old_kl      -0.000    │
│ Uptime     1m 05s 485ms      Model        56ms   9%    kl          -0.000    │
│ To go         11s 892ms      Misc          1ms   0%    clipfrac     0.000    │
│                                                                              │
│ perf                          0.725   score                         0.450    │
│ episode_return                0.450   episode_length               11.393    │
│ invalids                      0.042                                          │
╰──────────────────────────────────────────────────────────────────────────────╯
╭──────────────────────────────────────────────────────────────────────────────╮
│ PufferLib 5.0  🐡              GPU:  43%   VRAM:   3.2/31G    RAM:  0.5G     │
│                                                                              │
│ Env         connect4cnn    Evaluate      547ms  90%    Losses       0.052    │
│ Params           160.7K      Model        64ms  10%    policy      -0.000    │
│ Steps             11.4M      Env         348ms  57%    value        0.010    │
│ SPS              168.9K      Copy        125ms  20%    entropy      0.037    │
│ Epoch              5564    Train          57ms   9%    old_kl      -0.000    │
│ Uptime     1m 06s 091ms      Model        56ms   9%    kl          -0.000    │
│ To go         11s 350ms      Misc          1ms   0%    clipfrac     0.000    │
│                                                                              │
│ perf                          0.725   score                         0.449    │
│ episode_return                0.449   episode_length               11.364    │
│ invalids                      0.041                                          │
╰──────────────────────────────────────────────────────────────────────────────╯
╭──────────────────────────────────────────────────────────────────────────────╮
│ PufferLib 5.0 🐡               GPU:  43%   VRAM:   3.2/31G    RAM:  0.5G     │
│                                                                              │
│ Env         connect4cnn    Evaluate      544ms  90%    Losses       0.055    │
│ Params           160.7K      Model        64ms  10%    policy       0.001    │
│ Steps             11.5M      Env         348ms  57%    value        0.011    │
│ SPS              169.3K      Copy        120ms  19%    entropy      0.038    │
│ Epoch              5614    Train          57ms   9%    old_kl       0.000    │
│ Uptime     1m 06s 696ms      Model        56ms   9%    kl          -0.000    │
│ To go         10s 718ms      Misc          1ms   0%    clipfrac     0.000    │
│                                                                              │
│ perf                          0.721   score                         0.443    │
│ episode_return                0.443   episode_length               11.348    │
│ invalids                      0.040                                          │
╰──────────────────────────────────────────────────────────────────────────────╯
╭──────────────────────────────────────────────────────────────────────────────╮
│ PufferLib 5.0🐡                GPU:  41%   VRAM:   3.2/31G    RAM:  0.5G     │
│                                                                              │
│ Env         connect4cnn    Evaluate      545ms  90%    Losses       0.052    │
│ Params           160.7K      Model        64ms  10%    policy      -0.001    │
│ Steps             11.6M      Env         347ms  57%    value        0.011    │
│ SPS              169.7K      Copy        119ms  19%    entropy      0.038    │
│ Epoch              5664    Train          57ms   9%    old_kl      -0.000    │
│ Uptime     1m 07s 299ms      Model        56ms   9%    kl          -0.000    │
│ To go         10s 092ms      Misc          1ms   0%    clipfrac     0.000    │
│                                                                              │
│ perf                          0.727   score                         0.453    │
│ episode_return                0.453   episode_length               11.372    │
│ invalids                      0.044                                          │
╰──────────────────────────────────────────────────────────────────────────────╯
╭──────────────────────────────────────────────────────────────────────────────╮
│ PufferLib 5.0               🐡 GPU:  45%   VRAM:   3.2/31G    RAM:  0.5G     │
│                                                                              │
│ Env         connect4cnn    Evaluate      548ms  90%    Losses       0.051    │
│ Params           160.7K      Model        64ms  10%    policy      -0.000    │
│ Steps             11.7M      Env         345ms  57%    value        0.010    │
│ SPS              168.2K      Copy        127ms  20%    entropy      0.038    │
│ Epoch              5714    Train          57ms   9%    old_kl       0.000    │
│ Uptime     1m 07s 908ms      Model        56ms   9%    kl          -0.000    │
│ To go          9s 568ms      Misc          1ms   0%    clipfrac     0.000    │
│                                                                              │
│ perf                          0.722   score                         0.443    │
│ episode_return                0.443   episode_length               11.414    │
│ invalids                      0.048                                          │
╰──────────────────────────────────────────────────────────────────────────────╯
╭──────────────────────────────────────────────────────────────────────────────╮
│ PufferLib 5.0              🐡  GPU:  45%   VRAM:   3.2/31G    RAM:  0.5G     │
│                                                                              │
│ Env         connect4cnn    Evaluate      543ms  90%    Losses       0.052    │
│ Params           160.7K      Model        64ms  10%    policy       0.000    │
│ Steps             11.8M      Env         345ms  57%    value        0.010    │
│ SPS              169.9K      Copy        123ms  20%    entropy      0.036    │
│ Epoch              5764    Train          57ms   9%    old_kl       0.000    │
│ Uptime     1m 08s 511ms      Model        56ms   9%    kl          -0.000    │
│ To go          8s 870ms      Misc          1ms   0%    clipfrac     0.000    │
│                                                                              │
│ perf                          0.736   score                         0.473    │
│ episode_return                0.473   episode_length               11.362    │
│ invalids                      0.042                                          │
╰──────────────────────────────────────────────────────────────────────────────╯
╭──────────────────────────────────────────────────────────────────────────────╮
│ PufferLib 5.0             🐡   GPU:  41%   VRAM:   3.2/31G    RAM:  0.5G     │
│                                                                              │
│ Env         connect4cnn    Evaluate      544ms  90%    Losses       0.052    │
│ Params           160.7K      Model        64ms  10%    policy       0.000    │
│ Steps             11.9M      Env         348ms  57%    value        0.010    │
│ SPS              169.4K      Copy        118ms  19%    entropy      0.037    │
│ Epoch              5814    Train          57ms   9%    old_kl       0.000    │
│ Uptime     1m 09s 115ms      Model        56ms   9%    kl          -0.000    │
│ To go          8s 292ms      Misc          1ms   0%    clipfrac     0.000    │
│                                                                              │
│ perf                          0.730   score                         0.460    │
│ episode_return                0.460   episode_length               11.386    │
│ invalids                      0.040                                          │
╰──────────────────────────────────────────────────────────────────────────────╯
╭──────────────────────────────────────────────────────────────────────────────╮
│ PufferLib 5.0            🐡    GPU:  40%   VRAM:   3.2/31G    RAM:  0.5G     │
│                                                                              │
│ Env         connect4cnn    Evaluate      548ms  90%    Losses       0.051    │
│ Params           160.7K      Model        64ms  10%    policy       0.000    │
│ Steps             12.0M      Env         347ms  57%    value        0.010    │
│ SPS              167.5K      Copy        122ms  20%    entropy      0.037    │
│ Epoch              5864    Train          57ms   9%    old_kl       0.000    │
│ Uptime     1m 09s 726ms      Model        56ms   9%    kl          -0.000    │
│ To go          7s 777ms      Misc          1ms   0%    clipfrac     0.000    │
│                                                                              │
│ perf                          0.729   score                         0.458    │
│ episode_return                0.458   episode_length               11.404    │
│ invalids                      0.044                                          │
╰──────────────────────────────────────────────────────────────────────────────╯
╭──────────────────────────────────────────────────────────────────────────────╮
│ PufferLib 5.0           🐡     GPU:  40%   VRAM:   3.2/31G    RAM:  0.5G     │
│                                                                              │
│ Env         connect4cnn    Evaluate      546ms  90%    Losses       0.054    │
│ Params           160.7K      Model        64ms  10%    policy       0.000    │
│ Steps             12.1M      Env         345ms  57%    value        0.011    │
│ SPS              169.3K      Copy        124ms  20%    entropy      0.037    │
│ Epoch              5914    Train          57ms   9%    old_kl      -0.000    │
│ Uptime     1m 10s 331ms      Model        56ms   9%    kl          -0.000    │
│ To go          7s 089ms      Misc          1ms   0%    clipfrac     0.000    │
│                                                                              │
│ perf                          0.727   score                         0.454    │
│ episode_return                0.454   episode_length               11.406    │
│ invalids                      0.042                                          │
╰──────────────────────────────────────────────────────────────────────────────╯
╭──────────────────────────────────────────────────────────────────────────────╮
│ PufferLib 5.0          🐡      GPU:  40%   VRAM:   3.2/31G    RAM:  0.5G     │
│                                                                              │
│ Env         connect4cnn    Evaluate      544ms  90%    Losses       0.052    │
│ Params           160.7K      Model        64ms  10%    policy       0.000    │
│ Steps             12.2M      Env         345ms  57%    value        0.010    │
│ SPS              169.3K      Copy        119ms  19%    entropy      0.038    │
│ Epoch              5964    Train          57ms   9%    old_kl      -0.000    │
│ Uptime     1m 10s 936ms      Model        56ms   9%    kl          -0.000    │
│ To go          6s 484ms      Misc          1ms   0%    clipfrac     0.000    │
│                                                                              │
│ perf                          0.724   score                         0.448    │
│ episode_return                0.448   episode_length               11.400    │
│ invalids                      0.044                                          │
╰──────────────────────────────────────────────────────────────────────────────╯
╭──────────────────────────────────────────────────────────────────────────────╮
│ PufferLib 5.0         🐡       GPU:  40%   VRAM:   3.2/31G    RAM:  0.5G     │
│                                                                              │
│ Env         connect4cnn    Evaluate      555ms  90%    Losses       0.052    │
│ Params           160.7K      Model        66ms  10%    policy       0.000    │
│ Steps             12.3M      Env         352ms  57%    value        0.010    │
│ SPS              169.8K      Copy        127ms  20%    entropy      0.038    │
│ Epoch              6015    Train          58ms   9%    old_kl       0.000    │
│ Uptime     1m 11s 551ms      Model        57ms   9%    kl          -0.000    │
│ To go          5s 848ms      Misc          1ms   0%    clipfrac     0.000    │
│                                                                              │
│ perf                          0.724   score                         0.447    │
│ episode_return                0.447   episode_length               11.403    │
│ invalids                      0.046                                          │
╰──────────────────────────────────────────────────────────────────────────────╯
╭──────────────────────────────────────────────────────────────────────────────╮
│ PufferLib 5.0        🐡        GPU:  42%   VRAM:   3.2/31G    RAM:  0.5G     │
│                                                                              │
│ Env         connect4cnn    Evaluate      545ms  90%    Losses       0.053    │
│ Params           160.7K      Model        64ms  10%    policy       0.001    │
│ Steps             12.4M      Env         344ms  57%    value        0.010    │
│ SPS              169.3K      Copy        124ms  20%    entropy      0.037    │
│ Epoch              6065    Train          57ms   9%    old_kl       0.000    │
│ Uptime     1m 12s 156ms      Model        56ms   9%    kl          -0.000    │
│ To go          5s 262ms      Misc          1ms   0%    clipfrac     0.000    │
│                                                                              │
│ perf                          0.718   score                         0.436    │
│ episode_return                0.436   episode_length               11.412    │
│ invalids                      0.042                                          │
╰──────────────────────────────────────────────────────────────────────────────╯
╭──────────────────────────────────────────────────────────────────────────────╮
│ PufferLib 5.0       🐡         GPU:  41%   VRAM:   3.2/31G    RAM:  0.5G     │
│                                                                              │
│ Env         connect4cnn    Evaluate      545ms  90%    Losses       0.050    │
│ Params           160.7K      Model        64ms  10%    policy      -0.000    │
│ Steps             12.5M      Env         345ms  57%    value        0.010    │
│ SPS              169.1K      Copy        123ms  20%    entropy      0.037    │
│ Epoch              6115    Train          57ms   9%    old_kl      -0.000    │
│ Uptime     1m 12s 761ms      Model        56ms   9%    kl          -0.000    │
│ To go          4s 663ms      Misc          1ms   0%    clipfrac     0.000    │
│                                                                              │
│ perf                          0.728   score                         0.456    │
│ episode_return                0.456   episode_length               11.417    │
│ invalids                      0.045                                          │
╰──────────────────────────────────────────────────────────────────────────────╯
╭──────────────────────────────────────────────────────────────────────────────╮
│ PufferLib 5.0      🐡          GPU:  41%   VRAM:   3.2/31G    RAM:  0.5G     │
│                                                                              │
│ Env         connect4cnn    Evaluate      545ms  90%    Losses       0.052    │
│ Params           160.7K      Model        64ms  10%    policy       0.001    │
│ Steps             12.6M      Env         344ms  57%    value        0.010    │
│ SPS              169.1K      Copy        124ms  20%    entropy      0.037    │
│ Epoch              6165    Train          57ms   9%    old_kl       0.000    │
│ Uptime     1m 13s 367ms      Model        56ms   9%    kl          -0.000    │
│ To go          4s 057ms      Misc          1ms   0%    clipfrac     0.000    │
│                                                                              │
│ perf                          0.727   score                         0.455    │
│ episode_return                0.455   episode_length               11.378    │
│ invalids                      0.042                                          │
╰──────────────────────────────────────────────────────────────────────────────╯
╭──────────────────────────────────────────────────────────────────────────────╮
│ PufferLib 5.0     🐡           GPU:  45%   VRAM:   3.2/31G    RAM:  0.5G     │
│                                                                              │
│ Env         connect4cnn    Evaluate      546ms  90%    Losses       0.049    │
│ Params           160.7K      Model        63ms  10%    policy      -0.002    │
│ Steps             12.7M      Env         345ms  57%    value        0.010    │
│ SPS              165.9K      Copy        124ms  20%    entropy      0.037    │
│ Epoch              6214    Train          56ms   9%    old_kl       0.000    │
│ Uptime     1m 13s 972ms      Model        55ms   9%    kl          -0.000    │
│ To go          3s 531ms      Misc          1ms   0%    clipfrac     0.000    │
│                                                                              │
│ perf                          0.736   score                         0.472    │
│ episode_return                0.472   episode_length               11.379    │
│ invalids                      0.043                                          │
╰──────────────────────────────────────────────────────────────────────────────╯
╭──────────────────────────────────────────────────────────────────────────────╮
│ PufferLib 5.0    🐡            GPU:  45%   VRAM:   3.2/31G    RAM:  0.5G     │
│                                                                              │
│ Env         connect4cnn    Evaluate      550ms  90%    Losses       0.054    │
│ Params           160.7K      Model        64ms  10%    policy       0.002    │
│ Steps             12.8M      Env         344ms  56%    value        0.010    │
│ SPS              168.0K      Copy        128ms  21%    entropy      0.037    │
│ Epoch              6264    Train          57ms   9%    old_kl      -0.000    │
│ Uptime     1m 14s 581ms      Model        56ms   9%    kl          -0.000    │
│ To go          2s 877ms      Misc          1ms   0%    clipfrac     0.000    │
│                                                                              │
│ perf                          0.722   score                         0.443    │
│ episode_return                0.443   episode_length               11.407    │
│ invalids                      0.043                                          │
╰──────────────────────────────────────────────────────────────────────────────╯
╭──────────────────────────────────────────────────────────────────────────────╮
│ PufferLib 5.0   🐡             GPU:  44%   VRAM:   3.2/31G    RAM:  0.5G     │
│                                                                              │
│ Env         connect4cnn    Evaluate      541ms  90%    Losses       0.054    │
│ Params           160.7K      Model        64ms  10%    policy       0.000    │
│ Steps             12.9M      Env         343ms  57%    value        0.011    │
│ SPS              170.2K      Copy        122ms  20%    entropy      0.038    │
│ Epoch              6314    Train          57ms   9%    old_kl       0.000    │
│ Uptime     1m 15s 183ms      Model        56ms   9%    kl          -0.000    │
│ To go          2s 238ms      Misc          1ms   0%    clipfrac     0.000    │
│                                                                              │
│ perf                          0.720   score                         0.440    │
│ episode_return                0.440   episode_length               11.449    │
│ invalids                      0.048                                          │
╰──────────────────────────────────────────────────────────────────────────────╯
╭──────────────────────────────────────────────────────────────────────────────╮
│ PufferLib 5.0  🐡              GPU:  44%   VRAM:   3.2/31G    RAM:  0.5G     │
│                                                                              │
│ Env         connect4cnn    Evaluate      545ms  90%    Losses       0.053    │
│ Params           160.7K      Model        64ms  10%    policy       0.000    │
│ Steps             13.0M      Env         343ms  56%    value        0.011    │
│ SPS              168.8K      Copy        127ms  21%    entropy      0.037    │
│ Epoch              6364    Train          57ms   9%    old_kl      -0.000    │
│ Uptime     1m 15s 790ms      Model        56ms   9%    kl          -0.000    │
│ To go          1s 650ms      Misc          1ms   0%    clipfrac     0.000    │
│                                                                              │
│ perf                          0.727   score                         0.453    │
│ episode_return                0.453   episode_length               11.353    │
│ invalids                      0.044                                          │
╰──────────────────────────────────────────────────────────────────────────────╯
╭──────────────────────────────────────────────────────────────────────────────╮
│ PufferLib 5.0 🐡               GPU:  44%   VRAM:   3.2/31G    RAM:  0.5G     │
│                                                                              │
│ Env         connect4cnn    Evaluate      546ms  90%    Losses       0.054    │
│ Params           160.7K      Model        64ms  10%    policy       0.001    │
│ Steps             13.1M      Env         347ms  57%    value        0.011    │
│ SPS              168.8K      Copy        119ms  19%    entropy      0.037    │
│ Epoch              6414    Train          57ms   9%    old_kl       0.000    │
│ Uptime     1m 16s 396ms      Model        56ms   9%    kl          -0.000    │
│ To go          1s 043ms      Misc          1ms   0%    clipfrac     0.000    │
│                                                                              │
│ perf                          0.727   score                         0.454    │
│ episode_return                0.454   episode_length               11.360    │
│ invalids                      0.042                                          │
╰──────────────────────────────────────────────────────────────────────────────╯
╭──────────────────────────────────────────────────────────────────────────────╮
│ PufferLib 5.0🐡                GPU:  45%   VRAM:   3.2/31G    RAM:  0.5G     │
│                                                                              │
│ Env         connect4cnn    Evaluate      545ms  90%    Losses       0.049    │
│ Params           160.7K      Model        64ms  10%    policy      -0.001    │
│ Steps             13.2M      Env         345ms  57%    value        0.010    │
│ SPS              168.9K      Copy        123ms  20%    entropy      0.037    │
│ Epoch              6464    Train          57ms   9%    old_kl      -0.000    │
│ Uptime     1m 17s 003ms      Model        56ms   9%    kl          -0.000    │
│ To go             437ms      Misc          1ms   0%    clipfrac     0.000    │
│                                                                              │
│ perf                          0.735   score                         0.469    │
│ episode_return                0.469   episode_length               11.359    │
│ invalids                      0.045                                          │
╰──────────────────────────────────────────────────────────────────────────────╯
╭──────────────────────────────────────────────────────────────────────────────╮
│ PufferLib 5.0               🐡 GPU:  45%   VRAM:   3.2/31G    RAM:  0.5G     │
│                                                                              │
│ Env         connect4cnn    Evaluate      394ms  90%    Losses       0.052    │
│ Params           160.7K      Model        46ms  10%    policy       0.000    │
│ Steps             13.3M      Env         247ms  56%    value        0.010    │
│ SPS              167.9K      Copy         89ms  20%    entropy      0.037    │
│ Epoch              6500    Train          41ms   9%    old_kl      -0.000    │
│ Uptime     1m 17s 442ms      Model        40ms   9%    kl          -0.000    │
│ To go               0ms      Misc          1ms   0%    clipfrac     0.000    │
│                                                                              │
│ perf                          0.719   score                         0.438    │
│ episode_return                0.438   episode_length               11.449    │
│ invalids                      0.048                                          │
╰──────────────────────────────────────────────────────────────────────────────╯
