╭──────────────────────────────────────────────────────────────────────────────╮
│ PufferLib 5.0               🐡 GPU:  23%   VRAM:   5.3/31G    RAM:  0.5G     │
│                                                                              │
│ Env         connect4cnn    Evaluate       69ms  59%    Losses       2.118    │
│ Params           151.7K      Model        59ms  50%    policy       0.663    │
│ Steps              2.0K      Env           9ms   7%    value        0.291    │
│ SPS               17.6K      Copy          1ms   0%    entropy      1.936    │
│ Epoch                 1    Train          48ms  40%    old_kl      -0.000    │
│ Uptime            116ms      Model        48ms  40%    kl           0.000    │
│ To go     12m 36s 078ms      Misc          0ms   0%    clipfrac     0.000    │
│                                                                              │
│ perf                          0.000   score                        -0.937    │
│ episode_return               -0.937   episode_length                6.260    │
│ invalids                      0.027                                          │
╰──────────────────────────────────────────────────────────────────────────────╯
╭──────────────────────────────────────────────────────────────────────────────╮
│ PufferLib 5.0              🐡  GPU:  86%   VRAM:   5.3/31G    RAM:  0.5G     │
│                                                                              │
│ Env         connect4cnn    Evaluate      199ms  32%    Losses       2.004    │
│ Params           151.7K      Model       111ms  17%    policy       0.637    │
│ Steps             20.5K      Env          74ms  11%    value        0.273    │
│ SPS               29.6K      Copy         11ms   1%    entropy      1.936    │
│ Epoch                10    Train         421ms  67%    old_kl       0.000    │
│ Uptime            739ms      Model       421ms  67%    kl           0.000    │
│ To go      7m 29s 086ms      Misc          0ms   0%    clipfrac     0.000    │
│                                                                              │
│ perf                          0.000   score                        -0.955    │
│ episode_return               -0.955   episode_length                6.516    │
│ invalids                      0.026                                          │
╰──────────────────────────────────────────────────────────────────────────────╯
╭──────────────────────────────────────────────────────────────────────────────╮
│ PufferLib 5.0             🐡   GPU:  86%   VRAM:   5.3/31G    RAM:  0.5G     │
│                                                                              │
│ Env         connect4cnn    Evaluate      199ms  32%    Losses       1.755    │
│ Params           151.7K      Model       111ms  17%    policy       0.586    │
│ Steps             38.9K      Env          76ms  12%    value        0.234    │
│ SPS               29.6K      Copy         10ms   1%    entropy      1.936    │
│ Epoch                19    Train         423ms  67%    old_kl       0.000    │
│ Uptime         1s 362ms      Model       423ms  67%    kl           0.000    │
│ To go      7m 28s 552ms      Misc          0ms   0%    clipfrac     0.000    │
│                                                                              │
│ perf                          0.000   score                        -0.958    │
│ episode_return               -0.958   episode_length                6.619    │
│ invalids                      0.033                                          │
╰──────────────────────────────────────────────────────────────────────────────╯
╭──────────────────────────────────────────────────────────────────────────────╮
│ PufferLib 5.0            🐡    GPU:  90%   VRAM:   5.3/31G    RAM:  0.5G     │
│                                                                              │
│ Env         connect4cnn    Evaluate      197ms  31%    Losses       1.546    │
│ Params           151.7K      Model       111ms  17%    policy       0.542    │
│ Steps             57.3K      Env          74ms  11%    value        0.201    │
│ SPS               29.3K      Copy         10ms   1%    entropy      1.936    │
│ Epoch                28    Train         432ms  68%    old_kl      -0.000    │
│ Uptime         1s 991ms      Model       432ms  68%    kl           0.000    │
│ To go      7m 32s 656ms      Misc          0ms   0%    clipfrac     0.000    │
│                                                                              │
│ perf                          0.000   score                        -0.951    │
│ episode_return               -0.951   episode_length                6.491    │
│ invalids                      0.037                                          │
╰──────────────────────────────────────────────────────────────────────────────╯
╭──────────────────────────────────────────────────────────────────────────────╮
│ PufferLib 5.0           🐡     GPU:  90%   VRAM:   5.3/31G    RAM:  0.5G     │
│                                                                              │
│ Env         connect4cnn    Evaluate      198ms  31%    Losses       1.324    │
│ Params           151.7K      Model       111ms  17%    policy       0.491    │
│ Steps             75.8K      Env          75ms  11%    value        0.167    │
│ SPS               29.5K      Copy         10ms   1%    entropy      1.935    │
│ Epoch                37    Train         426ms  68%    old_kl       0.000    │
│ Uptime         2s 616ms      Model       426ms  68%    kl           0.000    │
│ To go      7m 28s 742ms      Misc          0ms   0%    clipfrac     0.000    │
│                                                                              │
│ perf                          0.000   score                        -0.960    │
│ episode_return               -0.960   episode_length                6.510    │
│ invalids                      0.031                                          │
╰──────────────────────────────────────────────────────────────────────────────╯
╭──────────────────────────────────────────────────────────────────────────────╮
│ PufferLib 5.0          🐡      GPU:  91%   VRAM:   5.3/31G    RAM:  0.5G     │
│                                                                              │
│ Env         connect4cnn    Evaluate      198ms  31%    Losses       1.050    │
│ Params           151.7K      Model       111ms  17%    policy       0.420    │
│ Steps             94.2K      Env          74ms  11%    value        0.126    │
│ SPS               29.6K      Copy         11ms   1%    entropy      1.934    │
│ Epoch                46    Train         423ms  68%    old_kl       0.000    │
│ Uptime         3s 238ms      Model       423ms  68%    kl           0.000    │
│ To go      7m 25s 894ms      Misc          0ms   0%    clipfrac     0.000    │
│                                                                              │
│ perf                          0.000   score                        -0.956    │
│ episode_return               -0.956   episode_length                6.498    │
│ invalids                      0.031                                          │
╰──────────────────────────────────────────────────────────────────────────────╯
╭──────────────────────────────────────────────────────────────────────────────╮
│ PufferLib 5.0         🐡       GPU:  83%   VRAM:   5.3/31G    RAM:  0.5G     │
│                                                                              │
│ Env         connect4cnn    Evaluate      198ms  31%    Losses       0.774    │
│ Params           151.7K      Model       111ms  17%    policy       0.338    │
│ Steps            112.6K      Env          74ms  11%    value        0.087    │
│ SPS               29.4K      Copy         11ms   1%    entropy      1.932    │
│ Epoch                55    Train         427ms  68%    old_kl      -0.000    │
│ Uptime         3s 865ms      Model       427ms  68%    kl           0.000    │
│ To go      7m 28s 917ms      Misc          0ms   0%    clipfrac     0.000    │
│                                                                              │
│ perf                          0.001   score                        -0.958    │
│ episode_return               -0.958   episode_length                6.478    │
│ invalids                      0.036                                          │
╰──────────────────────────────────────────────────────────────────────────────╯
╭──────────────────────────────────────────────────────────────────────────────╮
│ PufferLib 5.0        🐡        GPU:  83%   VRAM:   5.3/31G    RAM:  0.5G     │
│                                                                              │
│ Env         connect4cnn    Evaluate      198ms  31%    Losses       0.474    │
│ Params           151.7K      Model       112ms  17%    policy       0.224    │
│ Steps            131.1K      Env          75ms  11%    value        0.050    │
│ SPS               29.2K      Copy         10ms   1%    entropy      1.929    │
│ Epoch                64    Train         433ms  68%    old_kl       0.000    │
│ Uptime         4s 496ms      Model       433ms  68%    kl           0.000    │
│ To go      7m 31s 424ms      Misc          0ms   0%    clipfrac     0.000    │
│                                                                              │
│ perf                          0.000   score                        -0.960    │
│ episode_return               -0.960   episode_length                6.535    │
│ invalids                      0.039                                          │
╰──────────────────────────────────────────────────────────────────────────────╯
╭──────────────────────────────────────────────────────────────────────────────╮
│ PufferLib 5.0       🐡         GPU:  91%   VRAM:   5.3/31G    RAM:  0.5G     │
│                                                                              │
│ Env         connect4cnn    Evaluate      200ms  32%    Losses       0.232    │
│ Params           151.7K      Model       111ms  17%    policy       0.087    │
│ Steps            149.5K      Env          76ms  12%    value        0.029    │
│ SPS               29.6K      Copy         10ms   1%    entropy      1.924    │
│ Epoch                73    Train         423ms  67%    old_kl      -0.000    │
│ Uptime         5s 120ms      Model       423ms  67%    kl          -0.000    │
│ To go      7m 25s 168ms      Misc          0ms   0%    clipfrac     0.000    │
│                                                                              │
│ perf                          0.000   score                        -0.958    │
│ episode_return               -0.958   episode_length                6.546    │
│ invalids                      0.038                                          │
╰──────────────────────────────────────────────────────────────────────────────╯
╭──────────────────────────────────────────────────────────────────────────────╮
│ PufferLib 5.0      🐡          GPU:  90%   VRAM:   5.3/31G    RAM:  0.5G     │
│                                                                              │
│ Env         connect4cnn    Evaluate      200ms  31%    Losses       0.178    │
│ Params           151.7K      Model       112ms  17%    policy       0.046    │
│ Steps            167.9K      Env          75ms  11%    value        0.026    │
│ SPS               29.4K      Copy         11ms   1%    entropy      1.925    │
│ Epoch                82    Train         426ms  68%    old_kl       0.000    │
│ Uptime         5s 746ms      Model       426ms  68%    kl           0.000    │
│ To go      7m 26s 745ms      Misc          0ms   0%    clipfrac     0.000    │
│                                                                              │
│ perf                          0.000   score                        -0.954    │
│ episode_return               -0.954   episode_length                6.464    │
│ invalids                      0.032                                          │
╰──────────────────────────────────────────────────────────────────────────────╯
╭──────────────────────────────────────────────────────────────────────────────╮
│ PufferLib 5.0     🐡           GPU:  90%   VRAM:   5.3/31G    RAM:  0.5G     │
│                                                                              │
│ Env         connect4cnn    Evaluate      197ms  31%    Losses       0.169    │
│ Params           151.7K      Model       111ms  17%    policy       0.044    │
│ Steps            186.4K      Env          75ms  11%    value        0.025    │
│ SPS               29.3K      Copy          9ms   1%    entropy      1.927    │
│ Epoch                91    Train         432ms  68%    old_kl       0.000    │
│ Uptime         6s 376ms      Model       432ms  68%    kl          -0.000    │
│ To go      7m 28s 540ms      Misc          0ms   0%    clipfrac     0.000    │
│                                                                              │
│ perf                          0.001   score                        -0.955    │
│ episode_return               -0.955   episode_length                6.572    │
│ invalids                      0.032                                          │
╰──────────────────────────────────────────────────────────────────────────────╯
╭──────────────────────────────────────────────────────────────────────────────╮
│ PufferLib 5.0    🐡            GPU:  84%   VRAM:   5.3/31G    RAM:  0.5G     │
│                                                                              │
│ Env         connect4cnn    Evaluate      198ms  31%    Losses       0.150    │
│ Params           151.7K      Model       111ms  17%    policy       0.036    │
│ Steps            204.8K      Env          75ms  12%    value        0.023    │
│ SPS               29.3K      Copy          9ms   1%    entropy      1.929    │
│ Epoch               100    Train         430ms  68%    old_kl       0.000    │
│ Uptime         7s 004ms      Model       430ms  68%    kl           0.000    │
│ To go      7m 26s 676ms      Misc          0ms   0%    clipfrac     0.000    │
│                                                                              │
│ perf                          0.000   score                        -0.951    │
│ episode_return               -0.951   episode_length                6.480    │
│ invalids                      0.038                                          │
╰──────────────────────────────────────────────────────────────────────────────╯
╭──────────────────────────────────────────────────────────────────────────────╮
│ PufferLib 5.0   🐡             GPU:  84%   VRAM:   5.3/31G    RAM:  0.5G     │
│                                                                              │
│ Env         connect4cnn    Evaluate      199ms  31%    Losses       0.139    │
│ Params           151.7K      Model       111ms  17%    policy       0.029    │
│ Steps            223.2K      Env          76ms  12%    value        0.022    │
│ SPS               29.3K      Copy          9ms   1%    entropy      1.930    │
│ Epoch               109    Train         431ms  68%    old_kl       0.000    │
│ Uptime         7s 634ms      Model       431ms  68%    kl           0.000    │
│ To go      7m 27s 326ms      Misc          0ms   0%    clipfrac     0.000    │
│                                                                              │
│ perf                          0.000   score                        -0.954    │
│ episode_return               -0.954   episode_length                6.545    │
│ invalids                      0.038                                          │
╰──────────────────────────────────────────────────────────────────────────────╯
╭──────────────────────────────────────────────────────────────────────────────╮
│ PufferLib 5.0  🐡              GPU:  91%   VRAM:   5.3/31G    RAM:  0.5G     │
│                                                                              │
│ Env         connect4cnn    Evaluate      198ms  31%    Losses       0.127    │
│ Params           151.7K      Model       112ms  17%    policy       0.025    │
│ Steps            241.7K      Env          75ms  11%    value        0.020    │
│ SPS               29.4K      Copy          9ms   1%    entropy      1.931    │
│ Epoch               118    Train         429ms  68%    old_kl       0.000    │
│ Uptime         8s 261ms      Model       429ms  68%    kl           0.000    │
│ To go      7m 24s 868ms      Misc          0ms   0%    clipfrac     0.000    │
│                                                                              │
│ perf                          0.000   score                        -0.955    │
│ episode_return               -0.955   episode_length                6.494    │
│ invalids                      0.033                                          │
╰──────────────────────────────────────────────────────────────────────────────╯
╭──────────────────────────────────────────────────────────────────────────────╮
│ PufferLib 5.0 🐡               GPU:  88%   VRAM:   5.3/31G    RAM:  0.5G     │
│                                                                              │
│ Env         connect4cnn    Evaluate      201ms  32%    Losses       0.116    │
│ Params           151.7K      Model       112ms  17%    policy       0.018    │
│ Steps            260.1K      Env          76ms  12%    value        0.020    │
│ SPS               29.4K      Copy         12ms   1%    entropy      1.931    │
│ Epoch               127    Train         425ms  67%    old_kl       0.000    │
│ Uptime         8s 888ms      Model       424ms  67%    kl           0.000    │
│ To go      7m 23s 420ms      Misc          0ms   0%    clipfrac     0.000    │
│                                                                              │
│ perf                          0.000   score                        -0.959    │
│ episode_return               -0.959   episode_length                6.519    │
│ invalids                      0.035                                          │
╰──────────────────────────────────────────────────────────────────────────────╯
╭──────────────────────────────────────────────────────────────────────────────╮
│ PufferLib 5.0🐡                GPU:  88%   VRAM:   5.3/31G    RAM:  0.5G     │
│                                                                              │
│ Env         connect4cnn    Evaluate      198ms  31%    Losses       0.111    │
│ Params           151.7K      Model       111ms  17%    policy       0.012    │
│ Steps            278.5K      Env          75ms  11%    value        0.020    │
│ SPS               29.4K      Copy         10ms   1%    entropy      1.932    │
│ Epoch               136    Train         428ms  68%    old_kl      -0.000    │
│ Uptime         9s 514ms      Model       428ms  68%    kl          -0.000    │
│ To go      7m 22s 796ms      Misc          0ms   0%    clipfrac     0.000    │
│                                                                              │
│ perf                          0.001   score                        -0.952    │
│ episode_return               -0.952   episode_length                6.498    │
│ invalids                      0.034                                          │
╰──────────────────────────────────────────────────────────────────────────────╯
╭──────────────────────────────────────────────────────────────────────────────╮
│ PufferLib 5.0               🐡 GPU:  85%   VRAM:   5.3/31G    RAM:  0.5G     │
│                                                                              │
│ Env         connect4cnn    Evaluate      197ms  31%    Losses       0.098    │
│ Params           151.7K      Model       111ms  17%    policy       0.005    │
│ Steps            297.0K      Env          75ms  12%    value        0.018    │
│ SPS               29.5K      Copy          9ms   1%    entropy      1.933    │
│ Epoch               145    Train         426ms  68%    old_kl       0.000    │
│ Uptime        10s 138ms      Model       426ms  68%    kl           0.000    │
│ To go      7m 20s 790ms      Misc          0ms   0%    clipfrac     0.000    │
│                                                                              │
│ perf                          0.000   score                        -0.956    │
│ episode_return               -0.956   episode_length                6.610    │
│ invalids                      0.033                                          │
╰──────────────────────────────────────────────────────────────────────────────╯
╭──────────────────────────────────────────────────────────────────────────────╮
│ PufferLib 5.0              🐡  GPU:  91%   VRAM:   5.3/31G    RAM:  0.5G     │
│                                                                              │
│ Env         connect4cnn    Evaluate      199ms  31%    Losses       0.090    │
│ Params           151.7K      Model       112ms  17%    policy       0.002    │
│ Steps            315.4K      Env          75ms  11%    value        0.018    │
│ SPS               29.2K      Copy         10ms   1%    entropy      1.934    │
│ Epoch               154    Train         433ms  68%    old_kl       0.000    │
│ Uptime        10s 770ms      Model       433ms  68%    kl           0.000    │
│ To go      7m 25s 528ms      Misc          0ms   0%    clipfrac     0.000    │
│                                                                              │
│ perf                          0.000   score                        -0.957    │
│ episode_return               -0.957   episode_length                6.540    │
│ invalids                      0.033                                          │
╰──────────────────────────────────────────────────────────────────────────────╯
╭──────────────────────────────────────────────────────────────────────────────╮
│ PufferLib 5.0             🐡   GPU:  91%   VRAM:   5.3/31G    RAM:  0.5G     │
│                                                                              │
│ Env         connect4cnn    Evaluate      199ms  31%    Losses       0.089    │
│ Params           151.7K      Model       111ms  17%    policy      -0.000    │
│ Steps            333.8K      Env          76ms  12%    value        0.018    │
│ SPS               29.6K      Copy         10ms   1%    entropy      1.935    │
│ Epoch               163    Train         424ms  68%    old_kl      -0.000    │
│ Uptime        11s 393ms      Model       424ms  68%    kl           0.000    │
│ To go      7m 18s 830ms      Misc          0ms   0%    clipfrac     0.000    │
│                                                                              │
│ perf                          0.000   score                        -0.956    │
│ episode_return               -0.956   episode_length                6.503    │
│ invalids                      0.031                                          │
╰──────────────────────────────────────────────────────────────────────────────╯
╭──────────────────────────────────────────────────────────────────────────────╮
│ PufferLib 5.0            🐡    GPU:  87%   VRAM:   5.3/31G    RAM:  0.5G     │
│                                                                              │
│ Env         connect4cnn    Evaluate      200ms  32%    Losses       0.089    │
│ Params           151.7K      Model       112ms  17%    policy       0.001    │
│ Steps            352.3K      Env          75ms  12%    value        0.018    │
│ SPS               29.5K      Copy         12ms   1%    entropy      1.935    │
│ Epoch               172    Train         424ms  67%    old_kl       0.000    │
│ Uptime        12s 019ms      Model       424ms  67%    kl           0.000    │
│ To go      7m 19s 824ms      Misc          0ms   0%    clipfrac     0.000    │
│                                                                              │
│ perf                          0.000   score                        -0.956    │
│ episode_return               -0.956   episode_length                6.583    │
│ invalids                      0.035                                          │
╰──────────────────────────────────────────────────────────────────────────────╯
╭──────────────────────────────────────────────────────────────────────────────╮
│ PufferLib 5.0           🐡     GPU:  85%   VRAM:   5.3/31G    RAM:  0.5G     │
│                                                                              │
│ Env         connect4cnn    Evaluate      199ms  31%    Losses       0.090    │
│ Params           151.7K      Model       111ms  17%    policy      -0.001    │
│ Steps            370.7K      Env          76ms  12%    value        0.018    │
│ SPS               29.2K      Copy          9ms   1%    entropy      1.934    │
│ Epoch               181    Train         433ms  68%    old_kl       0.000    │
│ Uptime        12s 651ms      Model       433ms  68%    kl           0.000    │
│ To go      7m 23s 846ms      Misc          0ms   0%    clipfrac     0.000    │
│                                                                              │
│ perf                          0.001   score                        -0.944    │
│ episode_return               -0.944   episode_length                6.531    │
│ invalids                      0.032                                          │
╰──────────────────────────────────────────────────────────────────────────────╯
╭──────────────────────────────────────────────────────────────────────────────╮
│ PufferLib 5.0          🐡      GPU:  85%   VRAM:   5.3/31G    RAM:  0.5G     │
│                                                                              │
│ Env         connect4cnn    Evaluate      198ms  31%    Losses       0.086    │
│ Params           151.7K      Model       112ms  17%    policy      -0.002    │
│ Steps            389.1K      Env          75ms  12%    value        0.018    │
│ SPS               29.5K      Copy         10ms   1%    entropy      1.934    │
│ Epoch               190    Train         426ms  68%    old_kl      -0.000    │
│ Uptime        13s 276ms      Model       425ms  68%    kl           0.000    │
│ To go      7m 17s 981ms      Misc          0ms   0%    clipfrac     0.000    │
│                                                                              │
│ perf                          0.001   score                        -0.956    │
│ episode_return               -0.956   episode_length                6.651    │
│ invalids                      0.036                                          │
╰──────────────────────────────────────────────────────────────────────────────╯
╭──────────────────────────────────────────────────────────────────────────────╮
│ PufferLib 5.0         🐡       GPU:  92%   VRAM:   5.3/31G    RAM:  0.5G     │
│                                                                              │
│ Env         connect4cnn    Evaluate      201ms  32%    Losses       0.086    │
│ Params           151.7K      Model       112ms  17%    policy       0.003    │
│ Steps            407.6K      Env          75ms  12%    value        0.017    │
│ SPS               29.5K      Copy         10ms   1%    entropy      1.935    │
│ Epoch               199    Train         425ms  67%    old_kl      -0.000    │
│ Uptime        13s 901ms      Model       424ms  67%    kl           0.000    │
│ To go      7m 18s 003ms      Misc          0ms   0%    clipfrac     0.000    │
│                                                                              │
│ perf                          0.000   score                        -0.958    │
│ episode_return               -0.958   episode_length                6.647    │
│ invalids                      0.035                                          │
╰──────────────────────────────────────────────────────────────────────────────╯
╭──────────────────────────────────────────────────────────────────────────────╮
│ PufferLib 5.0        🐡        GPU:  92%   VRAM:   5.2/31G    RAM:  0.5G     │
│                                                                              │
│ Env         connect4cnn    Evaluate      201ms  31%    Losses       0.085    │
│ Params           151.7K      Model       111ms  17%    policy       0.002    │
│ Steps            426.0K      Env          75ms  11%    value        0.017    │
│ SPS               29.0K      Copy         12ms   1%    entropy      1.935    │
│ Epoch               208    Train         434ms  68%    old_kl      -0.000    │
│ Uptime        14s 536ms      Model       434ms  68%    kl          -0.000    │
│ To go      7m 24s 004ms      Misc          0ms   0%    clipfrac     0.000    │
│                                                                              │
│ perf                          0.000   score                        -0.955    │
│ episode_return               -0.955   episode_length                6.673    │
│ invalids                      0.038                                          │
╰──────────────────────────────────────────────────────────────────────────────╯
╭──────────────────────────────────────────────────────────────────────────────╮
│ PufferLib 5.0       🐡         GPU:  88%   VRAM:   5.2/31G    RAM:  0.5G     │
│                                                                              │
│ Env         connect4cnn    Evaluate      197ms  31%    Losses       0.081    │
│ Params           151.7K      Model       111ms  17%    policy      -0.001    │
│ Steps            444.4K      Env          75ms  12%    value        0.016    │
│ SPS               29.6K      Copy          9ms   1%    entropy      1.935    │
│ Epoch               217    Train         425ms  68%    old_kl       0.000    │
│ Uptime        15s 160ms      Model       425ms  68%    kl          -0.000    │
│ To go      7m 15s 048ms      Misc          0ms   0%    clipfrac     0.000    │
│                                                                              │
│ perf                          0.000   score                        -0.963    │
│ episode_return               -0.963   episode_length                6.664    │
│ invalids                      0.042                                          │
╰──────────────────────────────────────────────────────────────────────────────╯
╭──────────────────────────────────────────────────────────────────────────────╮
│ PufferLib 5.0      🐡          GPU:  86%   VRAM:   5.2/31G    RAM:  0.5G     │
│                                                                              │
│ Env         connect4cnn    Evaluate      199ms  31%    Losses       0.080    │
│ Params           151.7K      Model       112ms  17%    policy      -0.003    │
│ Steps            462.8K      Env          75ms  11%    value        0.017    │
│ SPS               29.4K      Copy         10ms   1%    entropy      1.935    │
│ Epoch               226    Train         427ms  68%    old_kl       0.000    │
│ Uptime        15s 786ms      Model       427ms  68%    kl          -0.000    │
│ To go      7m 16s 545ms      Misc          0ms   0%    clipfrac     0.000    │
│                                                                              │
│ perf                          0.001   score                        -0.951    │
│ episode_return               -0.951   episode_length                6.597    │
│ invalids                      0.032                                          │
╰──────────────────────────────────────────────────────────────────────────────╯
╭──────────────────────────────────────────────────────────────────────────────╮
│ PufferLib 5.0     🐡           GPU:  86%   VRAM:   5.2/31G    RAM:  0.5G     │
│                                                                              │
│ Env         connect4cnn    Evaluate      198ms  31%    Losses       0.080    │
│ Params           151.7K      Model       112ms  17%    policy       0.000    │
│ Steps            481.3K      Env          74ms  11%    value        0.016    │
│ SPS               29.5K      Copy          9ms   1%    entropy      1.936    │
│ Epoch               235    Train         427ms  68%    old_kl       0.000    │
│ Uptime        16s 411ms      Model       426ms  68%    kl           0.000    │
│ To go      7m 15s 183ms      Misc          0ms   0%    clipfrac     0.000    │
│                                                                              │
│ perf                          0.001   score                        -0.961    │
│ episode_return               -0.961   episode_length                6.697    │
│ invalids                      0.035                                          │
╰──────────────────────────────────────────────────────────────────────────────╯
╭──────────────────────────────────────────────────────────────────────────────╮
│ PufferLib 5.0    🐡            GPU:  93%   VRAM:   5.2/31G    RAM:  0.5G     │
│                                                                              │
│ Env         connect4cnn    Evaluate      198ms  31%    Losses       0.074    │
│ Params           151.7K      Model       111ms  17%    policy      -0.003    │
│ Steps            499.7K      Env          74ms  11%    value        0.015    │
│ SPS               29.5K      Copy         11ms   1%    entropy      1.935    │
│ Epoch               244    Train         426ms  68%    old_kl       0.000    │
│ Uptime        17s 036ms      Model       426ms  68%    kl           0.000    │
│ To go      7m 14s 370ms      Misc          0ms   0%    clipfrac     0.000    │
│                                                                              │
│ perf                          0.000   score                        -0.958    │
│ episode_return               -0.958   episode_length                6.514    │
│ invalids                      0.035                                          │
╰──────────────────────────────────────────────────────────────────────────────╯
╭──────────────────────────────────────────────────────────────────────────────╮
│ PufferLib 5.0   🐡             GPU:  83%   VRAM:   5.2/31G    RAM:  0.5G     │
│                                                                              │
│ Env         connect4cnn    Evaluate      199ms  31%    Losses       0.079    │
│ Params           151.7K      Model       112ms  17%    policy       0.003    │
│ Steps            518.1K      Env          75ms  12%    value        0.015    │
│ SPS               29.4K      Copy         10ms   1%    entropy      1.935    │
│ Epoch               253    Train         427ms  68%    old_kl      -0.000    │
│ Uptime        17s 662ms      Model       427ms  68%    kl          -0.000    │
│ To go      7m 14s 763ms      Misc          0ms   0%    clipfrac     0.000    │
│                                                                              │
│ perf                          0.000   score                        -0.963    │
│ episode_return               -0.963   episode_length                6.671    │
│ invalids                      0.041                                          │
╰──────────────────────────────────────────────────────────────────────────────╯
╭──────────────────────────────────────────────────────────────────────────────╮
│ PufferLib 5.0  🐡              GPU:  83%   VRAM:   5.2/31G    RAM:  0.5G     │
│                                                                              │
│ Env         connect4cnn    Evaluate      198ms  31%    Losses       0.075    │
│ Params           151.7K      Model       112ms  17%    policy      -0.003    │
│ Steps            536.6K      Env          74ms  11%    value        0.016    │
│ SPS               29.5K      Copy         10ms   1%    entropy      1.934    │
│ Epoch               262    Train         426ms  68%    old_kl       0.000    │
│ Uptime        18s 286ms      Model       426ms  68%    kl           0.000    │
│ To go      7m 12s 582ms      Misc          0ms   0%    clipfrac     0.000    │
│                                                                              │
│ perf                          0.002   score                        -0.953    │
│ episode_return               -0.953   episode_length                6.557    │
│ invalids                      0.034                                          │
╰──────────────────────────────────────────────────────────────────────────────╯
╭──────────────────────────────────────────────────────────────────────────────╮
│ PufferLib 5.0 🐡               GPU:  91%   VRAM:   5.2/31G    RAM:  0.5G     │
│                                                                              │
│ Env         connect4cnn    Evaluate      197ms  31%    Losses       0.071    │
│ Params           151.7K      Model       112ms  17%    policy      -0.005    │
│ Steps            555.0K      Env          75ms  11%    value        0.015    │
│ SPS               29.4K      Copy         10ms   1%    entropy      1.934    │
│ Epoch               271    Train         430ms  68%    old_kl      -0.000    │
│ Uptime        18s 914ms      Model       430ms  68%    kl          -0.000    │
│ To go      7m 14s 550ms      Misc          0ms   0%    clipfrac     0.000    │
│                                                                              │
│ perf                          0.000   score                        -0.955    │
│ episode_return               -0.955   episode_length                6.590    │
│ invalids                      0.034                                          │
╰──────────────────────────────────────────────────────────────────────────────╯
╭──────────────────────────────────────────────────────────────────────────────╮
│ PufferLib 5.0🐡                GPU:  91%   VRAM:   5.2/31G    RAM:  0.5G     │
│                                                                              │
│ Env         connect4cnn    Evaluate      199ms  31%    Losses       0.066    │
│ Params           151.7K      Model       112ms  17%    policy      -0.003    │
│ Steps            573.4K      Env          74ms  11%    value        0.014    │
│ SPS               29.4K      Copy         11ms   1%    entropy      1.934    │
│ Epoch               280    Train         426ms  68%    old_kl       0.000    │
│ Uptime        19s 540ms      Model       426ms  68%    kl           0.000    │
│ To go      7m 12s 768ms      Misc          0ms   0%    clipfrac     0.000    │
│                                                                              │
│ perf                          0.000   score                        -0.962    │
│ episode_return               -0.962   episode_length                6.623    │
│ invalids                      0.038                                          │
╰──────────────────────────────────────────────────────────────────────────────╯
╭──────────────────────────────────────────────────────────────────────────────╮
│ PufferLib 5.0               🐡 GPU:  89%   VRAM:   5.2/31G    RAM:  0.5G     │
│                                                                              │
│ Env         connect4cnn    Evaluate      198ms  31%    Losses       0.076    │
│ Params           151.7K      Model       112ms  17%    policy      -0.000    │
│ Steps            591.9K      Env          75ms  12%    value        0.015    │
│ SPS               29.7K      Copy         10ms   1%    entropy      1.933    │
│ Epoch               289    Train         422ms  68%    old_kl       0.000    │
│ Uptime        20s 161ms      Model       422ms  68%    kl           0.000    │
│ To go      7m 08s 566ms      Misc          0ms   0%    clipfrac     0.000    │
│                                                                              │
│ perf                          0.001   score                        -0.956    │
│ episode_return               -0.956   episode_length                6.653    │
│ invalids                      0.034                                          │
╰──────────────────────────────────────────────────────────────────────────────╯
╭──────────────────────────────────────────────────────────────────────────────╮
│ PufferLib 5.0              🐡  GPU:  85%   VRAM:   5.2/31G    RAM:  0.5G     │
│                                                                              │
│ Env         connect4cnn    Evaluate      198ms  31%    Losses       0.075    │
│ Params           151.7K      Model       111ms  17%    policy      -0.001    │
│ Steps            610.3K      Env          75ms  11%    value        0.015    │
│ SPS               29.4K      Copy         10ms   1%    entropy      1.932    │
│ Epoch               298    Train         429ms  68%    old_kl      -0.000    │
│ Uptime        20s 789ms      Model       429ms  68%    kl           0.000    │
│ To go      7m 12s 344ms      Misc          0ms   0%    clipfrac     0.000    │
│                                                                              │
│ perf                          0.001   score                        -0.956    │
│ episode_return               -0.956   episode_length                6.685    │
│ invalids                      0.032                                          │
╰──────────────────────────────────────────────────────────────────────────────╯
╭──────────────────────────────────────────────────────────────────────────────╮
│ PufferLib 5.0             🐡   GPU:  85%   VRAM:   5.2/31G    RAM:  0.5G     │
│                                                                              │
│ Env         connect4cnn    Evaluate      198ms  31%    Losses       0.074    │
│ Params           151.7K      Model       111ms  17%    policy      -0.001    │
│ Steps            628.7K      Env          75ms  11%    value        0.015    │
│ SPS               29.5K      Copy         10ms   1%    entropy      1.932    │
│ Epoch               307    Train         426ms  68%    old_kl       0.000    │
│ Uptime        21s 413ms      Model       426ms  68%    kl          -0.000    │
│ To go      7m 09s 570ms      Misc          0ms   0%    clipfrac     0.000    │
│                                                                              │
│ perf                          0.001   score                        -0.960    │
│ episode_return               -0.960   episode_length                6.710    │
│ invalids                      0.036                                          │
╰──────────────────────────────────────────────────────────────────────────────╯
╭──────────────────────────────────────────────────────────────────────────────╮
│ PufferLib 5.0            🐡    GPU:  92%   VRAM:   5.2/31G    RAM:  0.5G     │
│                                                                              │
│ Env         connect4cnn    Evaluate      199ms  31%    Losses       0.068    │
│ Params           151.7K      Model       112ms  17%    policy      -0.006    │
│ Steps            647.2K      Env          75ms  11%    value        0.015    │
│ SPS               29.5K      Copy         11ms   1%    entropy      1.931    │
│ Epoch               316    Train         425ms  68%    old_kl      -0.000    │
│ Uptime        22s 038ms      Model       425ms  68%    kl          -0.000    │
│ To go      7m 09s 176ms      Misc          0ms   0%    clipfrac     0.000    │
│                                                                              │
│ perf                          0.000   score                        -0.962    │
│ episode_return               -0.962   episode_length                6.699    │
│ invalids                      0.040                                          │
╰──────────────────────────────────────────────────────────────────────────────╯
╭──────────────────────────────────────────────────────────────────────────────╮
│ PufferLib 5.0           🐡     GPU:  84%   VRAM:   5.2/31G    RAM:  0.5G     │
│                                                                              │
│ Env         connect4cnn    Evaluate      198ms  31%    Losses       0.078    │
│ Params           151.7K      Model       112ms  17%    policy       0.006    │
│ Steps            665.6K      Env          74ms  11%    value        0.015    │
│ SPS               29.3K      Copy         10ms   1%    entropy      1.931    │
│ Epoch               325    Train         430ms  68%    old_kl      -0.000    │
│ Uptime        22s 666ms      Model       430ms  68%    kl           0.000    │
│ To go      7m 10s 895ms      Misc          0ms   0%    clipfrac     0.000    │
│                                                                              │
│ perf                          0.001   score                        -0.955    │
│ episode_return               -0.955   episode_length                6.643    │
│ invalids                      0.039                                          │
╰──────────────────────────────────────────────────────────────────────────────╯
╭──────────────────────────────────────────────────────────────────────────────╮
│ PufferLib 5.0          🐡      GPU:  84%   VRAM:   5.2/31G    RAM:  0.5G     │
│                                                                              │
│ Env         connect4cnn    Evaluate      199ms  31%    Losses       0.075    │
│ Params           151.7K      Model       112ms  17%    policy       0.005    │
│ Steps            684.0K      Env          75ms  11%    value        0.014    │
│ SPS               29.2K      Copy         10ms   1%    entropy      1.930    │
│ Epoch               334    Train         432ms  68%    old_kl       0.000    │
│ Uptime        23s 297ms      Model       432ms  68%    kl           0.000    │
│ To go      7m 12s 549ms      Misc          0ms   0%    clipfrac     0.000    │
│                                                                              │
│ perf                          0.000   score                        -0.963    │
│ episode_return               -0.963   episode_length                6.650    │
│ invalids                      0.040                                          │
╰──────────────────────────────────────────────────────────────────────────────╯
╭──────────────────────────────────────────────────────────────────────────────╮
│ PufferLib 5.0         🐡       GPU:  88%   VRAM:   5.2/31G    RAM:  0.5G     │
│                                                                              │
│ Env         connect4cnn    Evaluate      197ms  31%    Losses       0.075    │
│ Params           151.7K      Model       112ms  17%    policy       0.004    │
│ Steps            702.5K      Env          75ms  11%    value        0.014    │
│ SPS               29.4K      Copy         10ms   1%    entropy      1.930    │
│ Epoch               343    Train         428ms  68%    old_kl      -0.000    │
│ Uptime        23s 923ms      Model       428ms  68%    kl          -0.000    │
│ To go      7m 08s 456ms      Misc          0ms   0%    clipfrac     0.000    │
│                                                                              │
│ perf                          0.000   score                        -0.959    │
│ episode_return               -0.959   episode_length                6.666    │
│ invalids                      0.042                                          │
╰──────────────────────────────────────────────────────────────────────────────╯
╭──────────────────────────────────────────────────────────────────────────────╮
│ PufferLib 5.0        🐡        GPU:  88%   VRAM:   5.2/31G    RAM:  0.5G     │
│                                                                              │
│ Env         connect4cnn    Evaluate      200ms  32%    Losses       0.070    │
│ Params           151.7K      Model       112ms  17%    policy      -0.002    │
│ Steps            720.9K      Env          74ms  11%    value        0.015    │
│ SPS               29.5K      Copy         12ms   1%    entropy      1.929    │
│ Epoch               352    Train         424ms  67%    old_kl       0.000    │
│ Uptime        24s 547ms      Model       424ms  67%    kl           0.000    │
│ To go      7m 06s 355ms      Misc          0ms   0%    clipfrac     0.000    │
│                                                                              │
│ perf                          0.001   score                        -0.955    │
│ episode_return               -0.955   episode_length                6.679    │
│ invalids                      0.034                                          │
╰──────────────────────────────────────────────────────────────────────────────╯
╭──────────────────────────────────────────────────────────────────────────────╮
│ PufferLib 5.0       🐡         GPU:  92%   VRAM:   5.2/31G    RAM:  0.5G     │
│                                                                              │
│ Env         connect4cnn    Evaluate      198ms  31%    Losses       0.071    │
│ Params           151.7K      Model       112ms  17%    policy      -0.003    │
│ Steps            739.3K      Env          74ms  11%    value        0.015    │
│ SPS               29.6K      Copy         10ms   1%    entropy      1.928    │
│ Epoch               361    Train         424ms  68%    old_kl       0.000    │
│ Uptime        25s 170ms      Model       424ms  68%    kl           0.000    │
│ To go      7m 04s 696ms      Misc          0ms   0%    clipfrac     0.000    │
│                                                                              │
│ perf                          0.001   score                        -0.957    │
│ episode_return               -0.957   episode_length                6.714    │
│ invalids                      0.042                                          │
╰──────────────────────────────────────────────────────────────────────────────╯
╭──────────────────────────────────────────────────────────────────────────────╮
│ PufferLib 5.0      🐡          GPU:  83%   VRAM:   5.2/31G    RAM:  0.5G     │
│                                                                              │
│ Env         connect4cnn    Evaluate      197ms  31%    Losses       0.068    │
│ Params           151.7K      Model       111ms  17%    policy       0.000    │
│ Steps            757.8K      Env          74ms  11%    value        0.014    │
│ SPS               29.5K      Copy          9ms   1%    entropy      1.927    │
│ Epoch               370    Train         427ms  68%    old_kl      -0.000    │
│ Uptime        25s 795ms      Model       427ms  68%    kl           0.000    │
│ To go      7m 05s 495ms      Misc          0ms   0%    clipfrac     0.000    │
│                                                                              │
│ perf                          0.000   score                        -0.955    │
│ episode_return               -0.955   episode_length                6.693    │
│ invalids                      0.041                                          │
╰──────────────────────────────────────────────────────────────────────────────╯
╭──────────────────────────────────────────────────────────────────────────────╮
│ PufferLib 5.0     🐡           GPU:  83%   VRAM:   5.2/31G    RAM:  0.5G     │
│                                                                              │
│ Env         connect4cnn    Evaluate      198ms  31%    Losses       0.061    │
│ Params           151.7K      Model       112ms  17%    policy      -0.006    │
│ Steps            776.2K      Env          74ms  11%    value        0.013    │
│ SPS               29.3K      Copy         10ms   1%    entropy      1.925    │
│ Epoch               379    Train         430ms  68%    old_kl      -0.000    │
│ Uptime        26s 423ms      Model       430ms  68%    kl          -0.000    │
│ To go      7m 07s 446ms      Misc          0ms   0%    clipfrac     0.000    │
│                                                                              │
│ perf                          0.000   score                        -0.964    │
│ episode_return               -0.964   episode_length                6.727    │
│ invalids                      0.039                                          │
╰──────────────────────────────────────────────────────────────────────────────╯
╭──────────────────────────────────────────────────────────────────────────────╮
│ PufferLib 5.0    🐡            GPU:  91%   VRAM:   5.2/31G    RAM:  0.5G     │
│                                                                              │
│ Env         connect4cnn    Evaluate      199ms  31%    Losses       0.070    │
│ Params           151.7K      Model       112ms  17%    policy      -0.002    │
│ Steps            794.6K      Env          74ms  11%    value        0.014    │
│ SPS               29.5K      Copy         12ms   1%    entropy      1.925    │
│ Epoch               388    Train         424ms  68%    old_kl      -0.000    │
│ Uptime        27s 047ms      Model       424ms  68%    kl           0.000    │
│ To go      7m 03s 906ms      Misc          0ms   0%    clipfrac     0.000    │
│                                                                              │
│ perf                          0.001   score                        -0.963    │
│ episode_return               -0.963   episode_length                6.842    │
│ invalids                      0.048                                          │
╰──────────────────────────────────────────────────────────────────────────────╯
╭──────────────────────────────────────────────────────────────────────────────╮
│ PufferLib 5.0   🐡             GPU:  88%   VRAM:   5.2/31G    RAM:  0.5G     │
│                                                                              │
│ Env         connect4cnn    Evaluate      197ms  31%    Losses       0.075    │
│ Params           151.7K      Model       111ms  17%    policy       0.005    │
│ Steps            813.1K      Env          74ms  11%    value        0.014    │
│ SPS               29.5K      Copy          9ms   1%    entropy      1.924    │
│ Epoch               397    Train         427ms  68%    old_kl      -0.000    │
│ Uptime        27s 672ms      Model       427ms  68%    kl           0.000    │
│ To go      7m 03s 606ms      Misc          0ms   0%    clipfrac     0.000    │
│                                                                              │
│ perf                          0.001   score                        -0.960    │
│ episode_return               -0.960   episode_length                6.732    │
│ invalids                      0.045                                          │
╰──────────────────────────────────────────────────────────────────────────────╯
╭──────────────────────────────────────────────────────────────────────────────╮
│ PufferLib 5.0  🐡              GPU:  88%   VRAM:   5.2/31G    RAM:  0.5G     │
│                                                                              │
│ Env         connect4cnn    Evaluate      197ms  31%    Losses       0.071    │
│ Params           151.7K      Model       111ms  17%    policy      -0.000    │
│ Steps            831.5K      Env          74ms  11%    value        0.014    │
│ SPS               29.3K      Copy         10ms   1%    entropy      1.922    │
│ Epoch               406    Train         431ms  68%    old_kl       0.000    │
│ Uptime        28s 300ms      Model       431ms  68%    kl          -0.000    │
│ To go      7m 05s 372ms      Misc          0ms   0%    clipfrac     0.000    │
│                                                                              │
│ perf                          0.002   score                        -0.955    │
│ episode_return               -0.955   episode_length                6.673    │
│ invalids                      0.036                                          │
╰──────────────────────────────────────────────────────────────────────────────╯
╭──────────────────────────────────────────────────────────────────────────────╮
│ PufferLib 5.0 🐡               GPU:  87%   VRAM:   5.2/31G    RAM:  0.5G     │
│                                                                              │
│ Env         connect4cnn    Evaluate      197ms  31%    Losses       0.068    │
│ Params           151.7K      Model       112ms  17%    policy       0.002    │
│ Steps            849.9K      Env          74ms  11%    value        0.013    │
│ SPS               29.6K      Copy          9ms   1%    entropy      1.920    │
│ Epoch               415    Train         426ms  68%    old_kl      -0.000    │
│ Uptime        28s 924ms      Model       426ms  68%    kl          -0.000    │
│ To go      7m 01s 494ms      Misc          0ms   0%    clipfrac     0.000    │
│                                                                              │
│ perf                          0.000   score                        -0.957    │
│ episode_return               -0.957   episode_length                6.710    │
│ invalids                      0.038                                          │
╰──────────────────────────────────────────────────────────────────────────────╯
╭──────────────────────────────────────────────────────────────────────────────╮
│ PufferLib 5.0🐡                GPU:  87%   VRAM:   5.2/31G    RAM:  0.5G     │
│                                                                              │
│ Env         connect4cnn    Evaluate      200ms  32%    Losses       0.065    │
│ Params           151.7K      Model       112ms  17%    policy       0.001    │
│ Steps            868.4K      Env          74ms  11%    value        0.013    │
│ SPS               29.6K      Copy         11ms   1%    entropy      1.919    │
│ Epoch               424    Train         423ms  67%    old_kl      -0.000    │
│ Uptime        29s 547ms      Model       423ms  67%    kl          -0.000    │
│ To go      7m 00s 837ms      Misc          0ms   0%    clipfrac     0.000    │
│                                                                              │
│ perf                          0.000   score                        -0.956    │
│ episode_return               -0.956   episode_length                6.627    │
│ invalids                      0.033                                          │
╰──────────────────────────────────────────────────────────────────────────────╯
╭──────────────────────────────────────────────────────────────────────────────╮
│ PufferLib 5.0               🐡 GPU:  92%   VRAM:   5.2/31G    RAM:  0.5G     │
│                                                                              │
│ Env         connect4cnn    Evaluate      197ms  31%    Losses       0.067    │
│ Params           151.7K      Model       112ms  17%    policy       0.001    │
│ Steps            886.8K      Env          75ms  11%    value        0.013    │
│ SPS               29.4K      Copy          9ms   1%    entropy      1.918    │
│ Epoch               433    Train         429ms  68%    old_kl      -0.000    │
│ Uptime        30s 173ms      Model       429ms  68%    kl          -0.000    │
│ To go      7m 02s 174ms      Misc          0ms   0%    clipfrac     0.000    │
│                                                                              │
│ perf                          0.000   score                        -0.958    │
│ episode_return               -0.958   episode_length                6.754    │
│ invalids                      0.043                                          │
╰──────────────────────────────────────────────────────────────────────────────╯
╭──────────────────────────────────────────────────────────────────────────────╮
│ PufferLib 5.0              🐡  GPU:  82%   VRAM:   5.2/31G    RAM:  0.5G     │
│                                                                              │
│ Env         connect4cnn    Evaluate      196ms  31%    Losses       0.063    │
│ Params           151.7K      Model       111ms  17%    policy      -0.001    │
│ Steps            905.2K      Env          74ms  11%    value        0.013    │
│ SPS               29.4K      Copy          9ms   1%    entropy      1.918    │
│ Epoch               442    Train         430ms  68%    old_kl       0.000    │
│ Uptime        30s 801ms      Model       430ms  68%    kl           0.000    │
│ To go      7m 02s 135ms      Misc          0ms   0%    clipfrac     0.000    │
│                                                                              │
│ perf                          0.000   score                        -0.957    │
│ episode_return               -0.957   episode_length                6.721    │
│ invalids                      0.036                                          │
╰──────────────────────────────────────────────────────────────────────────────╯
╭──────────────────────────────────────────────────────────────────────────────╮
│ PufferLib 5.0             🐡   GPU:  82%   VRAM:   5.2/31G    RAM:  0.5G     │
│                                                                              │
│ Env         connect4cnn    Evaluate      198ms  31%    Losses       0.068    │
│ Params           151.7K      Model       112ms  17%    policy       0.004    │
│ Steps            923.6K      Env          74ms  11%    value        0.013    │
│ SPS               29.4K      Copy         10ms   1%    entropy      1.917    │
│ Epoch               451    Train         428ms  68%    old_kl       0.000    │
│ Uptime        31s 427ms      Model       428ms  68%    kl          -0.000    │
│ To go      7m 00s 848ms      Misc          0ms   0%    clipfrac     0.000    │
│                                                                              │
│ perf                          0.000   score                        -0.955    │
│ episode_return               -0.955   episode_length                6.686    │
│ invalids                      0.043                                          │
╰──────────────────────────────────────────────────────────────────────────────╯
╭──────────────────────────────────────────────────────────────────────────────╮
│ PufferLib 5.0            🐡    GPU:  91%   VRAM:   5.2/31G    RAM:  0.5G     │
│                                                                              │
│ Env         connect4cnn    Evaluate      199ms  31%    Losses       0.059    │
│ Params           151.7K      Model       112ms  17%    policy      -0.006    │
│ Steps            942.1K      Env          74ms  11%    value        0.013    │
│ SPS               29.6K      Copy         11ms   1%    entropy      1.915    │
│ Epoch               460    Train         424ms  68%    old_kl      -0.000    │
│ Uptime        32s 049ms      Model       423ms  68%    kl          -0.000    │
│ To go      6m 57s 812ms      Misc          0ms   0%    clipfrac     0.000    │
│                                                                              │
│ perf                          0.000   score                        -0.952    │
│ episode_return               -0.952   episode_length                6.675    │
│ invalids                      0.041                                          │
╰──────────────────────────────────────────────────────────────────────────────╯
╭──────────────────────────────────────────────────────────────────────────────╮
│ PufferLib 5.0           🐡     GPU:  89%   VRAM:   5.2/31G    RAM:  0.5G     │
│                                                                              │
│ Env         connect4cnn    Evaluate      198ms  31%    Losses       0.063    │
│ Params           151.7K      Model       111ms  17%    policy      -0.001    │
│ Steps            960.5K      Env          75ms  11%    value        0.013    │
│ SPS               29.4K      Copy          9ms   1%    entropy      1.914    │
│ Epoch               469    Train         429ms  68%    old_kl      -0.000    │
│ Uptime        32s 677ms      Model       429ms  68%    kl          -0.000    │
│ To go      7m 00s 408ms      Misc          0ms   0%    clipfrac     0.000    │
│                                                                              │
│ perf                          0.000   score                        -0.957    │
│ episode_return               -0.957   episode_length                6.724    │
│ invalids                      0.046                                          │
╰──────────────────────────────────────────────────────────────────────────────╯
╭──────────────────────────────────────────────────────────────────────────────╮
│ PufferLib 5.0          🐡      GPU:  89%   VRAM:   5.2/31G    RAM:  0.5G     │
│                                                                              │
│ Env         connect4cnn    Evaluate      198ms  31%    Losses       0.074    │
│ Params           151.7K      Model       111ms  17%    policy       0.006    │
│ Steps            978.9K      Env          74ms  11%    value        0.014    │
│ SPS               29.4K      Copy         10ms   1%    entropy      1.913    │
│ Epoch               478    Train         429ms  68%    old_kl      -0.000    │
│ Uptime        33s 303ms      Model       429ms  68%    kl          -0.000    │
│ To go      6m 59s 411ms      Misc          0ms   0%    clipfrac     0.000    │
│                                                                              │
│ perf                          0.002   score                        -0.952    │
│ episode_return               -0.952   episode_length                6.750    │
│ invalids                      0.047                                          │
╰──────────────────────────────────────────────────────────────────────────────╯
╭──────────────────────────────────────────────────────────────────────────────╮
│ PufferLib 5.0         🐡       GPU:  85%   VRAM:   5.2/31G    RAM:  0.5G     │
│                                                                              │
│ Env         connect4cnn    Evaluate      197ms  31%    Losses       0.067    │
│ Params           151.7K      Model       112ms  17%    policy       0.000    │
│ Steps            997.4K      Env          74ms  11%    value        0.013    │
│ SPS               29.7K      Copy         10ms   1%    entropy      1.912    │
│ Epoch               487    Train         423ms  68%    old_kl      -0.000    │
│ Uptime        33s 924ms      Model       423ms  68%    kl           0.000    │
│ To go      6m 54s 743ms      Misc          0ms   0%    clipfrac     0.000    │
│                                                                              │
│ perf                          0.001   score                        -0.954    │
│ episode_return               -0.954   episode_length                6.730    │
│ invalids                      0.034                                          │
╰──────────────────────────────────────────────────────────────────────────────╯
╭──────────────────────────────────────────────────────────────────────────────╮
│ PufferLib 5.0        🐡        GPU:  85%   VRAM:   5.2/31G    RAM:  0.5G     │
│                                                                              │
│ Env         connect4cnn    Evaluate      201ms  32%    Losses       0.066    │
│ Params           151.7K      Model       112ms  17%    policy       0.003    │
│ Steps              1.0M      Env          74ms  11%    value        0.013    │
│ SPS               29.5K      Copy         12ms   1%    entropy      1.912    │
│ Epoch               496    Train         424ms  67%    old_kl      -0.000    │
│ Uptime        34s 549ms      Model       424ms  67%    kl           0.000    │
│ To go      6m 56s 846ms      Misc          0ms   0%    clipfrac     0.000    │
│                                                                              │
│ perf                          0.000   score                        -0.946    │
│ episode_return               -0.946   episode_length                6.653    │
│ invalids                      0.042                                          │
╰──────────────────────────────────────────────────────────────────────────────╯
╭──────────────────────────────────────────────────────────────────────────────╮
│ PufferLib 5.0       🐡         GPU:  92%   VRAM:   5.2/31G    RAM:  0.5G     │
│                                                                              │
│ Env         connect4cnn    Evaluate      197ms  31%    Losses       0.065    │
│ Params           151.7K      Model       111ms  17%    policy      -0.003    │
│ Steps              1.0M      Env          75ms  11%    value        0.014    │
│ SPS               29.3K      Copy          9ms   1%    entropy      1.910    │
│ Epoch               505    Train         431ms  68%    old_kl      -0.000    │
│ Uptime        35s 177ms      Model       430ms  68%    kl          -0.000    │
│ To go      6m 58s 378ms      Misc          0ms   0%    clipfrac     0.000    │
│                                                                              │
│ perf                          0.002   score                        -0.958    │
│ episode_return               -0.958   episode_length                6.782    │
│ invalids                      0.046                                          │
╰──────────────────────────────────────────────────────────────────────────────╯
╭──────────────────────────────────────────────────────────────────────────────╮
│ PufferLib 5.0      🐡          GPU:  83%   VRAM:   5.2/31G    RAM:  0.5G     │
│                                                                              │
│ Env         connect4cnn    Evaluate      198ms  31%    Losses       0.067    │
│ Params           151.7K      Model       112ms  17%    policy      -0.001    │
│ Steps              1.1M      Env          75ms  11%    value        0.014    │
│ SPS               29.5K      Copy         10ms   1%    entropy      1.909    │
│ Epoch               514    Train         427ms  68%    old_kl       0.000    │
│ Uptime        35s 802ms      Model       427ms  68%    kl          -0.000    │
│ To go      6m 55s 826ms      Misc          0ms   0%    clipfrac     0.000    │
│                                                                              │
│ perf                          0.001   score                        -0.953    │
│ episode_return               -0.953   episode_length                6.801    │
│ invalids                      0.044                                          │
╰──────────────────────────────────────────────────────────────────────────────╯
╭──────────────────────────────────────────────────────────────────────────────╮
│ PufferLib 5.0     🐡           GPU:  83%   VRAM:   5.2/31G    RAM:  0.5G     │
│                                                                              │
│ Env         connect4cnn    Evaluate      199ms  31%    Losses       0.073    │
│ Params           151.7K      Model       112ms  17%    policy       0.004    │
│ Steps              1.1M      Env          74ms  11%    value        0.014    │
│ SPS               29.4K      Copy         11ms   1%    entropy      1.908    │
│ Epoch               523    Train         428ms  68%    old_kl      -0.000    │
│ Uptime        36s 430ms      Model       428ms  68%    kl          -0.000    │
│ To go      6m 56s 677ms      Misc          0ms   0%    clipfrac     0.000    │
│                                                                              │
│ perf                          0.001   score                        -0.954    │
│ episode_return               -0.954   episode_length                6.709    │
│ invalids                      0.046                                          │
╰──────────────────────────────────────────────────────────────────────────────╯
╭──────────────────────────────────────────────────────────────────────────────╮
│ PufferLib 5.0    🐡            GPU:  90%   VRAM:   5.2/31G    RAM:  0.5G     │
│                                                                              │
│ Env         connect4cnn    Evaluate      199ms  31%    Losses       0.057    │
│ Params           151.7K      Model       112ms  17%    policy      -0.007    │
│ Steps              1.1M      Env          75ms  11%    value        0.013    │
│ SPS               29.4K      Copy         11ms   1%    entropy      1.907    │
│ Epoch               532    Train         426ms  68%    old_kl       0.000    │
│ Uptime        37s 056ms      Model       426ms  68%    kl          -0.000    │
│ To go      6m 55s 204ms      Misc          0ms   0%    clipfrac     0.000    │
│                                                                              │
│ perf                          0.001   score                        -0.956    │
│ episode_return               -0.956   episode_length                6.771    │
│ invalids                      0.045                                          │
╰──────────────────────────────────────────────────────────────────────────────╯
╭──────────────────────────────────────────────────────────────────────────────╮
│ PufferLib 5.0   🐡             GPU:  91%   VRAM:   5.2/31G    RAM:  0.5G     │
│                                                                              │
│ Env         connect4cnn    Evaluate      197ms  31%    Losses       0.061    │
│ Params           151.7K      Model       111ms  17%    policy       0.002    │
│ Steps              1.1M      Env          74ms  11%    value        0.012    │
│ SPS               29.3K      Copy          9ms   1%    entropy      1.905    │
│ Epoch               541    Train         431ms  68%    old_kl       0.000    │
│ Uptime        37s 684ms      Model       431ms  68%    kl          -0.000    │
│ To go      6m 56s 092ms      Misc          0ms   0%    clipfrac     0.000    │
│                                                                              │
│ perf                          0.000   score                        -0.952    │
│ episode_return               -0.952   episode_length                6.695    │
│ invalids                      0.040                                          │
╰──────────────────────────────────────────────────────────────────────────────╯
╭──────────────────────────────────────────────────────────────────────────────╮
│ PufferLib 5.0  🐡              GPU:  91%   VRAM:   5.2/31G    RAM:  0.5G     │
│                                                                              │
│ Env         connect4cnn    Evaluate      198ms  31%    Losses       0.064    │
│ Params           151.7K      Model       112ms  17%    policy      -0.002    │
│ Steps              1.1M      Env          75ms  11%    value        0.013    │
│ SPS               29.5K      Copy         10ms   1%    entropy      1.903    │
│ Epoch               550    Train         427ms  68%    old_kl       0.000    │
│ Uptime        38s 310ms      Model       427ms  68%    kl          -0.000    │
│ To go      6m 53s 710ms      Misc          0ms   0%    clipfrac     0.000    │
│                                                                              │
│ perf                          0.001   score                        -0.947    │
│ episode_return               -0.947   episode_length                6.707    │
│ invalids                      0.040                                          │
╰──────────────────────────────────────────────────────────────────────────────╯
╭──────────────────────────────────────────────────────────────────────────────╮
│ PufferLib 5.0 🐡               GPU:  83%   VRAM:   5.2/31G    RAM:  0.5G     │
│                                                                              │
│ Env         connect4cnn    Evaluate      198ms  31%    Losses       0.062    │
│ Params           151.7K      Model       112ms  17%    policy      -0.002    │
│ Steps              1.1M      Env          75ms  12%    value        0.013    │
│ SPS               29.6K      Copy         10ms   1%    entropy      1.900    │
│ Epoch               559    Train         424ms  68%    old_kl      -0.000    │
│ Uptime        38s 933ms      Model       423ms  68%    kl          -0.000    │
│ To go      6m 50s 965ms      Misc          0ms   0%    clipfrac     0.000    │
│                                                                              │
│ perf                          0.001   score                        -0.961    │
│ episode_return               -0.961   episode_length                6.773    │
│ invalids                      0.038                                          │
╰──────────────────────────────────────────────────────────────────────────────╯
╭──────────────────────────────────────────────────────────────────────────────╮
│ PufferLib 5.0🐡                GPU:  83%   VRAM:   5.2/31G    RAM:  0.5G     │
│                                                                              │
│ Env         connect4cnn    Evaluate      199ms  31%    Losses       0.056    │
│ Params           151.7K      Model       112ms  17%    policy      -0.007    │
│ Steps              1.2M      Env          74ms  11%    value        0.013    │
│ SPS               29.4K      Copy         11ms   1%    entropy      1.898    │
│ Epoch               568    Train         429ms  68%    old_kl       0.000    │
│ Uptime        39s 560ms      Model       428ms  68%    kl          -0.000    │
│ To go      6m 53s 701ms      Misc          0ms   0%    clipfrac     0.000    │
│                                                                              │
│ perf                          0.000   score                        -0.956    │
│ episode_return               -0.956   episode_length                6.767    │
│ invalids                      0.040                                          │
╰──────────────────────────────────────────────────────────────────────────────╯
╭──────────────────────────────────────────────────────────────────────────────╮
│ PufferLib 5.0               🐡 GPU:  91%   VRAM:   5.2/31G    RAM:  0.5G     │
│                                                                              │
│ Env         connect4cnn    Evaluate      197ms  31%    Losses       0.060    │
│ Params           151.7K      Model       112ms  17%    policy       0.000    │
│ Steps              1.2M      Env          74ms  11%    value        0.012    │
│ SPS               29.5K      Copy          9ms   1%    entropy      1.897    │
│ Epoch               577    Train         427ms  68%    old_kl       0.000    │
│ Uptime        40s 185ms      Model       427ms  68%    kl          -0.000    │
│ To go      6m 51s 109ms      Misc          0ms   0%    clipfrac     0.000    │
│                                                                              │
│ perf                          0.000   score                        -0.956    │
│ episode_return               -0.956   episode_length                6.725    │
│ invalids                      0.043                                          │
╰──────────────────────────────────────────────────────────────────────────────╯
╭──────────────────────────────────────────────────────────────────────────────╮
│ PufferLib 5.0              🐡  GPU:  86%   VRAM:   5.2/31G    RAM:  0.5G     │
│                                                                              │
│ Env         connect4cnn    Evaluate      199ms  31%    Losses       0.066    │
│ Params           151.7K      Model       112ms  17%    policy      -0.003    │
│ Steps              1.2M      Env          74ms  11%    value        0.014    │
│ SPS               29.5K      Copy         11ms   1%    entropy      1.893    │
│ Epoch               586    Train         425ms  68%    old_kl       0.000    │
│ Uptime        40s 809ms      Model       425ms  68%    kl          -0.000    │
│ To go      6m 50s 251ms      Misc          0ms   0%    clipfrac     0.000    │
│                                                                              │
│ perf                          0.002   score                        -0.944    │
│ episode_return               -0.944   episode_length                6.747    │
│ invalids                      0.045                                          │
╰──────────────────────────────────────────────────────────────────────────────╯
╭──────────────────────────────────────────────────────────────────────────────╮
│ PufferLib 5.0             🐡   GPU:  86%   VRAM:   5.2/31G    RAM:  0.5G     │
│                                                                              │
│ Env         connect4cnn    Evaluate      198ms  31%    Losses       0.060    │
│ Params           151.7K      Model       111ms  17%    policy      -0.001    │
│ Steps              1.2M      Env          74ms  11%    value        0.012    │
│ SPS               29.4K      Copy         10ms   1%    entropy      1.889    │
│ Epoch               595    Train         428ms  68%    old_kl       0.000    │
│ Uptime        41s 435ms      Model       428ms  68%    kl          -0.000    │
│ To go      6m 50s 719ms      Misc          0ms   0%    clipfrac     0.000    │
│                                                                              │
│ perf                          0.000   score                        -0.946    │
│ episode_return               -0.946   episode_length                6.802    │
│ invalids                      0.049                                          │
╰──────────────────────────────────────────────────────────────────────────────╯
╭──────────────────────────────────────────────────────────────────────────────╮
│ PufferLib 5.0            🐡    GPU:  87%   VRAM:   5.2/31G    RAM:  0.5G     │
│                                                                              │
│ Env         connect4cnn    Evaluate      199ms  31%    Losses       0.065    │
│ Params           151.7K      Model       112ms  17%    policy       0.002    │
│ Steps              1.2M      Env          74ms  11%    value        0.013    │
│ SPS               29.5K      Copy         11ms   1%    entropy      1.882    │
│ Epoch               604    Train         426ms  68%    old_kl       0.000    │
│ Uptime        42s 060ms      Model       425ms  68%    kl          -0.000    │
│ To go      6m 49s 155ms      Misc          0ms   0%    clipfrac     0.000    │
│                                                                              │
│ perf                          0.001   score                        -0.952    │
│ episode_return               -0.952   episode_length                6.788    │
│ invalids                      0.048                                          │
╰──────────────────────────────────────────────────────────────────────────────╯
╭──────────────────────────────────────────────────────────────────────────────╮
│ PufferLib 5.0           🐡     GPU:  91%   VRAM:   5.2/31G    RAM:  0.5G     │
│                                                                              │
│ Env         connect4cnn    Evaluate      197ms  31%    Losses       0.055    │
│ Params           151.7K      Model       112ms  17%    policy      -0.008    │
│ Steps              1.3M      Env          74ms  11%    value        0.013    │
│ SPS               29.5K      Copy          9ms   1%    entropy      1.880    │
│ Epoch               613    Train         428ms  68%    old_kl      -0.000    │
│ Uptime        42s 685ms      Model       427ms  68%    kl          -0.000    │
│ To go      6m 48s 643ms      Misc          0ms   0%    clipfrac     0.000    │
│                                                                              │
│ perf                          0.001   score                        -0.944    │
│ episode_return               -0.944   episode_length                6.769    │
│ invalids                      0.047                                          │
╰──────────────────────────────────────────────────────────────────────────────╯
╭──────────────────────────────────────────────────────────────────────────────╮
│ PufferLib 5.0          🐡      GPU:  91%   VRAM:   5.2/31G    RAM:  0.5G     │
│                                                                              │
│ Env         connect4cnn    Evaluate      198ms  31%    Losses       0.061    │
│ Params           151.7K      Model       112ms  17%    policy       0.001    │
│ Steps              1.3M      Env          74ms  11%    value        0.012    │
│ SPS               29.5K      Copy         10ms   1%    entropy      1.877    │
│ Epoch               622    Train         427ms  68%    old_kl      -0.000    │
│ Uptime        43s 309ms      Model       427ms  68%    kl           0.000    │
│ To go      6m 47s 964ms      Misc          0ms   0%    clipfrac     0.000    │
│                                                                              │
│ perf                          0.000   score                        -0.950    │
│ episode_return               -0.950   episode_length                6.788    │
│ invalids                      0.047                                          │
╰──────────────────────────────────────────────────────────────────────────────╯
╭──────────────────────────────────────────────────────────────────────────────╮
│ PufferLib 5.0         🐡       GPU:  83%   VRAM:   5.2/31G    RAM:  0.5G     │
│                                                                              │
│ Env         connect4cnn    Evaluate      197ms  31%    Losses       0.055    │
│ Params           151.7K      Model       111ms  17%    policy      -0.006    │
│ Steps              1.3M      Env          74ms  11%    value        0.012    │
│ SPS               29.6K      Copy          9ms   1%    entropy      1.874    │
│ Epoch               631    Train         426ms  68%    old_kl       0.000    │
│ Uptime        43s 932ms      Model       426ms  68%    kl          -0.000    │
│ To go      6m 46s 250ms      Misc          0ms   0%    clipfrac     0.000    │
│                                                                              │
│ perf                          0.000   score                        -0.950    │
│ episode_return               -0.950   episode_length                6.835    │
│ invalids                      0.047                                          │
╰──────────────────────────────────────────────────────────────────────────────╯
╭──────────────────────────────────────────────────────────────────────────────╮
│ PufferLib 5.0        🐡        GPU:  83%   VRAM:   5.2/31G    RAM:  0.5G     │
│                                                                              │
│ Env         connect4cnn    Evaluate      198ms  31%    Losses       0.065    │
│ Params           151.7K      Model       112ms  17%    policy       0.000    │
│ Steps              1.3M      Env          74ms  11%    value        0.013    │
│ SPS               29.4K      Copy         11ms   1%    entropy      1.866    │
│ Epoch               640    Train         429ms  68%    old_kl      -0.000    │
│ Uptime        44s 560ms      Model       428ms  68%    kl          -0.000    │
│ To go      6m 48s 528ms      Misc          0ms   0%    clipfrac     0.000    │
│                                                                              │
│ perf                          0.001   score                        -0.949    │
│ episode_return               -0.949   episode_length                6.867    │
│ invalids                      0.046                                          │
╰──────────────────────────────────────────────────────────────────────────────╯
╭──────────────────────────────────────────────────────────────────────────────╮
│ PufferLib 5.0       🐡         GPU:  91%   VRAM:   5.2/31G    RAM:  0.5G     │
│                                                                              │
│ Env         connect4cnn    Evaluate      199ms  31%    Losses       0.062    │
│ Params           151.7K      Model       112ms  17%    policy      -0.002    │
│ Steps              1.3M      Env          74ms  11%    value        0.013    │
│ SPS               29.4K      Copy         11ms   1%    entropy      1.856    │
│ Epoch               649    Train         428ms  68%    old_kl      -0.000    │
│ Uptime        45s 186ms      Model       427ms  68%    kl          -0.000    │
│ To go      6m 47s 360ms      Misc          0ms   0%    clipfrac     0.000    │
│                                                                              │
│ perf                          0.002   score                        -0.953    │
│ episode_return               -0.953   episode_length                6.929    │
│ invalids                      0.058                                          │
╰──────────────────────────────────────────────────────────────────────────────╯
╭──────────────────────────────────────────────────────────────────────────────╮
│ PufferLib 5.0      🐡          GPU:  89%   VRAM:   5.2/31G    RAM:  0.5G     │
│                                                                              │
│ Env         connect4cnn    Evaluate      198ms  31%    Losses       0.063    │
│ Params           151.7K      Model       112ms  17%    policy      -0.005    │
│ Steps              1.3M      Env          74ms  11%    value        0.014    │
│ SPS               29.5K      Copy         10ms   1%    entropy      1.844    │
│ Epoch               658    Train         427ms  68%    old_kl       0.000    │
│ Uptime        45s 812ms      Model       427ms  68%    kl          -0.000    │
│ To go      6m 46s 000ms      Misc          0ms   0%    clipfrac     0.000    │
│                                                                              │
│ perf                          0.002   score                        -0.941    │
│ episode_return               -0.941   episode_length                6.872    │
│ invalids                      0.059                                          │
╰──────────────────────────────────────────────────────────────────────────────╯
╭──────────────────────────────────────────────────────────────────────────────╮
│ PufferLib 5.0     🐡           GPU:  89%   VRAM:   5.2/31G    RAM:  0.5G     │
│                                                                              │
│ Env         connect4cnn    Evaluate      199ms  31%    Losses       0.057    │
│ Params           151.7K      Model       112ms  17%    policy      -0.002    │
│ Steps              1.4M      Env          75ms  12%    value        0.012    │
│ SPS               29.3K      Copy         10ms   1%    entropy      1.833    │
│ Epoch               667    Train         429ms  68%    old_kl       0.000    │
│ Uptime        46s 440ms      Model       429ms  68%    kl          -0.000    │
│ To go      6m 47s 112ms      Misc          0ms   0%    clipfrac     0.000    │
│                                                                              │
│ perf                          0.000   score                        -0.946    │
│ episode_return               -0.946   episode_length                6.902    │
│ invalids                      0.056                                          │
╰──────────────────────────────────────────────────────────────────────────────╯
╭──────────────────────────────────────────────────────────────────────────────╮
│ PufferLib 5.0    🐡            GPU:  86%   VRAM:   5.2/31G    RAM:  0.5G     │
│                                                                              │
│ Env         connect4cnn    Evaluate      197ms  31%    Losses       0.064    │
│ Params           151.7K      Model       111ms  17%    policy       0.006    │
│ Steps              1.4M      Env          73ms  11%    value        0.012    │
│ SPS               29.4K      Copy         11ms   1%    entropy      1.819    │
│ Epoch               676    Train         429ms  68%    old_kl      -0.000    │
│ Uptime        47s 066ms      Model       429ms  68%    kl          -0.000    │
│ To go      6m 45s 061ms      Misc          0ms   0%    clipfrac     0.000    │
│                                                                              │
│ perf                          0.000   score                        -0.948    │
│ episode_return               -0.948   episode_length                6.986    │
│ invalids                      0.057                                          │
╰──────────────────────────────────────────────────────────────────────────────╯
╭──────────────────────────────────────────────────────────────────────────────╮
│ PufferLib 5.0   🐡             GPU:  93%   VRAM:   5.2/31G    RAM:  0.5G     │
│                                                                              │
│ Env         connect4cnn    Evaluate      196ms  31%    Losses       0.058    │
│ Params           151.7K      Model       112ms  17%    policy      -0.001    │
│ Steps              1.4M      Env          73ms  11%    value        0.012    │
│ SPS               29.6K      Copy         10ms   1%    entropy      1.799    │
│ Epoch               685    Train         426ms  68%    old_kl       0.000    │
│ Uptime        47s 689ms      Model       426ms  68%    kl          -0.000    │
│ To go      6m 42s 305ms      Misc          0ms   0%    clipfrac     0.000    │
│                                                                              │
│ perf                          0.001   score                        -0.947    │
│ episode_return               -0.947   episode_length                6.996    │
│ invalids                      0.061                                          │
╰──────────────────────────────────────────────────────────────────────────────╯
╭──────────────────────────────────────────────────────────────────────────────╮
│ PufferLib 5.0  🐡              GPU:  93%   VRAM:   5.2/31G    RAM:  0.5G     │
│                                                                              │
│ Env         connect4cnn    Evaluate      197ms  31%    Losses       0.058    │
│ Params           151.7K      Model       112ms  17%    policy       0.000    │
│ Steps              1.4M      Env          73ms  11%    value        0.011    │
│ SPS               29.6K      Copy         10ms   1%    entropy      1.786    │
│ Epoch               694    Train         426ms  68%    old_kl      -0.000    │
│ Uptime        48s 312ms      Model       426ms  68%    kl          -0.000    │
│ To go      6m 42s 192ms      Misc          0ms   0%    clipfrac     0.000    │
│                                                                              │
│ perf                          0.000   score                        -0.950    │
│ episode_return               -0.950   episode_length                6.985    │
│ invalids                      0.058                                          │
╰──────────────────────────────────────────────────────────────────────────────╯
╭──────────────────────────────────────────────────────────────────────────────╮
│ PufferLib 5.0 🐡               GPU:  83%   VRAM:   5.2/31G    RAM:  0.5G     │
│                                                                              │
│ Env         connect4cnn    Evaluate      195ms  31%    Losses       0.054    │
│ Params           151.7K      Model       111ms  17%    policy      -0.006    │
│ Steps              1.4M      Env          73ms  11%    value        0.012    │
│ SPS               29.7K      Copy          9ms   1%    entropy      1.769    │
│ Epoch               703    Train         425ms  68%    old_kl      -0.000    │
│ Uptime        48s 933ms      Model       425ms  68%    kl          -0.000    │
│ To go      6m 40s 070ms      Misc          0ms   0%    clipfrac     0.000    │
│                                                                              │
│ perf                          0.001   score                        -0.938    │
│ episode_return               -0.938   episode_length                6.997    │
│ invalids                      0.059                                          │
╰──────────────────────────────────────────────────────────────────────────────╯
╭──────────────────────────────────────────────────────────────────────────────╮
│ PufferLib 5.0🐡                GPU:  83%   VRAM:   5.2/31G    RAM:  0.5G     │
│                                                                              │
│ Env         connect4cnn    Evaluate      197ms  31%    Losses       0.064    │
│ Params           151.7K      Model       112ms  17%    policy       0.004    │
│ Steps              1.5M      Env          72ms  11%    value        0.012    │
│ SPS               29.4K      Copy         11ms   1%    entropy      1.753    │
│ Epoch               712    Train         429ms  68%    old_kl      -0.000    │
│ Uptime        49s 559ms      Model       429ms  68%    kl          -0.000    │
│ To go      6m 42s 520ms      Misc          0ms   0%    clipfrac     0.000    │
│                                                                              │
│ perf                          0.001   score                        -0.945    │
│ episode_return               -0.945   episode_length                7.069    │
│ invalids                      0.055                                          │
╰──────────────────────────────────────────────────────────────────────────────╯
╭──────────────────────────────────────────────────────────────────────────────╮
│ PufferLib 5.0               🐡 GPU:  91%   VRAM:   5.2/31G    RAM:  0.5G     │
│                                                                              │
│ Env         connect4cnn    Evaluate      195ms  31%    Losses       0.052    │
│ Params           151.7K      Model       112ms  17%    policy      -0.006    │
│ Steps              1.5M      Env          72ms  11%    value        0.012    │
│ SPS               29.6K      Copy         10ms   1%    entropy      1.718    │
│ Epoch               721    Train         428ms  68%    old_kl      -0.000    │
│ Uptime        50s 183ms      Model       428ms  68%    kl          -0.000    │
│ To go      6m 40s 458ms      Misc          0ms   0%    clipfrac     0.000    │
│                                                                              │
│ perf                          0.001   score                        -0.929    │
│ episode_return               -0.929   episode_length                6.951    │
│ invalids                      0.062                                          │
╰──────────────────────────────────────────────────────────────────────────────╯
╭──────────────────────────────────────────────────────────────────────────────╮
│ PufferLib 5.0              🐡  GPU:  86%   VRAM:   5.2/31G    RAM:  0.5G     │
│                                                                              │
│ Env         connect4cnn    Evaluate      195ms  31%    Losses       0.056    │
│ Params           151.7K      Model       111ms  17%    policy      -0.003    │
│ Steps              1.5M      Env          72ms  11%    value        0.012    │
│ SPS               29.6K      Copy         10ms   1%    entropy      1.694    │
│ Epoch               730    Train         428ms  68%    old_kl      -0.000    │
│ Uptime        50s 806ms      Model       428ms  68%    kl          -0.000    │
│ To go      6m 39s 507ms      Misc          0ms   0%    clipfrac     0.000    │
│                                                                              │
│ perf                          0.000   score                        -0.945    │
│ episode_return               -0.945   episode_length                7.081    │
│ invalids                      0.068                                          │
╰──────────────────────────────────────────────────────────────────────────────╯
╭──────────────────────────────────────────────────────────────────────────────╮
│ PufferLib 5.0             🐡   GPU:  86%   VRAM:   5.2/31G    RAM:  0.5G     │
│                                                                              │
│ Env         connect4cnn    Evaluate      197ms  31%    Losses       0.054    │
│ Params           151.7K      Model       112ms  17%    policy      -0.002    │
│ Steps              1.5M      Env          71ms  11%    value        0.011    │
│ SPS               29.4K      Copy         12ms   1%    entropy      1.689    │
│ Epoch               739    Train         431ms  68%    old_kl       0.000    │
│ Uptime        51s 434ms      Model       431ms  68%    kl          -0.000    │
│ To go      6m 41s 816ms      Misc          0ms   0%    clipfrac     0.000    │
│                                                                              │
│ perf                          0.000   score                        -0.950    │
│ episode_return               -0.950   episode_length                7.226    │
│ invalids                      0.067                                          │
╰──────────────────────────────────────────────────────────────────────────────╯
╭──────────────────────────────────────────────────────────────────────────────╮
│ PufferLib 5.0            🐡    GPU:  89%   VRAM:   5.2/31G    RAM:  0.5G     │
│                                                                              │
│ Env         connect4cnn    Evaluate      194ms  31%    Losses       0.063    │
│ Params           151.7K      Model       112ms  17%    policy       0.002    │
│ Steps              1.5M      Env          71ms  11%    value        0.012    │
│ SPS               29.6K      Copy          9ms   1%    entropy      1.662    │
│ Epoch               748    Train         429ms  68%    old_kl       0.000    │
│ Uptime        52s 057ms      Model       429ms  68%    kl          -0.000    │
│ To go      6m 38s 297ms      Misc          0ms   0%    clipfrac     0.000    │
│                                                                              │
│ perf                          0.002   score                        -0.949    │
│ episode_return               -0.949   episode_length                7.198    │
│ invalids                      0.067                                          │
╰──────────────────────────────────────────────────────────────────────────────╯
╭──────────────────────────────────────────────────────────────────────────────╮
│ PufferLib 5.0           🐡     GPU:  89%   VRAM:   5.2/31G    RAM:  0.5G     │
│                                                                              │
│ Env         connect4cnn    Evaluate      194ms  31%    Losses       0.063    │
│ Params           151.7K      Model       112ms  17%    policy       0.003    │
│ Steps              1.6M      Env          71ms  11%    value        0.012    │
│ SPS               29.7K      Copy         10ms   1%    entropy      1.636    │
│ Epoch               757    Train         426ms  68%    old_kl      -0.000    │
│ Uptime        52s 677ms      Model       426ms  68%    kl          -0.000    │
│ To go      6m 36s 091ms      Misc          0ms   0%    clipfrac     0.000    │
│                                                                              │
│ perf                          0.001   score                        -0.944    │
│ episode_return               -0.944   episode_length                7.271    │
│ invalids                      0.069                                          │
╰──────────────────────────────────────────────────────────────────────────────╯
╭──────────────────────────────────────────────────────────────────────────────╮
│ PufferLib 5.0          🐡      GPU:  89%   VRAM:   5.3/31G    RAM:  0.5G     │
│                                                                              │
│ Env         connect4cnn    Evaluate      202ms  32%    Losses       0.062    │
│ Params           151.7K      Model       112ms  17%    policy      -0.002    │
│ Steps              1.6M      Env          71ms  11%    value        0.013    │
│ SPS               29.1K      Copy         15ms   2%    entropy      1.618    │
│ Epoch               766    Train         429ms  67%    old_kl      -0.000    │
│ Uptime        53s 310ms      Model       429ms  67%    kl          -0.000    │
│ To go      6m 42s 922ms      Misc          0ms   0%    clipfrac     0.000    │
│                                                                              │
│ perf                          0.002   score                        -0.946    │
│ episode_return               -0.946   episode_length                7.362    │
│ invalids                      0.074                                          │
╰──────────────────────────────────────────────────────────────────────────────╯
╭──────────────────────────────────────────────────────────────────────────────╮
│ PufferLib 5.0         🐡       GPU:  85%   VRAM:   5.3/31G    RAM:  0.5G     │
│                                                                              │
│ Env         connect4cnn    Evaluate      199ms  30%    Losses       0.061    │
│ Params           151.7K      Model       112ms  17%    policy      -0.001    │
│ Steps              1.6M      Env          71ms  10%    value        0.013    │
│ SPS               28.3K      Copy         13ms   2%    entropy      1.599    │
│ Epoch               775    Train         451ms  69%    old_kl       0.000    │
│ Uptime        53s 960ms      Model       450ms  69%    kl          -0.000    │
│ To go      6m 53s 791ms      Misc          0ms   0%    clipfrac     0.000    │
│                                                                              │
│ perf                          0.001   score                        -0.947    │
│ episode_return               -0.947   episode_length                7.409    │
│ invalids                      0.078                                          │
╰──────────────────────────────────────────────────────────────────────────────╯
╭──────────────────────────────────────────────────────────────────────────────╮
│ PufferLib 5.0        🐡        GPU:  85%   VRAM:   5.3/31G    RAM:  0.5G     │
│                                                                              │
│ Env         connect4cnn    Evaluate      196ms  31%    Losses       0.056    │
│ Params           151.7K      Model       112ms  17%    policy      -0.001    │
│ Steps              1.6M      Env          72ms  11%    value        0.011    │
│ SPS               29.4K      Copy         10ms   1%    entropy      1.585    │
│ Epoch               784    Train         430ms  68%    old_kl      -0.000    │
│ Uptime        54s 587ms      Model       430ms  68%    kl          -0.000    │
│ To go      6m 38s 207ms      Misc          0ms   0%    clipfrac     0.000    │
│                                                                              │
│ perf                          0.000   score                        -0.944    │
│ episode_return               -0.944   episode_length                7.298    │
│ invalids                      0.067                                          │
╰──────────────────────────────────────────────────────────────────────────────╯
╭──────────────────────────────────────────────────────────────────────────────╮
│ PufferLib 5.0       🐡         GPU:  83%   VRAM:   5.3/31G    RAM:  0.5G     │
│                                                                              │
│ Env         connect4cnn    Evaluate      197ms  31%    Losses       0.063    │
│ Params           151.7K      Model       112ms  17%    policy      -0.001    │
│ Steps              1.6M      Env          71ms  11%    value        0.013    │
│ SPS               29.5K      Copy         12ms   1%    entropy      1.565    │
│ Epoch               793    Train         427ms  68%    old_kl      -0.000    │
│ Uptime        55s 212ms      Model       427ms  68%    kl          -0.000    │
│ To go      6m 36s 334ms      Misc          0ms   0%    clipfrac     0.000    │
│                                                                              │
│ perf                          0.002   score                        -0.949    │
│ episode_return               -0.949   episode_length                7.391    │
│ invalids                      0.073                                          │
╰──────────────────────────────────────────────────────────────────────────────╯
╭──────────────────────────────────────────────────────────────────────────────╮
│ PufferLib 5.0      🐡          GPU:  92%   VRAM:   5.3/31G    RAM:  0.5G     │
│                                                                              │
│ Env         connect4cnn    Evaluate      195ms  31%    Losses       0.061    │
│ Params           151.7K      Model       112ms  17%    policy      -0.003    │
│ Steps              1.6M      Env          71ms  11%    value        0.013    │
│ SPS               29.6K      Copy         10ms   1%    entropy      1.521    │
│ Epoch               802    Train         428ms  68%    old_kl      -0.000    │
│ Uptime        55s 836ms      Model       428ms  68%    kl          -0.000    │
│ To go      6m 34s 724ms      Misc          0ms   0%    clipfrac     0.000    │
│                                                                              │
│ perf                          0.003   score                        -0.952    │
│ episode_return               -0.952   episode_length                7.514    │
│ invalids                      0.079                                          │
╰──────────────────────────────────────────────────────────────────────────────╯
╭──────────────────────────────────────────────────────────────────────────────╮
│ PufferLib 5.0     🐡           GPU:  92%   VRAM:   5.3/31G    RAM:  0.5G     │
│                                                                              │
│ Env         connect4cnn    Evaluate      194ms  31%    Losses       0.071    │
│ Params           151.7K      Model       111ms  17%    policy       0.005    │
│ Steps              1.7M      Env          70ms  11%    value        0.013    │
│ SPS               29.6K      Copy         10ms   1%    entropy      1.484    │
│ Epoch               811    Train         427ms  68%    old_kl      -0.000    │
│ Uptime        56s 458ms      Model       427ms  68%    kl          -0.000    │
│ To go      6m 33s 071ms      Misc          0ms   0%    clipfrac     0.000    │
│                                                                              │
│ perf                          0.002   score                        -0.947    │
│ episode_return               -0.947   episode_length                7.493    │
│ invalids                      0.074                                          │
╰──────────────────────────────────────────────────────────────────────────────╯
╭──────────────────────────────────────────────────────────────────────────────╮
│ PufferLib 5.0    🐡            GPU:  84%   VRAM:   5.3/31G    RAM:  0.5G     │
│                                                                              │
│ Env         connect4cnn    Evaluate      196ms  31%    Losses       0.064    │
│ Params           151.7K      Model       112ms  18%    policy       0.002    │
│ Steps              1.7M      Env          71ms  11%    value        0.012    │
│ SPS               29.7K      Copy         12ms   1%    entropy      1.487    │
│ Epoch               820    Train         424ms  68%    old_kl      -0.000    │
│ Uptime        57s 078ms      Model       424ms  68%    kl          -0.000    │
│ To go      6m 31s 446ms      Misc          0ms   0%    clipfrac     0.000    │
│                                                                              │
│ perf                          0.001   score                        -0.951    │
│ episode_return               -0.951   episode_length                7.558    │
│ invalids                      0.079                                          │
╰──────────────────────────────────────────────────────────────────────────────╯
╭──────────────────────────────────────────────────────────────────────────────╮
│ PufferLib 5.0   🐡             GPU:  92%   VRAM:   5.3/31G    RAM:  0.5G     │
│                                                                              │
│ Env         connect4cnn    Evaluate      194ms  31%    Losses       0.056    │
│ Params           151.7K      Model       112ms  17%    policy      -0.005    │
│ Steps              1.7M      Env          71ms  11%    value        0.012    │
│ SPS               29.6K      Copy          9ms   1%    entropy      1.475    │
│ Epoch               829    Train         429ms  68%    old_kl      -0.000    │
│ Uptime        57s 701ms      Model       429ms  68%    kl          -0.000    │
│ To go      6m 32s 634ms      Misc          0ms   0%    clipfrac     0.000    │
│                                                                              │
│ perf                          0.001   score                        -0.954    │
│ episode_return               -0.954   episode_length                7.630    │
│ invalids                      0.077                                          │
╰──────────────────────────────────────────────────────────────────────────────╯
╭──────────────────────────────────────────────────────────────────────────────╮
│ PufferLib 5.0  🐡              GPU:  92%   VRAM:   5.3/31G    RAM:  0.5G     │
│                                                                              │
│ Env         connect4cnn    Evaluate      194ms  31%    Losses       0.070    │
│ Params           151.7K      Model       111ms  17%    policy       0.006    │
│ Steps              1.7M      Env          71ms  11%    value        0.013    │
│ SPS               29.4K      Copy          9ms   1%    entropy      1.455    │
│ Epoch               838    Train         431ms  68%    old_kl      -0.000    │
│ Uptime        58s 327ms      Model       431ms  68%    kl          -0.000    │
│ To go      6m 33s 904ms      Misc          0ms   0%    clipfrac     0.000    │
│                                                                              │
│ perf                          0.002   score                        -0.946    │
│ episode_return               -0.946   episode_length                7.612    │
│ invalids                      0.072                                          │
╰──────────────────────────────────────────────────────────────────────────────╯
╭──────────────────────────────────────────────────────────────────────────────╮
│ PufferLib 5.0 🐡               GPU:  88%   VRAM:   5.3/31G    RAM:  0.5G     │
│                                                                              │
│ Env         connect4cnn    Evaluate      194ms  31%    Losses       0.067    │
│ Params           151.7K      Model       112ms  17%    policy      -0.005    │
│ Steps              1.7M      Env          71ms  11%    value        0.014    │
│ SPS               29.7K      Copy         10ms   1%    entropy      1.413    │
│ Epoch               847    Train         426ms  68%    old_kl       0.000    │
│ Uptime        58s 948ms      Model       426ms  68%    kl          -0.000    │
│ To go      6m 30s 008ms      Misc          0ms   0%    clipfrac     0.000    │
│                                                                              │
│ perf                          0.005   score                        -0.938    │
│ episode_return               -0.938   episode_length                7.601    │
│ invalids                      0.075                                          │
╰──────────────────────────────────────────────────────────────────────────────╯
╭──────────────────────────────────────────────────────────────────────────────╮
│ PufferLib 5.0🐡                GPU:  88%   VRAM:   5.3/31G    RAM:  0.5G     │
│                                                                              │
│ Env         connect4cnn    Evaluate      195ms  31%    Losses       0.063    │
│ Params           151.7K      Model       111ms  17%    policy      -0.006    │
│ Steps              1.8M      Env          71ms  11%    value        0.014    │
│ SPS               29.5K      Copy         11ms   1%    entropy      1.384    │
│ Epoch               856    Train         429ms  68%    old_kl       0.000    │
│ Uptime        59s 574ms      Model       429ms  68%    kl          -0.000    │
│ To go      6m 32s 211ms      Misc          0ms   0%    clipfrac     0.000    │
│                                                                              │
│ perf                          0.003   score                        -0.937    │
│ episode_return               -0.937   episode_length                7.787    │
│ invalids                      0.091                                          │
╰──────────────────────────────────────────────────────────────────────────────╯
╭──────────────────────────────────────────────────────────────────────────────╮
│ PufferLib 5.0               🐡 GPU:  88%   VRAM:   5.3/31G    RAM:  0.5G     │
│                                                                              │
│ Env         connect4cnn    Evaluate      195ms  31%    Losses       0.066    │
│ Params           151.7K      Model       112ms  17%    policy       0.002    │
│ Steps              1.8M      Env          71ms  11%    value        0.013    │
│ SPS               29.6K      Copy         10ms   1%    entropy      1.366    │
│ Epoch               865    Train         428ms  68%    old_kl       0.000    │
│ Uptime     1m 00s 197ms      Model       428ms  68%    kl          -0.000    │
│ To go      6m 30s 416ms      Misc          0ms   0%    clipfrac     0.000    │
│                                                                              │
│ perf                          0.002   score                        -0.948    │
│ episode_return               -0.948   episode_length                7.801    │
│ invalids                      0.090                                          │
╰──────────────────────────────────────────────────────────────────────────────╯
╭──────────────────────────────────────────────────────────────────────────────╮
│ PufferLib 5.0              🐡  GPU:  86%   VRAM:   5.3/31G    RAM:  0.5G     │
│                                                                              │
│ Env         connect4cnn    Evaluate      193ms  31%    Losses       0.069    │
│ Params           151.7K      Model       112ms  17%    policy       0.001    │
│ Steps              1.8M      Env          69ms  11%    value        0.014    │
│ SPS               29.7K      Copy         10ms   1%    entropy      1.325    │
│ Epoch               874    Train         428ms  68%    old_kl      -0.000    │
│ Uptime     1m 00s 818ms      Model       428ms  68%    kl          -0.000    │
│ To go      6m 28s 390ms      Misc          0ms   0%    clipfrac     0.000    │
│                                                                              │
│ perf                          0.003   score                        -0.959    │
│ episode_return               -0.959   episode_length                8.128    │
│ invalids                      0.108                                          │
╰──────────────────────────────────────────────────────────────────────────────╯
╭──────────────────────────────────────────────────────────────────────────────╮
│ PufferLib 5.0             🐡   GPU:  86%   VRAM:   5.3/31G    RAM:  0.5G     │
│                                                                              │
│ Env         connect4cnn    Evaluate      194ms  31%    Losses       0.069    │
│ Params           151.7K      Model       112ms  17%    policy      -0.004    │
│ Steps              1.8M      Env          69ms  11%    value        0.015    │
│ SPS               29.6K      Copy         11ms   1%    entropy      1.281    │
│ Epoch               883    Train         429ms  68%    old_kl       0.000    │
│ Uptime     1m 01s 442ms      Model       429ms  68%    kl          -0.000    │
│ To go      6m 29s 034ms      Misc          0ms   0%    clipfrac     0.000    │
│                                                                              │
│ perf                          0.004   score                        -0.954    │
│ episode_return               -0.954   episode_length                8.301    │
│ invalids                      0.128                                          │
╰──────────────────────────────────────────────────────────────────────────────╯
╭──────────────────────────────────────────────────────────────────────────────╮
│ PufferLib 5.0            🐡    GPU:  86%   VRAM:   5.3/31G    RAM:  0.5G     │
│                                                                              │
│ Env         connect4cnn    Evaluate      191ms  31%    Losses       0.067    │
│ Params           151.7K      Model       112ms  18%    policy      -0.006    │
│ Steps              1.8M      Env          68ms  11%    value        0.014    │
│ SPS               29.8K      Copy         10ms   1%    entropy      1.242    │
│ Epoch               892    Train         426ms  68%    old_kl       0.000    │
│ Uptime     1m 02s 060ms      Model       426ms  68%    kl          -0.000    │
│ To go      6m 24s 998ms      Misc          0ms   0%    clipfrac     0.000    │
│                                                                              │
│ perf                          0.003   score                        -0.962    │
│ episode_return               -0.962   episode_length                8.436    │
│ invalids                      0.112                                          │
╰──────────────────────────────────────────────────────────────────────────────╯
╭──────────────────────────────────────────────────────────────────────────────╮
│ PufferLib 5.0           🐡     GPU:  86%   VRAM:   5.3/31G    RAM:  0.5G     │
│                                                                              │
│ Env         connect4cnn    Evaluate      192ms  30%    Losses       0.069    │
│ Params           151.7K      Model       112ms  18%    policy      -0.001    │
│ Steps              1.8M      Env          68ms  11%    value        0.014    │
│ SPS               29.7K      Copy         10ms   1%    entropy      1.216    │
│ Epoch               901    Train         428ms  69%    old_kl      -0.000    │
│ Uptime     1m 02s 680ms      Model       428ms  69%    kl          -0.000    │
│ To go      6m 25s 722ms      Misc          0ms   0%    clipfrac     0.000    │
│                                                                              │
│ perf                          0.003   score                        -0.967    │
│ episode_return               -0.967   episode_length                8.737    │
│ invalids                      0.150                                          │
╰──────────────────────────────────────────────────────────────────────────────╯
╭──────────────────────────────────────────────────────────────────────────────╮
│ PufferLib 5.0          🐡      GPU:  86%   VRAM:   5.3/31G    RAM:  0.5G     │
│                                                                              │
│ Env         connect4cnn    Evaluate      194ms  31%    Losses       0.090    │
│ Params           151.7K      Model       112ms  17%    policy       0.006    │
│ Steps              1.9M      Env          68ms  10%    value        0.017    │
│ SPS               29.6K      Copy         12ms   1%    entropy      1.160    │
│ Epoch               910    Train         427ms  68%    old_kl       0.000    │
│ Uptime     1m 03s 302ms      Model       427ms  68%    kl          -0.000    │
│ To go      6m 26s 278ms      Misc          0ms   0%    clipfrac     0.000    │
│                                                                              │
│ perf                          0.008   score                        -0.969    │
│ episode_return               -0.969   episode_length                9.112    │
│ invalids                      0.173                                          │
╰──────────────────────────────────────────────────────────────────────────────╯
╭──────────────────────────────────────────────────────────────────────────────╮
│ PufferLib 5.0         🐡       GPU:  91%   VRAM:   5.3/31G    RAM:  0.5G     │
│                                                                              │
│ Env         connect4cnn    Evaluate      190ms  30%    Losses       0.083    │
│ Params           151.7K      Model       112ms  18%    policy      -0.002    │
│ Steps              1.9M      Env          67ms  10%    value        0.017    │
│ SPS               29.9K      Copy          9ms   1%    entropy      1.103    │
│ Epoch               919    Train         427ms  69%    old_kl       0.000    │
│ Uptime     1m 03s 918ms      Model       427ms  69%    kl          -0.000    │
│ To go      6m 22s 506ms      Misc          0ms   0%    clipfrac     0.000    │
│                                                                              │
│ perf                          0.008   score                        -0.976    │
│ episode_return               -0.976   episode_length                9.469    │
│ invalids                      0.187                                          │
╰──────────────────────────────────────────────────────────────────────────────╯
╭──────────────────────────────────────────────────────────────────────────────╮
│ PufferLib 5.0        🐡        GPU:  91%   VRAM:   5.3/31G    RAM:  0.5G     │
│                                                                              │
│ Env         connect4cnn    Evaluate      191ms  30%    Losses       0.082    │
│ Params           151.7K      Model       112ms  17%    policy       0.002    │
│ Steps              1.9M      Env          67ms  10%    value        0.016    │
│ SPS               29.7K      Copy         10ms   1%    entropy      1.066    │
│ Epoch               928    Train         429ms  69%    old_kl       0.000    │
│ Uptime     1m 04s 539ms      Model       429ms  69%    kl          -0.000    │
│ To go      6m 24s 208ms      Misc          0ms   0%    clipfrac     0.000    │
│                                                                              │
│ perf                          0.007   score                        -0.979    │
│ episode_return               -0.979   episode_length                9.720    │
│ invalids                      0.205                                          │
╰──────────────────────────────────────────────────────────────────────────────╯
╭──────────────────────────────────────────────────────────────────────────────╮
│ PufferLib 5.0       🐡         GPU:  87%   VRAM:   5.3/31G    RAM:  0.5G     │
│                                                                              │
│ Env         connect4cnn    Evaluate      192ms  31%    Losses       0.090    │
│ Params           151.7K      Model       112ms  18%    policy       0.000    │
│ Steps              1.9M      Env          67ms  10%    value        0.018    │
│ SPS               29.8K      Copy         11ms   1%    entropy      1.024    │
│ Epoch               937    Train         426ms  68%    old_kl      -0.000    │
│ Uptime     1m 05s 158ms      Model       426ms  68%    kl          -0.000    │
│ To go      6m 22s 445ms      Misc          0ms   0%    clipfrac     0.000    │
│                                                                              │
│ perf                          0.012   score                        -0.973    │
│ episode_return               -0.973   episode_length               10.115    │
│ invalids                      0.221                                          │
╰──────────────────────────────────────────────────────────────────────────────╯
╭──────────────────────────────────────────────────────────────────────────────╮
│ PufferLib 5.0      🐡          GPU:  90%   VRAM:   5.3/31G    RAM:  0.5G     │
│                                                                              │
│ Env         connect4cnn    Evaluate      190ms  30%    Losses       0.085    │
│ Params           151.7K      Model       112ms  18%    policy      -0.007    │
│ Steps              1.9M      Env          67ms  10%    value        0.018    │
│ SPS               29.8K      Copy         10ms   1%    entropy      0.971    │
│ Epoch               946    Train         429ms  69%    old_kl       0.000    │
│ Uptime     1m 05s 777ms      Model       429ms  69%    kl          -0.000    │
│ To go      6m 22s 037ms      Misc          0ms   0%    clipfrac     0.000    │
│                                                                              │
│ perf                          0.016   score                        -0.965    │
│ episode_return               -0.965   episode_length               10.215    │
│ invalids                      0.216                                          │
╰──────────────────────────────────────────────────────────────────────────────╯
╭──────────────────────────────────────────────────────────────────────────────╮
│ PufferLib 5.0     🐡           GPU:  90%   VRAM:   5.3/31G    RAM:  0.5G     │
│                                                                              │
│ Env         connect4cnn    Evaluate      190ms  30%    Losses       0.117    │
│ Params           151.7K      Model       112ms  18%    policy       0.009    │
│ Steps              2.0M      Env          67ms  10%    value        0.022    │
│ SPS               29.8K      Copy         10ms   1%    entropy      0.949    │
│ Epoch               955    Train         428ms  69%    old_kl       0.000    │
│ Uptime     1m 06s 396ms      Model       428ms  69%    kl          -0.000    │
│ To go      6m 21s 291ms      Misc          0ms   0%    clipfrac     0.000    │
│                                                                              │
│ perf                          0.023   score                        -0.954    │
│ episode_return               -0.954   episode_length               10.530    │
│ invalids                      0.238                                          │
╰──────────────────────────────────────────────────────────────────────────────╯
╭──────────────────────────────────────────────────────────────────────────────╮
│ PufferLib 5.0    🐡            GPU:  90%   VRAM:   5.3/31G    RAM:  0.5G     │
│                                                                              │
│ Env         connect4cnn    Evaluate      191ms  30%    Losses       0.151    │
│ Params           151.7K      Model       112ms  18%    policy      -0.000    │
│ Steps              2.0M      Env          67ms  10%    value        0.030    │
│ SPS               29.7K      Copy         10ms   1%    entropy      0.876    │
│ Epoch               964    Train         428ms  69%    old_kl      -0.000    │
│ Uptime     1m 07s 016ms      Model       428ms  69%    kl          -0.000    │
│ To go      6m 21s 434ms      Misc          0ms   0%    clipfrac     0.000    │
│                                                                              │
│ perf                          0.050   score                        -0.899    │
│ episode_return               -0.899   episode_length               10.593    │
│ invalids                      0.206                                          │
╰──────────────────────────────────────────────────────────────────────────────╯
╭──────────────────────────────────────────────────────────────────────────────╮
│ PufferLib 5.0   🐡             GPU:  90%   VRAM:   5.3/31G    RAM:  0.5G     │
│                                                                              │
│ Env         connect4cnn    Evaluate      190ms  30%    Losses       0.151    │
│ Params           151.7K      Model       112ms  18%    policy      -0.000    │
│ Steps              2.0M      Env          67ms  10%    value        0.030    │
│ SPS               29.8K      Copy         10ms   1%    entropy      0.797    │
│ Epoch               973    Train         427ms  69%    old_kl       0.000    │
│ Uptime     1m 07s 634ms      Model       427ms  69%    kl          -0.000    │
│ To go      6m 19s 698ms      Misc          0ms   0%    clipfrac     0.000    │
│                                                                              │
│ perf                          0.055   score                        -0.890    │
│ episode_return               -0.890   episode_length               10.739    │
│ invalids                      0.206                                          │
╰──────────────────────────────────────────────────────────────────────────────╯
╭──────────────────────────────────────────────────────────────────────────────╮
│ PufferLib 5.0  🐡              GPU:  87%   VRAM:   5.3/31G    RAM:  0.5G     │
│                                                                              │
│ Env         connect4cnn    Evaluate      191ms  30%    Losses       0.189    │
│ Params           151.7K      Model       112ms  18%    policy      -0.001    │
│ Steps              2.0M      Env          68ms  10%    value        0.038    │
│ SPS               29.8K      Copy         10ms   1%    entropy      0.730    │
│ Epoch               982    Train         427ms  69%    old_kl       0.000    │
│ Uptime     1m 08s 252ms      Model       426ms  69%    kl          -0.000    │
│ To go      6m 19s 128ms      Misc          0ms   0%    clipfrac     0.000    │
│                                                                              │
│ perf                          0.086   score                        -0.827    │
│ episode_return               -0.827   episode_length               10.776    │
│ invalids                      0.200                                          │
╰──────────────────────────────────────────────────────────────────────────────╯
╭──────────────────────────────────────────────────────────────────────────────╮
│ PufferLib 5.0 🐡               GPU:  91%   VRAM:   5.3/31G    RAM:  0.5G     │
│                                                                              │
│ Env         connect4cnn    Evaluate      191ms  30%    Losses       0.193    │
│ Params           151.7K      Model       112ms  18%    policy      -0.003    │
│ Steps              2.0M      Env          68ms  10%    value        0.039    │
│ SPS               29.8K      Copy         10ms   1%    entropy      0.687    │
│ Epoch               991    Train         427ms  69%    old_kl       0.000    │
│ Uptime     1m 08s 871ms      Model       427ms  69%    kl          -0.000    │
│ To go      6m 18s 569ms      Misc          0ms   0%    clipfrac     0.000    │
│                                                                              │
│ perf                          0.093   score                        -0.814    │
│ episode_return               -0.814   episode_length               10.763    │
│ invalids                      0.182                                          │
╰──────────────────────────────────────────────────────────────────────────────╯
╭──────────────────────────────────────────────────────────────────────────────╮
│ PufferLib 5.0🐡                GPU:  91%   VRAM:   5.3/31G    RAM:  0.5G     │
│                                                                              │
│ Env         connect4cnn    Evaluate      191ms  30%    Losses       0.242    │
│ Params           151.7K      Model       112ms  18%    policy       0.007    │
│ Steps              2.0M      Env          68ms  10%    value        0.047    │
│ SPS               29.8K      Copy          9ms   1%    entropy      0.624    │
│ Epoch              1000    Train         428ms  69%    old_kl      -0.000    │
│ Uptime     1m 09s 490ms      Model       428ms  69%    kl          -0.000    │
│ To go      6m 18s 465ms      Misc          0ms   0%    clipfrac     0.000    │
│                                                                              │
│ perf                          0.127   score                        -0.745    │
│ episode_return               -0.745   episode_length               10.645    │
│ invalids                      0.159                                          │
╰──────────────────────────────────────────────────────────────────────────────╯
╭──────────────────────────────────────────────────────────────────────────────╮
│ PufferLib 5.0               🐡 GPU:  86%   VRAM:   5.3/31G    RAM:  0.5G     │
│                                                                              │
│ Env         connect4cnn    Evaluate      194ms  31%    Losses       0.242    │
│ Params           151.7K      Model       112ms  17%    policy      -0.005    │
│ Steps              2.1M      Env          68ms  10%    value        0.049    │
│ SPS               29.7K      Copy         11ms   1%    entropy      0.581    │
│ Epoch              1009    Train         428ms  68%    old_kl       0.000    │
│ Uptime     1m 10s 112ms      Model       427ms  68%    kl          -0.000    │
│ To go      6m 19s 190ms      Misc          0ms   0%    clipfrac     0.000    │
│                                                                              │
│ perf                          0.145   score                        -0.710    │
│ episode_return               -0.710   episode_length               10.641    │
│ invalids                      0.165                                          │
╰──────────────────────────────────────────────────────────────────────────────╯
╭──────────────────────────────────────────────────────────────────────────────╮
│ PufferLib 5.0              🐡  GPU:  93%   VRAM:   5.3/31G    RAM:  0.5G     │
│                                                                              │
│ Env         connect4cnn    Evaluate      191ms  30%    Losses       0.240    │
│ Params           151.7K      Model       112ms  18%    policy       0.000    │
│ Steps              2.1M      Env          68ms  10%    value        0.048    │
│ SPS               29.8K      Copy         10ms   1%    entropy      0.546    │
│ Epoch              1018    Train         428ms  69%    old_kl      -0.000    │
│ Uptime     1m 10s 731ms      Model       427ms  69%    kl          -0.000    │
│ To go      6m 17s 176ms      Misc          0ms   0%    clipfrac     0.000    │
│                                                                              │
│ perf                          0.157   score                        -0.686    │
│ episode_return               -0.686   episode_length               10.782    │
│ invalids                      0.163                                          │
╰──────────────────────────────────────────────────────────────────────────────╯
╭──────────────────────────────────────────────────────────────────────────────╮
│ PufferLib 5.0             🐡   GPU:  93%   VRAM:   5.3/31G    RAM:  0.5G     │
│                                                                              │
│ Env         connect4cnn    Evaluate      191ms  30%    Losses       0.230    │
│ Params           151.7K      Model       112ms  17%    policy      -0.004    │
│ Steps              2.1M      Env          68ms  10%    value        0.047    │
│ SPS               29.7K      Copy         10ms   1%    entropy      0.515    │
│ Epoch              1027    Train         429ms  69%    old_kl       0.000    │
│ Uptime     1m 11s 352ms      Model       429ms  69%    kl          -0.000    │
│ To go      6m 17s 644ms      Misc          0ms   0%    clipfrac     0.000    │
│                                                                              │
│ perf                          0.162   score                        -0.676    │
│ episode_return               -0.676   episode_length               10.775    │
│ invalids                      0.150                                          │
╰──────────────────────────────────────────────────────────────────────────────╯
╭──────────────────────────────────────────────────────────────────────────────╮
│ PufferLib 5.0            🐡    GPU:  85%   VRAM:   5.3/31G    RAM:  0.5G     │
│                                                                              │
│ Env         connect4cnn    Evaluate      193ms  31%    Losses       0.227    │
│ Params           151.7K      Model       112ms  17%    policy      -0.002    │
│ Steps              2.1M      Env          70ms  11%    value        0.046    │
│ SPS               29.7K      Copy         10ms   1%    entropy      0.486    │
│ Epoch              1036    Train         428ms  68%    old_kl      -0.000    │
│ Uptime     1m 11s 973ms      Model       428ms  68%    kl          -0.000    │
│ To go      6m 17s 314ms      Misc          0ms   0%    clipfrac     0.000    │
│                                                                              │
│ perf                          0.185   score                        -0.631    │
│ episode_return               -0.631   episode_length               10.811    │
│ invalids                      0.147                                          │
╰──────────────────────────────────────────────────────────────────────────────╯
╭──────────────────────────────────────────────────────────────────────────────╮
│ PufferLib 5.0           🐡     GPU:  85%   VRAM:   5.3/31G    RAM:  0.5G     │
│                                                                              │
│ Env         connect4cnn    Evaluate      193ms  31%    Losses       0.232    │
│ Params           151.7K      Model       112ms  17%    policy      -0.008    │
│ Steps              2.1M      Env          68ms  10%    value        0.048    │
│ SPS               29.6K      Copy         11ms   1%    entropy      0.468    │
│ Epoch              1045    Train         428ms  68%    old_kl      -0.000    │
│ Uptime     1m 12s 595ms      Model       428ms  68%    kl          -0.000    │
│ To go      6m 17s 010ms      Misc          0ms   0%    clipfrac     0.000    │
│                                                                              │
│ perf                          0.215   score                        -0.570    │
│ episode_return               -0.570   episode_length               10.624    │
│ invalids                      0.138                                          │
╰──────────────────────────────────────────────────────────────────────────────╯
╭──────────────────────────────────────────────────────────────────────────────╮
│ PufferLib 5.0          🐡      GPU:  92%   VRAM:   5.3/31G    RAM:  0.5G     │
│                                                                              │
│ Env         connect4cnn    Evaluate      192ms  30%    Losses       0.233    │
│ Params           151.7K      Model       112ms  18%    policy       0.007    │
│ Steps              2.2M      Env          68ms  11%    value        0.045    │
│ SPS               29.7K      Copy         10ms   1%    entropy      0.449    │
│ Epoch              1054    Train         428ms  69%    old_kl       0.000    │
│ Uptime     1m 13s 215ms      Model       427ms  69%    kl          -0.000    │
│ To go      6m 15s 112ms      Misc          0ms   0%    clipfrac     0.000    │
│                                                                              │
│ perf                          0.204   score                        -0.592    │
│ episode_return               -0.592   episode_length               10.778    │
│ invalids                      0.140                                          │
╰──────────────────────────────────────────────────────────────────────────────╯
╭──────────────────────────────────────────────────────────────────────────────╮
│ PufferLib 5.0         🐡       GPU:  86%   VRAM:   5.3/31G    RAM:  0.5G     │
│                                                                              │
│ Env         connect4cnn    Evaluate      191ms  30%    Losses       0.206    │
│ Params           151.7K      Model       112ms  17%    policy      -0.004    │
│ Steps              2.2M      Env          68ms  10%    value        0.042    │
│ SPS               29.7K      Copy          9ms   1%    entropy      0.441    │
│ Epoch              1063    Train         429ms  69%    old_kl      -0.000    │
│ Uptime     1m 13s 835ms      Model       429ms  69%    kl          -0.000    │
│ To go      6m 14s 646ms      Misc          0ms   0%    clipfrac     0.000    │
│                                                                              │
│ perf                          0.217   score                        -0.566    │
│ episode_return               -0.566   episode_length               10.782    │
│ invalids                      0.139                                          │
╰──────────────────────────────────────────────────────────────────────────────╯
╭──────────────────────────────────────────────────────────────────────────────╮
│ PufferLib 5.0        🐡        GPU:  86%   VRAM:   5.3/31G    RAM:  0.5G     │
│                                                                              │
│ Env         connect4cnn    Evaluate      193ms  31%    Losses       0.220    │
│ Params           151.7K      Model       112ms  18%    policy      -0.001    │
│ Steps              2.2M      Env          68ms  10%    value        0.044    │
│ SPS               29.8K      Copy         11ms   1%    entropy      0.423    │
│ Epoch              1072    Train         425ms  68%    old_kl       0.000    │
│ Uptime     1m 14s 454ms      Model       425ms  68%    kl          -0.000    │
│ To go      6m 12s 979ms      Misc          0ms   0%    clipfrac     0.000    │
│                                                                              │
│ perf                          0.261   score                        -0.478    │
│ episode_return               -0.478   episode_length               10.715    │
│ invalids                      0.147                                          │
╰──────────────────────────────────────────────────────────────────────────────╯
╭──────────────────────────────────────────────────────────────────────────────╮
│ PufferLib 5.0       🐡         GPU:  92%   VRAM:   5.3/31G    RAM:  0.5G     │
│                                                                              │
│ Env         connect4cnn    Evaluate      192ms  30%    Losses       0.193    │
│ Params           151.7K      Model       112ms  17%    policy      -0.020    │
│ Steps              2.2M      Env          68ms  11%    value        0.043    │
│ SPS               29.7K      Copy         10ms   1%    entropy      0.404    │
│ Epoch              1081    Train         429ms  69%    old_kl      -0.000    │
│ Uptime     1m 15s 075ms      Model       429ms  69%    kl          -0.000    │
│ To go      6m 13s 905ms      Misc          0ms   0%    clipfrac     0.000    │
│                                                                              │
│ perf                          0.288   score                        -0.424    │
│ episode_return               -0.424   episode_length               10.613    │
│ invalids                      0.124                                          │
╰──────────────────────────────────────────────────────────────────────────────╯
╭──────────────────────────────────────────────────────────────────────────────╮
│ PufferLib 5.0      🐡          GPU:  85%   VRAM:   5.3/31G    RAM:  0.5G     │
│                                                                              │
│ Env         connect4cnn    Evaluate      192ms  31%    Losses       0.239    │
│ Params           151.7K      Model       112ms  18%    policy       0.008    │
│ Steps              2.2M      Env          69ms  11%    value        0.046    │
│ SPS               29.8K      Copy         10ms   1%    entropy      0.398    │
│ Epoch              1090    Train         427ms  68%    old_kl       0.000    │
│ Uptime     1m 15s 694ms      Model       427ms  68%    kl          -0.000    │
│ To go      6m 12s 360ms      Misc          0ms   0%    clipfrac     0.000    │
│                                                                              │
│ perf                          0.311   score                        -0.379    │
│ episode_return               -0.379   episode_length               10.610    │
│ invalids                      0.113                                          │
╰──────────────────────────────────────────────────────────────────────────────╯
╭──────────────────────────────────────────────────────────────────────────────╮
│ PufferLib 5.0     🐡           GPU:  85%   VRAM:   5.3/31G    RAM:  0.5G     │
│                                                                              │
│ Env         connect4cnn    Evaluate      193ms  31%    Losses       0.204    │
│ Params           151.7K      Model       112ms  18%    policy      -0.010    │
│ Steps              2.3M      Env          68ms  11%    value        0.043    │
│ SPS               29.8K      Copy         11ms   1%    entropy      0.394    │
│ Epoch              1099    Train         425ms  68%    old_kl      -0.000    │
│ Uptime     1m 16s 313ms      Model       425ms  68%    kl          -0.000    │
│ To go      6m 11s 352ms      Misc          0ms   0%    clipfrac     0.000    │
│                                                                              │
│ perf                          0.316   score                        -0.369    │
│ episode_return               -0.369   episode_length               10.622    │
│ invalids                      0.121                                          │
╰──────────────────────────────────────────────────────────────────────────────╯
╭──────────────────────────────────────────────────────────────────────────────╮
│ PufferLib 5.0    🐡            GPU:  92%   VRAM:   5.3/31G    RAM:  0.5G     │
│                                                                              │
│ Env         connect4cnn    Evaluate      192ms  30%    Losses       0.201    │
│ Params           151.7K      Model       112ms  17%    policy      -0.008    │
│ Steps              2.3M      Env          69ms  11%    value        0.042    │
│ SPS               29.7K      Copy         10ms   1%    entropy      0.372    │
│ Epoch              1108    Train         428ms  69%    old_kl       0.000    │
│ Uptime     1m 16s 934ms      Model       428ms  69%    kl          -0.000    │
│ To go      6m 12s 136ms      Misc          0ms   0%    clipfrac     0.000    │
│                                                                              │
│ perf                          0.336   score                        -0.328    │
│ episode_return               -0.328   episode_length               10.680    │
│ invalids                      0.107                                          │
╰──────────────────────────────────────────────────────────────────────────────╯
╭──────────────────────────────────────────────────────────────────────────────╮
│ PufferLib 5.0   🐡             GPU:  92%   VRAM:   5.3/31G    RAM:  0.5G     │
│                                                                              │
│ Env         connect4cnn    Evaluate      192ms  30%    Losses       0.199    │
│ Params           151.7K      Model       112ms  17%    policy      -0.009    │
│ Steps              2.3M      Env          69ms  11%    value        0.042    │
│ SPS               29.7K      Copy          9ms   1%    entropy      0.359    │
│ Epoch              1117    Train         429ms  69%    old_kl      -0.000    │
│ Uptime     1m 17s 556ms      Model       429ms  69%    kl          -0.000    │
│ To go      6m 11s 816ms      Misc          0ms   0%    clipfrac     0.000    │
│                                                                              │
│ perf                          0.355   score                        -0.289    │
│ episode_return               -0.289   episode_length               10.735    │
│ invalids                      0.117                                          │
╰──────────────────────────────────────────────────────────────────────────────╯
╭──────────────────────────────────────────────────────────────────────────────╮
│ PufferLib 5.0  🐡              GPU:  84%   VRAM:   5.3/31G    RAM:  0.5G     │
│                                                                              │
│ Env         connect4cnn    Evaluate      193ms  31%    Losses       0.217    │
│ Params           151.7K      Model       112ms  18%    policy      -0.003    │
│ Steps              2.3M      Env          68ms  11%    value        0.044    │
│ SPS               29.8K      Copy         11ms   1%    entropy      0.351    │
│ Epoch              1126    Train         426ms  68%    old_kl      -0.000    │
│ Uptime     1m 18s 175ms      Model       425ms  68%    kl          -0.000    │
│ To go      6m 09s 603ms      Misc          0ms   0%    clipfrac     0.000    │
│                                                                              │
│ perf                          0.359   score                        -0.282    │
│ episode_return               -0.282   episode_length               10.694    │
│ invalids                      0.115                                          │
╰──────────────────────────────────────────────────────────────────────────────╯
╭──────────────────────────────────────────────────────────────────────────────╮
│ PufferLib 5.0 🐡               GPU:  93%   VRAM:   5.3/31G    RAM:  0.5G     │
│                                                                              │
│ Env         connect4cnn    Evaluate      191ms  30%    Losses       0.194    │
│ Params           151.7K      Model       112ms  17%    policy      -0.012    │
│ Steps              2.3M      Env          68ms  10%    value        0.041    │
│ SPS               29.6K      Copy         10ms   1%    entropy      0.335    │
│ Epoch              1135    Train         431ms  69%    old_kl       0.000    │
│ Uptime     1m 18s 798ms      Model       431ms  69%    kl          -0.000    │
│ To go      6m 11s 177ms      Misc          0ms   0%    clipfrac     0.000    │
│                                                                              │
│ perf                          0.392   score                        -0.217    │
│ episode_return               -0.217   episode_length               10.744    │
│ invalids                      0.106                                          │
╰──────────────────────────────────────────────────────────────────────────────╯
╭──────────────────────────────────────────────────────────────────────────────╮
│ PufferLib 5.0🐡                GPU:  93%   VRAM:   5.3/31G    RAM:  0.5G     │
│                                                                              │
│ Env         connect4cnn    Evaluate      191ms  31%    Losses       0.199    │
│ Params           151.7K      Model       112ms  18%    policy      -0.003    │
│ Steps              2.3M      Env          68ms  11%    value        0.040    │
│ SPS               29.9K      Copy         10ms   1%    entropy      0.319    │
│ Epoch              1144    Train         425ms  68%    old_kl       0.000    │
│ Uptime     1m 19s 415ms      Model       425ms  68%    kl          -0.000    │
│ To go      6m 07s 135ms      Misc          0ms   0%    clipfrac     0.000    │
│                                                                              │
│ perf                          0.411   score                        -0.178    │
│ episode_return               -0.178   episode_length               10.635    │
│ invalids                      0.112                                          │
╰──────────────────────────────────────────────────────────────────────────────╯
╭──────────────────────────────────────────────────────────────────────────────╮
│ PufferLib 5.0               🐡 GPU:  85%   VRAM:   5.3/31G    RAM:  0.5G     │
│                                                                              │
│ Env         connect4cnn    Evaluate      193ms  31%    Losses       0.183    │
│ Params           151.7K      Model       112ms  18%    policy      -0.009    │
│ Steps              2.4M      Env          68ms  10%    value        0.038    │
│ SPS               29.8K      Copy         11ms   1%    entropy      0.295    │
│ Epoch              1153    Train         425ms  68%    old_kl       0.000    │
│ Uptime     1m 20s 032ms      Model       424ms  68%    kl          -0.000    │
│ To go      6m 07s 035ms      Misc          0ms   0%    clipfrac     0.000    │
│                                                                              │
│ perf                          0.436   score                        -0.128    │
│ episode_return               -0.128   episode_length               10.543    │
│ invalids                      0.108                                          │
╰──────────────────────────────────────────────────────────────────────────────╯
╭──────────────────────────────────────────────────────────────────────────────╮
│ PufferLib 5.0              🐡  GPU:  93%   VRAM:   5.3/31G    RAM:  0.5G     │
│                                                                              │
│ Env         connect4cnn    Evaluate      190ms  30%    Losses       0.183    │
│ Params           151.7K      Model       112ms  18%    policy      -0.010    │
│ Steps              2.4M      Env          67ms  10%    value        0.039    │
│ SPS               29.7K      Copy         10ms   1%    entropy      0.289    │
│ Epoch              1162    Train         430ms  69%    old_kl      -0.000    │
│ Uptime     1m 20s 653ms      Model       430ms  69%    kl          -0.000    │
│ To go      6m 07s 902ms      Misc          0ms   0%    clipfrac     0.000    │
│                                                                              │
│ perf                          0.470   score                        -0.060    │
│ episode_return               -0.060   episode_length               10.528    │
│ invalids                      0.104                                          │
╰──────────────────────────────────────────────────────────────────────────────╯
╭──────────────────────────────────────────────────────────────────────────────╮
│ PufferLib 5.0             🐡   GPU:  93%   VRAM:   5.3/31G    RAM:  0.5G     │
│                                                                              │
│ Env         connect4cnn    Evaluate      191ms  30%    Losses       0.186    │
│ Params           151.7K      Model       112ms  18%    policy      -0.000    │
│ Steps              2.4M      Env          68ms  10%    value        0.037    │
│ SPS               29.8K      Copy          9ms   1%    entropy      0.273    │
│ Epoch              1171    Train         428ms  69%    old_kl       0.000    │
│ Uptime     1m 21s 272ms      Model       428ms  69%    kl          -0.000    │
│ To go      6m 06s 585ms      Misc          0ms   0%    clipfrac     0.000    │
│                                                                              │
│ perf                          0.474   score                        -0.052    │
│ episode_return               -0.052   episode_length               10.557    │
│ invalids                      0.098                                          │
╰──────────────────────────────────────────────────────────────────────────────╯
╭──────────────────────────────────────────────────────────────────────────────╮
│ PufferLib 5.0            🐡    GPU:  85%   VRAM:   5.3/31G    RAM:  0.5G     │
│                                                                              │
│ Env         connect4cnn    Evaluate      191ms  30%    Losses       0.179    │
│ Params           151.7K      Model       112ms  18%    policy      -0.005    │
│ Steps              2.4M      Env          68ms  10%    value        0.037    │
│ SPS               29.9K      Copy         10ms   1%    entropy      0.252    │
│ Epoch              1180    Train         425ms  69%    old_kl      -0.000    │
│ Uptime     1m 21s 888ms      Model       425ms  69%    kl          -0.000    │
│ To go      6m 04s 281ms      Misc          0ms   0%    clipfrac     0.000    │
│                                                                              │
│ perf                          0.497   score                        -0.005    │
│ episode_return               -0.005   episode_length               10.619    │
│ invalids                      0.103                                          │
╰──────────────────────────────────────────────────────────────────────────────╯
╭──────────────────────────────────────────────────────────────────────────────╮
│ PufferLib 5.0           🐡     GPU:  85%   VRAM:   5.3/31G    RAM:  0.5G     │
│                                                                              │
│ Env         connect4cnn    Evaluate      190ms  30%    Losses       0.163    │
│ Params           151.7K      Model       112ms  17%    policy      -0.019    │
│ Steps              2.4M      Env          67ms  10%    value        0.037    │
│ SPS               29.7K      Copy         10ms   1%    entropy      0.226    │
│ Epoch              1189    Train         430ms  69%    old_kl       0.000    │
│ Uptime     1m 22s 509ms      Model       430ms  69%    kl          -0.000    │
│ To go      6m 06s 320ms      Misc          0ms   0%    clipfrac     0.000    │
│                                                                              │
│ perf                          0.506   score                         0.013    │
│ episode_return                0.013   episode_length               10.482    │
│ invalids                      0.092                                          │
╰──────────────────────────────────────────────────────────────────────────────╯
╭──────────────────────────────────────────────────────────────────────────────╮
│ PufferLib 5.0          🐡      GPU:  92%   VRAM:   5.3/31G    RAM:  0.5G     │
│                                                                              │
│ Env         connect4cnn    Evaluate      192ms  30%    Losses       0.157    │
│ Params           151.7K      Model       112ms  17%    policy      -0.011    │
│ Steps              2.5M      Env          69ms  11%    value        0.034    │
│ SPS               29.6K      Copy         10ms   1%    entropy      0.213    │
│ Epoch              1198    Train         430ms  69%    old_kl       0.000    │
│ Uptime     1m 23s 132ms      Model       430ms  69%    kl          -0.000    │
│ To go      6m 06s 974ms      Misc          0ms   0%    clipfrac     0.000    │
│                                                                              │
│ perf                          0.559   score                         0.119    │
│ episode_return                0.119   episode_length               10.409    │
│ invalids                      0.089                                          │
╰──────────────────────────────────────────────────────────────────────────────╯
╭──────────────────────────────────────────────────────────────────────────────╮
│ PufferLib 5.0         🐡       GPU:  87%   VRAM:   5.3/31G    RAM:  0.5G     │
│                                                                              │
│ Env         connect4cnn    Evaluate      191ms  31%    Losses       0.153    │
│ Params           151.7K      Model       112ms  18%    policy      -0.023    │
│ Steps              2.5M      Env          68ms  11%    value        0.035    │
│ SPS               29.9K      Copy         10ms   1%    entropy      0.198    │
│ Epoch              1207    Train         424ms  68%    old_kl      -0.000    │
│ Uptime     1m 23s 748ms      Model       424ms  68%    kl          -0.000    │
│ To go      6m 02s 377ms      Misc          0ms   0%    clipfrac     0.000    │
│                                                                              │
│ perf                          0.576   score                         0.152    │
│ episode_return                0.152   episode_length               10.333    │
│ invalids                      0.079                                          │
╰──────────────────────────────────────────────────────────────────────────────╯
╭──────────────────────────────────────────────────────────────────────────────╮
│ PufferLib 5.0        🐡        GPU:  87%   VRAM:   5.3/31G    RAM:  0.5G     │
│                                                                              │
│ Env         connect4cnn    Evaluate      190ms  30%    Losses       0.161    │
│ Params           151.7K      Model       112ms  17%    policy       0.002    │
│ Steps              2.5M      Env          67ms  10%    value        0.032    │
│ SPS               29.7K      Copy          9ms   1%    entropy      0.193    │
│ Epoch              1216    Train         430ms  69%    old_kl      -0.000    │
│ Uptime     1m 24s 369ms      Model       430ms  69%    kl          -0.000    │
│ To go      6m 04s 758ms      Misc          0ms   0%    clipfrac     0.000    │
│                                                                              │
│ perf                          0.560   score                         0.121    │
│ episode_return                0.121   episode_length               10.359    │
│ invalids                      0.084                                          │
╰──────────────────────────────────────────────────────────────────────────────╯
╭──────────────────────────────────────────────────────────────────────────────╮
│ PufferLib 5.0       🐡         GPU:  91%   VRAM:   5.3/31G    RAM:  0.5G     │
│                                                                              │
│ Env         connect4cnn    Evaluate      191ms  30%    Losses       0.134    │
│ Params           151.7K      Model       112ms  17%    policy      -0.013    │
│ Steps              2.5M      Env          68ms  10%    value        0.029    │
│ SPS               29.6K      Copy         10ms   1%    entropy      0.178    │
│ Epoch              1225    Train         431ms  69%    old_kl      -0.000    │
│ Uptime     1m 24s 993ms      Model       431ms  69%    kl          -0.000    │
│ To go      6m 05s 460ms      Misc          0ms   0%    clipfrac     0.000    │
│                                                                              │
│ perf                          0.576   score                         0.153    │
│ episode_return                0.153   episode_length               10.274    │
│ invalids                      0.083                                          │
╰──────────────────────────────────────────────────────────────────────────────╯
╭──────────────────────────────────────────────────────────────────────────────╮
│ PufferLib 5.0      🐡          GPU:  91%   VRAM:   5.3/31G    RAM:  0.5G     │
│                                                                              │
│ Env         connect4cnn    Evaluate      191ms  30%    Losses       0.151    │
│ Params           151.7K      Model       112ms  18%    policy      -0.001    │
│ Steps              2.5M      Env          67ms  10%    value        0.030    │
│ SPS               29.8K      Copy         10ms   1%    entropy      0.172    │
│ Epoch              1234    Train         427ms  69%    old_kl      -0.000    │
│ Uptime     1m 25s 610ms      Model       426ms  69%    kl          -0.000    │
│ To go      6m 01s 446ms      Misc          0ms   0%    clipfrac     0.000    │
│                                                                              │
│ perf                          0.592   score                         0.184    │
│ episode_return                0.184   episode_length               10.277    │
│ invalids                      0.075                                          │
╰──────────────────────────────────────────────────────────────────────────────╯
╭──────────────────────────────────────────────────────────────────────────────╮
│ PufferLib 5.0     🐡           GPU:  88%   VRAM:   5.3/31G    RAM:  0.5G     │
│                                                                              │
│ Env         connect4cnn    Evaluate      191ms  30%    Losses       0.128    │
│ Params           151.7K      Model       112ms  18%    policy      -0.015    │
│ Steps              2.5M      Env          68ms  10%    value        0.029    │
│ SPS               29.8K      Copy         10ms   1%    entropy      0.168    │
│ Epoch              1243    Train         427ms  69%    old_kl       0.000    │
│ Uptime     1m 26s 228ms      Model       426ms  69%    kl          -0.000    │
│ To go      6m 01s 021ms      Misc          0ms   0%    clipfrac     0.000    │
│                                                                              │
│ perf                          0.598   score                         0.196    │
│ episode_return                0.196   episode_length               10.228    │
│ invalids                      0.068                                          │
╰──────────────────────────────────────────────────────────────────────────────╯
╭──────────────────────────────────────────────────────────────────────────────╮
│ PufferLib 5.0    🐡            GPU:  91%   VRAM:   5.3/31G    RAM:  0.5G     │
│                                                                              │
│ Env         connect4cnn    Evaluate      190ms  30%    Losses       0.143    │
│ Params           151.7K      Model       112ms  17%    policy       0.002    │
│ Steps              2.6M      Env          67ms  10%    value        0.028    │
│ SPS               29.7K      Copy          9ms   1%    entropy      0.156    │
│ Epoch              1252    Train         430ms  69%    old_kl      -0.000    │
│ Uptime     1m 26s 849ms      Model       430ms  69%    kl          -0.000    │
│ To go      6m 01s 970ms      Misc          0ms   0%    clipfrac     0.000    │
│                                                                              │
│ perf                          0.592   score                         0.184    │
│ episode_return                0.184   episode_length               10.227    │
│ invalids                      0.077                                          │
╰──────────────────────────────────────────────────────────────────────────────╯
╭──────────────────────────────────────────────────────────────────────────────╮
│ PufferLib 5.0   🐡             GPU:  91%   VRAM:   5.3/31G    RAM:  0.5G     │
│                                                                              │
│ Env         connect4cnn    Evaluate      191ms  30%    Losses       0.110    │
│ Params           151.7K      Model       112ms  18%    policy      -0.023    │
│ Steps              2.6M      Env          67ms  10%    value        0.026    │
│ SPS               29.8K      Copy         11ms   1%    entropy      0.146    │
│ Epoch              1261    Train         427ms  69%    old_kl       0.000    │
│ Uptime     1m 27s 468ms      Model       427ms  69%    kl          -0.000    │
│ To go      6m 00s 122ms      Misc          0ms   0%    clipfrac     0.000    │
│                                                                              │
│ perf                          0.625   score                         0.250    │
│ episode_return                0.250   episode_length               10.203    │
│ invalids                      0.081                                          │
╰──────────────────────────────────────────────────────────────────────────────╯
╭──────────────────────────────────────────────────────────────────────────────╮
│ PufferLib 5.0  🐡              GPU:  89%   VRAM:   5.3/31G    RAM:  0.5G     │
│                                                                              │
│ Env         connect4cnn    Evaluate      190ms  30%    Losses       0.130    │
│ Params           151.7K      Model       112ms  18%    policy      -0.003    │
│ Steps              2.6M      Env          68ms  10%    value        0.027    │
│ SPS               29.9K      Copy          9ms   1%    entropy      0.142    │
│ Epoch              1270    Train         426ms  69%    old_kl      -0.000    │
│ Uptime     1m 28s 085ms      Model       426ms  69%    kl          -0.000    │
│ To go      5m 58s 449ms      Misc          0ms   0%    clipfrac     0.000    │
│                                                                              │
│ perf                          0.608   score                         0.217    │
│ episode_return                0.217   episode_length               10.296    │
│ invalids                      0.082                                          │
╰──────────────────────────────────────────────────────────────────────────────╯
╭──────────────────────────────────────────────────────────────────────────────╮
│ PufferLib 5.0 🐡               GPU:  90%   VRAM:   5.3/31G    RAM:  0.5G     │
│                                                                              │
│ Env         connect4cnn    Evaluate      190ms  30%    Losses       0.109    │
│ Params           151.7K      Model       112ms  17%    policy      -0.017    │
│ Steps              2.6M      Env          67ms  10%    value        0.025    │
│ SPS               29.7K      Copy         10ms   1%    entropy      0.134    │
│ Epoch              1279    Train         431ms  69%    old_kl       0.000    │
│ Uptime     1m 28s 706ms      Model       430ms  69%    kl          -0.000    │
│ To go      6m 00s 553ms      Misc          0ms   0%    clipfrac     0.000    │
│                                                                              │
│ perf                          0.623   score                         0.247    │
│ episode_return                0.247   episode_length               10.219    │
│ invalids                      0.079                                          │
╰──────────────────────────────────────────────────────────────────────────────╯
╭──────────────────────────────────────────────────────────────────────────────╮
│ PufferLib 5.0🐡                GPU:  90%   VRAM:   5.3/31G    RAM:  0.5G     │
│                                                                              │
│ Env         connect4cnn    Evaluate      190ms  30%    Losses       0.113    │
│ Params           151.7K      Model       112ms  18%    policy       0.000    │
│ Steps              2.6M      Env          67ms  10%    value        0.022    │
│ SPS               29.8K      Copy          9ms   1%    entropy      0.126    │
│ Epoch              1288    Train         428ms  69%    old_kl       0.000    │
│ Uptime     1m 29s 324ms      Model       428ms  69%    kl          -0.000    │
│ To go      5m 57s 989ms      Misc          0ms   0%    clipfrac     0.000    │
│                                                                              │
│ perf                          0.629   score                         0.258    │
│ episode_return                0.258   episode_length               10.134    │
│ invalids                      0.071                                          │
╰──────────────────────────────────────────────────────────────────────────────╯
╭──────────────────────────────────────────────────────────────────────────────╮
│ PufferLib 5.0               🐡 GPU:  90%   VRAM:   5.3/31G    RAM:  0.5G     │
│                                                                              │
│ Env         connect4cnn    Evaluate      190ms  30%    Losses       0.094    │
│ Params           151.7K      Model       112ms  18%    policy      -0.011    │
│ Steps              2.7M      Env          68ms  10%    value        0.021    │
│ SPS               29.8K      Copy          9ms   1%    entropy      0.125    │
│ Epoch              1297    Train         429ms  69%    old_kl      -0.000    │
│ Uptime     1m 29s 944ms      Model       428ms  69%    kl          -0.000    │
│ To go      5m 58s 116ms      Misc          0ms   0%    clipfrac     0.000    │
│                                                                              │
│ perf                          0.635   score                         0.269    │
│ episode_return                0.269   episode_length               10.164    │
│ invalids                      0.079                                          │
╰──────────────────────────────────────────────────────────────────────────────╯
╭──────────────────────────────────────────────────────────────────────────────╮
│ PufferLib 5.0              🐡  GPU:  90%   VRAM:   5.3/31G    RAM:  0.5G     │
│                                                                              │
│ Env         connect4cnn    Evaluate      191ms  30%    Losses       0.099    │
│ Params           151.7K      Model       112ms  17%    policy      -0.008    │
│ Steps              2.7M      Env          67ms  10%    value        0.022    │
│ SPS               29.7K      Copy         10ms   1%    entropy      0.124    │
│ Epoch              1306    Train         429ms  69%    old_kl       0.000    │
│ Uptime     1m 30s 564ms      Model       429ms  69%    kl          -0.000    │
│ To go      5m 58s 181ms      Misc          0ms   0%    clipfrac     0.000    │
│                                                                              │
│ perf                          0.628   score                         0.255    │
│ episode_return                0.255   episode_length               10.256    │
│ invalids                      0.072                                          │
╰──────────────────────────────────────────────────────────────────────────────╯
╭──────────────────────────────────────────────────────────────────────────────╮
│ PufferLib 5.0             🐡   GPU:  88%   VRAM:   5.3/31G    RAM:  0.5G     │
│                                                                              │
│ Env         connect4cnn    Evaluate      190ms  30%    Losses       0.074    │
│ Params           151.7K      Model       112ms  18%    policy      -0.024    │
│ Steps              2.7M      Env          67ms  10%    value        0.020    │
│ SPS               29.8K      Copy          9ms   1%    entropy      0.118    │
│ Epoch              1315    Train         428ms  69%    old_kl      -0.000    │
│ Uptime     1m 31s 183ms      Model       428ms  69%    kl          -0.000    │
│ To go      5m 56s 535ms      Misc          0ms   0%    clipfrac     0.000    │
│                                                                              │
│ perf                          0.659   score                         0.319    │
│ episode_return                0.319   episode_length               10.213    │
│ invalids                      0.083                                          │
╰──────────────────────────────────────────────────────────────────────────────╯
╭──────────────────────────────────────────────────────────────────────────────╮
│ PufferLib 5.0            🐡    GPU:  92%   VRAM:   5.3/31G    RAM:  0.5G     │
│                                                                              │
│ Env         connect4cnn    Evaluate      191ms  30%    Losses       0.092    │
│ Params           151.7K      Model       112ms  18%    policy      -0.005    │
│ Steps              2.7M      Env          67ms  10%    value        0.019    │
│ SPS               29.7K      Copy         10ms   1%    entropy      0.119    │
│ Epoch              1324    Train         428ms  69%    old_kl      -0.000    │
│ Uptime     1m 31s 803ms      Model       428ms  69%    kl          -0.000    │
│ To go      5m 56s 326ms      Misc          0ms   0%    clipfrac     0.000    │
│                                                                              │
│ perf                          0.637   score                         0.275    │
│ episode_return                0.275   episode_length               10.275    │
│ invalids                      0.076                                          │
╰──────────────────────────────────────────────────────────────────────────────╯
╭──────────────────────────────────────────────────────────────────────────────╮
│ PufferLib 5.0           🐡     GPU:  92%   VRAM:   5.3/31G    RAM:  0.5G     │
│                                                                              │
│ Env         connect4cnn    Evaluate      192ms  31%    Losses       0.077    │
│ Params           151.7K      Model       112ms  18%    policy      -0.015    │
│ Steps              2.7M      Env          67ms  10%    value        0.018    │
│ SPS               29.8K      Copy         12ms   1%    entropy      0.109    │
│ Epoch              1333    Train         425ms  68%    old_kl       0.000    │
│ Uptime     1m 32s 421ms      Model       425ms  68%    kl          -0.000    │
│ To go      5m 54s 616ms      Misc          0ms   0%    clipfrac     0.000    │
│                                                                              │
│ perf                          0.639   score                         0.278    │
│ episode_return                0.278   episode_length               10.317    │
│ invalids                      0.081                                          │
╰──────────────────────────────────────────────────────────────────────────────╯
╭──────────────────────────────────────────────────────────────────────────────╮
│ PufferLib 5.0          🐡      GPU:  85%   VRAM:   5.3/31G    RAM:  0.5G     │
│                                                                              │
│ Env         connect4cnn    Evaluate      191ms  30%    Losses       0.081    │
│ Params           151.7K      Model       112ms  18%    policy      -0.007    │
│ Steps              2.7M      Env          68ms  10%    value        0.018    │
│ SPS               29.8K      Copy         10ms   1%    entropy      0.104    │
│ Epoch              1342    Train         427ms  69%    old_kl       0.000    │
│ Uptime     1m 33s 039ms      Model       427ms  69%    kl          -0.000    │
│ To go      5m 54s 181ms      Misc          0ms   0%    clipfrac     0.000    │
│                                                                              │
│ perf                          0.662   score                         0.323    │
│ episode_return                0.323   episode_length               10.429    │
│ invalids                      0.085                                          │
╰──────────────────────────────────────────────────────────────────────────────╯
╭──────────────────────────────────────────────────────────────────────────────╮
│ PufferLib 5.0         🐡       GPU:  93%   VRAM:   5.3/31G    RAM:  0.5G     │
│                                                                              │
│ Env         connect4cnn    Evaluate      189ms  30%    Losses       0.084    │
│ Params           151.7K      Model       112ms  18%    policy      -0.008    │
│ Steps              2.8M      Env          67ms  10%    value        0.019    │
│ SPS               29.8K      Copy          9ms   1%    entropy      0.103    │
│ Epoch              1351    Train         428ms  69%    old_kl       0.000    │
│ Uptime     1m 33s 657ms      Model       428ms  69%    kl          -0.000    │
│ To go      5m 53s 622ms      Misc          0ms   0%    clipfrac     0.000    │
│                                                                              │
│ perf                          0.649   score                         0.298    │
│ episode_return                0.298   episode_length               10.442    │
│ invalids                      0.085                                          │
╰──────────────────────────────────────────────────────────────────────────────╯
╭──────────────────────────────────────────────────────────────────────────────╮
│ PufferLib 5.0        🐡        GPU:  93%   VRAM:   5.3/31G    RAM:  0.5G     │
│                                                                              │
│ Env         connect4cnn    Evaluate      191ms  30%    Losses       0.082    │
│ Params           151.7K      Model       112ms  18%    policy      -0.002    │
│ Steps              2.8M      Env          67ms  10%    value        0.017    │
│ SPS               29.8K      Copy         11ms   1%    entropy      0.098    │
│ Epoch              1360    Train         426ms  69%    old_kl      -0.000    │
│ Uptime     1m 34s 274ms      Model       426ms  68%    kl          -0.000    │
│ To go      5m 52s 742ms      Misc          0ms   0%    clipfrac     0.000    │
│                                                                              │
│ perf                          0.671   score                         0.341    │
│ episode_return                0.341   episode_length               10.402    │
│ invalids                      0.086                                          │
╰──────────────────────────────────────────────────────────────────────────────╯
╭──────────────────────────────────────────────────────────────────────────────╮
│ PufferLib 5.0       🐡         GPU:  85%   VRAM:   5.3/31G    RAM:  0.5G     │
│                                                                              │
│ Env         connect4cnn    Evaluate      190ms  30%    Losses       0.062    │
│ Params           151.7K      Model       112ms  18%    policy      -0.021    │
│ Steps              2.8M      Env          67ms  10%    value        0.017    │
│ SPS               29.7K      Copy          9ms   1%    entropy      0.097    │
│ Epoch              1369    Train         430ms  69%    old_kl      -0.000    │
│ Uptime     1m 34s 894ms      Model       429ms  69%    kl          -0.000    │
│ To go      5m 53s 412ms      Misc          0ms   0%    clipfrac     0.000    │
│                                                                              │
│ perf                          0.664   score                         0.328    │
│ episode_return                0.328   episode_length               10.423    │
│ invalids                      0.091                                          │
╰──────────────────────────────────────────────────────────────────────────────╯
╭──────────────────────────────────────────────────────────────────────────────╮
│ PufferLib 5.0      🐡          GPU:  85%   VRAM:   5.3/31G    RAM:  0.5G     │
│                                                                              │
│ Env         connect4cnn    Evaluate      190ms  30%    Losses       0.076    │
│ Params           151.7K      Model       112ms  18%    policy      -0.003    │
│ Steps              2.8M      Env          67ms  10%    value        0.016    │
│ SPS               29.9K      Copy          9ms   1%    entropy      0.094    │
│ Epoch              1378    Train         426ms  69%    old_kl       0.000    │
│ Uptime     1m 35s 511ms      Model       426ms  69%    kl          -0.000    │
│ To go      5m 50s 820ms      Misc          0ms   0%    clipfrac     0.000    │
│                                                                              │
│ perf                          0.651   score                         0.303    │
│ episode_return                0.303   episode_length               10.553    │
│ invalids                      0.101                                          │
╰──────────────────────────────────────────────────────────────────────────────╯
╭──────────────────────────────────────────────────────────────────────────────╮
│ PufferLib 5.0     🐡           GPU:  93%   VRAM:   5.3/31G    RAM:  0.5G     │
│                                                                              │
│ Env         connect4cnn    Evaluate      190ms  30%    Losses       0.063    │
│ Params           151.7K      Model       112ms  18%    policy      -0.017    │
│ Steps              2.8M      Env          67ms  10%    value        0.016    │
│ SPS               30.0K      Copy         10ms   1%    entropy      0.086    │
│ Epoch              1387    Train         424ms  69%    old_kl       0.000    │
│ Uptime     1m 36s 126ms      Model       424ms  68%    kl          -0.000    │
│ To go      5m 49s 369ms      Misc          0ms   0%    clipfrac     0.000    │
│                                                                              │
│ perf                          0.676   score                         0.352    │
│ episode_return                0.352   episode_length               10.398    │
│ invalids                      0.084                                          │
╰──────────────────────────────────────────────────────────────────────────────╯
╭──────────────────────────────────────────────────────────────────────────────╮
│ PufferLib 5.0    🐡            GPU:  85%   VRAM:   5.3/31G    RAM:  0.5G     │
│                                                                              │
│ Env         connect4cnn    Evaluate      190ms  30%    Losses       0.078    │
│ Params           151.7K      Model       112ms  17%    policy       0.002    │
│ Steps              2.9M      Env          68ms  10%    value        0.015    │
│ SPS               29.5K      Copy          9ms   1%    entropy      0.084    │
│ Epoch              1396    Train         434ms  69%    old_kl      -0.000    │
│ Uptime     1m 36s 751ms      Model       434ms  69%    kl          -0.000    │
│ To go      5m 54s 574ms      Misc          0ms   0%    clipfrac     0.000    │
│                                                                              │
│ perf                          0.660   score                         0.321    │
│ episode_return                0.321   episode_length               10.545    │
│ invalids                      0.108                                          │
╰──────────────────────────────────────────────────────────────────────────────╯
╭──────────────────────────────────────────────────────────────────────────────╮
│ PufferLib 5.0   🐡             GPU:  85%   VRAM:   5.3/31G    RAM:  0.5G     │
│                                                                              │
│ Env         connect4cnn    Evaluate      189ms  30%    Losses       0.054    │
│ Params           151.7K      Model       112ms  18%    policy      -0.015    │
│ Steps              2.9M      Env          67ms  10%    value        0.014    │
│ SPS               29.7K      Copy          9ms   1%    entropy      0.082    │
│ Epoch              1405    Train         430ms  69%    old_kl      -0.000    │
│ Uptime     1m 37s 371ms      Model       430ms  69%    kl          -0.000    │
│ To go      5m 51s 082ms      Misc          0ms   0%    clipfrac     0.000    │
│                                                                              │
│ perf                          0.680   score                         0.361    │
│ episode_return                0.361   episode_length               10.528    │
│ invalids                      0.101                                          │
╰──────────────────────────────────────────────────────────────────────────────╯
╭──────────────────────────────────────────────────────────────────────────────╮
│ PufferLib 5.0  🐡              GPU:  92%   VRAM:   5.3/31G    RAM:  0.5G     │
│                                                                              │
│ Env         connect4cnn    Evaluate      189ms  30%    Losses       0.069    │
│ Params           151.7K      Model       112ms  18%    policy      -0.010    │
│ Steps              2.9M      Env          67ms  10%    value        0.016    │
│ SPS               29.8K      Copy          9ms   1%    entropy      0.081    │
│ Epoch              1414    Train         429ms  69%    old_kl      -0.000    │
│ Uptime     1m 37s 989ms      Model       428ms  69%    kl          -0.000    │
│ To go      5m 49s 400ms      Misc          0ms   0%    clipfrac     0.000    │
│                                                                              │
│ perf                          0.666   score                         0.333    │
│ episode_return                0.333   episode_length               10.677    │
│ invalids                      0.115                                          │
╰──────────────────────────────────────────────────────────────────────────────╯
╭──────────────────────────────────────────────────────────────────────────────╮
│ PufferLib 5.0 🐡               GPU:  92%   VRAM:   5.3/31G    RAM:  0.5G     │
│                                                                              │
│ Env         connect4cnn    Evaluate      190ms  30%    Losses       0.063    │
│ Params           151.7K      Model       112ms  18%    policy      -0.011    │
│ Steps              2.9M      Env          67ms  10%    value        0.015    │
│ SPS               29.8K      Copy         10ms   1%    entropy      0.079    │
│ Epoch              1423    Train         429ms  69%    old_kl       0.000    │
│ Uptime     1m 38s 609ms      Model       429ms  69%    kl          -0.000    │
│ To go      5m 49s 451ms      Misc          0ms   0%    clipfrac     0.000    │
│                                                                              │
│ perf                          0.661   score                         0.323    │
│ episode_return                0.323   episode_length               10.731    │
│ invalids                      0.119                                          │
╰──────────────────────────────────────────────────────────────────────────────╯
╭──────────────────────────────────────────────────────────────────────────────╮
│ PufferLib 5.0🐡                GPU:  88%   VRAM:   5.3/31G    RAM:  0.5G     │
│                                                                              │
│ Env         connect4cnn    Evaluate      190ms  30%    Losses       0.063    │
│ Params           151.7K      Model       112ms  18%    policy      -0.006    │
│ Steps              2.9M      Env          67ms  10%    value        0.014    │
│ SPS               29.9K      Copy         10ms   1%    entropy      0.078    │
│ Epoch              1432    Train         426ms  69%    old_kl      -0.000    │
│ Uptime     1m 39s 226ms      Model       426ms  69%    kl          -0.000    │
│ To go      5m 47s 381ms      Misc          0ms   0%    clipfrac     0.000    │
│                                                                              │
│ perf                          0.676   score                         0.353    │
│ episode_return                0.353   episode_length               10.715    │
│ invalids                      0.088                                          │
╰──────────────────────────────────────────────────────────────────────────────╯
╭──────────────────────────────────────────────────────────────────────────────╮
│ PufferLib 5.0               🐡 GPU:  89%   VRAM:   5.3/31G    RAM:  0.5G     │
│                                                                              │
│ Env         connect4cnn    Evaluate      192ms  31%    Losses       0.056    │
│ Params           151.7K      Model       112ms  18%    policy      -0.020    │
│ Steps              3.0M      Env          67ms  10%    value        0.015    │
│ SPS               29.9K      Copy         11ms   1%    entropy      0.079    │
│ Epoch              1441    Train         424ms  68%    old_kl       0.000    │
│ Uptime     1m 39s 843ms      Model       424ms  68%    kl          -0.000    │
│ To go      5m 46s 977ms      Misc          0ms   0%    clipfrac     0.000    │
│                                                                              │
│ perf                          0.681   score                         0.363    │
│ episode_return                0.363   episode_length               10.707    │
│ invalids                      0.111                                          │
╰──────────────────────────────────────────────────────────────────────────────╯
╭──────────────────────────────────────────────────────────────────────────────╮
│ PufferLib 5.0              🐡  GPU:  89%   VRAM:   5.3/31G    RAM:  0.5G     │
│                                                                              │
│ Env         connect4cnn    Evaluate      191ms  30%    Losses       0.072    │
│ Params           151.7K      Model       112ms  18%    policy      -0.002    │
│ Steps              3.0M      Env          67ms  10%    value        0.015    │
│ SPS               29.8K      Copy         10ms   1%    entropy      0.080    │
│ Epoch              1450    Train         427ms  69%    old_kl       0.000    │
│ Uptime     1m 40s 461ms      Model       427ms  69%    kl          -0.000    │
│ To go      5m 46s 750ms      Misc          0ms   0%    clipfrac     0.000    │
│                                                                              │
│ perf                          0.683   score                         0.365    │
│ episode_return                0.365   episode_length               10.721    │
│ invalids                      0.099                                          │
╰──────────────────────────────────────────────────────────────────────────────╯
╭──────────────────────────────────────────────────────────────────────────────╮
│ PufferLib 5.0             🐡   GPU:  92%   VRAM:   5.3/31G    RAM:  0.5G     │
│                                                                              │
│ Env         connect4cnn    Evaluate      188ms  30%    Losses       0.064    │
│ Params           151.7K      Model       112ms  18%    policy      -0.016    │
│ Steps              3.0M      Env          66ms  10%    value        0.016    │
│ SPS               29.9K      Copy          9ms   1%    entropy      0.074    │
│ Epoch              1459    Train         427ms  69%    old_kl       0.000    │
│ Uptime     1m 41s 077ms      Model       427ms  69%    kl          -0.000    │
│ To go      5m 44s 787ms      Misc          0ms   0%    clipfrac     0.000    │
│                                                                              │
│ perf                          0.727   score                         0.454    │
│ episode_return                0.454   episode_length               10.558    │
│ invalids                      0.061                                          │
╰──────────────────────────────────────────────────────────────────────────────╯
╭──────────────────────────────────────────────────────────────────────────────╮
│ PufferLib 5.0            🐡    GPU:  87%   VRAM:   5.3/31G    RAM:  0.5G     │
│                                                                              │
│ Env         connect4cnn    Evaluate      191ms  30%    Losses       0.068    │
│ Params           151.7K      Model       112ms  18%    policy      -0.014    │
│ Steps              3.0M      Env          66ms  10%    value        0.016    │
│ SPS               29.7K      Copy         11ms   1%    entropy      0.070    │
│ Epoch              1468    Train         429ms  69%    old_kl       0.000    │
│ Uptime     1m 41s 697ms      Model       429ms  69%    kl          -0.000    │
│ To go      5m 46s 963ms      Misc          0ms   0%    clipfrac     0.000    │
│                                                                              │
│ perf                          0.753   score                         0.506    │
│ episode_return                0.506   episode_length               10.543    │
│ invalids                      0.061                                          │
╰──────────────────────────────────────────────────────────────────────────────╯
╭──────────────────────────────────────────────────────────────────────────────╮
│ PufferLib 5.0           🐡     GPU:  87%   VRAM:   5.3/31G    RAM:  0.5G     │
│                                                                              │
│ Env         connect4cnn    Evaluate      189ms  30%    Losses       0.054    │
│ Params           151.7K      Model       112ms  18%    policy      -0.017    │
│ Steps              3.0M      Env          66ms  10%    value        0.014    │
│ SPS               29.9K      Copy         10ms   1%    entropy      0.071    │
│ Epoch              1477    Train         427ms  69%    old_kl       0.000    │
│ Uptime     1m 42s 313ms      Model       427ms  69%    kl          -0.000    │
│ To go      5m 43s 875ms      Misc          0ms   0%    clipfrac     0.000    │
│                                                                              │
│ perf                          0.753   score                         0.507    │
│ episode_return                0.507   episode_length               10.613    │
│ invalids                      0.058                                          │
╰──────────────────────────────────────────────────────────────────────────────╯
╭──────────────────────────────────────────────────────────────────────────────╮
│ PufferLib 5.0          🐡      GPU:  92%   VRAM:   5.3/31G    RAM:  0.5G     │
│                                                                              │
│ Env         connect4cnn    Evaluate      188ms  30%    Losses       0.063    │
│ Params           151.7K      Model       112ms  18%    policy      -0.002    │
│ Steps              3.0M      Env          65ms  10%    value        0.013    │
│ SPS               29.9K      Copy          9ms   1%    entropy      0.061    │
│ Epoch              1486    Train         428ms  69%    old_kl       0.000    │
│ Uptime     1m 42s 930ms      Model       428ms  69%    kl          -0.000    │
│ To go      5m 43s 553ms      Misc          0ms   0%    clipfrac     0.000    │
│                                                                              │
│ perf                          0.786   score                         0.573    │
│ episode_return                0.573   episode_length               10.497    │
│ invalids                      0.052                                          │
╰──────────────────────────────────────────────────────────────────────────────╯
╭──────────────────────────────────────────────────────────────────────────────╮
│ PufferLib 5.0         🐡       GPU:  92%   VRAM:   5.3/31G    RAM:  0.5G     │
│                                                                              │
│ Env         connect4cnn    Evaluate      189ms  30%    Losses       0.052    │
│ Params           151.7K      Model       112ms  18%    policy      -0.006    │
│ Steps              3.1M      Env          66ms  10%    value        0.012    │
│ SPS               29.9K      Copy          9ms   1%    entropy      0.059    │
│ Epoch              1495    Train         427ms  69%    old_kl       0.000    │
│ Uptime     1m 43s 546ms      Model       427ms  69%    kl          -0.000    │
│ To go      5m 42s 837ms      Misc          0ms   0%    clipfrac     0.000    │
│                                                                              │
│ perf                          0.776   score                         0.552    │
│ episode_return                0.552   episode_length               10.501    │
│ invalids                      0.056                                          │
╰──────────────────────────────────────────────────────────────────────────────╯
╭──────────────────────────────────────────────────────────────────────────────╮
│ PufferLib 5.0        🐡        GPU:  85%   VRAM:   5.3/31G    RAM:  0.5G     │
│                                                                              │
│ Env         connect4cnn    Evaluate      189ms  30%    Losses       0.051    │
│ Params           151.7K      Model       112ms  18%    policy      -0.012    │
│ Steps              3.1M      Env          66ms  10%    value        0.013    │
│ SPS               29.9K      Copy          9ms   1%    entropy      0.059    │
│ Epoch              1504    Train         428ms  69%    old_kl      -0.000    │
│ Uptime     1m 44s 164ms      Model       428ms  69%    kl          -0.000    │
│ To go      5m 42s 712ms      Misc          0ms   0%    clipfrac     0.000    │
│                                                                              │
│ perf                          0.773   score                         0.547    │
│ episode_return                0.547   episode_length               10.515    │
│ invalids                      0.058                                          │
╰──────────────────────────────────────────────────────────────────────────────╯
╭──────────────────────────────────────────────────────────────────────────────╮
│ PufferLib 5.0       🐡         GPU:  93%   VRAM:   5.3/31G    RAM:  0.5G     │
│                                                                              │
│ Env         connect4cnn    Evaluate      190ms  30%    Losses       0.043    │
│ Params           151.7K      Model       112ms  18%    policy      -0.011    │
│ Steps              3.1M      Env          66ms  10%    value        0.011    │
│ SPS               29.8K      Copy         10ms   1%    entropy      0.051    │
│ Epoch              1513    Train         427ms  69%    old_kl       0.000    │
│ Uptime     1m 44s 782ms      Model       427ms  69%    kl          -0.000    │
│ To go      5m 42s 625ms      Misc          0ms   0%    clipfrac     0.000    │
│                                                                              │
│ perf                          0.797   score                         0.595    │
│ episode_return                0.595   episode_length               10.508    │
│ invalids                      0.041                                          │
╰──────────────────────────────────────────────────────────────────────────────╯
╭──────────────────────────────────────────────────────────────────────────────╮
│ PufferLib 5.0      🐡          GPU:  93%   VRAM:   5.3/31G    RAM:  0.5G     │
│                                                                              │
│ Env         connect4cnn    Evaluate      187ms  30%    Losses       0.048    │
│ Params           151.7K      Model       112ms  18%    policy      -0.013    │
│ Steps              3.1M      Env          66ms  10%    value        0.012    │
│ SPS               29.8K      Copy          9ms   1%    entropy      0.055    │
│ Epoch              1522    Train         430ms  69%    old_kl       0.000    │
│ Uptime     1m 45s 400ms      Model       430ms  69%    kl          -0.000    │
│ To go      5m 41s 973ms      Misc          0ms   0%    clipfrac     0.000    │
│                                                                              │
│ perf                          0.782   score                         0.563    │
│ episode_return                0.563   episode_length               10.590    │
│ invalids                      0.044                                          │
╰──────────────────────────────────────────────────────────────────────────────╯
╭──────────────────────────────────────────────────────────────────────────────╮
│ PufferLib 5.0     🐡           GPU:  90%   VRAM:   5.3/31G    RAM:  0.5G     │
│                                                                              │
│ Env         connect4cnn    Evaluate      189ms  30%    Losses       0.050    │
│ Params           151.7K      Model       112ms  18%    policy      -0.011    │
│ Steps              3.1M      Env          66ms  10%    value        0.012    │
│ SPS               29.8K      Copy          9ms   1%    entropy      0.054    │
│ Epoch              1531    Train         429ms  69%    old_kl       0.000    │
│ Uptime     1m 46s 018ms      Model       429ms  69%    kl          -0.000    │
│ To go      5m 41s 198ms      Misc          0ms   0%    clipfrac     0.000    │
│                                                                              │
│ perf                          0.773   score                         0.546    │
│ episode_return                0.546   episode_length               10.547    │
│ invalids                      0.051                                          │
╰──────────────────────────────────────────────────────────────────────────────╯
╭──────────────────────────────────────────────────────────────────────────────╮
│ PufferLib 5.0    🐡            GPU:  90%   VRAM:   5.3/31G    RAM:  0.5G     │
│                                                                              │
│ Env         connect4cnn    Evaluate      192ms  31%    Losses       0.047    │
│ Params           151.7K      Model       112ms  18%    policy      -0.009    │
│ Steps              3.2M      Env          66ms  10%    value        0.011    │
│ SPS               29.9K      Copy         12ms   1%    entropy      0.050    │
│ Epoch              1540    Train         424ms  68%    old_kl      -0.000    │
│ Uptime     1m 46s 634ms      Model       424ms  68%    kl          -0.000    │
│ To go      5m 39s 309ms      Misc          0ms   0%    clipfrac     0.000    │
│                                                                              │
│ perf                          0.788   score                         0.576    │
│ episode_return                0.576   episode_length               10.540    │
│ invalids                      0.045                                          │
╰──────────────────────────────────────────────────────────────────────────────╯
╭──────────────────────────────────────────────────────────────────────────────╮
│ PufferLib 5.0   🐡             GPU:  88%   VRAM:   5.3/31G    RAM:  0.5G     │
│                                                                              │
│ Env         connect4cnn    Evaluate      188ms  30%    Losses       0.037    │
│ Params           151.7K      Model       112ms  18%    policy      -0.014    │
│ Steps              3.2M      Env          66ms  10%    value        0.010    │
│ SPS               29.9K      Copy          9ms   1%    entropy      0.047    │
│ Epoch              1549    Train         427ms  69%    old_kl      -0.000    │
│ Uptime     1m 47s 250ms      Model       427ms  69%    kl          -0.000    │
│ To go      5m 38s 617ms      Misc          0ms   0%    clipfrac     0.000    │
│                                                                              │
│ perf                          0.789   score                         0.578    │
│ episode_return                0.578   episode_length               10.509    │
│ invalids                      0.043                                          │
╰──────────────────────────────────────────────────────────────────────────────╯
╭──────────────────────────────────────────────────────────────────────────────╮
│ PufferLib 5.0  🐡              GPU:  93%   VRAM:   5.3/31G    RAM:  0.5G     │
│                                                                              │
│ Env         connect4cnn    Evaluate      188ms  30%    Losses       0.045    │
│ Params           151.7K      Model       112ms  18%    policy      -0.004    │
│ Steps              3.2M      Env          65ms  10%    value        0.010    │
│ SPS               30.0K      Copy          9ms   1%    entropy      0.046    │
│ Epoch              1558    Train         427ms  69%    old_kl      -0.000    │
│ Uptime     1m 47s 865ms      Model       427ms  69%    kl          -0.000    │
│ To go      5m 37s 847ms      Misc          0ms   0%    clipfrac     0.000    │
│                                                                              │
│ perf                          0.782   score                         0.565    │
│ episode_return                0.565   episode_length               10.535    │
│ invalids                      0.044                                          │
╰──────────────────────────────────────────────────────────────────────────────╯
╭──────────────────────────────────────────────────────────────────────────────╮
│ PufferLib 5.0 🐡               GPU:  93%   VRAM:   5.3/31G    RAM:  0.5G     │
│                                                                              │
│ Env         connect4cnn    Evaluate      189ms  30%    Losses       0.047    │
│ Params           151.7K      Model       112ms  18%    policy      -0.012    │
│ Steps              3.2M      Env          67ms  10%    value        0.012    │
│ SPS               29.8K      Copy          9ms   1%    entropy      0.045    │
│ Epoch              1567    Train         429ms  69%    old_kl       0.000    │
│ Uptime     1m 48s 483ms      Model       429ms  69%    kl          -0.000    │
│ To go      5m 39s 022ms      Misc          0ms   0%    clipfrac     0.000    │
│                                                                              │
│ perf                          0.793   score                         0.586    │
│ episode_return                0.586   episode_length               10.571    │
│ invalids                      0.048                                          │
╰──────────────────────────────────────────────────────────────────────────────╯
╭──────────────────────────────────────────────────────────────────────────────╮
│ PufferLib 5.0🐡                GPU:  85%   VRAM:   5.3/31G    RAM:  0.5G     │
│                                                                              │
│ Env         connect4cnn    Evaluate      189ms  30%    Losses       0.053    │
│ Params           151.7K      Model       112ms  18%    policy       0.005    │
│ Steps              3.2M      Env          66ms  10%    value        0.010    │
│ SPS               29.9K      Copy          9ms   1%    entropy      0.046    │
│ Epoch              1576    Train         427ms  69%    old_kl      -0.000    │
│ Uptime     1m 49s 099ms      Model       427ms  69%    kl          -0.000    │
│ To go      5m 36s 902ms      Misc          0ms   0%    clipfrac     0.000    │
│                                                                              │
│ perf                          0.782   score                         0.564    │
│ episode_return                0.564   episode_length               10.664    │
│ invalids                      0.046                                          │
╰──────────────────────────────────────────────────────────────────────────────╯
╭──────────────────────────────────────────────────────────────────────────────╮
│ PufferLib 5.0               🐡 GPU:  93%   VRAM:   5.3/31G    RAM:  0.5G     │
│                                                                              │
│ Env         connect4cnn    Evaluate      190ms  30%    Losses       0.035    │
│ Params           151.7K      Model       112ms  18%    policy      -0.015    │
│ Steps              3.2M      Env          66ms  10%    value        0.010    │
│ SPS               29.8K      Copy         11ms   1%    entropy      0.047    │
│ Epoch              1585    Train         427ms  69%    old_kl      -0.000    │
│ Uptime     1m 49s 717ms      Model       427ms  69%    kl          -0.000    │
│ To go      5m 37s 344ms      Misc          0ms   0%    clipfrac     0.000    │
│                                                                              │
│ perf                          0.774   score                         0.549    │
│ episode_return                0.549   episode_length               10.617    │
│ invalids                      0.051                                          │
╰──────────────────────────────────────────────────────────────────────────────╯
╭──────────────────────────────────────────────────────────────────────────────╮
│ PufferLib 5.0              🐡  GPU:  93%   VRAM:   5.3/31G    RAM:  0.5G     │
│                                                                              │
│ Env         connect4cnn    Evaluate      188ms  30%    Losses       0.037    │
│ Params           151.7K      Model       112ms  18%    policy      -0.009    │
│ Steps              3.3M      Env          66ms  10%    value        0.009    │
│ SPS               30.0K      Copy          9ms   1%    entropy      0.039    │
│ Epoch              1594    Train         426ms  69%    old_kl      -0.000    │
│ Uptime     1m 50s 331ms      Model       425ms  69%    kl          -0.000    │
│ To go      5m 34s 896ms      Misc          0ms   0%    clipfrac     0.000    │
│                                                                              │
│ perf                          0.804   score                         0.608    │
│ episode_return                0.608   episode_length               10.486    │
│ invalids                      0.038                                          │
╰──────────────────────────────────────────────────────────────────────────────╯
╭──────────────────────────────────────────────────────────────────────────────╮
│ PufferLib 5.0             🐡   GPU:  88%   VRAM:   5.3/31G    RAM:  0.5G     │
│                                                                              │
│ Env         connect4cnn    Evaluate      190ms  30%    Losses       0.050    │
│ Params           151.7K      Model       112ms  18%    policy      -0.001    │
│ Steps              3.3M      Env          66ms  10%    value        0.010    │
│ SPS               30.0K      Copy         10ms   1%    entropy      0.047    │
│ Epoch              1603    Train         424ms  69%    old_kl       0.000    │
│ Uptime     1m 50s 945ms      Model       424ms  69%    kl          -0.000    │
│ To go      5m 33s 984ms      Misc          0ms   0%    clipfrac     0.000    │
│                                                                              │
│ perf                          0.766   score                         0.531    │
│ episode_return                0.531   episode_length               10.710    │
│ invalids                      0.059                                          │
╰──────────────────────────────────────────────────────────────────────────────╯
╭──────────────────────────────────────────────────────────────────────────────╮
│ PufferLib 5.0            🐡    GPU:  88%   VRAM:   5.3/31G    RAM:  0.5G     │
│                                                                              │
│ Env         connect4cnn    Evaluate      191ms  31%    Losses       0.038    │
│ Params           151.7K      Model       112ms  18%    policy      -0.005    │
│ Steps              3.3M      Env          66ms  10%    value        0.009    │
│ SPS               30.0K      Copy         11ms   1%    entropy      0.038    │
│ Epoch              1612    Train         422ms  68%    old_kl      -0.000    │
│ Uptime     1m 51s 559ms      Model       421ms  68%    kl          -0.000    │
│ To go      5m 33s 351ms      Misc          0ms   0%    clipfrac     0.000    │
│                                                                              │
│ perf                          0.801   score                         0.601    │
│ episode_return                0.601   episode_length               10.519    │
│ invalids                      0.042                                          │
╰──────────────────────────────────────────────────────────────────────────────╯
╭──────────────────────────────────────────────────────────────────────────────╮
│ PufferLib 5.0           🐡     GPU:  86%   VRAM:   5.3/31G    RAM:  0.5G     │
│                                                                              │
│ Env         connect4cnn    Evaluate      188ms  30%    Losses       0.055    │
│ Params           151.7K      Model       112ms  18%    policy       0.006    │
│ Steps              3.3M      Env          65ms  10%    value        0.010    │
│ SPS               30.0K      Copy          9ms   1%    entropy      0.042    │
│ Epoch              1621    Train         426ms  69%    old_kl      -0.000    │
│ Uptime     1m 52s 174ms      Model       426ms  69%    kl          -0.000    │
│ To go      5m 33s 353ms      Misc          0ms   0%    clipfrac     0.000    │
│                                                                              │
│ perf                          0.787   score                         0.574    │
│ episode_return                0.574   episode_length               10.544    │
│ invalids                      0.053                                          │
╰──────────────────────────────────────────────────────────────────────────────╯
╭──────────────────────────────────────────────────────────────────────────────╮
│ PufferLib 5.0          🐡      GPU:  93%   VRAM:   5.3/31G    RAM:  0.5G     │
│                                                                              │
│ Env         connect4cnn    Evaluate      188ms  30%    Losses       0.032    │
│ Params           151.7K      Model       112ms  18%    policy      -0.015    │
│ Steps              3.3M      Env          65ms  10%    value        0.009    │
│ SPS               29.9K      Copy          9ms   1%    entropy      0.039    │
│ Epoch              1630    Train         428ms  69%    old_kl       0.000    │
│ Uptime     1m 52s 790ms      Model       428ms  69%    kl          -0.000    │
│ To go      5m 33s 475ms      Misc          0ms   0%    clipfrac     0.000    │
│                                                                              │
│ perf                          0.793   score                         0.586    │
│ episode_return                0.586   episode_length               10.590    │
│ invalids                      0.037                                          │
╰──────────────────────────────────────────────────────────────────────────────╯
╭──────────────────────────────────────────────────────────────────────────────╮
│ PufferLib 5.0         🐡       GPU:  93%   VRAM:   5.3/31G    RAM:  0.5G     │
│                                                                              │
│ Env         connect4cnn    Evaluate      187ms  30%    Losses       0.040    │
│ Params           151.7K      Model       112ms  18%    policy      -0.004    │
│ Steps              3.4M      Env          65ms  10%    value        0.009    │
│ SPS               29.9K      Copy          9ms   1%    entropy      0.039    │
│ Epoch              1639    Train         428ms  69%    old_kl       0.000    │
│ Uptime     1m 53s 406ms      Model       428ms  69%    kl          -0.000    │
│ To go      5m 32s 785ms      Misc          0ms   0%    clipfrac     0.000    │
│                                                                              │
│ perf                          0.801   score                         0.602    │
│ episode_return                0.602   episode_length               10.570    │
│ invalids                      0.037                                          │
╰──────────────────────────────────────────────────────────────────────────────╯
╭──────────────────────────────────────────────────────────────────────────────╮
│ PufferLib 5.0        🐡        GPU:  88%   VRAM:   5.3/31G    RAM:  0.5G     │
│                                                                              │
│ Env         connect4cnn    Evaluate      188ms  30%    Losses       0.033    │
│ Params           151.7K      Model       112ms  18%    policy      -0.014    │
│ Steps              3.4M      Env          66ms  10%    value        0.009    │
│ SPS               29.9K      Copy          9ms   1%    entropy      0.042    │
│ Epoch              1648    Train         429ms  69%    old_kl      -0.000    │
│ Uptime     1m 54s 023ms      Model       428ms  69%    kl          -0.000    │
│ To go      5m 32s 758ms      Misc          0ms   0%    clipfrac     0.000    │
│                                                                              │
│ perf                          0.789   score                         0.577    │
│ episode_return                0.577   episode_length               10.650    │
│ invalids                      0.041                                          │
╰──────────────────────────────────────────────────────────────────────────────╯
╭──────────────────────────────────────────────────────────────────────────────╮
│ PufferLib 5.0       🐡         GPU:  88%   VRAM:   5.3/31G    RAM:  0.5G     │
│                                                                              │
│ Env         connect4cnn    Evaluate      191ms  30%    Losses       0.039    │
│ Params           151.7K      Model       112ms  18%    policy      -0.003    │
│ Steps              3.4M      Env          66ms  10%    value        0.009    │
│ SPS               29.8K      Copy         11ms   1%    entropy      0.037    │
│ Epoch              1657    Train         427ms  69%    old_kl       0.000    │
│ Uptime     1m 54s 642ms      Model       427ms  69%    kl          -0.000    │
│ To go      5m 32s 919ms      Misc          0ms   0%    clipfrac     0.000    │
│                                                                              │
│ perf                          0.801   score                         0.603    │
│ episode_return                0.603   episode_length               10.606    │
│ invalids                      0.046                                          │
╰──────────────────────────────────────────────────────────────────────────────╯
╭──────────────────────────────────────────────────────────────────────────────╮
│ PufferLib 5.0      🐡          GPU:  91%   VRAM:   5.3/31G    RAM:  0.5G     │
│                                                                              │
│ Env         connect4cnn    Evaluate      189ms  30%    Losses       0.037    │
│ Params           151.7K      Model       112ms  18%    policy      -0.009    │
│ Steps              3.4M      Env          66ms  10%    value        0.009    │
│ SPS               30.1K      Copy          9ms   1%    entropy      0.041    │
│ Epoch              1666    Train         424ms  69%    old_kl       0.000    │
│ Uptime     1m 55s 255ms      Model       424ms  69%    kl          -0.000    │
│ To go      5m 29s 329ms      Misc          0ms   0%    clipfrac     0.000    │
│                                                                              │
│ perf                          0.796   score                         0.592    │
│ episode_return                0.592   episode_length               10.539    │
│ invalids                      0.039                                          │
╰──────────────────────────────────────────────────────────────────────────────╯
╭──────────────────────────────────────────────────────────────────────────────╮
│ PufferLib 5.0     🐡           GPU:  92%   VRAM:   5.3/31G    RAM:  0.5G     │
│                                                                              │
│ Env         connect4cnn    Evaluate      188ms  30%    Losses       0.044    │
│ Params           151.7K      Model       112ms  18%    policy      -0.000    │
│ Steps              3.4M      Env          65ms  10%    value        0.009    │
│ SPS               30.1K      Copy          9ms   1%    entropy      0.040    │
│ Epoch              1675    Train         423ms  69%    old_kl       0.000    │
│ Uptime     1m 55s 867ms      Model       423ms  69%    kl          -0.000    │
│ To go      5m 27s 950ms      Misc          0ms   0%    clipfrac     0.000    │
│                                                                              │
│ perf                          0.789   score                         0.578    │
│ episode_return                0.578   episode_length               10.638    │
│ invalids                      0.038                                          │
╰──────────────────────────────────────────────────────────────────────────────╯
╭──────────────────────────────────────────────────────────────────────────────╮
│ PufferLib 5.0    🐡            GPU:  92%   VRAM:   5.3/31G    RAM:  0.5G     │
│                                                                              │
│ Env         connect4cnn    Evaluate      188ms  30%    Losses       0.037    │
│ Params           151.7K      Model       112ms  18%    policy      -0.008    │
│ Steps              3.4M      Env          65ms  10%    value        0.009    │
│ SPS               30.0K      Copy         10ms   1%    entropy      0.040    │
│ Epoch              1684    Train         425ms  69%    old_kl      -0.000    │
│ Uptime     1m 56s 481ms      Model       425ms  69%    kl          -0.000    │
│ To go      5m 28s 460ms      Misc          0ms   0%    clipfrac     0.000    │
│                                                                              │
│ perf                          0.786   score                         0.573    │
│ episode_return                0.573   episode_length               10.497    │
│ invalids                      0.031                                          │
╰──────────────────────────────────────────────────────────────────────────────╯
╭──────────────────────────────────────────────────────────────────────────────╮
│ PufferLib 5.0   🐡             GPU:  84%   VRAM:   5.3/31G    RAM:  0.5G     │
│                                                                              │
│ Env         connect4cnn    Evaluate      188ms  30%    Losses       0.037    │
│ Params           151.7K      Model       112ms  18%    policy      -0.005    │
│ Steps              3.5M      Env          66ms  10%    value        0.008    │
│ SPS               30.1K      Copy          9ms   1%    entropy      0.038    │
│ Epoch              1693    Train         425ms  69%    old_kl      -0.000    │
│ Uptime     1m 57s 094ms      Model       424ms  69%    kl          -0.000    │
│ To go      5m 27s 519ms      Misc          0ms   0%    clipfrac     0.000    │
│                                                                              │
│ perf                          0.798   score                         0.596    │
│ episode_return                0.596   episode_length               10.542    │
│ invalids                      0.045                                          │
╰──────────────────────────────────────────────────────────────────────────────╯
╭──────────────────────────────────────────────────────────────────────────────╮
│ PufferLib 5.0  🐡              GPU:  92%   VRAM:   5.3/31G    RAM:  0.5G     │
│                                                                              │
│ Env         connect4cnn    Evaluate      190ms  30%    Losses       0.033    │
│ Params           151.7K      Model       112ms  18%    policy      -0.008    │
│ Steps              3.5M      Env          66ms  10%    value        0.008    │
│ SPS               29.9K      Copy         11ms   1%    entropy      0.037    │
│ Epoch              1702    Train         425ms  69%    old_kl      -0.000    │
│ Uptime     1m 57s 710ms      Model       425ms  69%    kl          -0.000    │
│ To go      5m 28s 399ms      Misc          0ms   0%    clipfrac     0.000    │
│                                                                              │
│ perf                          0.795   score                         0.589    │
│ episode_return                0.589   episode_length               10.600    │
│ invalids                      0.034                                          │
╰──────────────────────────────────────────────────────────────────────────────╯
╭──────────────────────────────────────────────────────────────────────────────╮
│ PufferLib 5.0 🐡               GPU:  92%   VRAM:   5.3/31G    RAM:  0.5G     │
│                                                                              │
│ Env         connect4cnn    Evaluate      189ms  30%    Losses       0.042    │
│ Params           151.7K      Model       112ms  18%    policy       0.001    │
│ Steps              3.5M      Env          67ms  10%    value        0.008    │
│ SPS               30.0K      Copy          9ms   1%    entropy      0.036    │
│ Epoch              1711    Train         425ms  69%    old_kl       0.000    │
│ Uptime     1m 58s 325ms      Model       425ms  69%    kl          -0.000    │
│ To go      5m 27s 298ms      Misc          0ms   0%    clipfrac     0.000    │
│                                                                              │
│ perf                          0.792   score                         0.583    │
│ episode_return                0.583   episode_length               10.573    │
│ invalids                      0.044                                          │
╰──────────────────────────────────────────────────────────────────────────────╯
╭──────────────────────────────────────────────────────────────────────────────╮
│ PufferLib 5.0🐡                GPU:  93%   VRAM:   5.3/31G    RAM:  0.5G     │
│                                                                              │
│ Env         connect4cnn    Evaluate      189ms  30%    Losses       0.026    │
│ Params           151.7K      Model       112ms  18%    policy      -0.015    │
│ Steps              3.5M      Env          66ms  10%    value        0.008    │
│ SPS               30.0K      Copy         10ms   1%    entropy      0.036    │
│ Epoch              1720    Train         425ms  69%    old_kl      -0.000    │
│ Uptime     1m 58s 939ms      Model       425ms  69%    kl          -0.000    │
│ To go      5m 26s 236ms      Misc          0ms   0%    clipfrac     0.000    │
│                                                                              │
│ perf                          0.796   score                         0.591    │
│ episode_return                0.591   episode_length               10.550    │
│ invalids                      0.051                                          │
╰──────────────────────────────────────────────────────────────────────────────╯
╭──────────────────────────────────────────────────────────────────────────────╮
│ PufferLib 5.0               🐡 GPU:  93%   VRAM:   5.3/31G    RAM:  0.5G     │
│                                                                              │
│ Env         connect4cnn    Evaluate      188ms  30%    Losses       0.036    │
│ Params           151.7K      Model       112ms  18%    policy      -0.002    │
│ Steps              3.5M      Env          66ms  10%    value        0.008    │
│ SPS               30.0K      Copy          9ms   1%    entropy      0.037    │
│ Epoch              1729    Train         426ms  69%    old_kl      -0.000    │
│ Uptime     1m 59s 554ms      Model       426ms  69%    kl          -0.000    │
│ To go      5m 25s 926ms      Misc          0ms   0%    clipfrac     0.000    │
│                                                                              │
│ perf                          0.801   score                         0.603    │
│ episode_return                0.603   episode_length               10.578    │
│ invalids                      0.041                                          │
╰──────────────────────────────────────────────────────────────────────────────╯
╭──────────────────────────────────────────────────────────────────────────────╮
│ PufferLib 5.0              🐡  GPU:  85%   VRAM:   5.3/31G    RAM:  0.5G     │
│                                                                              │
│ Env         connect4cnn    Evaluate      189ms  30%    Losses       0.035    │
│ Params           151.7K      Model       112ms  18%    policy      -0.004    │
│ Steps              3.6M      Env          66ms  10%    value        0.008    │
│ SPS               30.1K      Copy          9ms   1%    entropy      0.037    │
│ Epoch              1738    Train         424ms  69%    old_kl      -0.000    │
│ Uptime     2m 00s 167ms      Model       424ms  69%    kl          -0.000    │
│ To go      5m 24s 218ms      Misc          0ms   0%    clipfrac     0.000    │
│                                                                              │
│ perf                          0.803   score                         0.606    │
│ episode_return                0.606   episode_length               10.575    │
│ invalids                      0.039                                          │
╰──────────────────────────────────────────────────────────────────────────────╯
╭──────────────────────────────────────────────────────────────────────────────╮
│ PufferLib 5.0             🐡   GPU:  92%   VRAM:   5.3/31G    RAM:  0.5G     │
│                                                                              │
│ Env         connect4cnn    Evaluate      190ms  30%    Losses       0.035    │
│ Params           151.7K      Model       112ms  18%    policy      -0.004    │
│ Steps              3.6M      Env          66ms  10%    value        0.008    │
│ SPS               30.0K      Copy         11ms   1%    entropy      0.037    │
│ Epoch              1747    Train         424ms  69%    old_kl      -0.000    │
│ Uptime     2m 00s 782ms      Model       424ms  68%    kl          -0.000    │
│ To go      5m 24s 634ms      Misc          0ms   0%    clipfrac     0.000    │
│                                                                              │
│ perf                          0.785   score                         0.569    │
│ episode_return                0.569   episode_length               10.617    │
│ invalids                      0.045                                          │
╰──────────────────────────────────────────────────────────────────────────────╯
╭──────────────────────────────────────────────────────────────────────────────╮
│ PufferLib 5.0            🐡    GPU:  92%   VRAM:   5.3/31G    RAM:  0.5G     │
│                                                                              │
│ Env         connect4cnn    Evaluate      188ms  30%    Losses       0.031    │
│ Params           151.7K      Model       112ms  18%    policy      -0.008    │
│ Steps              3.6M      Env          65ms  10%    value        0.008    │
│ SPS               30.1K      Copy          9ms   1%    entropy      0.032    │
│ Epoch              1756    Train         425ms  69%    old_kl       0.000    │
│ Uptime     2m 01s 395ms      Model       424ms  69%    kl          -0.000    │
│ To go      5m 23s 222ms      Misc          0ms   0%    clipfrac     0.000    │
│                                                                              │
│ perf                          0.819   score                         0.638    │
│ episode_return                0.638   episode_length               10.495    │
│ invalids                      0.040                                          │
╰──────────────────────────────────────────────────────────────────────────────╯
╭──────────────────────────────────────────────────────────────────────────────╮
│ PufferLib 5.0           🐡     GPU:  91%   VRAM:   5.3/31G    RAM:  0.5G     │
│                                                                              │
│ Env         connect4cnn    Evaluate      189ms  30%    Losses       0.033    │
│ Params           151.7K      Model       112ms  18%    policy      -0.008    │
│ Steps              3.6M      Env          66ms  10%    value        0.008    │
│ SPS               30.0K      Copy          9ms   1%    entropy      0.033    │
│ Epoch              1765    Train         425ms  69%    old_kl       0.000    │
│ Uptime     2m 02s 009ms      Model       425ms  69%    kl          -0.000    │
│ To go      5m 23s 074ms      Misc          0ms   0%    clipfrac     0.000    │
│                                                                              │
│ perf                          0.807   score                         0.613    │
│ episode_return                0.613   episode_length               10.550    │
│ invalids                      0.032                                          │
╰──────────────────────────────────────────────────────────────────────────────╯
╭──────────────────────────────────────────────────────────────────────────────╮
│ PufferLib 5.0          🐡      GPU:  91%   VRAM:   5.3/31G    RAM:  0.5G     │
│                                                                              │
│ Env         connect4cnn    Evaluate      188ms  30%    Losses       0.029    │
│ Params           151.7K      Model       112ms  18%    policy      -0.012    │
│ Steps              3.6M      Env          66ms  10%    value        0.008    │
│ SPS               29.8K      Copy          9ms   1%    entropy      0.031    │
│ Epoch              1774    Train         430ms  69%    old_kl       0.000    │
│ Uptime     2m 02s 627ms      Model       430ms  69%    kl          -0.000    │
│ To go      5m 24s 751ms      Misc          0ms   0%    clipfrac     0.000    │
│                                                                              │
│ perf                          0.802   score                         0.604    │
│ episode_return                0.604   episode_length               10.618    │
│ invalids                      0.031                                          │
╰──────────────────────────────────────────────────────────────────────────────╯
╭──────────────────────────────────────────────────────────────────────────────╮
│ PufferLib 5.0         🐡       GPU:  86%   VRAM:   5.3/31G    RAM:  0.5G     │
│                                                                              │
│ Env         connect4cnn    Evaluate      188ms  30%    Losses       0.037    │
│ Params           151.7K      Model       112ms  18%    policy      -0.004    │
│ Steps              3.7M      Env          66ms  10%    value        0.008    │
│ SPS               30.1K      Copy          9ms   1%    entropy      0.034    │
│ Epoch              1783    Train         424ms  69%    old_kl       0.000    │
│ Uptime     2m 03s 240ms      Model       424ms  69%    kl          -0.000    │
│ To go      5m 21s 124ms      Misc          0ms   0%    clipfrac     0.000    │
│                                                                              │
│ perf                          0.796   score                         0.591    │
│ episode_return                0.591   episode_length               10.590    │
│ invalids                      0.043                                          │
╰──────────────────────────────────────────────────────────────────────────────╯
╭──────────────────────────────────────────────────────────────────────────────╮
│ PufferLib 5.0        🐡        GPU:  93%   VRAM:   5.3/31G    RAM:  0.5G     │
│                                                                              │
│ Env         connect4cnn    Evaluate      190ms  30%    Losses       0.030    │
│ Params           151.7K      Model       112ms  18%    policy      -0.010    │
│ Steps              3.7M      Env          65ms  10%    value        0.008    │
│ SPS               30.0K      Copy         11ms   1%    entropy      0.033    │
│ Epoch              1792    Train         424ms  69%    old_kl       0.000    │
│ Uptime     2m 03s 854ms      Model       424ms  69%    kl          -0.000    │
│ To go      5m 21s 377ms      Misc          0ms   0%    clipfrac     0.000    │
│                                                                              │
│ perf                          0.798   score                         0.596    │
│ episode_return                0.596   episode_length               10.579    │
│ invalids                      0.038                                          │
╰──────────────────────────────────────────────────────────────────────────────╯
╭──────────────────────────────────────────────────────────────────────────────╮
│ PufferLib 5.0       🐡         GPU:  93%   VRAM:   5.3/31G    RAM:  0.5G     │
│                                                                              │
│ Env         connect4cnn    Evaluate      187ms  30%    Losses       0.041    │
│ Params           151.7K      Model       112ms  18%    policy      -0.000    │
│ Steps              3.7M      Env          65ms  10%    value        0.008    │
│ SPS               29.9K      Copy          9ms   1%    entropy      0.033    │
│ Epoch              1801    Train         429ms  69%    old_kl      -0.000    │
│ Uptime     2m 04s 471ms      Model       428ms  69%    kl          -0.000    │
│ To go      5m 21s 709ms      Misc          0ms   0%    clipfrac     0.000    │
│                                                                              │
│ perf                          0.804   score                         0.609    │
│ episode_return                0.609   episode_length               10.468    │
│ invalids                      0.043                                          │
╰──────────────────────────────────────────────────────────────────────────────╯
╭──────────────────────────────────────────────────────────────────────────────╮
│ PufferLib 5.0      🐡          GPU:  90%   VRAM:   5.3/31G    RAM:  0.5G     │
│                                                                              │
│ Env         connect4cnn    Evaluate      188ms  30%    Losses       0.034    │
│ Params           151.7K      Model       112ms  18%    policy      -0.007    │
│ Steps              3.7M      Env          65ms  10%    value        0.008    │
│ SPS               30.1K      Copy          9ms   1%    entropy      0.036    │
│ Epoch              1810    Train         423ms  69%    old_kl      -0.000    │
│ Uptime     2m 05s 083ms      Model       423ms  69%    kl          -0.000    │
│ To go      5m 19s 005ms      Misc          0ms   0%    clipfrac     0.000    │
│                                                                              │
│ perf                          0.797   score                         0.593    │
│ episode_return                0.593   episode_length               10.602    │
│ invalids                      0.033                                          │
╰──────────────────────────────────────────────────────────────────────────────╯
╭──────────────────────────────────────────────────────────────────────────────╮
│ PufferLib 5.0     🐡           GPU:  84%   VRAM:   5.3/31G    RAM:  0.5G     │
│                                                                              │
│ Env         connect4cnn    Evaluate      188ms  30%    Losses       0.034    │
│ Params           151.7K      Model       112ms  18%    policy      -0.001    │
│ Steps              3.7M      Env          65ms  10%    value        0.007    │
│ SPS               30.2K      Copy          9ms   1%    entropy      0.032    │
│ Epoch              1819    Train         423ms  69%    old_kl      -0.000    │
│ Uptime     2m 05s 694ms      Model       422ms  69%    kl          -0.000    │
│ To go      5m 17s 761ms      Misc          0ms   0%    clipfrac     0.000    │
│                                                                              │
│ perf                          0.808   score                         0.616    │
│ episode_return                0.616   episode_length               10.545    │
│ invalids                      0.034                                          │
╰──────────────────────────────────────────────────────────────────────────────╯
╭──────────────────────────────────────────────────────────────────────────────╮
│ PufferLib 5.0    🐡            GPU:  84%   VRAM:   5.3/31G    RAM:  0.5G     │
│                                                                              │
│ Env         connect4cnn    Evaluate      188ms  30%    Losses       0.027    │
│ Params           151.7K      Model       112ms  18%    policy      -0.012    │
│ Steps              3.7M      Env          66ms  10%    value        0.008    │
│ SPS               30.0K      Copy          9ms   1%    entropy      0.030    │
│ Epoch              1828    Train         426ms  69%    old_kl      -0.000    │
│ Uptime     2m 06s 308ms      Model       426ms  69%    kl          -0.000    │
│ To go      5m 18s 856ms      Misc          0ms   0%    clipfrac     0.000    │
│                                                                              │
│ perf                          0.801   score                         0.603    │
│ episode_return                0.603   episode_length               10.543    │
│ invalids                      0.031                                          │
╰──────────────────────────────────────────────────────────────────────────────╯
╭──────────────────────────────────────────────────────────────────────────────╮
│ PufferLib 5.0   🐡             GPU:  93%   VRAM:   5.3/31G    RAM:  0.5G     │
│                                                                              │
│ Env         connect4cnn    Evaluate      189ms  31%    Losses       0.035    │
│ Params           151.7K      Model       112ms  18%    policy       0.000    │
│ Steps              3.8M      Env          66ms  10%    value        0.007    │
│ SPS               30.2K      Copy         10ms   1%    entropy      0.028    │
│ Epoch              1837    Train         421ms  68%    old_kl       0.000    │
│ Uptime     2m 06s 919ms      Model       421ms  68%    kl          -0.000    │
│ To go      5m 16s 740ms      Misc          0ms   0%    clipfrac     0.000    │
│                                                                              │
│ perf                          0.804   score                         0.609    │
│ episode_return                0.609   episode_length               10.594    │
│ invalids                      0.034                                          │
╰──────────────────────────────────────────────────────────────────────────────╯
╭──────────────────────────────────────────────────────────────────────────────╮
│ PufferLib 5.0  🐡              GPU:  93%   VRAM:   5.3/31G    RAM:  0.5G     │
│                                                                              │
│ Env         connect4cnn    Evaluate      189ms  30%    Losses       0.032    │
│ Params           151.7K      Model       112ms  18%    policy      -0.001    │
│ Steps              3.8M      Env          66ms  10%    value        0.007    │
│ SPS               30.1K      Copy          9ms   1%    entropy      0.029    │
│ Epoch              1846    Train         423ms  69%    old_kl      -0.000    │
│ Uptime     2m 07s 532ms      Model       423ms  69%    kl          -0.000    │
│ To go      5m 17s 093ms      Misc          0ms   0%    clipfrac     0.000    │
│                                                                              │
│ perf                          0.804   score                         0.607    │
│ episode_return                0.607   episode_length               10.551    │
│ invalids                      0.032                                          │
╰──────────────────────────────────────────────────────────────────────────────╯
╭──────────────────────────────────────────────────────────────────────────────╮
│ PufferLib 5.0 🐡               GPU:  90%   VRAM:   5.3/31G    RAM:  0.5G     │
│                                                                              │
│ Env         connect4cnn    Evaluate      188ms  30%    Losses       0.040    │
│ Params           151.7K      Model       112ms  18%    policy       0.002    │
│ Steps              3.8M      Env          66ms  10%    value        0.008    │
│ SPS               30.0K      Copy          9ms   1%    entropy      0.031    │
│ Epoch              1855    Train         425ms  69%    old_kl       0.000    │
│ Uptime     2m 08s 146ms      Model       425ms  69%    kl          -0.000    │
│ To go      5m 16s 622ms      Misc          0ms   0%    clipfrac     0.000    │
│                                                                              │
│ perf                          0.800   score                         0.600    │
│ episode_return                0.600   episode_length               10.516    │
│ invalids                      0.040                                          │
╰──────────────────────────────────────────────────────────────────────────────╯
╭──────────────────────────────────────────────────────────────────────────────╮
│ PufferLib 5.0🐡                GPU:  85%   VRAM:   5.3/31G    RAM:  0.5G     │
│                                                                              │
│ Env         connect4cnn    Evaluate      188ms  30%    Losses       0.025    │
│ Params           151.7K      Model       112ms  18%    policy      -0.010    │
│ Steps              3.8M      Env          66ms  10%    value        0.007    │
│ SPS               30.0K      Copy          9ms   1%    entropy      0.028    │
│ Epoch              1864    Train         427ms  69%    old_kl      -0.000    │
│ Uptime     2m 08s 761ms      Model       427ms  69%    kl          -0.000    │
│ To go      5m 16s 934ms      Misc          0ms   0%    clipfrac     0.000    │
│                                                                              │
│ perf                          0.801   score                         0.601    │
│ episode_return                0.601   episode_length               10.622    │
│ invalids                      0.041                                          │
╰──────────────────────────────────────────────────────────────────────────────╯
╭──────────────────────────────────────────────────────────────────────────────╮
│ PufferLib 5.0               🐡 GPU:  85%   VRAM:   5.3/31G    RAM:  0.5G     │
│                                                                              │
│ Env         connect4cnn    Evaluate      189ms  30%    Losses       0.037    │
│ Params           151.7K      Model       112ms  18%    policy      -0.000    │
│ Steps              3.8M      Env          66ms  10%    value        0.007    │
│ SPS               29.9K      Copy         10ms   1%    entropy      0.027    │
│ Epoch              1873    Train         427ms  69%    old_kl       0.000    │
│ Uptime     2m 09s 378ms      Model       427ms  69%    kl          -0.000    │
│ To go      5m 17s 251ms      Misc          0ms   0%    clipfrac     0.000    │
│                                                                              │
│ perf                          0.811   score                         0.622    │
│ episode_return                0.622   episode_length               10.571    │
│ invalids                      0.035                                          │
╰──────────────────────────────────────────────────────────────────────────────╯
╭──────────────────────────────────────────────────────────────────────────────╮
│ PufferLib 5.0              🐡  GPU:  93%   VRAM:   5.3/31G    RAM:  0.5G     │
│                                                                              │
│ Env         connect4cnn    Evaluate      189ms  30%    Losses       0.026    │
│ Params           151.7K      Model       112ms  18%    policy      -0.010    │
│ Steps              3.9M      Env          66ms  10%    value        0.007    │
│ SPS               30.1K      Copy         10ms   1%    entropy      0.030    │
│ Epoch              1882    Train         422ms  69%    old_kl      -0.000    │
│ Uptime     2m 09s 990ms      Model       422ms  69%    kl          -0.000    │
│ To go      5m 13s 858ms      Misc          0ms   0%    clipfrac     0.000    │
│                                                                              │
│ perf                          0.791   score                         0.582    │
│ episode_return                0.582   episode_length               10.630    │
│ invalids                      0.033                                          │
╰──────────────────────────────────────────────────────────────────────────────╯
╭──────────────────────────────────────────────────────────────────────────────╮
│ PufferLib 5.0             🐡   GPU:  93%   VRAM:   5.3/31G    RAM:  0.5G     │
│                                                                              │
│ Env         connect4cnn    Evaluate      190ms  31%    Losses       0.043    │
│ Params           151.7K      Model       112ms  18%    policy       0.002    │
│ Steps              3.9M      Env          66ms  10%    value        0.008    │
│ SPS               30.1K      Copy         10ms   1%    entropy      0.034    │
│ Epoch              1891    Train         422ms  68%    old_kl       0.000    │
│ Uptime     2m 10s 603ms      Model       422ms  68%    kl          -0.000    │
│ To go      5m 13s 933ms      Misc          0ms   0%    clipfrac     0.000    │
│                                                                              │
│ perf                          0.808   score                         0.616    │
│ episode_return                0.616   episode_length               10.600    │
│ invalids                      0.029                                          │
╰──────────────────────────────────────────────────────────────────────────────╯
╭──────────────────────────────────────────────────────────────────────────────╮
│ PufferLib 5.0            🐡    GPU:  88%   VRAM:   5.3/31G    RAM:  0.5G     │
│                                                                              │
│ Env         connect4cnn    Evaluate      188ms  30%    Losses       0.026    │
│ Params           151.7K      Model       112ms  18%    policy      -0.008    │
│ Steps              3.9M      Env          66ms  10%    value        0.007    │
│ SPS               30.1K      Copy          9ms   1%    entropy      0.029    │
│ Epoch              1900    Train         424ms  69%    old_kl       0.000    │
│ Uptime     2m 11s 216ms      Model       424ms  69%    kl          -0.000    │
│ To go      5m 13s 481ms      Misc          0ms   0%    clipfrac     0.000    │
│                                                                              │
│ perf                          0.823   score                         0.646    │
│ episode_return                0.646   episode_length               10.566    │
│ invalids                      0.024                                          │
╰──────────────────────────────────────────────────────────────────────────────╯
╭──────────────────────────────────────────────────────────────────────────────╮
│ PufferLib 5.0           🐡     GPU:  84%   VRAM:   5.3/31G    RAM:  0.5G     │
│                                                                              │
│ Env         connect4cnn    Evaluate      190ms  31%    Losses       0.034    │
│ Params           151.7K      Model       112ms  18%    policy      -0.003    │
│ Steps              3.9M      Env          67ms  10%    value        0.007    │
│ SPS               30.0K      Copy          9ms   1%    entropy      0.028    │
│ Epoch              1909    Train         423ms  68%    old_kl       0.000    │
│ Uptime     2m 11s 830ms      Model       423ms  68%    kl          -0.000    │
│ To go      5m 12s 939ms      Misc          0ms   0%    clipfrac     0.000    │
│                                                                              │
│ perf                          0.823   score                         0.646    │
│ episode_return                0.646   episode_length               10.492    │
│ invalids                      0.031                                          │
╰──────────────────────────────────────────────────────────────────────────────╯
╭──────────────────────────────────────────────────────────────────────────────╮
│ PufferLib 5.0          🐡      GPU:  84%   VRAM:   5.3/31G    RAM:  0.5G     │
│                                                                              │
│ Env         connect4cnn    Evaluate      188ms  30%    Losses       0.032    │
│ Params           151.7K      Model       112ms  18%    policy      -0.007    │
│ Steps              3.9M      Env          66ms  10%    value        0.008    │
│ SPS               30.0K      Copy          9ms   1%    entropy      0.032    │
│ Epoch              1918    Train         425ms  69%    old_kl      -0.000    │
│ Uptime     2m 12s 444ms      Model       425ms  69%    kl          -0.000    │
│ To go      5m 12s 563ms      Misc          0ms   0%    clipfrac     0.000    │
│                                                                              │
│ perf                          0.789   score                         0.578    │
│ episode_return                0.578   episode_length               10.627    │
│ invalids                      0.033                                          │
╰──────────────────────────────────────────────────────────────────────────────╯
╭──────────────────────────────────────────────────────────────────────────────╮
│ PufferLib 5.0         🐡       GPU:  92%   VRAM:   5.3/31G    RAM:  0.5G     │
│                                                                              │
│ Env         connect4cnn    Evaluate      189ms  30%    Losses       0.032    │
│ Params           151.7K      Model       112ms  18%    policy      -0.004    │
│ Steps              3.9M      Env          66ms  10%    value        0.007    │
│ SPS               29.9K      Copy          9ms   1%    entropy      0.031    │
│ Epoch              1927    Train         426ms  69%    old_kl      -0.000    │
│ Uptime     2m 13s 059ms      Model       426ms  69%    kl          -0.000    │
│ To go      5m 12s 774ms      Misc          0ms   0%    clipfrac     0.000    │
│                                                                              │
│ perf                          0.813   score                         0.626    │
│ episode_return                0.626   episode_length               10.606    │
│ invalids                      0.026                                          │
╰──────────────────────────────────────────────────────────────────────────────╯
╭──────────────────────────────────────────────────────────────────────────────╮
│ PufferLib 5.0        🐡        GPU:  87%   VRAM:   5.3/31G    RAM:  0.5G     │
│                                                                              │
│ Env         connect4cnn    Evaluate      188ms  30%    Losses       0.023    │
│ Params           151.7K      Model       112ms  18%    policy      -0.011    │
│ Steps              4.0M      Env          65ms  10%    value        0.007    │
│ SPS               30.0K      Copy          8ms   1%    entropy      0.026    │
│ Epoch              1936    Train         426ms  69%    old_kl       0.000    │
│ Uptime     2m 13s 674ms      Model       426ms  69%    kl          -0.000    │
│ To go      5m 11s 650ms      Misc          0ms   0%    clipfrac     0.000    │
│                                                                              │
│ perf                          0.811   score                         0.622    │
│ episode_return                0.622   episode_length               10.518    │
│ invalids                      0.026                                          │
╰──────────────────────────────────────────────────────────────────────────────╯
╭──────────────────────────────────────────────────────────────────────────────╮
│ PufferLib 5.0       🐡         GPU:  87%   VRAM:   5.3/31G    RAM:  0.5G     │
│                                                                              │
│ Env         connect4cnn    Evaluate      189ms  30%    Losses       0.033    │
│ Params           151.7K      Model       112ms  17%    policy      -0.004    │
│ Steps              4.0M      Env          66ms  10%    value        0.007    │
│ SPS               29.6K      Copy         10ms   1%    entropy      0.029    │
│ Epoch              1945    Train         433ms  69%    old_kl      -0.000    │
│ Uptime     2m 14s 297ms      Model       433ms  69%    kl          -0.000    │
│ To go      5m 15s 229ms      Misc          0ms   0%    clipfrac     0.000    │
│                                                                              │
│ perf                          0.795   score                         0.589    │
│ episode_return                0.589   episode_length               10.552    │
│ invalids                      0.031                                          │
╰──────────────────────────────────────────────────────────────────────────────╯
╭──────────────────────────────────────────────────────────────────────────────╮
│ PufferLib 5.0      🐡          GPU:  88%   VRAM:   5.3/31G    RAM:  0.5G     │
│                                                                              │
│ Env         connect4cnn    Evaluate      188ms  30%    Losses       0.038    │
│ Params           151.7K      Model       112ms  18%    policy       0.003    │
│ Steps              4.0M      Env          66ms  10%    value        0.007    │
│ SPS               30.0K      Copy          9ms   1%    entropy      0.028    │
│ Epoch              1954    Train         427ms  69%    old_kl       0.000    │
│ Uptime     2m 14s 912ms      Model       427ms  69%    kl          -0.000    │
│ To go      5m 10s 713ms      Misc          0ms   0%    clipfrac     0.000    │
│                                                                              │
│ perf                          0.807   score                         0.614    │
│ episode_return                0.614   episode_length               10.635    │
│ invalids                      0.021                                          │
╰──────────────────────────────────────────────────────────────────────────────╯
╭──────────────────────────────────────────────────────────────────────────────╮
│ PufferLib 5.0     🐡           GPU:  88%   VRAM:   5.3/31G    RAM:  0.5G     │
│                                                                              │
│ Env         connect4cnn    Evaluate      191ms  31%    Losses       0.027    │
│ Params           151.7K      Model       112ms  18%    policy      -0.006    │
│ Steps              4.0M      Env          65ms  10%    value        0.007    │
│ SPS               30.0K      Copy         12ms   1%    entropy      0.030    │
│ Epoch              1963    Train         422ms  68%    old_kl       0.000    │
│ Uptime     2m 15s 525ms      Model       422ms  68%    kl          -0.000    │
│ To go      5m 09s 264ms      Misc          0ms   0%    clipfrac     0.000    │
│                                                                              │
│ perf                          0.812   score                         0.623    │
│ episode_return                0.623   episode_length               10.603    │
│ invalids                      0.029                                          │
╰──────────────────────────────────────────────────────────────────────────────╯
╭──────────────────────────────────────────────────────────────────────────────╮
│ PufferLib 5.0    🐡            GPU:  92%   VRAM:   5.3/31G    RAM:  0.5G     │
│                                                                              │
│ Env         connect4cnn    Evaluate      189ms  30%    Losses       0.036    │
│ Params           151.7K      Model       112ms  18%    policy       0.003    │
│ Steps              4.0M      Env          66ms  10%    value        0.007    │
│ SPS               30.0K      Copy          9ms   1%    entropy      0.026    │
│ Epoch              1972    Train         425ms  69%    old_kl       0.000    │
│ Uptime     2m 16s 139ms      Model       424ms  69%    kl          -0.000    │
│ To go      5m 08s 686ms      Misc          0ms   0%    clipfrac     0.000    │
│                                                                              │
│ perf                          0.812   score                         0.625    │
│ episode_return                0.625   episode_length               10.546    │
│ invalids                      0.025                                          │
╰──────────────────────────────────────────────────────────────────────────────╯
╭──────────────────────────────────────────────────────────────────────────────╮
│ PufferLib 5.0   🐡             GPU:  86%   VRAM:   5.3/31G    RAM:  0.5G     │
│                                                                              │
│ Env         connect4cnn    Evaluate      189ms  30%    Losses       0.036    │
│ Params           151.7K      Model       112ms  18%    policy       0.001    │
│ Steps              4.1M      Env          65ms  10%    value        0.007    │
│ SPS               30.0K      Copy          9ms   1%    entropy      0.029    │
│ Epoch              1981    Train         424ms  69%    old_kl       0.000    │
│ Uptime     2m 16s 752ms      Model       424ms  69%    kl          -0.000    │
│ To go      5m 07s 998ms      Misc          0ms   0%    clipfrac     0.000    │
│                                                                              │
│ perf                          0.810   score                         0.620    │
│ episode_return                0.620   episode_length               10.587    │
│ invalids                      0.029                                          │
╰──────────────────────────────────────────────────────────────────────────────╯
╭──────────────────────────────────────────────────────────────────────────────╮
│ PufferLib 5.0  🐡              GPU:  86%   VRAM:   5.3/31G    RAM:  0.5G     │
│                                                                              │
│ Env         connect4cnn    Evaluate      189ms  30%    Losses       0.036    │
│ Params           151.7K      Model       112ms  18%    policy       0.002    │
│ Steps              4.1M      Env          66ms  10%    value        0.007    │
│ SPS               29.8K      Copy          9ms   1%    entropy      0.026    │
│ Epoch              1990    Train         429ms  69%    old_kl       0.000    │
│ Uptime     2m 17s 370ms      Model       429ms  69%    kl          -0.000    │
│ To go      5m 09s 612ms      Misc          0ms   0%    clipfrac     0.000    │
│                                                                              │
│ perf                          0.804   score                         0.609    │
│ episode_return                0.609   episode_length               10.625    │
│ invalids                      0.027                                          │
╰──────────────────────────────────────────────────────────────────────────────╯
╭──────────────────────────────────────────────────────────────────────────────╮
│ PufferLib 5.0 🐡               GPU:  91%   VRAM:   5.3/31G    RAM:  0.5G     │
│                                                                              │
│ Env         connect4cnn    Evaluate      188ms  30%    Losses       0.031    │
│ Params           151.7K      Model       112ms  18%    policy      -0.002    │
│ Steps              4.1M      Env          66ms  10%    value        0.007    │
│ SPS               30.0K      Copy          9ms   1%    entropy      0.025    │
│ Epoch              1999    Train         427ms  69%    old_kl       0.000    │
│ Uptime     2m 17s 985ms      Model       426ms  69%    kl          -0.000    │
│ To go      5m 07s 704ms      Misc          0ms   0%    clipfrac     0.000    │
│                                                                              │
│ perf                          0.817   score                         0.634    │
│ episode_return                0.634   episode_length               10.599    │
│ invalids                      0.024                                          │
╰──────────────────────────────────────────────────────────────────────────────╯
╭──────────────────────────────────────────────────────────────────────────────╮
│ PufferLib 5.0🐡                GPU:  91%   VRAM:   5.3/31G    RAM:  0.5G     │
│                                                                              │
│ Env         connect4cnn    Evaluate      189ms  30%    Losses       0.037    │
│ Params           151.7K      Model       112ms  18%    policy       0.002    │
│ Steps              4.1M      Env          65ms  10%    value        0.007    │
│ SPS               30.0K      Copy         10ms   1%    entropy      0.026    │
│ Epoch              2008    Train         425ms  69%    old_kl       0.000    │
│ Uptime     2m 18s 600ms      Model       425ms  69%    kl          -0.000    │
│ To go      5m 06s 639ms      Misc          0ms   0%    clipfrac     0.000    │
│                                                                              │
│ perf                          0.787   score                         0.574    │
│ episode_return                0.574   episode_length               10.654    │
│ invalids                      0.032                                          │
╰──────────────────────────────────────────────────────────────────────────────╯
╭──────────────────────────────────────────────────────────────────────────────╮
│ PufferLib 5.0               🐡 GPU:  90%   VRAM:   5.3/31G    RAM:  0.5G     │
│                                                                              │
│ Env         connect4cnn    Evaluate      189ms  30%    Losses       0.027    │
│ Params           151.7K      Model       112ms  18%    policy      -0.008    │
│ Steps              4.1M      Env          66ms  10%    value        0.007    │
│ SPS               30.0K      Copy          9ms   1%    entropy      0.024    │
│ Epoch              2017    Train         425ms  69%    old_kl       0.000    │
│ Uptime     2m 19s 214ms      Model       425ms  69%    kl          -0.000    │
│ To go      5m 05s 868ms      Misc          0ms   0%    clipfrac     0.000    │
│                                                                              │
│ perf                          0.812   score                         0.624    │
│ episode_return                0.624   episode_length               10.595    │
│ invalids                      0.026                                          │
╰──────────────────────────────────────────────────────────────────────────────╯
╭──────────────────────────────────────────────────────────────────────────────╮
│ PufferLib 5.0              🐡  GPU:  85%   VRAM:   5.3/31G    RAM:  0.5G     │
│                                                                              │
│ Env         connect4cnn    Evaluate      189ms  30%    Losses       0.037    │
│ Params           151.7K      Model       112ms  18%    policy       0.005    │
│ Steps              4.1M      Env          66ms  10%    value        0.006    │
│ SPS               30.1K      Copy          9ms   1%    entropy      0.024    │
│ Epoch              2026    Train         423ms  69%    old_kl       0.000    │
│ Uptime     2m 19s 826ms      Model       423ms  69%    kl          -0.000    │
│ To go      5m 04s 423ms      Misc          0ms   0%    clipfrac     0.000    │
│                                                                              │
│ perf                          0.815   score                         0.629    │
│ episode_return                0.629   episode_length               10.617    │
│ invalids                      0.022                                          │
╰──────────────────────────────────────────────────────────────────────────────╯
╭──────────────────────────────────────────────────────────────────────────────╮
│ PufferLib 5.0             🐡   GPU:  85%   VRAM:   5.3/31G    RAM:  0.5G     │
│                                                                              │
│ Env         connect4cnn    Evaluate      189ms  30%    Losses       0.029    │
│ Params           151.7K      Model       112ms  18%    policy      -0.005    │
│ Steps              4.2M      Env          66ms  10%    value        0.007    │
│ SPS               29.9K      Copy         10ms   1%    entropy      0.024    │
│ Epoch              2035    Train         427ms  69%    old_kl       0.000    │
│ Uptime     2m 20s 443ms      Model       427ms  69%    kl          -0.000    │
│ To go      5m 06s 038ms      Misc          0ms   0%    clipfrac     0.000    │
│                                                                              │
│ perf                          0.800   score                         0.599    │
│ episode_return                0.599   episode_length               10.640    │
│ invalids                      0.036                                          │
╰──────────────────────────────────────────────────────────────────────────────╯
╭──────────────────────────────────────────────────────────────────────────────╮
│ PufferLib 5.0            🐡    GPU:  92%   VRAM:   5.3/31G    RAM:  0.5G     │
│                                                                              │
│ Env         connect4cnn    Evaluate      190ms  30%    Losses       0.037    │
│ Params           151.7K      Model       112ms  18%    policy       0.004    │
│ Steps              4.2M      Env          66ms  10%    value        0.007    │
│ SPS               30.0K      Copy          9ms   1%    entropy      0.026    │
│ Epoch              2044    Train         424ms  69%    old_kl       0.000    │
│ Uptime     2m 21s 057ms      Model       424ms  69%    kl          -0.000    │
│ To go      5m 04s 199ms      Misc          0ms   0%    clipfrac     0.000    │
│                                                                              │
│ perf                          0.800   score                         0.600    │
│ episode_return                0.600   episode_length               10.640    │
│ invalids                      0.035                                          │
╰──────────────────────────────────────────────────────────────────────────────╯
╭──────────────────────────────────────────────────────────────────────────────╮
│ PufferLib 5.0           🐡     GPU:  88%   VRAM:   5.3/31G    RAM:  0.5G     │
│                                                                              │
│ Env         connect4cnn    Evaluate      189ms  30%    Losses       0.039    │
│ Params           151.7K      Model       112ms  18%    policy       0.002    │
│ Steps              4.2M      Env          66ms  10%    value        0.007    │
│ SPS               30.0K      Copy         10ms   1%    entropy      0.029    │
│ Epoch              2053    Train         425ms  69%    old_kl      -0.000    │
│ Uptime     2m 21s 672ms      Model       425ms  69%    kl          -0.000    │
│ To go      5m 03s 678ms      Misc          0ms   0%    clipfrac     0.000    │
│                                                                              │
│ perf                          0.806   score                         0.613    │
│ episode_return                0.613   episode_length               10.607    │
│ invalids                      0.030                                          │
╰──────────────────────────────────────────────────────────────────────────────╯
╭──────────────────────────────────────────────────────────────────────────────╮
│ PufferLib 5.0          🐡      GPU:  88%   VRAM:   5.3/31G    RAM:  0.5G     │
│                                                                              │
│ Env         connect4cnn    Evaluate      188ms  30%    Losses       0.022    │
│ Params           151.7K      Model       112ms  18%    policy      -0.009    │
│ Steps              4.2M      Env          65ms  10%    value        0.006    │
│ SPS               29.9K      Copy          9ms   1%    entropy      0.026    │
│ Epoch              2062    Train         429ms  69%    old_kl      -0.000    │
│ Uptime     2m 22s 289ms      Model       429ms  69%    kl          -0.000    │
│ To go      5m 04s 393ms      Misc          0ms   0%    clipfrac     0.000    │
│                                                                              │
│ perf                          0.819   score                         0.639    │
│ episode_return                0.639   episode_length               10.591    │
│ invalids                      0.031                                          │
╰──────────────────────────────────────────────────────────────────────────────╯
╭──────────────────────────────────────────────────────────────────────────────╮
│ PufferLib 5.0         🐡       GPU:  84%   VRAM:   5.3/31G    RAM:  0.5G     │
│                                                                              │
│ Env         connect4cnn    Evaluate      197ms  31%    Losses       0.031    │
│ Params           151.7K      Model       112ms  17%    policy       0.002    │
│ Steps              4.2M      Env          69ms  10%    value        0.006    │
│ SPS               29.1K      Copy         13ms   2%    entropy      0.026    │
│ Epoch              2071    Train         436ms  68%    old_kl      -0.000    │
│ Uptime     2m 22s 923ms      Model       436ms  68%    kl          -0.000    │
│ To go      5m 11s 610ms      Misc          0ms   0%    clipfrac     0.000    │
│                                                                              │
│ perf                          0.822   score                         0.643    │
│ episode_return                0.643   episode_length               10.588    │
│ invalids                      0.028                                          │
╰──────────────────────────────────────────────────────────────────────────────╯
╭──────────────────────────────────────────────────────────────────────────────╮
│ PufferLib 5.0        🐡        GPU:  84%   VRAM:   5.3/31G    RAM:  0.5G     │
│                                                                              │
│ Env         connect4cnn    Evaluate      191ms  31%    Losses       0.029    │
│ Params           151.7K      Model       112ms  18%    policy      -0.004    │
│ Steps              4.3M      Env          66ms  10%    value        0.007    │
│ SPS               30.0K      Copy         12ms   1%    entropy      0.028    │
│ Epoch              2080    Train         423ms  68%    old_kl      -0.000    │
│ Uptime     2m 23s 537ms      Model       423ms  68%    kl          -0.000    │
│ To go      5m 01s 690ms      Misc          0ms   0%    clipfrac     0.000    │
│                                                                              │
│ perf                          0.824   score                         0.648    │
│ episode_return                0.648   episode_length               10.547    │
│ invalids                      0.030                                          │
╰──────────────────────────────────────────────────────────────────────────────╯
╭──────────────────────────────────────────────────────────────────────────────╮
│ PufferLib 5.0       🐡         GPU:  88%   VRAM:   5.3/31G    RAM:  0.5G     │
│                                                                              │
│ Env         connect4cnn    Evaluate      189ms  30%    Losses       0.036    │
│ Params           151.7K      Model       112ms  18%    policy       0.003    │
│ Steps              4.3M      Env          66ms  10%    value        0.006    │
│ SPS               30.1K      Copy         10ms   1%    entropy      0.025    │
│ Epoch              2089    Train         422ms  69%    old_kl       0.000    │
│ Uptime     2m 24s 149ms      Model       422ms  69%    kl          -0.000    │
│ To go      4m 59s 997ms      Misc          0ms   0%    clipfrac     0.000    │
│                                                                              │
│ perf                          0.810   score                         0.620    │
│ episode_return                0.620   episode_length               10.624    │
│ invalids                      0.025                                          │
╰──────────────────────────────────────────────────────────────────────────────╯
╭──────────────────────────────────────────────────────────────────────────────╮
│ PufferLib 5.0      🐡          GPU:  85%   VRAM:   5.3/31G    RAM:  0.5G     │
│                                                                              │
│ Env         connect4cnn    Evaluate      189ms  30%    Losses       0.028    │
│ Params           151.7K      Model       112ms  18%    policy      -0.005    │
│ Steps              4.3M      Env          66ms  10%    value        0.007    │
│ SPS               30.0K      Copy         10ms   1%    entropy      0.024    │
│ Epoch              2098    Train         425ms  69%    old_kl       0.000    │
│ Uptime     2m 24s 763ms      Model       424ms  69%    kl          -0.000    │
│ To go      5m 00s 497ms      Misc          0ms   0%    clipfrac     0.000    │
│                                                                              │
│ perf                          0.822   score                         0.643    │
│ episode_return                0.643   episode_length               10.574    │
│ invalids                      0.037                                          │
╰──────────────────────────────────────────────────────────────────────────────╯
╭──────────────────────────────────────────────────────────────────────────────╮
│ PufferLib 5.0     🐡           GPU:  85%   VRAM:   5.3/31G    RAM:  0.5G     │
│                                                                              │
│ Env         connect4cnn    Evaluate      189ms  30%    Losses       0.032    │
│ Params           151.7K      Model       112ms  18%    policy      -0.001    │
│ Steps              4.3M      Env          66ms  10%    value        0.007    │
│ SPS               29.9K      Copy          9ms   1%    entropy      0.025    │
│ Epoch              2107    Train         427ms  69%    old_kl      -0.000    │
│ Uptime     2m 25s 380ms      Model       427ms  69%    kl          -0.000    │
│ To go      5m 00s 991ms      Misc          0ms   0%    clipfrac     0.000    │
│                                                                              │
│ perf                          0.812   score                         0.624    │
│ episode_return                0.624   episode_length               10.596    │
│ invalids                      0.023                                          │
╰──────────────────────────────────────────────────────────────────────────────╯
╭──────────────────────────────────────────────────────────────────────────────╮
│ PufferLib 5.0    🐡            GPU:  92%   VRAM:   5.3/31G    RAM:  0.5G     │
│                                                                              │
│ Env         connect4cnn    Evaluate      188ms  30%    Losses       0.025    │
│ Params           151.7K      Model       112ms  18%    policy      -0.005    │
│ Steps              4.3M      Env          66ms  10%    value        0.006    │
│ SPS               29.8K      Copy          9ms   1%    entropy      0.025    │
│ Epoch              2116    Train         429ms  69%    old_kl       0.000    │
│ Uptime     2m 25s 998ms      Model       429ms  69%    kl          -0.000    │
│ To go      5m 01s 122ms      Misc          0ms   0%    clipfrac     0.000    │
│                                                                              │
│ perf                          0.813   score                         0.625    │
│ episode_return                0.625   episode_length               10.587    │
│ invalids                      0.030                                          │
╰──────────────────────────────────────────────────────────────────────────────╯
╭──────────────────────────────────────────────────────────────────────────────╮
│ PufferLib 5.0   🐡             GPU:  92%   VRAM:   5.3/31G    RAM:  0.5G     │
│                                                                              │
│ Env         connect4cnn    Evaluate      187ms  30%    Losses       0.031    │
│ Params           151.7K      Model       112ms  18%    policy      -0.002    │
│ Steps              4.4M      Env          65ms  10%    value        0.007    │
│ SPS               30.0K      Copy          8ms   1%    entropy      0.021    │
│ Epoch              2125    Train         426ms  69%    old_kl      -0.000    │
│ Uptime     2m 26s 612ms      Model       426ms  69%    kl          -0.000    │
│ To go      4m 58s 322ms      Misc          0ms   0%    clipfrac     0.000    │
│                                                                              │
│ perf                          0.820   score                         0.640    │
│ episode_return                0.640   episode_length               10.579    │
│ invalids                      0.032                                          │
╰──────────────────────────────────────────────────────────────────────────────╯
╭──────────────────────────────────────────────────────────────────────────────╮
│ PufferLib 5.0  🐡              GPU:  86%   VRAM:   5.3/31G    RAM:  0.5G     │
│                                                                              │
│ Env         connect4cnn    Evaluate      189ms  30%    Losses       0.031    │
│ Params           151.7K      Model       112ms  18%    policy      -0.002    │
│ Steps              4.4M      Env          66ms  10%    value        0.006    │
│ SPS               30.0K      Copy         10ms   1%    entropy      0.024    │
│ Epoch              2134    Train         424ms  69%    old_kl      -0.000    │
│ Uptime     2m 27s 225ms      Model       424ms  69%    kl          -0.000    │
│ To go      4m 57s 653ms      Misc          0ms   0%    clipfrac     0.000    │
│                                                                              │
│ perf                          0.823   score                         0.645    │
│ episode_return                0.645   episode_length               10.515    │
│ invalids                      0.032                                          │
╰──────────────────────────────────────────────────────────────────────────────╯
╭──────────────────────────────────────────────────────────────────────────────╮
│ PufferLib 5.0 🐡               GPU:  88%   VRAM:   5.2/31G    RAM:  0.5G     │
│                                                                              │
│ Env         connect4cnn    Evaluate      187ms  30%    Losses       0.029    │
│ Params           151.7K      Model       112ms  18%    policy      -0.002    │
│ Steps              4.4M      Env          65ms  10%    value        0.006    │
│ SPS               30.1K      Copy          9ms   1%    entropy      0.025    │
│ Epoch              2143    Train         424ms  69%    old_kl       0.000    │
│ Uptime     2m 27s 838ms      Model       424ms  69%    kl          -0.000    │
│ To go      4m 56s 428ms      Misc          0ms   0%    clipfrac     0.000    │
│                                                                              │
│ perf                          0.810   score                         0.620    │
│ episode_return                0.620   episode_length               10.634    │
│ invalids                      0.029                                          │
╰──────────────────────────────────────────────────────────────────────────────╯
╭──────────────────────────────────────────────────────────────────────────────╮
│ PufferLib 5.0🐡                GPU:  88%   VRAM:   5.2/31G    RAM:  0.5G     │
│                                                                              │
│ Env         connect4cnn    Evaluate      189ms  30%    Losses       0.028    │
│ Params           151.7K      Model       112ms  18%    policy      -0.001    │
│ Steps              4.4M      Env          66ms  10%    value        0.006    │
│ SPS               30.1K      Copy          9ms   1%    entropy      0.023    │
│ Epoch              2152    Train         423ms  69%    old_kl      -0.000    │
│ Uptime     2m 28s 450ms      Model       423ms  69%    kl          -0.000    │
│ To go      4m 55s 554ms      Misc          0ms   0%    clipfrac     0.000    │
│                                                                              │
│ perf                          0.832   score                         0.665    │
│ episode_return                0.665   episode_length               10.599    │
│ invalids                      0.028                                          │
╰──────────────────────────────────────────────────────────────────────────────╯
╭──────────────────────────────────────────────────────────────────────────────╮
│ PufferLib 5.0               🐡 GPU:  92%   VRAM:   5.2/31G    RAM:  0.5G     │
│                                                                              │
│ Env         connect4cnn    Evaluate      190ms  30%    Losses       0.026    │
│ Params           151.7K      Model       112ms  18%    policy      -0.008    │
│ Steps              4.4M      Env          65ms  10%    value        0.007    │
│ SPS               30.0K      Copy         10ms   1%    entropy      0.028    │
│ Epoch              2161    Train         424ms  69%    old_kl      -0.000    │
│ Uptime     2m 29s 063ms      Model       423ms  69%    kl          -0.000    │
│ To go      4m 55s 792ms      Misc          0ms   0%    clipfrac     0.000    │
│                                                                              │
│ perf                          0.791   score                         0.582    │
│ episode_return                0.582   episode_length               10.781    │
│ invalids                      0.042                                          │
╰──────────────────────────────────────────────────────────────────────────────╯
╭──────────────────────────────────────────────────────────────────────────────╮
│ PufferLib 5.0              🐡  GPU:  89%   VRAM:   5.2/31G    RAM:  0.5G     │
│                                                                              │
│ Env         connect4cnn    Evaluate      188ms  30%    Losses       0.035    │
│ Params           151.7K      Model       112ms  18%    policy       0.004    │
│ Steps              4.4M      Env          65ms  10%    value        0.006    │
│ SPS               30.0K      Copy          9ms   1%    entropy      0.025    │
│ Epoch              2170    Train         425ms  69%    old_kl       0.000    │
│ Uptime     2m 29s 677ms      Model       425ms  69%    kl          -0.000    │
│ To go      4m 55s 252ms      Misc          0ms   0%    clipfrac     0.000    │
│                                                                              │
│ perf                          0.813   score                         0.626    │
│ episode_return                0.626   episode_length               10.636    │
│ invalids                      0.036                                          │
╰──────────────────────────────────────────────────────────────────────────────╯
╭──────────────────────────────────────────────────────────────────────────────╮
│ PufferLib 5.0             🐡   GPU:  89%   VRAM:   5.2/31G    RAM:  0.5G     │
│                                                                              │
│ Env         connect4cnn    Evaluate      187ms  30%    Losses       0.024    │
│ Params           151.7K      Model       112ms  18%    policy      -0.006    │
│ Steps              4.5M      Env          65ms  10%    value        0.006    │
│ SPS               30.1K      Copy          9ms   1%    entropy      0.027    │
│ Epoch              2179    Train         425ms  69%    old_kl       0.000    │
│ Uptime     2m 30s 290ms      Model       425ms  69%    kl          -0.000    │
│ To go      4m 54s 328ms      Misc          0ms   0%    clipfrac     0.000    │
│                                                                              │
│ perf                          0.824   score                         0.649    │
│ episode_return                0.649   episode_length               10.540    │
│ invalids                      0.033                                          │
╰──────────────────────────────────────────────────────────────────────────────╯
╭──────────────────────────────────────────────────────────────────────────────╮
│ PufferLib 5.0            🐡    GPU:  88%   VRAM:   5.2/31G    RAM:  0.5G     │
│                                                                              │
│ Env         connect4cnn    Evaluate      188ms  30%    Losses       0.031    │
│ Params           151.7K      Model       112ms  18%    policy       0.000    │
│ Steps              4.5M      Env          66ms  10%    value        0.006    │
│ SPS               29.9K      Copy          9ms   1%    entropy      0.028    │
│ Epoch              2188    Train         428ms  69%    old_kl       0.000    │
│ Uptime     2m 30s 907ms      Model       428ms  69%    kl          -0.000    │
│ To go      4m 55s 502ms      Misc          0ms   0%    clipfrac     0.000    │
│                                                                              │
│ perf                          0.824   score                         0.649    │
│ episode_return                0.649   episode_length               10.535    │
│ invalids                      0.036                                          │
╰──────────────────────────────────────────────────────────────────────────────╯
╭──────────────────────────────────────────────────────────────────────────────╮
│ PufferLib 5.0           🐡     GPU:  88%   VRAM:   5.2/31G    RAM:  0.5G     │
│                                                                              │
│ Env         connect4cnn    Evaluate      189ms  30%    Losses       0.023    │
│ Params           151.7K      Model       112ms  18%    policy      -0.008    │
│ Steps              4.5M      Env          66ms  10%    value        0.006    │
│ SPS               30.0K      Copy          9ms   1%    entropy      0.024    │
│ Epoch              2197    Train         425ms  69%    old_kl      -0.000    │
│ Uptime     2m 31s 521ms      Model       425ms  69%    kl          -0.000    │
│ To go      4m 53s 689ms      Misc          0ms   0%    clipfrac     0.000    │
│                                                                              │
│ perf                          0.819   score                         0.638    │
│ episode_return                0.638   episode_length               10.645    │
│ invalids                      0.039                                          │
╰──────────────────────────────────────────────────────────────────────────────╯
╭──────────────────────────────────────────────────────────────────────────────╮
│ PufferLib 5.0          🐡      GPU:  92%   VRAM:   5.2/31G    RAM:  0.5G     │
│                                                                              │
│ Env         connect4cnn    Evaluate      190ms  30%    Losses       0.032    │
│ Params           151.7K      Model       112ms  18%    policy       0.002    │
│ Steps              4.5M      Env          66ms  10%    value        0.006    │
│ SPS               29.8K      Copy         10ms   1%    entropy      0.023    │
│ Epoch              2206    Train         427ms  69%    old_kl       0.000    │
│ Uptime     2m 32s 138ms      Model       427ms  69%    kl          -0.000    │
│ To go      4m 54s 696ms      Misc          0ms   0%    clipfrac     0.000    │
│                                                                              │
│ perf                          0.820   score                         0.640    │
│ episode_return                0.640   episode_length               10.586    │
│ invalids                      0.035                                          │
╰──────────────────────────────────────────────────────────────────────────────╯
╭──────────────────────────────────────────────────────────────────────────────╮
│ PufferLib 5.0         🐡       GPU:  86%   VRAM:   5.2/31G    RAM:  0.5G     │
│                                                                              │
│ Env         connect4cnn    Evaluate      188ms  30%    Losses       0.027    │
│ Params           151.7K      Model       112ms  18%    policy      -0.004    │
│ Steps              4.5M      Env          66ms  10%    value        0.006    │
│ SPS               30.0K      Copy          9ms   1%    entropy      0.022    │
│ Epoch              2215    Train         426ms  69%    old_kl       0.000    │
│ Uptime     2m 32s 753ms      Model       426ms  69%    kl          -0.000    │
│ To go      4m 52s 401ms      Misc          0ms   0%    clipfrac     0.000    │
│                                                                              │
│ perf                          0.830   score                         0.660    │
│ episode_return                0.660   episode_length               10.531    │
│ invalids                      0.030                                          │
╰──────────────────────────────────────────────────────────────────────────────╯
╭──────────────────────────────────────────────────────────────────────────────╮
│ PufferLib 5.0        🐡        GPU:  86%   VRAM:   5.2/31G    RAM:  0.5G     │
│                                                                              │
│ Env         connect4cnn    Evaluate      188ms  30%    Losses       0.028    │
│ Params           151.7K      Model       112ms  18%    policy      -0.001    │
│ Steps              4.6M      Env          65ms  10%    value        0.006    │
│ SPS               30.1K      Copy          9ms   1%    entropy      0.023    │
│ Epoch              2224    Train         425ms  69%    old_kl       0.000    │
│ Uptime     2m 33s 366ms      Model       425ms  69%    kl          -0.000    │
│ To go      4m 51s 330ms      Misc          0ms   0%    clipfrac     0.000    │
│                                                                              │
│ perf                          0.821   score                         0.642    │
│ episode_return                0.642   episode_length               10.586    │
│ invalids                      0.032                                          │
╰──────────────────────────────────────────────────────────────────────────────╯
╭──────────────────────────────────────────────────────────────────────────────╮
│ PufferLib 5.0       🐡         GPU:  90%   VRAM:   5.2/31G    RAM:  0.5G     │
│                                                                              │
│ Env         connect4cnn    Evaluate      190ms  30%    Losses       0.029    │
│ Params           151.7K      Model       112ms  18%    policy      -0.002    │
│ Steps              4.6M      Env          66ms  10%    value        0.006    │
│ SPS               29.9K      Copy         10ms   1%    entropy      0.022    │
│ Epoch              2233    Train         424ms  69%    old_kl       0.000    │
│ Uptime     2m 33s 982ms      Model       424ms  69%    kl          -0.000    │
│ To go      4m 51s 994ms      Misc          0ms   0%    clipfrac     0.000    │
│                                                                              │
│ perf                          0.801   score                         0.602    │
│ episode_return                0.602   episode_length               10.667    │
│ invalids                      0.035                                          │
╰──────────────────────────────────────────────────────────────────────────────╯
╭──────────────────────────────────────────────────────────────────────────────╮
│ PufferLib 5.0      🐡          GPU:  90%   VRAM:   5.3/31G    RAM:  0.5G     │
│                                                                              │
│ Env         connect4cnn    Evaluate      189ms  30%    Losses       0.030    │
│ Params           151.7K      Model       112ms  17%    policy      -0.001    │
│ Steps              4.6M      Env          66ms  10%    value        0.006    │
│ SPS               29.5K      Copy         10ms   1%    entropy      0.021    │
│ Epoch              2242    Train         435ms  69%    old_kl      -0.000    │
│ Uptime     2m 34s 607ms      Model       435ms  69%    kl          -0.000    │
│ To go      4m 55s 717ms      Misc          0ms   0%    clipfrac     0.000    │
│                                                                              │
│ perf                          0.815   score                         0.630    │
│ episode_return                0.630   episode_length               10.570    │
│ invalids                      0.032                                          │
╰──────────────────────────────────────────────────────────────────────────────╯
╭──────────────────────────────────────────────────────────────────────────────╮
│ PufferLib 5.0     🐡           GPU:  90%   VRAM:   5.3/31G    RAM:  0.5G     │
│                                                                              │
│ Env         connect4cnn    Evaluate      190ms  30%    Losses       0.025    │
│ Params           151.7K      Model       112ms  17%    policy      -0.007    │
│ Steps              4.6M      Env          66ms  10%    value        0.006    │
│ SPS               29.4K      Copy         10ms   1%    entropy      0.023    │
│ Epoch              2251    Train         437ms  69%    old_kl      -0.000    │
│ Uptime     2m 35s 233ms      Model       436ms  69%    kl          -0.000    │
│ To go      4m 55s 818ms      Misc          0ms   0%    clipfrac     0.000    │
│                                                                              │
│ perf                          0.790   score                         0.579    │
│ episode_return                0.579   episode_length               10.807    │
│ invalids                      0.035                                          │
╰──────────────────────────────────────────────────────────────────────────────╯
╭──────────────────────────────────────────────────────────────────────────────╮
│ PufferLib 5.0    🐡            GPU:  91%   VRAM:   5.3/31G    RAM:  0.5G     │
│                                                                              │
│ Env         connect4cnn    Evaluate      194ms  30%    Losses       0.034    │
│ Params           151.7K      Model       112ms  17%    policy       0.001    │
│ Steps              4.6M      Env          66ms  10%    value        0.007    │
│ SPS               28.8K      Copy         15ms   2%    entropy      0.023    │
│ Epoch              2260    Train         446ms  69%    old_kl      -0.000    │
│ Uptime     2m 35s 874ms      Model       446ms  69%    kl          -0.000    │
│ To go      5m 01s 727ms      Misc          0ms   0%    clipfrac     0.000    │
│                                                                              │
│ perf                          0.810   score                         0.620    │
│ episode_return                0.620   episode_length               10.733    │
│ invalids                      0.037                                          │
╰──────────────────────────────────────────────────────────────────────────────╯
╭──────────────────────────────────────────────────────────────────────────────╮
│ PufferLib 5.0   🐡             GPU:  91%   VRAM:   5.3/31G    RAM:  0.5G     │
│                                                                              │
│ Env         connect4cnn    Evaluate      203ms  29%    Losses       0.024    │
│ Params           151.7K      Model       112ms  16%    policy      -0.005    │
│ Steps              4.6M      Env          66ms   9%    value        0.006    │
│ SPS               27.2K      Copy         20ms   3%    entropy      0.020    │
│ Epoch              2269    Train         474ms  70%    old_kl       0.000    │
│ Uptime     2m 36s 551ms      Model       474ms  70%    kl          -0.000    │
│ To go      5m 18s 514ms      Misc          0ms   0%    clipfrac     0.000    │
│                                                                              │
│ perf                          0.829   score                         0.658    │
│ episode_return                0.658   episode_length               10.588    │
│ invalids                      0.036                                          │
╰──────────────────────────────────────────────────────────────────────────────╯
╭──────────────────────────────────────────────────────────────────────────────╮
│ PufferLib 5.0  🐡              GPU:  85%   VRAM:   5.3/31G    RAM:  0.5G     │
│                                                                              │
│ Env         connect4cnn    Evaluate      178ms  29%    Losses       0.026    │
│ Params           151.7K      Model        99ms  16%    policy      -0.002    │
│ Steps              4.7M      Env          59ms   9%    value        0.006    │
│ SPS               27.2K      Copy         18ms   3%    entropy      0.020    │
│ Epoch              2277    Train         424ms  70%    old_kl      -0.000    │
│ Uptime     2m 37s 154ms      Model       423ms  70%    kl          -0.000    │
│ To go      5m 17s 881ms      Misc          0ms   0%    clipfrac     0.000    │
│                                                                              │
│ perf                          0.827   score                         0.655    │
│ episode_return                0.655   episode_length               10.630    │
│ invalids                      0.040                                          │
╰──────────────────────────────────────────────────────────────────────────────╯
╭──────────────────────────────────────────────────────────────────────────────╮
│ PufferLib 5.0 🐡               GPU:  92%   VRAM:   5.3/31G    RAM:  0.5G     │
│                                                                              │
│ Env         connect4cnn    Evaluate      181ms  30%    Losses       0.026    │
│ Params           151.7K      Model        99ms  16%    policy      -0.002    │
│ Steps              4.7M      Env          59ms   9%    value        0.006    │
│ SPS               27.3K      Copy         19ms   3%    entropy      0.018    │
│ Epoch              2285    Train         419ms  69%    old_kl      -0.000    │
│ Uptime     2m 37s 754ms      Model       419ms  69%    kl          -0.000    │
│ To go      5m 16s 369ms      Misc          0ms   0%    clipfrac     0.000    │
│                                                                              │
│ perf                          0.822   score                         0.644    │
│ episode_return                0.644   episode_length               10.661    │
│ invalids                      0.035                                          │
╰──────────────────────────────────────────────────────────────────────────────╯
╭──────────────────────────────────────────────────────────────────────────────╮
│ PufferLib 5.0🐡                GPU:  92%   VRAM:   5.3/31G    RAM:  0.5G     │
│                                                                              │
│ Env         connect4cnn    Evaluate      182ms  30%    Losses       0.025    │
│ Params           151.7K      Model        99ms  16%    policy      -0.003    │
│ Steps              4.7M      Env          60ms   9%    value        0.006    │
│ SPS               27.0K      Copy         20ms   3%    entropy      0.021    │
│ Epoch              2293    Train         423ms  69%    old_kl       0.000    │
│ Uptime     2m 38s 361ms      Model       423ms  69%    kl          -0.000    │
│ To go      5m 19s 109ms      Misc          0ms   0%    clipfrac     0.000    │
│                                                                              │
│ perf                          0.812   score                         0.623    │
│ episode_return                0.623   episode_length               10.616    │
│ invalids                      0.036                                          │
╰──────────────────────────────────────────────────────────────────────────────╯
╭──────────────────────────────────────────────────────────────────────────────╮
│ PufferLib 5.0               🐡 GPU:  94%   VRAM:   5.3/31G    RAM:  0.5G     │
│                                                                              │
│ Env         connect4cnn    Evaluate      184ms  30%    Losses       0.030    │
│ Params           151.7K      Model        99ms  16%    policy      -0.000    │
│ Steps              4.7M      Env          58ms   9%    value        0.006    │
│ SPS               26.9K      Copy         24ms   4%    entropy      0.023    │
│ Epoch              2301    Train         424ms  69%    old_kl      -0.000    │
│ Uptime     2m 38s 969ms      Model       423ms  69%    kl          -0.000    │
│ To go      5m 19s 101ms      Misc          0ms   0%    clipfrac     0.000    │
│                                                                              │
│ perf                          0.801   score                         0.602    │
│ episode_return                0.602   episode_length               10.735    │
│ invalids                      0.038                                          │
╰──────────────────────────────────────────────────────────────────────────────╯
╭──────────────────────────────────────────────────────────────────────────────╮
│ PufferLib 5.0              🐡  GPU:  94%   VRAM:   5.3/31G    RAM:  0.5G     │
│                                                                              │
│ Env         connect4cnn    Evaluate      179ms  29%    Losses       0.031    │
│ Params           151.7K      Model        99ms  16%    policy      -0.002    │
│ Steps              4.7M      Env          60ms   9%    value        0.007    │
│ SPS               26.6K      Copy         18ms   2%    entropy      0.024    │
│ Epoch              2309    Train         436ms  70%    old_kl       0.000    │
│ Uptime     2m 39s 584ms      Model       436ms  70%    kl          -0.000    │
│ To go      5m 22s 288ms      Misc          0ms   0%    clipfrac     0.000    │
│                                                                              │
│ perf                          0.787   score                         0.573    │
│ episode_return                0.573   episode_length               10.645    │
│ invalids                      0.037                                          │
╰──────────────────────────────────────────────────────────────────────────────╯
╭──────────────────────────────────────────────────────────────────────────────╮
│ PufferLib 5.0             🐡   GPU:  93%   VRAM:   5.3/31G    RAM:  0.5G     │
│                                                                              │
│ Env         connect4cnn    Evaluate      179ms  29%    Losses       0.032    │
│ Params           151.7K      Model        99ms  16%    policy       0.000    │
│ Steps              4.7M      Env          59ms   9%    value        0.006    │
│ SPS               27.1K      Copy         18ms   2%    entropy      0.022    │
│ Epoch              2317    Train         425ms  70%    old_kl       0.000    │
│ Uptime     2m 40s 188ms      Model       424ms  70%    kl          -0.000    │
│ To go      5m 16s 050ms      Misc          0ms   0%    clipfrac     0.000    │
│                                                                              │
│ perf                          0.804   score                         0.609    │
│ episode_return                0.609   episode_length               10.668    │
│ invalids                      0.033                                          │
╰──────────────────────────────────────────────────────────────────────────────╯
╭──────────────────────────────────────────────────────────────────────────────╮
│ PufferLib 5.0            🐡    GPU:  91%   VRAM:   5.3/31G    RAM:  0.5G     │
│                                                                              │
│ Env         connect4cnn    Evaluate      179ms  29%    Losses       0.029    │
│ Params           151.7K      Model        99ms  16%    policy       0.001    │
│ Steps              4.8M      Env          60ms   9%    value        0.006    │
│ SPS               27.1K      Copy         17ms   2%    entropy      0.019    │
│ Epoch              2325    Train         425ms  70%    old_kl      -0.000    │
│ Uptime     2m 40s 793ms      Model       425ms  70%    kl          -0.000    │
│ To go      5m 15s 532ms      Misc          0ms   0%    clipfrac     0.000    │
│                                                                              │
│ perf                          0.816   score                         0.631    │
│ episode_return                0.631   episode_length               10.662    │
│ invalids                      0.034                                          │
╰──────────────────────────────────────────────────────────────────────────────╯
╭──────────────────────────────────────────────────────────────────────────────╮
│ PufferLib 5.0           🐡     GPU:  91%   VRAM:   5.3/31G    RAM:  0.5G     │
│                                                                              │
│ Env         connect4cnn    Evaluate      179ms  29%    Losses       0.027    │
│ Params           151.7K      Model        99ms  16%    policy      -0.002    │
│ Steps              4.8M      Env          59ms   9%    value        0.006    │
│ SPS               26.9K      Copy         18ms   3%    entropy      0.020    │
│ Epoch              2333    Train         429ms  70%    old_kl       0.000    │
│ Uptime     2m 41s 402ms      Model       429ms  70%    kl          -0.000    │
│ To go      5m 16s 954ms      Misc          0ms   0%    clipfrac     0.000    │
│                                                                              │
│ perf                          0.814   score                         0.628    │
│ episode_return                0.628   episode_length               10.662    │
│ invalids                      0.033                                          │
╰──────────────────────────────────────────────────────────────────────────────╯
╭──────────────────────────────────────────────────────────────────────────────╮
│ PufferLib 5.0          🐡      GPU:  87%   VRAM:   5.3/31G    RAM:  0.5G     │
│                                                                              │
│ Env         connect4cnn    Evaluate      179ms  29%    Losses       0.030    │
│ Params           151.7K      Model        99ms  16%    policy       0.003    │
│ Steps              4.8M      Env          59ms   9%    value        0.005    │
│ SPS               27.0K      Copy         19ms   3%    entropy      0.023    │
│ Epoch              2341    Train         427ms  70%    old_kl      -0.000    │
│ Uptime     2m 42s 009ms      Model       427ms  70%    kl          -0.000    │
│ To go      5m 15s 975ms      Misc          0ms   0%    clipfrac     0.000    │
│                                                                              │
│ perf                          0.810   score                         0.620    │
│ episode_return                0.620   episode_length               10.640    │
│ invalids                      0.040                                          │
╰──────────────────────────────────────────────────────────────────────────────╯
╭──────────────────────────────────────────────────────────────────────────────╮
│ PufferLib 5.0         🐡       GPU:  87%   VRAM:   5.3/31G    RAM:  0.5G     │
│                                                                              │
│ Env         connect4cnn    Evaluate      179ms  29%    Losses       0.031    │
│ Params           151.7K      Model        99ms  16%    policy       0.001    │
│ Steps              4.8M      Env          59ms   9%    value        0.006    │
│ SPS               27.2K      Copy         19ms   3%    entropy      0.022    │
│ Epoch              2349    Train         423ms  70%    old_kl      -0.000    │
│ Uptime     2m 42s 612ms      Model       423ms  70%    kl          -0.000    │
│ To go      5m 12s 487ms      Misc          0ms   0%    clipfrac     0.000    │
│                                                                              │
│ perf                          0.816   score                         0.631    │
│ episode_return                0.631   episode_length               10.661    │
│ invalids                      0.044                                          │
╰──────────────────────────────────────────────────────────────────────────────╯
╭──────────────────────────────────────────────────────────────────────────────╮
│ PufferLib 5.0        🐡        GPU:  90%   VRAM:   5.3/31G    RAM:  0.5G     │
│                                                                              │
│ Env         connect4cnn    Evaluate      179ms  29%    Losses       0.030    │
│ Params           151.7K      Model        99ms  16%    policy      -0.001    │
│ Steps              4.8M      Env          58ms   9%    value        0.006    │
│ SPS               27.0K      Copy         19ms   3%    entropy      0.020    │
│ Epoch              2357    Train         427ms  70%    old_kl      -0.000    │
│ Uptime     2m 43s 219ms      Model       427ms  70%    kl          -0.000    │
│ To go      5m 14s 628ms      Misc          0ms   0%    clipfrac     0.000    │
│                                                                              │
│ perf                          0.799   score                         0.598    │
│ episode_return                0.598   episode_length               10.667    │
│ invalids                      0.044                                          │
╰──────────────────────────────────────────────────────────────────────────────╯
╭──────────────────────────────────────────────────────────────────────────────╮
│ PufferLib 5.0       🐡         GPU:  93%   VRAM:   5.3/31G    RAM:  0.5G     │
│                                                                              │
│ Env         connect4cnn    Evaluate      181ms  29%    Losses       0.027    │
│ Params           151.7K      Model        99ms  16%    policy      -0.003    │
│ Steps              4.8M      Env          59ms   9%    value        0.006    │
│ SPS               27.1K      Copy         22ms   3%    entropy      0.018    │
│ Epoch              2365    Train         423ms  70%    old_kl       0.000    │
│ Uptime     2m 43s 824ms      Model       422ms  69%    kl          -0.000    │
│ To go      5m 12s 552ms      Misc          0ms   0%    clipfrac     0.000    │
│                                                                              │
│ perf                          0.817   score                         0.634    │
│ episode_return                0.634   episode_length               10.535    │
│ invalids                      0.030                                          │
╰──────────────────────────────────────────────────────────────────────────────╯
╭──────────────────────────────────────────────────────────────────────────────╮
│ PufferLib 5.0      🐡          GPU:  93%   VRAM:   5.3/31G    RAM:  0.5G     │
│                                                                              │
│ Env         connect4cnn    Evaluate      178ms  29%    Losses       0.023    │
│ Params           151.7K      Model        99ms  16%    policy      -0.007    │
│ Steps              4.9M      Env          59ms   9%    value        0.006    │
│ SPS               27.1K      Copy         16ms   2%    entropy      0.021    │
│ Epoch              2373    Train         426ms  70%    old_kl       0.000    │
│ Uptime     2m 44s 428ms      Model       425ms  70%    kl          -0.000    │
│ To go      5m 11s 530ms      Misc          0ms   0%    clipfrac     0.000    │
│                                                                              │
│ perf                          0.815   score                         0.629    │
│ episode_return                0.629   episode_length               10.604    │
│ invalids                      0.039                                          │
╰──────────────────────────────────────────────────────────────────────────────╯
╭──────────────────────────────────────────────────────────────────────────────╮
│ PufferLib 5.0     🐡           GPU:  93%   VRAM:   5.3/31G    RAM:  0.5G     │
│                                                                              │
│ Env         connect4cnn    Evaluate      181ms  29%    Losses       0.026    │
│ Params           151.7K      Model        99ms  16%    policy      -0.002    │
│ Steps              4.9M      Env          59ms   9%    value        0.006    │
│ SPS               26.9K      Copy         20ms   3%    entropy      0.019    │
│ Epoch              2381    Train         427ms  70%    old_kl      -0.000    │
│ Uptime     2m 45s 036ms      Model       427ms  70%    kl          -0.000    │
│ To go      5m 13s 266ms      Misc          0ms   0%    clipfrac     0.000    │
│                                                                              │
│ perf                          0.810   score                         0.621    │
│ episode_return                0.621   episode_length               10.710    │
│ invalids                      0.035                                          │
╰──────────────────────────────────────────────────────────────────────────────╯
╭──────────────────────────────────────────────────────────────────────────────╮
│ PufferLib 5.0    🐡            GPU:  93%   VRAM:   5.3/31G    RAM:  0.5G     │
│                                                                              │
│ Env         connect4cnn    Evaluate      180ms  29%    Losses       0.026    │
│ Params           151.7K      Model        99ms  16%    policy      -0.001    │
│ Steps              4.9M      Env          58ms   9%    value        0.006    │
│ SPS               27.0K      Copy         19ms   3%    entropy      0.020    │
│ Epoch              2389    Train         425ms  70%    old_kl       0.000    │
│ Uptime     2m 45s 642ms      Model       424ms  70%    kl          -0.000    │
│ To go      5m 11s 281ms      Misc          0ms   0%    clipfrac     0.000    │
│                                                                              │
│ perf                          0.808   score                         0.615    │
│ episode_return                0.615   episode_length               10.628    │
│ invalids                      0.032                                          │
╰──────────────────────────────────────────────────────────────────────────────╯
╭──────────────────────────────────────────────────────────────────────────────╮
│ PufferLib 5.0   🐡             GPU:  92%   VRAM:   5.3/31G    RAM:  0.5G     │
│                                                                              │
│ Env         connect4cnn    Evaluate      188ms  31%    Losses       0.029    │
│ Params           151.7K      Model        99ms  16%    policy      -0.001    │
│ Steps              4.9M      Env          62ms  10%    value        0.006    │
│ SPS               27.0K      Copy         24ms   3%    entropy      0.017    │
│ Epoch              2397    Train         418ms  68%    old_kl       0.000    │
│ Uptime     2m 46s 249ms      Model       418ms  68%    kl          -0.000    │
│ To go      5m 11s 305ms      Misc          0ms   0%    clipfrac     0.000    │
│                                                                              │
│ perf                          0.821   score                         0.642    │
│ episode_return                0.642   episode_length               10.571    │
│ invalids                      0.030                                          │
╰──────────────────────────────────────────────────────────────────────────────╯
╭──────────────────────────────────────────────────────────────────────────────╮
│ PufferLib 5.0  🐡              GPU:  86%   VRAM:   5.3/31G    RAM:  0.5G     │
│                                                                              │
│ Env         connect4cnn    Evaluate      182ms  30%    Losses       0.030    │
│ Params           151.7K      Model        99ms  16%    policy       0.001    │
│ Steps              4.9M      Env          59ms   9%    value        0.006    │
│ SPS               27.2K      Copy         22ms   3%    entropy      0.019    │
│ Epoch              2405    Train         419ms  69%    old_kl      -0.000    │
│ Uptime     2m 46s 851ms      Model       419ms  69%    kl          -0.000    │
│ To go      5m 08s 104ms      Misc          0ms   0%    clipfrac     0.000    │
│                                                                              │
│ perf                          0.816   score                         0.631    │
│ episode_return                0.631   episode_length               10.715    │
│ invalids                      0.035                                          │
╰──────────────────────────────────────────────────────────────────────────────╯
╭──────────────────────────────────────────────────────────────────────────────╮
│ PufferLib 5.0 🐡               GPU:  86%   VRAM:   5.3/31G    RAM:  0.5G     │
│                                                                              │
│ Env         connect4cnn    Evaluate      180ms  29%    Losses       0.031    │
│ Params           151.7K      Model        99ms  16%    policy       0.001    │
│ Steps              4.9M      Env          60ms   9%    value        0.006    │
│ SPS               26.9K      Copy         19ms   3%    entropy      0.021    │
│ Epoch              2413    Train         427ms  70%    old_kl       0.000    │
│ Uptime     2m 47s 459ms      Model       427ms  70%    kl          -0.000    │
│ To go      5m 10s 820ms      Misc          0ms   0%    clipfrac     0.000    │
│                                                                              │
│ perf                          0.812   score                         0.625    │
│ episode_return                0.625   episode_length               10.671    │
│ invalids                      0.039                                          │
╰──────────────────────────────────────────────────────────────────────────────╯
╭──────────────────────────────────────────────────────────────────────────────╮
│ PufferLib 5.0🐡                GPU:  91%   VRAM:   5.3/31G    RAM:  0.5G     │
│                                                                              │
│ Env         connect4cnn    Evaluate      179ms  29%    Losses       0.033    │
│ Params           151.7K      Model        99ms  16%    policy       0.003    │
│ Steps              5.0M      Env          59ms   9%    value        0.006    │
│ SPS               27.1K      Copy         18ms   3%    entropy      0.020    │
│ Epoch              2421    Train         426ms  70%    old_kl       0.000    │
│ Uptime     2m 48s 065ms      Model       426ms  70%    kl          -0.000    │
│ To go      5m 08s 676ms      Misc          0ms   0%    clipfrac     0.000    │
│                                                                              │
│ perf                          0.812   score                         0.623    │
│ episode_return                0.623   episode_length               10.630    │
│ invalids                      0.034                                          │
╰──────────────────────────────────────────────────────────────────────────────╯
╭──────────────────────────────────────────────────────────────────────────────╮
│ PufferLib 5.0               🐡 GPU:  94%   VRAM:   5.3/31G    RAM:  0.5G     │
│                                                                              │
│ Env         connect4cnn    Evaluate      178ms  29%    Losses       0.029    │
│ Params           151.7K      Model        99ms  16%    policy      -0.000    │
│ Steps              5.0M      Env          59ms   9%    value        0.006    │
│ SPS               27.2K      Copy         19ms   3%    entropy      0.020    │
│ Epoch              2429    Train         424ms  70%    old_kl       0.000    │
│ Uptime     2m 48s 668ms      Model       424ms  70%    kl          -0.000    │
│ To go      5m 06s 975ms      Misc          0ms   0%    clipfrac     0.000    │
│                                                                              │
│ perf                          0.805   score                         0.610    │
│ episode_return                0.610   episode_length               10.611    │
│ invalids                      0.036                                          │
╰──────────────────────────────────────────────────────────────────────────────╯
╭──────────────────────────────────────────────────────────────────────────────╮
│ PufferLib 5.0              🐡  GPU:  94%   VRAM:   5.3/31G    RAM:  0.5G     │
│                                                                              │
│ Env         connect4cnn    Evaluate      183ms  30%    Losses       0.028    │
│ Params           151.7K      Model        99ms  16%    policy      -0.001    │
│ Steps              5.0M      Env          59ms   9%    value        0.006    │
│ SPS               27.1K      Copy         22ms   3%    entropy      0.019    │
│ Epoch              2437    Train         420ms  69%    old_kl       0.000    │
│ Uptime     2m 49s 272ms      Model       420ms  69%    kl          -0.000    │
│ To go      5m 06s 708ms      Misc          0ms   0%    clipfrac     0.000    │
│                                                                              │
│ perf                          0.821   score                         0.642    │
│ episode_return                0.642   episode_length               10.652    │
│ invalids                      0.038                                          │
╰──────────────────────────────────────────────────────────────────────────────╯
╭──────────────────────────────────────────────────────────────────────────────╮
│ PufferLib 5.0             🐡   GPU:  93%   VRAM:   5.3/31G    RAM:  0.5G     │
│                                                                              │
│ Env         connect4cnn    Evaluate      180ms  29%    Losses       0.025    │
│ Params           151.7K      Model        99ms  16%    policy      -0.005    │
│ Steps              5.0M      Env          58ms   9%    value        0.006    │
│ SPS               27.3K      Copy         20ms   3%    entropy      0.020    │
│ Epoch              2445    Train         421ms  70%    old_kl      -0.000    │
│ Uptime     2m 49s 873ms      Model       420ms  70%    kl          -0.000    │
│ To go      5m 04s 678ms      Misc          0ms   0%    clipfrac     0.000    │
│                                                                              │
│ perf                          0.799   score                         0.598    │
│ episode_return                0.598   episode_length               10.727    │
│ invalids                      0.043                                          │
╰──────────────────────────────────────────────────────────────────────────────╯
╭──────────────────────────────────────────────────────────────────────────────╮
│ PufferLib 5.0            🐡    GPU:  93%   VRAM:   5.3/31G    RAM:  0.5G     │
│                                                                              │
│ Env         connect4cnn    Evaluate      182ms  29%    Losses       0.028    │
│ Params           151.7K      Model        99ms  16%    policy      -0.001    │
│ Steps              5.0M      Env          58ms   9%    value        0.006    │
│ SPS               26.9K      Copy         19ms   3%    entropy      0.020    │
│ Epoch              2453    Train         426ms  70%    old_kl      -0.000    │
│ Uptime     2m 50s 482ms      Model       426ms  70%    kl          -0.000    │
│ To go      5m 07s 975ms      Misc          0ms   0%    clipfrac     0.000    │
│                                                                              │
│ perf                          0.823   score                         0.647    │
│ episode_return                0.647   episode_length               10.628    │
│ invalids                      0.039                                          │
╰──────────────────────────────────────────────────────────────────────────────╯
╭──────────────────────────────────────────────────────────────────────────────╮
│ PufferLib 5.0           🐡     GPU:  89%   VRAM:   5.3/31G    RAM:  0.5G     │
│                                                                              │
│ Env         connect4cnn    Evaluate      178ms  29%    Losses       0.027    │
│ Params           151.7K      Model        99ms  16%    policy      -0.001    │
│ Steps              5.0M      Env          59ms   9%    value        0.006    │
│ SPS               27.2K      Copy         18ms   2%    entropy      0.022    │
│ Epoch              2461    Train         424ms  70%    old_kl       0.000    │
│ Uptime     2m 51s 084ms      Model       424ms  70%    kl          -0.000    │
│ To go      5m 03s 976ms      Misc          0ms   0%    clipfrac     0.000    │
│                                                                              │
│ perf                          0.822   score                         0.645    │
│ episode_return                0.645   episode_length               10.621    │
│ invalids                      0.035                                          │
╰──────────────────────────────────────────────────────────────────────────────╯
╭──────────────────────────────────────────────────────────────────────────────╮
│ PufferLib 5.0          🐡      GPU:  89%   VRAM:   5.3/31G    RAM:  0.5G     │
│                                                                              │
│ Env         connect4cnn    Evaluate      177ms  29%    Losses       0.026    │
│ Params           151.7K      Model        99ms  16%    policy      -0.003    │
│ Steps              5.1M      Env          59ms   9%    value        0.006    │
│ SPS               26.9K      Copy         16ms   2%    entropy      0.020    │
│ Epoch              2469    Train         431ms  70%    old_kl       0.000    │
│ Uptime     2m 51s 692ms      Model       431ms  70%    kl          -0.000    │
│ To go      5m 06s 465ms      Misc          0ms   0%    clipfrac     0.000    │
│                                                                              │
│ perf                          0.816   score                         0.632    │
│ episode_return                0.632   episode_length               10.631    │
│ invalids                      0.036                                          │
╰──────────────────────────────────────────────────────────────────────────────╯
╭──────────────────────────────────────────────────────────────────────────────╮
│ PufferLib 5.0         🐡       GPU:  89%   VRAM:   5.3/31G    RAM:  0.5G     │
│                                                                              │
│ Env         connect4cnn    Evaluate      178ms  29%    Losses       0.027    │
│ Params           151.7K      Model        99ms  16%    policy       0.002    │
│ Steps              5.1M      Env          58ms   9%    value        0.005    │
│ SPS               27.1K      Copy         18ms   3%    entropy      0.016    │
│ Epoch              2477    Train         426ms  70%    old_kl      -0.000    │
│ Uptime     2m 52s 297ms      Model       426ms  70%    kl          -0.000    │
│ To go      5m 04s 391ms      Misc          0ms   0%    clipfrac     0.000    │
│                                                                              │
│ perf                          0.827   score                         0.655    │
│ episode_return                0.655   episode_length               10.657    │
│ invalids                      0.036                                          │
╰──────────────────────────────────────────────────────────────────────────────╯
╭──────────────────────────────────────────────────────────────────────────────╮
│ PufferLib 5.0        🐡        GPU:  93%   VRAM:   5.3/31G    RAM:  0.5G     │
│                                                                              │
│ Env         connect4cnn    Evaluate      178ms  29%    Losses       0.022    │
│ Params           151.7K      Model        99ms  16%    policy      -0.004    │
│ Steps              5.1M      Env          58ms   9%    value        0.005    │
│ SPS               27.3K      Copy         18ms   3%    entropy      0.015    │
│ Epoch              2485    Train         422ms  70%    old_kl      -0.000    │
│ Uptime     2m 52s 898ms      Model       422ms  70%    kl          -0.000    │
│ To go      5m 01s 587ms      Misc          0ms   0%    clipfrac     0.000    │
│                                                                              │
│ perf                          0.815   score                         0.630    │
│ episode_return                0.630   episode_length               10.562    │
│ invalids                      0.035                                          │
╰──────────────────────────────────────────────────────────────────────────────╯
╭──────────────────────────────────────────────────────────────────────────────╮
│ PufferLib 5.0       🐡         GPU:  93%   VRAM:   5.3/31G    RAM:  0.5G     │
│                                                                              │
│ Env         connect4cnn    Evaluate      180ms  29%    Losses       0.026    │
│ Params           151.7K      Model        99ms  16%    policy      -0.001    │
│ Steps              5.1M      Env          59ms   9%    value        0.005    │
│ SPS               27.0K      Copy         20ms   3%    entropy      0.020    │
│ Epoch              2493    Train         426ms  70%    old_kl       0.000    │
│ Uptime     2m 53s 505ms      Model       426ms  70%    kl          -0.000    │
│ To go      5m 03s 992ms      Misc          0ms   0%    clipfrac     0.000    │
│                                                                              │
│ perf                          0.818   score                         0.636    │
│ episode_return                0.636   episode_length               10.637    │
│ invalids                      0.033                                          │
╰──────────────────────────────────────────────────────────────────────────────╯
╭──────────────────────────────────────────────────────────────────────────────╮
│ PufferLib 5.0      🐡          GPU:  93%   VRAM:   5.3/31G    RAM:  0.5G     │
│                                                                              │
│ Env         connect4cnn    Evaluate      179ms  29%    Losses       0.027    │
│ Params           151.7K      Model        99ms  16%    policy      -0.001    │
│ Steps              5.1M      Env          59ms   9%    value        0.006    │
│ SPS               27.2K      Copy         19ms   3%    entropy      0.020    │
│ Epoch              2501    Train         422ms  70%    old_kl       0.000    │
│ Uptime     2m 54s 106ms      Model       422ms  70%    kl          -0.000    │
│ To go      5m 00s 639ms      Misc          0ms   0%    clipfrac     0.000    │
│                                                                              │
│ perf                          0.818   score                         0.635    │
│ episode_return                0.635   episode_length               10.669    │
│ invalids                      0.044                                          │
╰──────────────────────────────────────────────────────────────────────────────╯
╭──────────────────────────────────────────────────────────────────────────────╮
│ PufferLib 5.0     🐡           GPU:  89%   VRAM:   5.3/31G    RAM:  0.5G     │
│                                                                              │
│ Env         connect4cnn    Evaluate      179ms  29%    Losses       0.030    │
│ Params           151.7K      Model        99ms  16%    policy      -0.002    │
│ Steps              5.1M      Env          59ms   9%    value        0.006    │
│ SPS               27.0K      Copy         19ms   3%    entropy      0.022    │
│ Epoch              2509    Train         426ms  70%    old_kl      -0.000    │
│ Uptime     2m 54s 712ms      Model       426ms  70%    kl          -0.000    │
│ To go      5m 02s 205ms      Misc          0ms   0%    clipfrac     0.000    │
│                                                                              │
│ perf                          0.802   score                         0.604    │
│ episode_return                0.604   episode_length               10.624    │
│ invalids                      0.040                                          │
╰──────────────────────────────────────────────────────────────────────────────╯
╭──────────────────────────────────────────────────────────────────────────────╮
│ PufferLib 5.0    🐡            GPU:  89%   VRAM:   5.3/31G    RAM:  0.5G     │
│                                                                              │
│ Env         connect4cnn    Evaluate      181ms  29%    Losses       0.024    │
│ Params           151.7K      Model        99ms  16%    policy      -0.002    │
│ Steps              5.2M      Env          59ms   9%    value        0.005    │
│ SPS               26.9K      Copy         21ms   3%    entropy      0.017    │
│ Epoch              2517    Train         426ms  70%    old_kl      -0.000    │
│ Uptime     2m 55s 321ms      Model       426ms  70%    kl          -0.000    │
│ To go      5m 02s 958ms      Misc          0ms   0%    clipfrac     0.000    │
│                                                                              │
│ perf                          0.814   score                         0.628    │
│ episode_return                0.628   episode_length               10.696    │
│ invalids                      0.042                                          │
╰──────────────────────────────────────────────────────────────────────────────╯
╭──────────────────────────────────────────────────────────────────────────────╮
│ PufferLib 5.0   🐡             GPU:  88%   VRAM:   5.3/31G    RAM:  0.5G     │
│                                                                              │
│ Env         connect4cnn    Evaluate      178ms  29%    Losses       0.030    │
│ Params           151.7K      Model        99ms  16%    policy       0.001    │
│ Steps              5.2M      Env          59ms   9%    value        0.006    │
│ SPS               27.1K      Copy         17ms   2%    entropy      0.018    │
│ Epoch              2525    Train         426ms  70%    old_kl      -0.000    │
│ Uptime     2m 55s 925ms      Model       426ms  70%    kl          -0.000    │
│ To go      5m 00s 195ms      Misc          0ms   0%    clipfrac     0.000    │
│                                                                              │
│ perf                          0.809   score                         0.619    │
│ episode_return                0.619   episode_length               10.560    │
│ invalids                      0.038                                          │
╰──────────────────────────────────────────────────────────────────────────────╯
╭──────────────────────────────────────────────────────────────────────────────╮
│ PufferLib 5.0  🐡              GPU:  88%   VRAM:   5.3/31G    RAM:  0.5G     │
│                                                                              │
│ Env         connect4cnn    Evaluate      180ms  29%    Losses       0.029    │
│ Params           151.7K      Model        99ms  16%    policy       0.001    │
│ Steps              5.2M      Env          59ms   9%    value        0.006    │
│ SPS               27.3K      Copy         19ms   3%    entropy      0.017    │
│ Epoch              2533    Train         420ms  70%    old_kl      -0.000    │
│ Uptime     2m 56s 526ms      Model       420ms  69%    kl          -0.000    │
│ To go      4m 57s 980ms      Misc          0ms   0%    clipfrac     0.000    │
│                                                                              │
│ perf                          0.806   score                         0.611    │
│ episode_return                0.611   episode_length               10.572    │
│ invalids                      0.038                                          │
╰──────────────────────────────────────────────────────────────────────────────╯
╭──────────────────────────────────────────────────────────────────────────────╮
│ PufferLib 5.0 🐡               GPU:  93%   VRAM:   5.3/31G    RAM:  0.5G     │
│                                                                              │
│ Env         connect4cnn    Evaluate      178ms  29%    Losses       0.028    │
│ Params           151.7K      Model        99ms  16%    policy      -0.003    │
│ Steps              5.2M      Env          59ms   9%    value        0.006    │
│ SPS               26.9K      Copy         17ms   2%    entropy      0.016    │
│ Epoch              2541    Train         429ms  70%    old_kl      -0.000    │
│ Uptime     2m 57s 135ms      Model       429ms  70%    kl          -0.000    │
│ To go      5m 01s 243ms      Misc          0ms   0%    clipfrac     0.000    │
│                                                                              │
│ perf                          0.798   score                         0.596    │
│ episode_return                0.596   episode_length               10.701    │
│ invalids                      0.044                                          │
╰──────────────────────────────────────────────────────────────────────────────╯
╭──────────────────────────────────────────────────────────────────────────────╮
│ PufferLib 5.0🐡                GPU:  93%   VRAM:   5.3/31G    RAM:  0.5G     │
│                                                                              │
│ Env         connect4cnn    Evaluate      183ms  30%    Losses       0.034    │
│ Params           151.7K      Model        99ms  16%    policy       0.004    │
│ Steps              5.2M      Env          60ms   9%    value        0.006    │
│ SPS               26.9K      Copy         22ms   3%    entropy      0.014    │
│ Epoch              2549    Train         425ms  69%    old_kl       0.000    │
│ Uptime     2m 57s 743ms      Model       425ms  69%    kl          -0.000    │
│ To go      5m 00s 567ms      Misc          0ms   0%    clipfrac     0.000    │
│                                                                              │
│ perf                          0.822   score                         0.645    │
│ episode_return                0.645   episode_length               10.559    │
│ invalids                      0.034                                          │
╰──────────────────────────────────────────────────────────────────────────────╯
╭──────────────────────────────────────────────────────────────────────────────╮
│ PufferLib 5.0               🐡 GPU:  93%   VRAM:   5.3/31G    RAM:  0.5G     │
│                                                                              │
│ Env         connect4cnn    Evaluate      183ms  30%    Losses       0.028    │
│ Params           151.7K      Model        99ms  16%    policy      -0.000    │
│ Steps              5.2M      Env          59ms   9%    value        0.006    │
│ SPS               27.2K      Copy         21ms   3%    entropy      0.016    │
│ Epoch              2557    Train         419ms  69%    old_kl      -0.000    │
│ Uptime     2m 58s 346ms      Model       419ms  69%    kl          -0.000    │
│ To go      4m 56s 973ms      Misc          0ms   0%    clipfrac     0.000    │
│                                                                              │
│ perf                          0.813   score                         0.626    │
│ episode_return                0.626   episode_length               10.626    │
│ invalids                      0.030                                          │
╰──────────────────────────────────────────────────────────────────────────────╯
╭──────────────────────────────────────────────────────────────────────────────╮
│ PufferLib 5.0              🐡  GPU:  93%   VRAM:   5.3/31G    RAM:  0.5G     │
│                                                                              │
│ Env         connect4cnn    Evaluate      182ms  30%    Losses       0.026    │
│ Params           151.7K      Model        99ms  16%    policy      -0.003    │
│ Steps              5.3M      Env          59ms   9%    value        0.006    │
│ SPS               26.9K      Copy         20ms   3%    entropy      0.018    │
│ Epoch              2565    Train         425ms  69%    old_kl      -0.000    │
│ Uptime     2m 58s 954ms      Model       424ms  69%    kl          -0.000    │
│ To go      4m 59s 296ms      Misc          0ms   0%    clipfrac     0.000    │
│                                                                              │
│ perf                          0.800   score                         0.601    │
│ episode_return                0.601   episode_length               10.663    │
│ invalids                      0.038                                          │
╰──────────────────────────────────────────────────────────────────────────────╯
╭──────────────────────────────────────────────────────────────────────────────╮
│ PufferLib 5.0             🐡   GPU:  93%   VRAM:   5.3/31G    RAM:  0.5G     │
│                                                                              │
│ Env         connect4cnn    Evaluate      180ms  30%    Losses       0.025    │
│ Params           151.7K      Model        99ms  16%    policy      -0.002    │
│ Steps              5.3M      Env          59ms   9%    value        0.005    │
│ SPS               27.2K      Copy         20ms   3%    entropy      0.015    │
│ Epoch              2573    Train         420ms  69%    old_kl       0.000    │
│ Uptime     2m 59s 556ms      Model       420ms  69%    kl          -0.000    │
│ To go      4m 55s 593ms      Misc          0ms   0%    clipfrac     0.000    │
│                                                                              │
│ perf                          0.814   score                         0.627    │
│ episode_return                0.627   episode_length               10.602    │
│ invalids                      0.035                                          │
╰──────────────────────────────────────────────────────────────────────────────╯
╭──────────────────────────────────────────────────────────────────────────────╮
│ PufferLib 5.0            🐡    GPU:  88%   VRAM:   5.3/31G    RAM:  0.5G     │
│                                                                              │
│ Env         connect4cnn    Evaluate      183ms  30%    Losses       0.027    │
│ Params           151.7K      Model        99ms  16%    policy      -0.002    │
│ Steps              5.3M      Env          59ms   9%    value        0.006    │
│ SPS               27.1K      Copy         21ms   3%    entropy      0.016    │
│ Epoch              2581    Train         421ms  69%    old_kl       0.000    │
│ Uptime     3m 00s 161ms      Model       421ms  69%    kl          -0.000    │
│ To go      4m 56s 188ms      Misc          0ms   0%    clipfrac     0.000    │
│                                                                              │
│ perf                          0.813   score                         0.626    │
│ episode_return                0.626   episode_length               10.573    │
│ invalids                      0.035                                          │
╰──────────────────────────────────────────────────────────────────────────────╯
╭──────────────────────────────────────────────────────────────────────────────╮
│ PufferLib 5.0           🐡     GPU:  89%   VRAM:   5.3/31G    RAM:  0.5G     │
│                                                                              │
│ Env         connect4cnn    Evaluate      179ms  29%    Losses       0.028    │
│ Params           151.7K      Model        99ms  16%    policy       0.001    │
│ Steps              5.3M      Env          59ms   9%    value        0.005    │
│ SPS               27.1K      Copy         19ms   3%    entropy      0.017    │
│ Epoch              2589    Train         426ms  70%    old_kl       0.000    │
│ Uptime     3m 00s 766ms      Model       426ms  70%    kl          -0.000    │
│ To go      4m 55s 923ms      Misc          0ms   0%    clipfrac     0.000    │
│                                                                              │
│ perf                          0.815   score                         0.629    │
│ episode_return                0.629   episode_length               10.689    │
│ invalids                      0.037                                          │
╰──────────────────────────────────────────────────────────────────────────────╯
╭──────────────────────────────────────────────────────────────────────────────╮
│ PufferLib 5.0          🐡      GPU:  89%   VRAM:   5.3/31G    RAM:  0.5G     │
│                                                                              │
│ Env         connect4cnn    Evaluate      181ms  30%    Losses       0.029    │
│ Params           151.7K      Model        99ms  16%    policy       0.001    │
│ Steps              5.3M      Env          59ms   9%    value        0.006    │
│ SPS               27.2K      Copy         20ms   3%    entropy      0.020    │
│ Epoch              2597    Train         420ms  69%    old_kl      -0.000    │
│ Uptime     3m 01s 369ms      Model       420ms  69%    kl          -0.000    │
│ To go      4m 54s 197ms      Misc          0ms   0%    clipfrac     0.000    │
│                                                                              │
│ perf                          0.818   score                         0.636    │
│ episode_return                0.636   episode_length               10.556    │
│ invalids                      0.037                                          │
╰──────────────────────────────────────────────────────────────────────────────╯
╭──────────────────────────────────────────────────────────────────────────────╮
│ PufferLib 5.0         🐡       GPU:  93%   VRAM:   5.3/31G    RAM:  0.5G     │
│                                                                              │
│ Env         connect4cnn    Evaluate      181ms  30%    Losses       0.026    │
│ Params           151.7K      Model        99ms  16%    policy       0.000    │
│ Steps              5.3M      Env          60ms   9%    value        0.005    │
│ SPS               27.1K      Copy         20ms   3%    entropy      0.019    │
│ Epoch              2605    Train         422ms  69%    old_kl       0.000    │
│ Uptime     3m 01s 973ms      Model       422ms  69%    kl          -0.000    │
│ To go      4m 53s 933ms      Misc          0ms   0%    clipfrac     0.000    │
│                                                                              │
│ perf                          0.817   score                         0.635    │
│ episode_return                0.635   episode_length               10.636    │
│ invalids                      0.036                                          │
╰──────────────────────────────────────────────────────────────────────────────╯
╭──────────────────────────────────────────────────────────────────────────────╮
│ PufferLib 5.0        🐡        GPU:  93%   VRAM:   5.3/31G    RAM:  0.5G     │
│                                                                              │
│ Env         connect4cnn    Evaluate      181ms  29%    Losses       0.026    │
│ Params           151.7K      Model        99ms  16%    policy      -0.003    │
│ Steps              5.4M      Env          58ms   9%    value        0.006    │
│ SPS               27.0K      Copy         20ms   3%    entropy      0.019    │
│ Epoch              2613    Train         423ms  70%    old_kl      -0.000    │
│ Uptime     3m 02s 579ms      Model       423ms  70%    kl          -0.000    │
│ To go      4m 54s 388ms      Misc          0ms   0%    clipfrac     0.000    │
│                                                                              │
│ perf                          0.810   score                         0.620    │
│ episode_return                0.620   episode_length               10.657    │
│ invalids                      0.042                                          │
╰──────────────────────────────────────────────────────────────────────────────╯
╭──────────────────────────────────────────────────────────────────────────────╮
│ PufferLib 5.0       🐡         GPU:  93%   VRAM:   5.3/31G    RAM:  0.5G     │
│                                                                              │
│ Env         connect4cnn    Evaluate      180ms  29%    Losses       0.029    │
│ Params           151.7K      Model        99ms  16%    policy       0.002    │
│ Steps              5.4M      Env          59ms   9%    value        0.005    │
│ SPS               26.8K      Copy         19ms   3%    entropy      0.018    │
│ Epoch              2621    Train         430ms  70%    old_kl       0.000    │
│ Uptime     3m 03s 189ms      Model       429ms  70%    kl          -0.000    │
│ To go      4m 55s 912ms      Misc          0ms   0%    clipfrac     0.000    │
│                                                                              │
│ perf                          0.802   score                         0.605    │
│ episode_return                0.605   episode_length               10.742    │
│ invalids                      0.047                                          │
╰──────────────────────────────────────────────────────────────────────────────╯
╭──────────────────────────────────────────────────────────────────────────────╮
│ PufferLib 5.0      🐡          GPU:  92%   VRAM:   5.3/31G    RAM:  0.5G     │
│                                                                              │
│ Env         connect4cnn    Evaluate      178ms  29%    Losses       0.025    │
│ Params           151.7K      Model        99ms  16%    policy      -0.003    │
│ Steps              5.4M      Env          59ms   9%    value        0.006    │
│ SPS               27.0K      Copy         16ms   2%    entropy      0.022    │
│ Epoch              2629    Train         430ms  70%    old_kl      -0.000    │
│ Uptime     3m 03s 797ms      Model       429ms  70%    kl          -0.000    │
│ To go      4m 54s 154ms      Misc          0ms   0%    clipfrac     0.000    │
│                                                                              │
│ perf                          0.822   score                         0.645    │
│ episode_return                0.645   episode_length               10.551    │
│ invalids                      0.035                                          │
╰──────────────────────────────────────────────────────────────────────────────╯
╭──────────────────────────────────────────────────────────────────────────────╮
│ PufferLib 5.0     🐡           GPU:  92%   VRAM:   5.3/31G    RAM:  0.5G     │
│                                                                              │
│ Env         connect4cnn    Evaluate      180ms  29%    Losses       0.030    │
│ Params           151.7K      Model        99ms  16%    policy      -0.000    │
│ Steps              5.4M      Env          59ms   9%    value        0.006    │
│ SPS               27.3K      Copy         19ms   3%    entropy      0.025    │
│ Epoch              2637    Train         420ms  70%    old_kl       0.000    │
│ Uptime     3m 04s 398ms      Model       420ms  69%    kl          -0.000    │
│ To go      4m 50s 319ms      Misc          0ms   0%    clipfrac     0.000    │
│                                                                              │
│ perf                          0.814   score                         0.627    │
│ episode_return                0.627   episode_length               10.653    │
│ invalids                      0.042                                          │
╰──────────────────────────────────────────────────────────────────────────────╯
╭──────────────────────────────────────────────────────────────────────────────╮
│ PufferLib 5.0    🐡            GPU:  86%   VRAM:   5.3/31G    RAM:  0.5G     │
│                                                                              │
│ Env         connect4cnn    Evaluate      180ms  29%    Losses       0.026    │
│ Params           151.7K      Model        99ms  16%    policy      -0.001    │
│ Steps              5.4M      Env          59ms   9%    value        0.005    │
│ SPS               27.2K      Copy         19ms   3%    entropy      0.024    │
│ Epoch              2645    Train         421ms  70%    old_kl       0.000    │
│ Uptime     3m 05s 000ms      Model       421ms  70%    kl          -0.000    │
│ To go      4m 50s 058ms      Misc          0ms   0%    clipfrac     0.000    │
│                                                                              │
│ perf                          0.814   score                         0.629    │
│ episode_return                0.629   episode_length               10.609    │
│ invalids                      0.038                                          │
╰──────────────────────────────────────────────────────────────────────────────╯
╭──────────────────────────────────────────────────────────────────────────────╮
│ PufferLib 5.0   🐡             GPU:  86%   VRAM:   5.3/31G    RAM:  0.5G     │
│                                                                              │
│ Env         connect4cnn    Evaluate      180ms  29%    Losses       0.024    │
│ Params           151.7K      Model        99ms  16%    policy      -0.003    │
│ Steps              5.4M      Env          60ms   9%    value        0.006    │
│ SPS               26.9K      Copy         17ms   2%    entropy      0.024    │
│ Epoch              2653    Train         429ms  70%    old_kl       0.000    │
│ Uptime     3m 05s 609ms      Model       428ms  70%    kl          -0.000    │
│ To go      4m 52s 835ms      Misc          0ms   0%    clipfrac     0.000    │
│                                                                              │
│ perf                          0.809   score                         0.618    │
│ episode_return                0.618   episode_length               10.623    │
│ invalids                      0.032                                          │
╰──────────────────────────────────────────────────────────────────────────────╯
╭──────────────────────────────────────────────────────────────────────────────╮
│ PufferLib 5.0  🐡              GPU:  91%   VRAM:   5.3/31G    RAM:  0.5G     │
│                                                                              │
│ Env         connect4cnn    Evaluate      181ms  30%    Losses       0.030    │
│ Params           151.7K      Model        99ms  16%    policy       0.002    │
│ Steps              5.4M      Env          59ms   9%    value        0.006    │
│ SPS               27.2K      Copy         20ms   3%    entropy      0.025    │
│ Epoch              2661    Train         421ms  69%    old_kl      -0.000    │
│ Uptime     3m 06s 212ms      Model       421ms  69%    kl          -0.000    │
│ To go      4m 49s 333ms      Misc          0ms   0%    clipfrac     0.000    │
│                                                                              │
│ perf                          0.804   score                         0.607    │
│ episode_return                0.607   episode_length               10.714    │
│ invalids                      0.035                                          │
╰──────────────────────────────────────────────────────────────────────────────╯
╭──────────────────────────────────────────────────────────────────────────────╮
│ PufferLib 5.0 🐡               GPU:  93%   VRAM:   5.3/31G    RAM:  0.5G     │
│                                                                              │
│ Env         connect4cnn    Evaluate      181ms  30%    Losses       0.032    │
│ Params           151.7K      Model        99ms  16%    policy       0.002    │
│ Steps              5.5M      Env          59ms   9%    value        0.006    │
│ SPS               27.2K      Copy         21ms   3%    entropy      0.021    │
│ Epoch              2669    Train         421ms  69%    old_kl       0.000    │
│ Uptime     3m 06s 815ms      Model       421ms  69%    kl          -0.000    │
│ To go      4m 48s 931ms      Misc          0ms   0%    clipfrac     0.000    │
│                                                                              │
│ perf                          0.817   score                         0.635    │
│ episode_return                0.635   episode_length               10.593    │
│ invalids                      0.036                                          │
╰──────────────────────────────────────────────────────────────────────────────╯
╭──────────────────────────────────────────────────────────────────────────────╮
│ PufferLib 5.0🐡                GPU:  93%   VRAM:   5.3/31G    RAM:  0.5G     │
│                                                                              │
│ Env         connect4cnn    Evaluate      179ms  29%    Losses       0.031    │
│ Params           151.7K      Model        99ms  16%    policy       0.003    │
│ Steps              5.5M      Env          59ms   9%    value        0.006    │
│ SPS               27.0K      Copy         19ms   3%    entropy      0.017    │
│ Epoch              2677    Train         426ms  70%    old_kl      -0.000    │
│ Uptime     3m 07s 422ms      Model       426ms  70%    kl          -0.000    │
│ To go      4m 49s 612ms      Misc          0ms   0%    clipfrac     0.000    │
│                                                                              │
│ perf                          0.824   score                         0.647    │
│ episode_return                0.647   episode_length               10.571    │
│ invalids                      0.030                                          │
╰──────────────────────────────────────────────────────────────────────────────╯
╭──────────────────────────────────────────────────────────────────────────────╮
│ PufferLib 5.0               🐡 GPU:  93%   VRAM:   5.3/31G    RAM:  0.5G     │
│                                                                              │
│ Env         connect4cnn    Evaluate      182ms  29%    Losses       0.029    │
│ Params           151.7K      Model        99ms  16%    policy       0.002    │
│ Steps              5.5M      Env          59ms   9%    value        0.005    │
│ SPS               27.0K      Copy         20ms   3%    entropy      0.018    │
│ Epoch              2685    Train         425ms  70%    old_kl       0.000    │
│ Uptime     3m 08s 029ms      Model       425ms  69%    kl          -0.000    │
│ To go      4m 49s 597ms      Misc          0ms   0%    clipfrac     0.000    │
│                                                                              │
│ perf                          0.815   score                         0.629    │
│ episode_return                0.629   episode_length               10.626    │
│ invalids                      0.040                                          │
╰──────────────────────────────────────────────────────────────────────────────╯
╭──────────────────────────────────────────────────────────────────────────────╮
│ PufferLib 5.0              🐡  GPU:  93%   VRAM:   5.3/31G    RAM:  0.5G     │
│                                                                              │
│ Env         connect4cnn    Evaluate      181ms  30%    Losses       0.029    │
│ Params           151.7K      Model        99ms  16%    policy      -0.001    │
│ Steps              5.5M      Env          59ms   9%    value        0.006    │
│ SPS               27.2K      Copy         20ms   3%    entropy      0.022    │
│ Epoch              2693    Train         421ms  69%    old_kl       0.000    │
│ Uptime     3m 08s 632ms      Model       421ms  69%    kl          -0.000    │
│ To go      4m 47s 089ms      Misc          0ms   0%    clipfrac     0.000    │
│                                                                              │
│ perf                          0.799   score                         0.598    │
│ episode_return                0.598   episode_length               10.633    │
│ invalids                      0.034                                          │
╰──────────────────────────────────────────────────────────────────────────────╯
╭──────────────────────────────────────────────────────────────────────────────╮
│ PufferLib 5.0             🐡   GPU:  89%   VRAM:   5.3/31G    RAM:  0.5G     │
│                                                                              │
│ Env         connect4cnn    Evaluate      180ms  29%    Losses       0.026    │
│ Params           151.7K      Model        99ms  16%    policy      -0.002    │
│ Steps              5.5M      Env          59ms   9%    value        0.006    │
│ SPS               27.0K      Copy         18ms   3%    entropy      0.024    │
│ Epoch              2701    Train         425ms  70%    old_kl       0.000    │
│ Uptime     3m 09s 238ms      Model       425ms  70%    kl          -0.000    │
│ To go      4m 47s 752ms      Misc          0ms   0%    clipfrac     0.000    │
│                                                                              │
│ perf                          0.810   score                         0.620    │
│ episode_return                0.620   episode_length               10.689    │
│ invalids                      0.042                                          │
╰──────────────────────────────────────────────────────────────────────────────╯
╭──────────────────────────────────────────────────────────────────────────────╮
│ PufferLib 5.0            🐡    GPU:  88%   VRAM:   5.3/31G    RAM:  0.5G     │
│                                                                              │
│ Env         connect4cnn    Evaluate      185ms  30%    Losses       0.030    │
│ Params           151.7K      Model        99ms  16%    policy      -0.001    │
│ Steps              5.5M      Env          59ms   9%    value        0.006    │
│ SPS               26.9K      Copy         25ms   4%    entropy      0.019    │
│ Epoch              2709    Train         424ms  69%    old_kl       0.000    │
│ Uptime     3m 09s 848ms      Model       423ms  69%    kl          -0.000    │
│ To go      4m 49s 093ms      Misc          0ms   0%    clipfrac     0.000    │
│                                                                              │
│ perf                          0.814   score                         0.628    │
│ episode_return                0.628   episode_length               10.665    │
│ invalids                      0.036                                          │
╰──────────────────────────────────────────────────────────────────────────────╯
╭──────────────────────────────────────────────────────────────────────────────╮
│ PufferLib 5.0           🐡     GPU:  88%   VRAM:   5.3/31G    RAM:  0.5G     │
│                                                                              │
│ Env         connect4cnn    Evaluate      184ms  30%    Losses       0.030    │
│ Params           151.7K      Model        99ms  16%    policy       0.003    │
│ Steps              5.6M      Env          60ms   9%    value        0.005    │
│ SPS               26.9K      Copy         22ms   3%    entropy      0.024    │
│ Epoch              2717    Train         423ms  69%    old_kl       0.000    │
│ Uptime     3m 10s 456ms      Model       423ms  69%    kl          -0.000    │
│ To go      4m 47s 573ms      Misc          0ms   0%    clipfrac     0.000    │
│                                                                              │
│ perf                          0.814   score                         0.628    │
│ episode_return                0.628   episode_length               10.688    │
│ invalids                      0.045                                          │
╰──────────────────────────────────────────────────────────────────────────────╯
╭──────────────────────────────────────────────────────────────────────────────╮
│ PufferLib 5.0          🐡      GPU:  91%   VRAM:   5.3/31G    RAM:  0.5G     │
│                                                                              │
│ Env         connect4cnn    Evaluate      184ms  30%    Losses       0.027    │
│ Params           151.7K      Model        99ms  16%    policy      -0.002    │
│ Steps              5.6M      Env          60ms   9%    value        0.006    │
│ SPS               26.8K      Copy         22ms   3%    entropy      0.023    │
│ Epoch              2725    Train         425ms  69%    old_kl       0.000    │
│ Uptime     3m 11s 067ms      Model       425ms  69%    kl          -0.000    │
│ To go      4m 48s 291ms      Misc          0ms   0%    clipfrac     0.000    │
│                                                                              │
│ perf                          0.805   score                         0.611    │
│ episode_return                0.611   episode_length               10.644    │
│ invalids                      0.047                                          │
╰──────────────────────────────────────────────────────────────────────────────╯
╭──────────────────────────────────────────────────────────────────────────────╮
│ PufferLib 5.0         🐡       GPU:  93%   VRAM:   5.3/31G    RAM:  0.5G     │
│                                                                              │
│ Env         connect4cnn    Evaluate      184ms  30%    Losses       0.026    │
│ Params           151.7K      Model        99ms  16%    policy       0.000    │
│ Steps              5.6M      Env          61ms   9%    value        0.005    │
│ SPS               26.8K      Copy         21ms   3%    entropy      0.022    │
│ Epoch              2733    Train         428ms  69%    old_kl      -0.000    │
│ Uptime     3m 11s 679ms      Model       428ms  69%    kl          -0.000    │
│ To go      4m 48s 262ms      Misc          0ms   0%    clipfrac     0.000    │
│                                                                              │
│ perf                          0.807   score                         0.613    │
│ episode_return                0.613   episode_length               10.654    │
│ invalids                      0.040                                          │
╰──────────────────────────────────────────────────────────────────────────────╯
╭──────────────────────────────────────────────────────────────────────────────╮
│ PufferLib 5.0        🐡        GPU:  93%   VRAM:   5.3/31G    RAM:  0.5G     │
│                                                                              │
│ Env         connect4cnn    Evaluate      185ms  30%    Losses       0.026    │
│ Params           151.7K      Model       100ms  16%    policy      -0.001    │
│ Steps              5.6M      Env          59ms   9%    value        0.005    │
│ SPS               26.8K      Copy         23ms   3%    entropy      0.019    │
│ Epoch              2741    Train         425ms  69%    old_kl       0.000    │
│ Uptime     3m 12s 290ms      Model       425ms  69%    kl          -0.000    │
│ To go      4m 47s 093ms      Misc          0ms   0%    clipfrac     0.000    │
│                                                                              │
│ perf                          0.817   score                         0.633    │
│ episode_return                0.633   episode_length               10.545    │
│ invalids                      0.032                                          │
╰──────────────────────────────────────────────────────────────────────────────╯
╭──────────────────────────────────────────────────────────────────────────────╮
│ PufferLib 5.0       🐡         GPU:  93%   VRAM:   5.3/31G    RAM:  0.5G     │
│                                                                              │
│ Env         connect4cnn    Evaluate      184ms  29%    Losses       0.023    │
│ Params           151.7K      Model        99ms  15%    policy      -0.003    │
│ Steps              5.6M      Env          59ms   9%    value        0.005    │
│ SPS               26.4K      Copy         22ms   3%    entropy      0.020    │
│ Epoch              2749    Train         437ms  70%    old_kl       0.000    │
│ Uptime     3m 12s 912ms      Model       437ms  70%    kl          -0.000    │
│ To go      4m 51s 447ms      Misc          0ms   0%    clipfrac     0.000    │
│                                                                              │
│ perf                          0.817   score                         0.634    │
│ episode_return                0.634   episode_length               10.677    │
│ invalids                      0.041                                          │
╰──────────────────────────────────────────────────────────────────────────────╯
╭──────────────────────────────────────────────────────────────────────────────╮
│ PufferLib 5.0      🐡          GPU:  93%   VRAM:   5.3/31G    RAM:  0.5G     │
│                                                                              │
│ Env         connect4cnn    Evaluate      181ms  29%    Losses       0.029    │
│ Params           151.7K      Model        99ms  16%    policy       0.000    │
│ Steps              5.6M      Env          59ms   9%    value        0.006    │
│ SPS               26.5K      Copy         20ms   3%    entropy      0.020    │
│ Epoch              2757    Train         437ms  70%    old_kl      -0.000    │
│ Uptime     3m 13s 531ms      Model       437ms  70%    kl          -0.000    │
│ To go      4m 49s 638ms      Misc          0ms   0%    clipfrac     0.000    │
│                                                                              │
│ perf                          0.822   score                         0.645    │
│ episode_return                0.645   episode_length               10.517    │
│ invalids                      0.042                                          │
╰──────────────────────────────────────────────────────────────────────────────╯
╭──────────────────────────────────────────────────────────────────────────────╮
│ PufferLib 5.0     🐡           GPU:  91%   VRAM:   5.3/31G    RAM:  0.5G     │
│                                                                              │
│ Env         connect4cnn    Evaluate      182ms  29%    Losses       0.032    │
│ Params           151.7K      Model        99ms  16%    policy       0.003    │
│ Steps              5.7M      Env          59ms   9%    value        0.006    │
│ SPS               26.6K      Copy         22ms   3%    entropy      0.018    │
│ Epoch              2765    Train         432ms  70%    old_kl       0.000    │
│ Uptime     3m 14s 146ms      Model       432ms  70%    kl          -0.000    │
│ To go      4m 47s 222ms      Misc          0ms   0%    clipfrac     0.000    │
│                                                                              │
│ perf                          0.816   score                         0.633    │
│ episode_return                0.633   episode_length               10.629    │
│ invalids                      0.038                                          │
╰──────────────────────────────────────────────────────────────────────────────╯
╭──────────────────────────────────────────────────────────────────────────────╮
│ PufferLib 5.0    🐡            GPU:  91%   VRAM:   5.3/31G    RAM:  0.5G     │
│                                                                              │
│ Env         connect4cnn    Evaluate      184ms  30%    Losses       0.028    │
│ Params           151.7K      Model        99ms  16%    policy      -0.001    │
│ Steps              5.7M      Env          60ms   9%    value        0.006    │
│ SPS               26.8K      Copy         22ms   3%    entropy      0.025    │
│ Epoch              2773    Train         428ms  69%    old_kl      -0.000    │
│ Uptime     3m 14s 758ms      Model       427ms  69%    kl          -0.000    │
│ To go      4m 45s 246ms      Misc          0ms   0%    clipfrac     0.000    │
│                                                                              │
│ perf                          0.801   score                         0.603    │
│ episode_return                0.603   episode_length               10.747    │
│ invalids                      0.057                                          │
╰──────────────────────────────────────────────────────────────────────────────╯
╭──────────────────────────────────────────────────────────────────────────────╮
│ PufferLib 5.0   🐡             GPU:  91%   VRAM:   5.3/31G    RAM:  0.5G     │
│                                                                              │
│ Env         connect4cnn    Evaluate      184ms  30%    Losses       0.027    │
│ Params           151.7K      Model        99ms  16%    policy      -0.001    │
│ Steps              5.7M      Env          60ms   9%    value        0.006    │
│ SPS               27.3K      Copy         21ms   3%    entropy      0.022    │
│ Epoch              2781    Train         417ms  69%    old_kl      -0.000    │
│ Uptime     3m 15s 360ms      Model       417ms  69%    kl          -0.000    │
│ To go      4m 39s 480ms      Misc          0ms   0%    clipfrac     0.000    │
│                                                                              │
│ perf                          0.805   score                         0.609    │
│ episode_return                0.609   episode_length               10.690    │
│ invalids                      0.046                                          │
╰──────────────────────────────────────────────────────────────────────────────╯
╭──────────────────────────────────────────────────────────────────────────────╮
│ PufferLib 5.0  🐡              GPU:  93%   VRAM:   5.3/31G    RAM:  0.5G     │
│                                                                              │
│ Env         connect4cnn    Evaluate      183ms  30%    Losses       0.027    │
│ Params           151.7K      Model        99ms  16%    policy       0.001    │
│ Steps              5.7M      Env          59ms   9%    value        0.005    │
│ SPS               27.0K      Copy         23ms   3%    entropy      0.019    │
│ Epoch              2789    Train         422ms  69%    old_kl      -0.000    │
│ Uptime     3m 15s 966ms      Model       422ms  69%    kl          -0.000    │
│ To go      4m 41s 451ms      Misc          0ms   0%    clipfrac     0.000    │
│                                                                              │
│ perf                          0.811   score                         0.622    │
│ episode_return                0.622   episode_length               10.563    │
│ invalids                      0.039                                          │
╰──────────────────────────────────────────────────────────────────────────────╯
╭──────────────────────────────────────────────────────────────────────────────╮
│ PufferLib 5.0 🐡               GPU:  93%   VRAM:   5.3/31G    RAM:  0.5G     │
│                                                                              │
│ Env         connect4cnn    Evaluate      181ms  30%    Losses       0.028    │
│ Params           151.7K      Model        99ms  16%    policy      -0.000    │
│ Steps              5.7M      Env          59ms   9%    value        0.006    │
│ SPS               27.2K      Copy         21ms   3%    entropy      0.022    │
│ Epoch              2797    Train         421ms  69%    old_kl       0.000    │
│ Uptime     3m 16s 570ms      Model       420ms  69%    kl          -0.000    │
│ To go      4m 39s 221ms      Misc          0ms   0%    clipfrac     0.000    │
│                                                                              │
│ perf                          0.804   score                         0.607    │
│ episode_return                0.607   episode_length               10.649    │
│ invalids                      0.050                                          │
╰──────────────────────────────────────────────────────────────────────────────╯
╭──────────────────────────────────────────────────────────────────────────────╮
│ PufferLib 5.0🐡                GPU:  92%   VRAM:   5.3/31G    RAM:  0.5G     │
│                                                                              │
│ Env         connect4cnn    Evaluate      180ms  29%    Losses       0.029    │
│ Params           151.7K      Model        99ms  16%    policy       0.000    │
│ Steps              5.7M      Env          58ms   9%    value        0.006    │
│ SPS               27.3K      Copy         20ms   3%    entropy      0.020    │
│ Epoch              2805    Train         420ms  70%    old_kl       0.000    │
│ Uptime     3m 17s 171ms      Model       420ms  70%    kl          -0.000    │
│ To go      4m 37s 581ms      Misc          0ms   0%    clipfrac     0.000    │
│                                                                              │
│ perf                          0.824   score                         0.648    │
│ episode_return                0.648   episode_length               10.575    │
│ invalids                      0.034                                          │
╰──────────────────────────────────────────────────────────────────────────────╯
╭──────────────────────────────────────────────────────────────────────────────╮
│ PufferLib 5.0               🐡 GPU:  86%   VRAM:   5.3/31G    RAM:  0.5G     │
│                                                                              │
│ Env         connect4cnn    Evaluate      179ms  29%    Losses       0.032    │
│ Params           151.7K      Model        99ms  16%    policy       0.002    │
│ Steps              5.8M      Env          59ms   9%    value        0.006    │
│ SPS               27.2K      Copy         19ms   3%    entropy      0.026    │
│ Epoch              2813    Train         424ms  70%    old_kl       0.000    │
│ Uptime     3m 17s 774ms      Model       424ms  70%    kl          -0.000    │
│ To go      4m 38s 084ms      Misc          0ms   0%    clipfrac     0.000    │
│                                                                              │
│ perf                          0.819   score                         0.637    │
│ episode_return                0.637   episode_length               10.585    │
│ invalids                      0.055                                          │
╰──────────────────────────────────────────────────────────────────────────────╯
╭──────────────────────────────────────────────────────────────────────────────╮
│ PufferLib 5.0              🐡  GPU:  86%   VRAM:   5.3/31G    RAM:  0.5G     │
│                                                                              │
│ Env         connect4cnn    Evaluate      184ms  30%    Losses       0.032    │
│ Params           151.7K      Model        99ms  16%    policy       0.003    │
│ Steps              5.8M      Env          59ms   9%    value        0.006    │
│ SPS               27.1K      Copy         24ms   3%    entropy      0.021    │
│ Epoch              2821    Train         419ms  69%    old_kl      -0.000    │
│ Uptime     3m 18s 378ms      Model       418ms  69%    kl          -0.000    │
│ To go      4m 37s 772ms      Misc          0ms   0%    clipfrac     0.000    │
│                                                                              │
│ perf                          0.802   score                         0.605    │
│ episode_return                0.605   episode_length               10.682    │
│ invalids                      0.044                                          │
╰──────────────────────────────────────────────────────────────────────────────╯
╭──────────────────────────────────────────────────────────────────────────────╮
│ PufferLib 5.0             🐡   GPU:  92%   VRAM:   5.3/31G    RAM:  0.5G     │
│                                                                              │
│ Env         connect4cnn    Evaluate      182ms  30%    Losses       0.025    │
│ Params           151.7K      Model        99ms  16%    policy      -0.002    │
│ Steps              5.8M      Env          59ms   9%    value        0.005    │
│ SPS               27.2K      Copy         22ms   3%    entropy      0.022    │
│ Epoch              2829    Train         420ms  69%    old_kl       0.000    │
│ Uptime     3m 18s 980ms      Model       420ms  69%    kl          -0.000    │
│ To go      4m 36s 376ms      Misc          0ms   0%    clipfrac     0.000    │
│                                                                              │
│ perf                          0.827   score                         0.654    │
│ episode_return                0.654   episode_length               10.558    │
│ invalids                      0.043                                          │
╰──────────────────────────────────────────────────────────────────────────────╯
╭──────────────────────────────────────────────────────────────────────────────╮
│ PufferLib 5.0            🐡    GPU:  92%   VRAM:   5.3/31G    RAM:  0.5G     │
│                                                                              │
│ Env         connect4cnn    Evaluate      184ms  30%    Losses       0.028    │
│ Params           151.7K      Model        99ms  16%    policy       0.000    │
│ Steps              5.8M      Env          59ms   9%    value        0.006    │
│ SPS               27.2K      Copy         21ms   3%    entropy      0.022    │
│ Epoch              2837    Train         417ms  69%    old_kl      -0.000    │
│ Uptime     3m 19s 583ms      Model       417ms  69%    kl          -0.000    │
│ To go      4m 35s 831ms      Misc          0ms   0%    clipfrac     0.000    │
│                                                                              │
│ perf                          0.816   score                         0.632    │
│ episode_return                0.632   episode_length               10.588    │
│ invalids                      0.035                                          │
╰──────────────────────────────────────────────────────────────────────────────╯
╭──────────────────────────────────────────────────────────────────────────────╮
│ PufferLib 5.0           🐡     GPU:  93%   VRAM:   5.3/31G    RAM:  0.5G     │
│                                                                              │
│ Env         connect4cnn    Evaluate      180ms  29%    Losses       0.027    │
│ Params           151.7K      Model        99ms  16%    policy      -0.000    │
│ Steps              5.8M      Env          58ms   9%    value        0.005    │
│ SPS               27.2K      Copy         20ms   3%    entropy      0.019    │
│ Epoch              2845    Train         422ms  70%    old_kl      -0.000    │
│ Uptime     3m 20s 185ms      Model       422ms  70%    kl          -0.000    │
│ To go      4m 35s 276ms      Misc          0ms   0%    clipfrac     0.000    │
│                                                                              │
│ perf                          0.815   score                         0.630    │
│ episode_return                0.630   episode_length               10.591    │
│ invalids                      0.043                                          │
╰──────────────────────────────────────────────────────────────────────────────╯
╭──────────────────────────────────────────────────────────────────────────────╮
│ PufferLib 5.0          🐡      GPU:  89%   VRAM:   5.3/31G    RAM:  0.5G     │
│                                                                              │
│ Env         connect4cnn    Evaluate      179ms  29%    Losses       0.027    │
│ Params           151.7K      Model        99ms  16%    policy      -0.002    │
│ Steps              5.8M      Env          59ms   9%    value        0.006    │
│ SPS               27.1K      Copy         20ms   3%    entropy      0.021    │
│ Epoch              2853    Train         425ms  70%    old_kl      -0.000    │
│ Uptime     3m 20s 791ms      Model       425ms  70%    kl          -0.000    │
│ To go      4m 35s 962ms      Misc          0ms   0%    clipfrac     0.000    │
│                                                                              │
│ perf                          0.808   score                         0.616    │
│ episode_return                0.616   episode_length               10.625    │
│ invalids                      0.047                                          │
╰──────────────────────────────────────────────────────────────────────────────╯
╭──────────────────────────────────────────────────────────────────────────────╮
│ PufferLib 5.0         🐡       GPU:  89%   VRAM:   5.3/31G    RAM:  0.5G     │
│                                                                              │
│ Env         connect4cnn    Evaluate      176ms  29%    Losses       0.029    │
│ Params           151.7K      Model        99ms  16%    policy       0.000    │
│ Steps              5.9M      Env          59ms   9%    value        0.006    │
│ SPS               27.0K      Copy         16ms   2%    entropy      0.024    │
│ Epoch              2861    Train         429ms  70%    old_kl       0.000    │
│ Uptime     3m 21s 397ms      Model       429ms  70%    kl          -0.000    │
│ To go      4m 35s 906ms      Misc          0ms   0%    clipfrac     0.000    │
│                                                                              │
│ perf                          0.811   score                         0.623    │
│ episode_return                0.623   episode_length               10.650    │
│ invalids                      0.048                                          │
╰──────────────────────────────────────────────────────────────────────────────╯
╭──────────────────────────────────────────────────────────────────────────────╮
│ PufferLib 5.0        🐡        GPU:  86%   VRAM:   5.3/31G    RAM:  0.5G     │
│                                                                              │
│ Env         connect4cnn    Evaluate      179ms  29%    Losses       0.029    │
│ Params           151.7K      Model        99ms  16%    policy      -0.000    │
│ Steps              5.9M      Env          59ms   9%    value        0.006    │
│ SPS               27.1K      Copy         19ms   3%    entropy      0.022    │
│ Epoch              2869    Train         425ms  70%    old_kl       0.000    │
│ Uptime     3m 22s 002ms      Model       425ms  70%    kl          -0.000    │
│ To go      4m 34s 368ms      Misc          0ms   0%    clipfrac     0.000    │
│                                                                              │
│ perf                          0.818   score                         0.636    │
│ episode_return                0.636   episode_length               10.602    │
│ invalids                      0.050                                          │
╰──────────────────────────────────────────────────────────────────────────────╯
╭──────────────────────────────────────────────────────────────────────────────╮
│ PufferLib 5.0       🐡         GPU:  86%   VRAM:   5.3/31G    RAM:  0.5G     │
│                                                                              │
│ Env         connect4cnn    Evaluate      180ms  29%    Losses       0.031    │
│ Params           151.7K      Model        99ms  16%    policy       0.002    │
│ Steps              5.9M      Env          58ms   9%    value        0.006    │
│ SPS               27.1K      Copy         20ms   3%    entropy      0.020    │
│ Epoch              2877    Train         424ms  70%    old_kl      -0.000    │
│ Uptime     3m 22s 607ms      Model       424ms  70%    kl          -0.000    │
│ To go      4m 33s 998ms      Misc          0ms   0%    clipfrac     0.000    │
│                                                                              │
│ perf                          0.821   score                         0.642    │
│ episode_return                0.642   episode_length               10.535    │
│ invalids                      0.044                                          │
╰──────────────────────────────────────────────────────────────────────────────╯
╭──────────────────────────────────────────────────────────────────────────────╮
│ PufferLib 5.0      🐡          GPU:  91%   VRAM:   5.3/31G    RAM:  0.5G     │
│                                                                              │
│ Env         connect4cnn    Evaluate      182ms  30%    Losses       0.031    │
│ Params           151.7K      Model        99ms  16%    policy       0.002    │
│ Steps              5.9M      Env          60ms   9%    value        0.006    │
│ SPS               27.0K      Copy         17ms   2%    entropy      0.014    │
│ Epoch              2885    Train         423ms  69%    old_kl       0.000    │
│ Uptime     3m 23s 213ms      Model       422ms  69%    kl          -0.000    │
│ To go      4m 34s 051ms      Misc          0ms   0%    clipfrac     0.000    │
│                                                                              │
│ perf                          0.818   score                         0.637    │
│ episode_return                0.637   episode_length               10.551    │
│ invalids                      0.029                                          │
╰──────────────────────────────────────────────────────────────────────────────╯
╭──────────────────────────────────────────────────────────────────────────────╮
│ PufferLib 5.0     🐡           GPU:  93%   VRAM:   5.3/31G    RAM:  0.5G     │
│                                                                              │
│ Env         connect4cnn    Evaluate      205ms  30%    Losses       0.027    │
│ Params           151.7K      Model       112ms  16%    policy       0.000    │
│ Steps              5.9M      Env          67ms   9%    value        0.005    │
│ SPS               27.2K      Copy         21ms   3%    entropy      0.017    │
│ Epoch              2894    Train         471ms  69%    old_kl      -0.000    │
│ Uptime     3m 23s 891ms      Model       471ms  69%    kl          -0.000    │
│ To go      4m 31s 445ms      Misc          0ms   0%    clipfrac     0.000    │
│                                                                              │
│ perf                          0.822   score                         0.644    │
│ episode_return                0.644   episode_length               10.624    │
│ invalids                      0.042                                          │
╰──────────────────────────────────────────────────────────────────────────────╯
╭──────────────────────────────────────────────────────────────────────────────╮
│ PufferLib 5.0    🐡            GPU:  93%   VRAM:   5.3/31G    RAM:  0.5G     │
│                                                                              │
│ Env         connect4cnn    Evaluate      180ms  29%    Losses       0.028    │
│ Params           151.7K      Model        99ms  16%    policy       0.001    │
│ Steps              5.9M      Env          60ms   9%    value        0.005    │
│ SPS               26.9K      Copy         19ms   3%    entropy      0.021    │
│ Epoch              2902    Train         429ms  70%    old_kl       0.000    │
│ Uptime     3m 24s 500ms      Model       429ms  70%    kl          -0.000    │
│ To go      4m 34s 187ms      Misc          0ms   0%    clipfrac     0.000    │
│                                                                              │
│ perf                          0.814   score                         0.628    │
│ episode_return                0.628   episode_length               10.616    │
│ invalids                      0.051                                          │
╰──────────────────────────────────────────────────────────────────────────────╯
╭──────────────────────────────────────────────────────────────────────────────╮
│ PufferLib 5.0   🐡             GPU:  93%   VRAM:   5.3/31G    RAM:  0.5G     │
│                                                                              │
│ Env         connect4cnn    Evaluate      181ms  29%    Losses       0.030    │
│ Params           151.7K      Model        99ms  16%    policy       0.004    │
│ Steps              6.0M      Env          60ms   9%    value        0.005    │
│ SPS               26.9K      Copy         18ms   2%    entropy      0.020    │
│ Epoch              2910    Train         428ms  70%    old_kl      -0.000    │
│ Uptime     3m 25s 110ms      Model       428ms  70%    kl          -0.000    │
│ To go      4m 33s 549ms      Misc          0ms   0%    clipfrac     0.000    │
│                                                                              │
│ perf                          0.817   score                         0.633    │
│ episode_return                0.633   episode_length               10.659    │
│ invalids                      0.034                                          │
╰──────────────────────────────────────────────────────────────────────────────╯
╭──────────────────────────────────────────────────────────────────────────────╮
│ PufferLib 5.0  🐡              GPU:  89%   VRAM:   5.3/31G    RAM:  0.5G     │
│                                                                              │
│ Env         connect4cnn    Evaluate      177ms  29%    Losses       0.028    │
│ Params           151.7K      Model        99ms  16%    policy       0.000    │
│ Steps              6.0M      Env          58ms   9%    value        0.006    │
│ SPS               27.2K      Copy         17ms   2%    entropy      0.018    │
│ Epoch              2918    Train         426ms  70%    old_kl       0.000    │
│ Uptime     3m 25s 713ms      Model       426ms  70%    kl          -0.000    │
│ To go      4m 29s 997ms      Misc          0ms   0%    clipfrac     0.000    │
│                                                                              │
│ perf                          0.824   score                         0.648    │
│ episode_return                0.648   episode_length               10.564    │
│ invalids                      0.052                                          │
╰──────────────────────────────────────────────────────────────────────────────╯
╭──────────────────────────────────────────────────────────────────────────────╮
│ PufferLib 5.0 🐡               GPU:  89%   VRAM:   5.3/31G    RAM:  0.5G     │
│                                                                              │
│ Env         connect4cnn    Evaluate      176ms  29%    Losses       0.023    │
│ Params           151.7K      Model        99ms  16%    policy      -0.002    │
│ Steps              6.0M      Env          58ms   9%    value        0.005    │
│ SPS               27.1K      Copy         16ms   2%    entropy      0.019    │
│ Epoch              2926    Train         428ms  70%    old_kl      -0.000    │
│ Uptime     3m 26s 318ms      Model       427ms  70%    kl          -0.000    │
│ To go      4m 30s 431ms      Misc          0ms   0%    clipfrac     0.000    │
│                                                                              │
│ perf                          0.829   score                         0.658    │
│ episode_return                0.658   episode_length               10.630    │
│ invalids                      0.048                                          │
╰──────────────────────────────────────────────────────────────────────────────╯
╭──────────────────────────────────────────────────────────────────────────────╮
│ PufferLib 5.0🐡                GPU:  87%   VRAM:   5.3/31G    RAM:  0.5G     │
│                                                                              │
│ Env         connect4cnn    Evaluate      177ms  29%    Losses       0.026    │
│ Params           151.7K      Model        99ms  16%    policy      -0.001    │
│ Steps              6.0M      Env          59ms   9%    value        0.005    │
│ SPS               27.2K      Copy         17ms   2%    entropy      0.020    │
│ Epoch              2934    Train         424ms  70%    old_kl       0.000    │
│ Uptime     3m 26s 920ms      Model       424ms  70%    kl          -0.000    │
│ To go      4m 28s 438ms      Misc          0ms   0%    clipfrac     0.000    │
│                                                                              │
│ perf                          0.827   score                         0.654    │
│ episode_return                0.654   episode_length               10.640    │
│ invalids                      0.049                                          │
╰──────────────────────────────────────────────────────────────────────────────╯
╭──────────────────────────────────────────────────────────────────────────────╮
│ PufferLib 5.0               🐡 GPU:  87%   VRAM:   5.3/31G    RAM:  0.5G     │
│                                                                              │
│ Env         connect4cnn    Evaluate      180ms  30%    Losses       0.026    │
│ Params           151.7K      Model        99ms  16%    policy      -0.001    │
│ Steps              6.0M      Env          59ms   9%    value        0.005    │
│ SPS               27.2K      Copy         20ms   3%    entropy      0.024    │
│ Epoch              2942    Train         420ms  69%    old_kl       0.000    │
│ Uptime     3m 27s 522ms      Model       420ms  69%    kl          -0.000    │
│ To go      4m 27s 738ms      Misc          0ms   0%    clipfrac     0.000    │
│                                                                              │
│ perf                          0.799   score                         0.598    │
│ episode_return                0.598   episode_length               10.749    │
│ invalids                      0.046                                          │
╰──────────────────────────────────────────────────────────────────────────────╯
╭──────────────────────────────────────────────────────────────────────────────╮
│ PufferLib 5.0              🐡  GPU:  93%   VRAM:   5.3/31G    RAM:  0.5G     │
│                                                                              │
│ Env         connect4cnn    Evaluate      183ms  30%    Losses       0.031    │
│ Params           151.7K      Model        99ms  16%    policy       0.001    │
│ Steps              6.0M      Env          61ms  10%    value        0.006    │
│ SPS               27.0K      Copy         20ms   3%    entropy      0.021    │
│ Epoch              2950    Train         424ms  69%    old_kl       0.000    │
│ Uptime     3m 28s 130ms      Model       424ms  69%    kl          -0.000    │
│ To go      4m 29s 577ms      Misc          0ms   0%    clipfrac     0.000    │
│                                                                              │
│ perf                          0.809   score                         0.618    │
│ episode_return                0.618   episode_length               10.506    │
│ invalids                      0.039                                          │
╰──────────────────────────────────────────────────────────────────────────────╯
╭──────────────────────────────────────────────────────────────────────────────╮
│ PufferLib 5.0             🐡   GPU:  92%   VRAM:   5.3/31G    RAM:  0.5G     │
│                                                                              │
│ Env         connect4cnn    Evaluate      182ms  30%    Losses       0.026    │
│ Params           151.7K      Model        99ms  16%    policy       0.000    │
│ Steps              6.1M      Env          59ms   9%    value        0.005    │
│ SPS               27.1K      Copy         21ms   3%    entropy      0.019    │
│ Epoch              2958    Train         423ms  69%    old_kl       0.000    │
│ Uptime     3m 28s 735ms      Model       423ms  69%    kl          -0.000    │
│ To go      4m 27s 926ms      Misc          0ms   0%    clipfrac     0.000    │
│                                                                              │
│ perf                          0.838   score                         0.677    │
│ episode_return                0.677   episode_length               10.579    │
│ invalids                      0.033                                          │
╰──────────────────────────────────────────────────────────────────────────────╯
╭──────────────────────────────────────────────────────────────────────────────╮
│ PufferLib 5.0            🐡    GPU:  92%   VRAM:   5.3/31G    RAM:  0.5G     │
│                                                                              │
│ Env         connect4cnn    Evaluate      181ms  30%    Losses       0.026    │
│ Params           151.7K      Model        99ms  16%    policy      -0.000    │
│ Steps              6.1M      Env          59ms   9%    value        0.005    │
│ SPS               27.1K      Copy         21ms   3%    entropy      0.019    │
│ Epoch              2966    Train         423ms  69%    old_kl       0.000    │
│ Uptime     3m 29s 340ms      Model       423ms  69%    kl          -0.000    │
│ To go      4m 27s 108ms      Misc          0ms   0%    clipfrac     0.000    │
│                                                                              │
│ perf                          0.821   score                         0.643    │
│ episode_return                0.643   episode_length               10.575    │
│ invalids                      0.046                                          │
╰──────────────────────────────────────────────────────────────────────────────╯
╭──────────────────────────────────────────────────────────────────────────────╮
│ PufferLib 5.0           🐡     GPU:  91%   VRAM:   5.3/31G    RAM:  0.5G     │
│                                                                              │
│ Env         connect4cnn    Evaluate      184ms  30%    Losses       0.027    │
│ Params           151.7K      Model        99ms  16%    policy       0.001    │
│ Steps              6.1M      Env          59ms   9%    value        0.005    │
│ SPS               27.1K      Copy         22ms   3%    entropy      0.016    │
│ Epoch              2974    Train         420ms  69%    old_kl      -0.000    │
│ Uptime     3m 29s 944ms      Model       419ms  69%    kl          -0.000    │
│ To go      4m 26s 319ms      Misc          0ms   0%    clipfrac     0.000    │
│                                                                              │
│ perf                          0.827   score                         0.653    │
│ episode_return                0.653   episode_length               10.517    │
│ invalids                      0.044                                          │
╰──────────────────────────────────────────────────────────────────────────────╯
╭──────────────────────────────────────────────────────────────────────────────╮
│ PufferLib 5.0          🐡      GPU:  91%   VRAM:   5.3/31G    RAM:  0.5G     │
│                                                                              │
│ Env         connect4cnn    Evaluate      179ms  29%    Losses       0.029    │
│ Params           151.7K      Model        99ms  16%    policy       0.000    │
│ Steps              6.1M      Env          59ms   9%    value        0.006    │
│ SPS               27.2K      Copy         18ms   3%    entropy      0.018    │
│ Epoch              2982    Train         423ms  70%    old_kl       0.000    │
│ Uptime     3m 30s 546ms      Model       422ms  70%    kl          -0.000    │
│ To go      4m 24s 869ms      Misc          0ms   0%    clipfrac     0.000    │
│                                                                              │
│ perf                          0.809   score                         0.617    │
│ episode_return                0.617   episode_length               10.648    │
│ invalids                      0.047                                          │
╰──────────────────────────────────────────────────────────────────────────────╯
╭──────────────────────────────────────────────────────────────────────────────╮
│ PufferLib 5.0         🐡       GPU:  86%   VRAM:   5.3/31G    RAM:  0.5G     │
│                                                                              │
│ Env         connect4cnn    Evaluate      178ms  29%    Losses       0.025    │
│ Params           151.7K      Model        99ms  16%    policy      -0.001    │
│ Steps              6.1M      Env          59ms   9%    value        0.005    │
│ SPS               27.0K      Copy         18ms   2%    entropy      0.017    │
│ Epoch              2990    Train         428ms  70%    old_kl      -0.000    │
│ Uptime     3m 31s 153ms      Model       428ms  70%    kl          -0.000    │
│ To go      4m 26s 203ms      Misc          0ms   0%    clipfrac     0.000    │
│                                                                              │
│ perf                          0.811   score                         0.621    │
│ episode_return                0.621   episode_length               10.686    │
│ invalids                      0.045                                          │
╰──────────────────────────────────────────────────────────────────────────────╯
╭──────────────────────────────────────────────────────────────────────────────╮
│ PufferLib 5.0        🐡        GPU:  90%   VRAM:   5.3/31G    RAM:  0.5G     │
│                                                                              │
│ Env         connect4cnn    Evaluate      184ms  30%    Losses       0.027    │
│ Params           151.7K      Model        99ms  16%    policy      -0.001    │
│ Steps              6.1M      Env          61ms  10%    value        0.006    │
│ SPS               26.7K      Copy         20ms   3%    entropy      0.019    │
│ Epoch              2998    Train         428ms  69%    old_kl      -0.000    │
│ Uptime     3m 31s 766ms      Model       428ms  69%    kl          -0.000    │
│ To go      4m 28s 357ms      Misc          0ms   0%    clipfrac     0.000    │
│                                                                              │
│ perf                          0.798   score                         0.596    │
│ episode_return                0.596   episode_length               10.766    │
│ invalids                      0.057                                          │
╰──────────────────────────────────────────────────────────────────────────────╯
╭──────────────────────────────────────────────────────────────────────────────╮
│ PufferLib 5.0       🐡         GPU:  90%   VRAM:   5.3/31G    RAM:  0.5G     │
│                                                                              │
│ Env         connect4cnn    Evaluate      176ms  29%    Losses       0.023    │
│ Params           151.7K      Model        99ms  16%    policy      -0.003    │
│ Steps              6.2M      Env          58ms   9%    value        0.005    │
│ SPS               27.2K      Copy         16ms   2%    entropy      0.014    │
│ Epoch              3006    Train         425ms  70%    old_kl       0.000    │
│ Uptime     3m 32s 368ms      Model       424ms  70%    kl          -0.000    │
│ To go      4m 22s 894ms      Misc          0ms   0%    clipfrac     0.000    │
│                                                                              │
│ perf                          0.829   score                         0.658    │
│ episode_return                0.658   episode_length               10.612    │
│ invalids                      0.039                                          │
╰──────────────────────────────────────────────────────────────────────────────╯
╭──────────────────────────────────────────────────────────────────────────────╮
│ PufferLib 5.0      🐡          GPU:  93%   VRAM:   5.3/31G    RAM:  0.5G     │
│                                                                              │
│ Env         connect4cnn    Evaluate      177ms  29%    Losses       0.030    │
│ Params           151.7K      Model        99ms  16%    policy       0.001    │
│ Steps              6.2M      Env          59ms   9%    value        0.006    │
│ SPS               27.2K      Copy         18ms   2%    entropy      0.017    │
│ Epoch              3014    Train         426ms  70%    old_kl       0.000    │
│ Uptime     3m 32s 971ms      Model       425ms  70%    kl          -0.000    │
│ To go      4m 22s 750ms      Misc          0ms   0%    clipfrac     0.000    │
│                                                                              │
│ perf                          0.793   score                         0.586    │
│ episode_return                0.586   episode_length               10.699    │
│ invalids                      0.055                                          │
╰──────────────────────────────────────────────────────────────────────────────╯
╭──────────────────────────────────────────────────────────────────────────────╮
│ PufferLib 5.0     🐡           GPU:  93%   VRAM:   5.3/31G    RAM:  0.5G     │
│                                                                              │
│ Env         connect4cnn    Evaluate      178ms  29%    Losses       0.031    │
│ Params           151.7K      Model        99ms  16%    policy       0.001    │
│ Steps              6.2M      Env          59ms   9%    value        0.006    │
│ SPS               27.2K      Copy         19ms   3%    entropy      0.016    │
│ Epoch              3022    Train         423ms  70%    old_kl       0.000    │
│ Uptime     3m 33s 573ms      Model       423ms  70%    kl          -0.000    │
│ To go      4m 21s 733ms      Misc          0ms   0%    clipfrac     0.000    │
│                                                                              │
│ perf                          0.815   score                         0.631    │
│ episode_return                0.631   episode_length               10.567    │
│ invalids                      0.055                                          │
╰──────────────────────────────────────────────────────────────────────────────╯
╭──────────────────────────────────────────────────────────────────────────────╮
│ PufferLib 5.0    🐡            GPU:  92%   VRAM:   5.3/31G    RAM:  0.5G     │
│                                                                              │
│ Env         connect4cnn    Evaluate      180ms  29%    Losses       0.028    │
│ Params           151.7K      Model        99ms  16%    policy       0.002    │
│ Steps              6.2M      Env          59ms   9%    value        0.005    │
│ SPS               27.2K      Copy         20ms   3%    entropy      0.015    │
│ Epoch              3030    Train         421ms  70%    old_kl      -0.000    │
│ Uptime     3m 34s 175ms      Model       421ms  70%    kl          -0.000    │
│ To go      4m 20s 930ms      Misc          0ms   0%    clipfrac     0.000    │
│                                                                              │
│ perf                          0.814   score                         0.628    │
│ episode_return                0.628   episode_length               10.667    │
│ invalids                      0.043                                          │
╰──────────────────────────────────────────────────────────────────────────────╯
╭──────────────────────────────────────────────────────────────────────────────╮
│ PufferLib 5.0   🐡             GPU:  86%   VRAM:   5.3/31G    RAM:  0.5G     │
│                                                                              │
│ Env         connect4cnn    Evaluate      178ms  29%    Losses       0.030    │
│ Params           151.7K      Model        99ms  16%    policy      -0.001    │
│ Steps              6.2M      Env          58ms   9%    value        0.006    │
│ SPS               27.2K      Copy         17ms   2%    entropy      0.017    │
│ Epoch              3038    Train         423ms  70%    old_kl       0.000    │
│ Uptime     3m 34s 777ms      Model       423ms  70%    kl          -0.000    │
│ To go      4m 20s 570ms      Misc          0ms   0%    clipfrac     0.000    │
│                                                                              │
│ perf                          0.808   score                         0.615    │
│ episode_return                0.615   episode_length               10.659    │
│ invalids                      0.042                                          │
╰──────────────────────────────────────────────────────────────────────────────╯
╭──────────────────────────────────────────────────────────────────────────────╮
│ PufferLib 5.0  🐡              GPU:  86%   VRAM:   5.3/31G    RAM:  0.5G     │
│                                                                              │
│ Env         connect4cnn    Evaluate      180ms  30%    Losses       0.027    │
│ Params           151.7K      Model        99ms  16%    policy      -0.000    │
│ Steps              6.2M      Env          58ms   9%    value        0.005    │
│ SPS               27.2K      Copy         20ms   3%    entropy      0.017    │
│ Epoch              3046    Train         421ms  69%    old_kl       0.000    │
│ Uptime     3m 35s 379ms      Model       420ms  69%    kl          -0.000    │
│ To go      4m 19s 971ms      Misc          0ms   0%    clipfrac     0.000    │
│                                                                              │
│ perf                          0.810   score                         0.621    │
│ episode_return                0.621   episode_length               10.634    │
│ invalids                      0.053                                          │
╰──────────────────────────────────────────────────────────────────────────────╯
╭──────────────────────────────────────────────────────────────────────────────╮
│ PufferLib 5.0 🐡               GPU:  91%   VRAM:   5.3/31G    RAM:  0.5G     │
│                                                                              │
│ Env         connect4cnn    Evaluate      178ms  29%    Losses       0.028    │
│ Params           151.7K      Model        99ms  16%    policy       0.003    │
│ Steps              6.3M      Env          58ms   9%    value        0.005    │
│ SPS               26.9K      Copy         18ms   2%    entropy      0.016    │
│ Epoch              3054    Train         429ms  70%    old_kl      -0.000    │
│ Uptime     3m 35s 987ms      Model       429ms  70%    kl          -0.000    │
│ To go      4m 21s 891ms      Misc          0ms   0%    clipfrac     0.000    │
│                                                                              │
│ perf                          0.828   score                         0.656    │
│ episode_return                0.656   episode_length               10.584    │
│ invalids                      0.045                                          │
╰──────────────────────────────────────────────────────────────────────────────╯
╭──────────────────────────────────────────────────────────────────────────────╮
│ PufferLib 5.0🐡                GPU:  91%   VRAM:   5.3/31G    RAM:  0.5G     │
│                                                                              │
│ Env         connect4cnn    Evaluate      179ms  29%    Losses       0.025    │
│ Params           151.7K      Model        99ms  16%    policy      -0.001    │
│ Steps              6.3M      Env          58ms   9%    value        0.005    │
│ SPS               27.1K      Copy         20ms   3%    entropy      0.015    │
│ Epoch              3062    Train         425ms  70%    old_kl      -0.000    │
│ Uptime     3m 36s 592ms      Model       425ms  70%    kl          -0.000    │
│ To go      4m 20s 104ms      Misc          0ms   0%    clipfrac     0.000    │
│                                                                              │
│ perf                          0.812   score                         0.623    │
│ episode_return                0.623   episode_length               10.580    │
│ invalids                      0.038                                          │
╰──────────────────────────────────────────────────────────────────────────────╯
╭──────────────────────────────────────────────────────────────────────────────╮
│ PufferLib 5.0               🐡 GPU:  93%   VRAM:   5.3/31G    RAM:  0.5G     │
│                                                                              │
│ Env         connect4cnn    Evaluate      184ms  30%    Losses       0.027    │
│ Params           151.7K      Model        99ms  16%    policy       0.001    │
│ Steps              6.3M      Env          58ms   9%    value        0.005    │
│ SPS               27.1K      Copy         23ms   3%    entropy      0.019    │
│ Epoch              3070    Train         419ms  69%    old_kl       0.000    │
│ Uptime     3m 37s 196ms      Model       419ms  69%    kl          -0.000    │
│ To go      4m 18s 832ms      Misc          0ms   0%    clipfrac     0.000    │
│                                                                              │
│ perf                          0.805   score                         0.610    │
│ episode_return                0.610   episode_length               10.620    │
│ invalids                      0.049                                          │
╰──────────────────────────────────────────────────────────────────────────────╯
╭──────────────────────────────────────────────────────────────────────────────╮
│ PufferLib 5.0              🐡  GPU:  93%   VRAM:   5.3/31G    RAM:  0.5G     │
│                                                                              │
│ Env         connect4cnn    Evaluate      177ms  29%    Losses       0.024    │
│ Params           151.7K      Model        99ms  16%    policy      -0.001    │
│ Steps              6.3M      Env          58ms   9%    value        0.005    │
│ SPS               27.0K      Copy         17ms   2%    entropy      0.015    │
│ Epoch              3078    Train         429ms  70%    old_kl       0.000    │
│ Uptime     3m 37s 802ms      Model       429ms  70%    kl          -0.000    │
│ To go      4m 19s 429ms      Misc          0ms   0%    clipfrac     0.000    │
│                                                                              │
│ perf                          0.835   score                         0.669    │
│ episode_return                0.669   episode_length               10.475    │
│ invalids                      0.041                                          │
╰──────────────────────────────────────────────────────────────────────────────╯
╭──────────────────────────────────────────────────────────────────────────────╮
│ PufferLib 5.0             🐡   GPU:  93%   VRAM:   5.3/31G    RAM:  0.5G     │
│                                                                              │
│ Env         connect4cnn    Evaluate      176ms  29%    Losses       0.029    │
│ Params           151.7K      Model        99ms  16%    policy       0.001    │
│ Steps              6.3M      Env          58ms   9%    value        0.006    │
│ SPS               27.2K      Copy         15ms   2%    entropy      0.018    │
│ Epoch              3086    Train         425ms  70%    old_kl      -0.000    │
│ Uptime     3m 38s 404ms      Model       425ms  70%    kl          -0.000    │
│ To go      4m 16s 783ms      Misc          0ms   0%    clipfrac     0.000    │
│                                                                              │
│ perf                          0.796   score                         0.592    │
│ episode_return                0.592   episode_length               10.633    │
│ invalids                      0.045                                          │
╰──────────────────────────────────────────────────────────────────────────────╯
╭──────────────────────────────────────────────────────────────────────────────╮
│ PufferLib 5.0            🐡    GPU:  87%   VRAM:   5.3/31G    RAM:  0.5G     │
│                                                                              │
│ Env         connect4cnn    Evaluate      178ms  29%    Losses       0.024    │
│ Params           151.7K      Model        99ms  16%    policy      -0.002    │
│ Steps              6.3M      Env          58ms   9%    value        0.005    │
│ SPS               27.3K      Copy         19ms   3%    entropy      0.019    │
│ Epoch              3094    Train         423ms  70%    old_kl       0.000    │
│ Uptime     3m 39s 005ms      Model       423ms  70%    kl          -0.000    │
│ To go      4m 15s 870ms      Misc          0ms   0%    clipfrac     0.000    │
│                                                                              │
│ perf                          0.815   score                         0.631    │
│ episode_return                0.631   episode_length               10.566    │
│ invalids                      0.045                                          │
╰──────────────────────────────────────────────────────────────────────────────╯
╭──────────────────────────────────────────────────────────────────────────────╮
│ PufferLib 5.0           🐡     GPU:  87%   VRAM:   5.3/31G    RAM:  0.5G     │
│                                                                              │
│ Env         connect4cnn    Evaluate      178ms  29%    Losses       0.023    │
│ Params           151.7K      Model        99ms  16%    policy      -0.003    │
│ Steps              6.4M      Env          58ms   9%    value        0.005    │
│ SPS               27.1K      Copy         17ms   2%    entropy      0.020    │
│ Epoch              3102    Train         427ms  70%    old_kl       0.000    │
│ Uptime     3m 39s 610ms      Model       427ms  70%    kl          -0.000    │
│ To go      4m 17s 111ms      Misc          0ms   0%    clipfrac     0.000    │
│                                                                              │
│ perf                          0.808   score                         0.616    │
│ episode_return                0.616   episode_length               10.690    │
│ invalids                      0.054                                          │
╰──────────────────────────────────────────────────────────────────────────────╯
╭──────────────────────────────────────────────────────────────────────────────╮
│ PufferLib 5.0          🐡      GPU:  90%   VRAM:   5.3/31G    RAM:  0.5G     │
│                                                                              │
│ Env         connect4cnn    Evaluate      178ms  29%    Losses       0.027    │
│ Params           151.7K      Model        99ms  16%    policy      -0.001    │
│ Steps              6.4M      Env          58ms   9%    value        0.006    │
│ SPS               27.0K      Copy         19ms   3%    entropy      0.019    │
│ Epoch              3110    Train         428ms  70%    old_kl       0.000    │
│ Uptime     3m 40s 216ms      Model       428ms  70%    kl          -0.000    │
│ To go      4m 16s 769ms      Misc          0ms   0%    clipfrac     0.000    │
│                                                                              │
│ perf                          0.821   score                         0.643    │
│ episode_return                0.643   episode_length               10.620    │
│ invalids                      0.055                                          │
╰──────────────────────────────────────────────────────────────────────────────╯
╭──────────────────────────────────────────────────────────────────────────────╮
│ PufferLib 5.0         🐡       GPU:  93%   VRAM:   5.3/31G    RAM:  0.5G     │
│                                                                              │
│ Env         connect4cnn    Evaluate      178ms  29%    Losses       0.026    │
│ Params           151.7K      Model        99ms  16%    policy      -0.000    │
│ Steps              6.4M      Env          58ms   9%    value        0.005    │
│ SPS               27.3K      Copy         18ms   3%    entropy      0.018    │
│ Epoch              3118    Train         420ms  70%    old_kl      -0.000    │
│ Uptime     3m 40s 816ms      Model       420ms  70%    kl          -0.000    │
│ To go      4m 13s 669ms      Misc          0ms   0%    clipfrac     0.000    │
│                                                                              │
│ perf                          0.810   score                         0.620    │
│ episode_return                0.620   episode_length               10.679    │
│ invalids                      0.043                                          │
╰──────────────────────────────────────────────────────────────────────────────╯
╭──────────────────────────────────────────────────────────────────────────────╮
│ PufferLib 5.0        🐡        GPU:  93%   VRAM:   5.3/31G    RAM:  0.5G     │
│                                                                              │
│ Env         connect4cnn    Evaluate      182ms  29%    Losses       0.027    │
│ Params           151.7K      Model        99ms  16%    policy       0.002    │
│ Steps              6.4M      Env          59ms   9%    value        0.005    │
│ SPS               27.0K      Copy         21ms   3%    entropy      0.018    │
│ Epoch              3126    Train         425ms  70%    old_kl       0.000    │
│ Uptime     3m 41s 424ms      Model       425ms  70%    kl          -0.000    │
│ To go      4m 16s 166ms      Misc          0ms   0%    clipfrac     0.000    │
│                                                                              │
│ perf                          0.817   score                         0.635    │
│ episode_return                0.635   episode_length               10.637    │
│ invalids                      0.038                                          │
╰──────────────────────────────────────────────────────────────────────────────╯
╭──────────────────────────────────────────────────────────────────────────────╮
│ PufferLib 5.0       🐡         GPU:  93%   VRAM:   5.3/31G    RAM:  0.5G     │
│                                                                              │
│ Env         connect4cnn    Evaluate      178ms  29%    Losses       0.024    │
│ Params           151.7K      Model        99ms  16%    policy      -0.004    │
│ Steps              6.4M      Env          58ms   9%    value        0.006    │
│ SPS               27.1K      Copy         18ms   2%    entropy      0.018    │
│ Epoch              3134    Train         425ms  70%    old_kl      -0.000    │
│ Uptime     3m 42s 028ms      Model       425ms  70%    kl          -0.000    │
│ To go      4m 14s 190ms      Misc          0ms   0%    clipfrac     0.000    │
│                                                                              │
│ perf                          0.815   score                         0.630    │
│ episode_return                0.630   episode_length               10.642    │
│ invalids                      0.035                                          │
╰──────────────────────────────────────────────────────────────────────────────╯
╭──────────────────────────────────────────────────────────────────────────────╮
│ PufferLib 5.0      🐡          GPU:  93%   VRAM:   5.3/31G    RAM:  0.5G     │
│                                                                              │
│ Env         connect4cnn    Evaluate      179ms  29%    Losses       0.025    │
│ Params           151.7K      Model        99ms  16%    policy      -0.000    │
│ Steps              6.4M      Env          58ms   9%    value        0.005    │
│ SPS               27.2K      Copy         17ms   2%    entropy      0.019    │
│ Epoch              3142    Train         423ms  70%    old_kl       0.000    │
│ Uptime     3m 42s 630ms      Model       423ms  70%    kl          -0.000    │
│ To go      4m 12s 719ms      Misc          0ms   0%    clipfrac     0.000    │
│                                                                              │
│ perf                          0.819   score                         0.639    │
│ episode_return                0.639   episode_length               10.601    │
│ invalids                      0.045                                          │
╰──────────────────────────────────────────────────────────────────────────────╯
╭──────────────────────────────────────────────────────────────────────────────╮
│ PufferLib 5.0     🐡           GPU:  87%   VRAM:   5.3/31G    RAM:  0.5G     │
│                                                                              │
│ Env         connect4cnn    Evaluate      206ms  30%    Losses       0.025    │
│ Params           151.7K      Model       112ms  16%    policy      -0.002    │
│ Steps              6.5M      Env          66ms   9%    value        0.005    │
│ SPS               27.4K      Copy         24ms   3%    entropy      0.019    │
│ Epoch              3151    Train         465ms  69%    old_kl       0.000    │
│ Uptime     3m 43s 302ms      Model       465ms  69%    kl          -0.000    │
│ To go      4m 09s 967ms      Misc          0ms   0%    clipfrac     0.000    │
│                                                                              │
│ perf                          0.800   score                         0.601    │
│ episode_return                0.601   episode_length               10.754    │
│ invalids                      0.051                                          │
╰──────────────────────────────────────────────────────────────────────────────╯
╭──────────────────────────────────────────────────────────────────────────────╮
│ PufferLib 5.0    🐡            GPU:  93%   VRAM:   5.3/31G    RAM:  0.5G     │
│                                                                              │
│ Env         connect4cnn    Evaluate      202ms  30%    Losses       0.025    │
│ Params           151.7K      Model       112ms  16%    policy      -0.003    │
│ Steps              6.5M      Env          66ms   9%    value        0.006    │
│ SPS               27.3K      Copy         19ms   2%    entropy      0.016    │
│ Epoch              3160    Train         471ms  69%    old_kl       0.000    │
│ Uptime     3m 43s 976ms      Model       471ms  69%    kl          -0.000    │
│ To go      4m 10s 288ms      Misc          0ms   0%    clipfrac     0.000    │
│                                                                              │
│ perf                          0.824   score                         0.648    │
│ episode_return                0.648   episode_length               10.638    │
│ invalids                      0.038                                          │
╰──────────────────────────────────────────────────────────────────────────────╯
╭──────────────────────────────────────────────────────────────────────────────╮
│ PufferLib 5.0   🐡             GPU:  93%   VRAM:   5.3/31G    RAM:  0.5G     │
│                                                                              │
│ Env         connect4cnn    Evaluate      179ms  29%    Losses       0.031    │
│ Params           151.7K      Model        99ms  16%    policy       0.004    │
│ Steps              6.5M      Env          58ms   9%    value        0.006    │
│ SPS               27.1K      Copy         18ms   2%    entropy      0.017    │
│ Epoch              3168    Train         425ms  70%    old_kl       0.000    │
│ Uptime     3m 44s 581ms      Model       425ms  70%    kl          -0.000    │
│ To go      4m 11s 793ms      Misc          0ms   0%    clipfrac     0.000    │
│                                                                              │
│ perf                          0.806   score                         0.613    │
│ episode_return                0.613   episode_length               10.654    │
│ invalids                      0.047                                          │
╰──────────────────────────────────────────────────────────────────────────────╯
╭──────────────────────────────────────────────────────────────────────────────╮
│ PufferLib 5.0  🐡              GPU:  94%   VRAM:   5.3/31G    RAM:  0.5G     │
│                                                                              │
│ Env         connect4cnn    Evaluate      203ms  30%    Losses       0.025    │
│ Params           151.7K      Model       112ms  16%    policy      -0.002    │
│ Steps              6.5M      Env          66ms   9%    value        0.005    │
│ SPS               27.3K      Copy         22ms   3%    entropy      0.017    │
│ Epoch              3177    Train         469ms  69%    old_kl      -0.000    │
│ Uptime     3m 45s 255ms      Model       469ms  69%    kl          -0.000    │
│ To go      4m 08s 952ms      Misc          0ms   0%    clipfrac     0.000    │
│                                                                              │
│ perf                          0.829   score                         0.658    │
│ episode_return                0.658   episode_length               10.601    │
│ invalids                      0.041                                          │
╰──────────────────────────────────────────────────────────────────────────────╯
╭──────────────────────────────────────────────────────────────────────────────╮
│ PufferLib 5.0 🐡               GPU:  88%   VRAM:   5.3/31G    RAM:  0.5G     │
│                                                                              │
│ Env         connect4cnn    Evaluate      209ms  31%    Losses       0.029    │
│ Params           151.7K      Model       112ms  16%    policy       0.001    │
│ Steps              6.5M      Env          66ms   9%    value        0.006    │
│ SPS               27.3K      Copy         28ms   4%    entropy      0.018    │
│ Epoch              3186    Train         465ms  68%    old_kl      -0.000    │
│ Uptime     3m 45s 929ms      Model       465ms  68%    kl          -0.000    │
│ To go      4m 08s 430ms      Misc          0ms   0%    clipfrac     0.000    │
│                                                                              │
│ perf                          0.814   score                         0.627    │
│ episode_return                0.627   episode_length               10.644    │
│ invalids                      0.046                                          │
╰──────────────────────────────────────────────────────────────────────────────╯
╭──────────────────────────────────────────────────────────────────────────────╮
│ PufferLib 5.0🐡                GPU:  88%   VRAM:   5.3/31G    RAM:  0.5G     │
│                                                                              │
│ Env         connect4cnn    Evaluate      206ms  30%    Losses       0.026    │
│ Params           151.7K      Model       112ms  16%    policy      -0.000    │
│ Steps              6.5M      Env          66ms   9%    value        0.005    │
│ SPS               27.4K      Copy         26ms   3%    entropy      0.017    │
│ Epoch              3195    Train         467ms  69%    old_kl       0.000    │
│ Uptime     3m 46s 603ms      Model       467ms  69%    kl          -0.000    │
│ To go      4m 07s 416ms      Misc          0ms   0%    clipfrac     0.000    │
│                                                                              │
│ perf                          0.817   score                         0.634    │
│ episode_return                0.634   episode_length               10.590    │
│ invalids                      0.042                                          │
╰──────────────────────────────────────────────────────────────────────────────╯
╭──────────────────────────────────────────────────────────────────────────────╮
│ PufferLib 5.0               🐡 GPU:  92%   VRAM:   5.3/31G    RAM:  0.5G     │
│                                                                              │
│ Env         connect4cnn    Evaluate      202ms  30%    Losses       0.027    │
│ Params           151.7K      Model       112ms  16%    policy       0.001    │
│ Steps              6.6M      Env          66ms   9%    value        0.005    │
│ SPS               27.4K      Copy         21ms   3%    entropy      0.019    │
│ Epoch              3204    Train         470ms  69%    old_kl       0.000    │
│ Uptime     3m 47s 276ms      Model       470ms  69%    kl          -0.000    │
│ To go      4m 06s 473ms      Misc          0ms   0%    clipfrac     0.000    │
│                                                                              │
│ perf                          0.823   score                         0.646    │
│ episode_return                0.646   episode_length               10.658    │
│ invalids                      0.050                                          │
╰──────────────────────────────────────────────────────────────────────────────╯
╭──────────────────────────────────────────────────────────────────────────────╮
│ PufferLib 5.0              🐡  GPU:  94%   VRAM:   5.3/31G    RAM:  0.5G     │
│                                                                              │
│ Env         connect4cnn    Evaluate      200ms  29%    Losses       0.025    │
│ Params           151.7K      Model       112ms  16%    policy      -0.002    │
│ Steps              6.6M      Env          66ms   9%    value        0.005    │
│ SPS               27.2K      Copy         20ms   2%    entropy      0.019    │
│ Epoch              3213    Train         477ms  70%    old_kl       0.000    │
│ Uptime     3m 47s 954ms      Model       477ms  70%    kl          -0.000    │
│ To go      4m 07s 643ms      Misc          0ms   0%    clipfrac     0.000    │
│                                                                              │
│ perf                          0.812   score                         0.623    │
│ episode_return                0.623   episode_length               10.661    │
│ invalids                      0.045                                          │
╰──────────────────────────────────────────────────────────────────────────────╯
╭──────────────────────────────────────────────────────────────────────────────╮
│ PufferLib 5.0             🐡   GPU:  94%   VRAM:   5.3/31G    RAM:  0.5G     │
│                                                                              │
│ Env         connect4cnn    Evaluate      181ms  29%    Losses       0.029    │
│ Params           151.7K      Model        99ms  16%    policy       0.002    │
│ Steps              6.6M      Env          59ms   9%    value        0.005    │
│ SPS               27.1K      Copy         21ms   3%    entropy      0.018    │
│ Epoch              3221    Train         422ms  70%    old_kl       0.000    │
│ Uptime     3m 48s 558ms      Model       422ms  70%    kl          -0.000    │
│ To go      4m 07s 466ms      Misc          0ms   0%    clipfrac     0.000    │
│                                                                              │
│ perf                          0.824   score                         0.648    │
│ episode_return                0.648   episode_length               10.652    │
│ invalids                      0.041                                          │
╰──────────────────────────────────────────────────────────────────────────────╯
╭──────────────────────────────────────────────────────────────────────────────╮
│ PufferLib 5.0            🐡    GPU:  88%   VRAM:   5.3/31G    RAM:  0.5G     │
│                                                                              │
│ Env         connect4cnn    Evaluate      181ms  30%    Losses       0.029    │
│ Params           151.7K      Model        99ms  16%    policy       0.004    │
│ Steps              6.6M      Env          59ms   9%    value        0.005    │
│ SPS               27.2K      Copy         20ms   3%    entropy      0.018    │
│ Epoch              3229    Train         420ms  69%    old_kl      -0.000    │
│ Uptime     3m 49s 160ms      Model       419ms  69%    kl          -0.000    │
│ To go      4m 05s 978ms      Misc          0ms   0%    clipfrac     0.000    │
│                                                                              │
│ perf                          0.817   score                         0.635    │
│ episode_return                0.635   episode_length               10.662    │
│ invalids                      0.047                                          │
╰──────────────────────────────────────────────────────────────────────────────╯
╭──────────────────────────────────────────────────────────────────────────────╮
│ PufferLib 5.0           🐡     GPU:  89%   VRAM:   5.3/31G    RAM:  0.5G     │
│                                                                              │
│ Env         connect4cnn    Evaluate      180ms  29%    Losses       0.026    │
│ Params           151.7K      Model        99ms  16%    policy       0.000    │
│ Steps              6.6M      Env          59ms   9%    value        0.005    │
│ SPS               27.1K      Copy         19ms   3%    entropy      0.019    │
│ Epoch              3237    Train         425ms  70%    old_kl       0.000    │
│ Uptime     3m 49s 765ms      Model       425ms  70%    kl          -0.000    │
│ To go      4m 06s 821ms      Misc          0ms   0%    clipfrac     0.000    │
│                                                                              │
│ perf                          0.825   score                         0.651    │
│ episode_return                0.651   episode_length               10.652    │
│ invalids                      0.047                                          │
╰──────────────────────────────────────────────────────────────────────────────╯
╭──────────────────────────────────────────────────────────────────────────────╮
│ PufferLib 5.0          🐡      GPU:  89%   VRAM:   5.3/31G    RAM:  0.5G     │
│                                                                              │
│ Env         connect4cnn    Evaluate      178ms  29%    Losses       0.025    │
│ Params           151.7K      Model        99ms  16%    policy      -0.001    │
│ Steps              6.6M      Env          59ms   9%    value        0.005    │
│ SPS               26.9K      Copy         18ms   2%    entropy      0.017    │
│ Epoch              3245    Train         429ms  70%    old_kl       0.000    │
│ Uptime     3m 50s 373ms      Model       429ms  70%    kl          -0.000    │
│ To go      4m 07s 604ms      Misc          0ms   0%    clipfrac     0.000    │
│                                                                              │
│ perf                          0.816   score                         0.632    │
│ episode_return                0.632   episode_length               10.718    │
│ invalids                      0.044                                          │
╰──────────────────────────────────────────────────────────────────────────────╯
╭──────────────────────────────────────────────────────────────────────────────╮
│ PufferLib 5.0         🐡       GPU:  93%   VRAM:   5.3/31G    RAM:  0.5G     │
│                                                                              │
│ Env         connect4cnn    Evaluate      180ms  29%    Losses       0.025    │
│ Params           151.7K      Model        99ms  16%    policy      -0.000    │
│ Steps              6.7M      Env          58ms   9%    value        0.005    │
│ SPS               27.2K      Copy         20ms   3%    entropy      0.015    │
│ Epoch              3253    Train         421ms  70%    old_kl       0.000    │
│ Uptime     3m 50s 975ms      Model       421ms  70%    kl          -0.000    │
│ To go      4m 04s 127ms      Misc          0ms   0%    clipfrac     0.000    │
│                                                                              │
│ perf                          0.830   score                         0.661    │
│ episode_return                0.661   episode_length               10.629    │
│ invalids                      0.044                                          │
╰──────────────────────────────────────────────────────────────────────────────╯
╭──────────────────────────────────────────────────────────────────────────────╮
│ PufferLib 5.0        🐡        GPU:  93%   VRAM:   5.3/31G    RAM:  0.5G     │
│                                                                              │
│ Env         connect4cnn    Evaluate      178ms  29%    Losses       0.026    │
│ Params           151.7K      Model        99ms  16%    policy      -0.004    │
│ Steps              6.7M      Env          58ms   9%    value        0.006    │
│ SPS               27.3K      Copy         18ms   3%    entropy      0.019    │
│ Epoch              3261    Train         422ms  70%    old_kl       0.000    │
│ Uptime     3m 51s 575ms      Model       422ms  70%    kl          -0.000    │
│ To go      4m 03s 103ms      Misc          0ms   0%    clipfrac     0.000    │
│                                                                              │
│ perf                          0.805   score                         0.610    │
│ episode_return                0.610   episode_length               10.674    │
│ invalids                      0.051                                          │
╰──────────────────────────────────────────────────────────────────────────────╯
╭──────────────────────────────────────────────────────────────────────────────╮
│ PufferLib 5.0       🐡         GPU:  93%   VRAM:   5.3/31G    RAM:  0.5G     │
│                                                                              │
│ Env         connect4cnn    Evaluate      183ms  30%    Losses       0.027    │
│ Params           151.7K      Model        99ms  16%    policy       0.002    │
│ Steps              6.7M      Env          59ms   9%    value        0.005    │
│ SPS               27.2K      Copy         21ms   3%    entropy      0.018    │
│ Epoch              3269    Train         419ms  69%    old_kl      -0.000    │
│ Uptime     3m 52s 178ms      Model       419ms  69%    kl          -0.000    │
│ To go      4m 03s 281ms      Misc          0ms   0%    clipfrac     0.000    │
│                                                                              │
│ perf                          0.822   score                         0.645    │
│ episode_return                0.645   episode_length               10.612    │
│ invalids                      0.047                                          │
╰──────────────────────────────────────────────────────────────────────────────╯
╭──────────────────────────────────────────────────────────────────────────────╮
│ PufferLib 5.0      🐡          GPU:  88%   VRAM:   5.3/31G    RAM:  0.5G     │
│                                                                              │
│ Env         connect4cnn    Evaluate      179ms  29%    Losses       0.024    │
│ Params           151.7K      Model        99ms  16%    policy       0.000    │
│ Steps              6.7M      Env          58ms   9%    value        0.005    │
│ SPS               27.0K      Copy         18ms   2%    entropy      0.016    │
│ Epoch              3277    Train         426ms  70%    old_kl       0.000    │
│ Uptime     3m 52s 784ms      Model       426ms  70%    kl          -0.000    │
│ To go      4m 04s 130ms      Misc          0ms   0%    clipfrac     0.000    │
│                                                                              │
│ perf                          0.824   score                         0.649    │
│ episode_return                0.649   episode_length               10.624    │
│ invalids                      0.060                                          │
╰──────────────────────────────────────────────────────────────────────────────╯
╭──────────────────────────────────────────────────────────────────────────────╮
│ PufferLib 5.0     🐡           GPU:  88%   VRAM:   5.3/31G    RAM:  0.5G     │
│                                                                              │
│ Env         connect4cnn    Evaluate      179ms  29%    Losses       0.027    │
│ Params           151.7K      Model        99ms  16%    policy      -0.000    │
│ Steps              6.7M      Env          59ms   9%    value        0.005    │
│ SPS               27.0K      Copy         19ms   3%    entropy      0.019    │
│ Epoch              3285    Train         426ms  70%    old_kl       0.000    │
│ Uptime     3m 53s 390ms      Model       426ms  70%    kl          -0.000    │
│ To go      4m 03s 623ms      Misc          0ms   0%    clipfrac     0.000    │
│                                                                              │
│ perf                          0.824   score                         0.648    │
│ episode_return                0.648   episode_length               10.563    │
│ invalids                      0.042                                          │
╰──────────────────────────────────────────────────────────────────────────────╯
╭──────────────────────────────────────────────────────────────────────────────╮
│ PufferLib 5.0    🐡            GPU:  88%   VRAM:   5.3/31G    RAM:  0.5G     │
│                                                                              │
│ Env         connect4cnn    Evaluate      206ms  30%    Losses       0.026    │
│ Params           151.7K      Model       112ms  16%    policy      -0.001    │
│ Steps              6.7M      Env          67ms   9%    value        0.005    │
│ SPS               27.4K      Copy         23ms   3%    entropy      0.020    │
│ Epoch              3294    Train         466ms  69%    old_kl      -0.000    │
│ Uptime     3m 54s 063ms      Model       466ms  69%    kl          -0.000    │
│ To go      3m 59s 769ms      Misc          0ms   0%    clipfrac     0.000    │
│                                                                              │
│ perf                          0.817   score                         0.634    │
│ episode_return                0.634   episode_length               10.585    │
│ invalids                      0.044                                          │
╰──────────────────────────────────────────────────────────────────────────────╯
╭──────────────────────────────────────────────────────────────────────────────╮
│ PufferLib 5.0   🐡             GPU:  93%   VRAM:   5.3/31G    RAM:  0.5G     │
│                                                                              │
│ Env         connect4cnn    Evaluate      184ms  30%    Losses       0.028    │
│ Params           151.7K      Model        99ms  16%    policy      -0.002    │
│ Steps              6.8M      Env          59ms   9%    value        0.006    │
│ SPS               27.1K      Copy         21ms   3%    entropy      0.019    │
│ Epoch              3302    Train         420ms  69%    old_kl       0.000    │
│ Uptime     3m 54s 668ms      Model       420ms  69%    kl          -0.000    │
│ To go      4m 01s 769ms      Misc          0ms   0%    clipfrac     0.000    │
│                                                                              │
│ perf                          0.825   score                         0.649    │
│ episode_return                0.649   episode_length               10.644    │
│ invalids                      0.049                                          │
╰──────────────────────────────────────────────────────────────────────────────╯
╭──────────────────────────────────────────────────────────────────────────────╮
│ PufferLib 5.0  🐡              GPU:  93%   VRAM:   5.3/31G    RAM:  0.5G     │
│                                                                              │
│ Env         connect4cnn    Evaluate      179ms  29%    Losses       0.024    │
│ Params           151.7K      Model        99ms  16%    policy      -0.001    │
│ Steps              6.8M      Env          59ms   9%    value        0.005    │
│ SPS               27.0K      Copy         17ms   2%    entropy      0.022    │
│ Epoch              3310    Train         426ms  70%    old_kl      -0.000    │
│ Uptime     3m 55s 274ms      Model       426ms  70%    kl          -0.000    │
│ To go      4m 01s 592ms      Misc          0ms   0%    clipfrac     0.000    │
│                                                                              │
│ perf                          0.825   score                         0.649    │
│ episode_return                0.649   episode_length               10.549    │
│ invalids                      0.046                                          │
╰──────────────────────────────────────────────────────────────────────────────╯
╭──────────────────────────────────────────────────────────────────────────────╮
│ PufferLib 5.0 🐡               GPU:  93%   VRAM:   5.3/31G    RAM:  0.5G     │
│                                                                              │
│ Env         connect4cnn    Evaluate      179ms  29%    Losses       0.022    │
│ Params           151.7K      Model        99ms  16%    policy      -0.003    │
│ Steps              6.8M      Env          58ms   9%    value        0.005    │
│ SPS               27.3K      Copy         20ms   3%    entropy      0.022    │
│ Epoch              3318    Train         420ms  70%    old_kl      -0.000    │
│ Uptime     3m 55s 874ms      Model       420ms  70%    kl          -0.000    │
│ To go      3m 58s 825ms      Misc          0ms   0%    clipfrac     0.000    │
│                                                                              │
│ perf                          0.822   score                         0.643    │
│ episode_return                0.643   episode_length               10.604    │
│ invalids                      0.053                                          │
╰──────────────────────────────────────────────────────────────────────────────╯
╭──────────────────────────────────────────────────────────────────────────────╮
│ PufferLib 5.0🐡                GPU:  93%   VRAM:   5.3/31G    RAM:  0.5G     │
│                                                                              │
│ Env         connect4cnn    Evaluate      182ms  30%    Losses       0.026    │
│ Params           151.7K      Model        99ms  16%    policy      -0.000    │
│ Steps              6.8M      Env          58ms   9%    value        0.005    │
│ SPS               27.2K      Copy         22ms   3%    entropy      0.026    │
│ Epoch              3326    Train         419ms  69%    old_kl      -0.000    │
│ Uptime     3m 56s 477ms      Model       419ms  69%    kl          -0.000    │
│ To go      3m 59s 192ms      Misc          0ms   0%    clipfrac     0.000    │
│                                                                              │
│ perf                          0.804   score                         0.609    │
│ episode_return                0.609   episode_length               10.661    │
│ invalids                      0.062                                          │
╰──────────────────────────────────────────────────────────────────────────────╯
╭──────────────────────────────────────────────────────────────────────────────╮
│ PufferLib 5.0               🐡 GPU:  88%   VRAM:   5.3/31G    RAM:  0.5G     │
│                                                                              │
│ Env         connect4cnn    Evaluate      180ms  29%    Losses       0.026    │
│ Params           151.7K      Model        99ms  16%    policy      -0.001    │
│ Steps              6.8M      Env          58ms   9%    value        0.005    │
│ SPS               27.2K      Copy         21ms   3%    entropy      0.018    │
│ Epoch              3334    Train         422ms  70%    old_kl      -0.000    │
│ Uptime     3m 57s 079ms      Model       421ms  70%    kl          -0.000    │
│ To go      3m 58s 270ms      Misc          0ms   0%    clipfrac     0.000    │
│                                                                              │
│ perf                          0.832   score                         0.664    │
│ episode_return                0.664   episode_length               10.549    │
│ invalids                      0.048                                          │
╰──────────────────────────────────────────────────────────────────────────────╯
╭──────────────────────────────────────────────────────────────────────────────╮
│ PufferLib 5.0              🐡  GPU:  91%   VRAM:   5.3/31G    RAM:  0.5G     │
│                                                                              │
│ Env         connect4cnn    Evaluate      180ms  29%    Losses       0.029    │
│ Params           151.7K      Model        99ms  16%    policy       0.002    │
│ Steps              6.8M      Env          58ms   9%    value        0.005    │
│ SPS               27.1K      Copy         19ms   3%    entropy      0.023    │
│ Epoch              3342    Train         424ms  70%    old_kl      -0.000    │
│ Uptime     3m 57s 684ms      Model       424ms  70%    kl          -0.000    │
│ To go      3m 58s 653ms      Misc          0ms   0%    clipfrac     0.000    │
│                                                                              │
│ perf                          0.818   score                         0.636    │
│ episode_return                0.636   episode_length               10.581    │
│ invalids                      0.043                                          │
╰──────────────────────────────────────────────────────────────────────────────╯
╭──────────────────────────────────────────────────────────────────────────────╮
│ PufferLib 5.0             🐡   GPU:  91%   VRAM:   5.3/31G    RAM:  0.5G     │
│                                                                              │
│ Env         connect4cnn    Evaluate      202ms  29%    Losses       0.024    │
│ Params           151.7K      Model       112ms  16%    policy      -0.000    │
│ Steps              6.9M      Env          66ms   9%    value        0.005    │
│ SPS               27.3K      Copy         21ms   3%    entropy      0.019    │
│ Epoch              3351    Train         472ms  70%    old_kl      -0.000    │
│ Uptime     3m 58s 358ms      Model       472ms  70%    kl          -0.000    │
│ To go      3m 55s 970ms      Misc          0ms   0%    clipfrac     0.000    │
│                                                                              │
│ perf                          0.819   score                         0.638    │
│ episode_return                0.638   episode_length               10.590    │
│ invalids                      0.041                                          │
╰──────────────────────────────────────────────────────────────────────────────╯
╭──────────────────────────────────────────────────────────────────────────────╮
│ PufferLib 5.0            🐡    GPU:  93%   VRAM:   5.3/31G    RAM:  0.5G     │
│                                                                              │
│ Env         connect4cnn    Evaluate      205ms  30%    Losses       0.025    │
│ Params           151.7K      Model       112ms  16%    policy       0.000    │
│ Steps              6.9M      Env          66ms   9%    value        0.005    │
│ SPS               27.4K      Copy         24ms   3%    entropy      0.019    │
│ Epoch              3360    Train         467ms  69%    old_kl      -0.000    │
│ Uptime     3m 59s 031ms      Model       467ms  69%    kl          -0.000    │
│ To go      3m 54s 660ms      Misc          0ms   0%    clipfrac     0.000    │
│                                                                              │
│ perf                          0.817   score                         0.634    │
│ episode_return                0.634   episode_length               10.593    │
│ invalids                      0.045                                          │
╰──────────────────────────────────────────────────────────────────────────────╯
╭──────────────────────────────────────────────────────────────────────────────╮
│ PufferLib 5.0           🐡     GPU:  93%   VRAM:   5.3/31G    RAM:  0.5G     │
│                                                                              │
│ Env         connect4cnn    Evaluate      184ms  30%    Losses       0.024    │
│ Params           151.7K      Model        99ms  16%    policy      -0.002    │
│ Steps              6.9M      Env          62ms  10%    value        0.005    │
│ SPS               27.2K      Copy         20ms   3%    entropy      0.017    │
│ Epoch              3368    Train         417ms  69%    old_kl       0.000    │
│ Uptime     3m 59s 632ms      Model       417ms  69%    kl          -0.000    │
│ To go      3m 55s 625ms      Misc          0ms   0%    clipfrac     0.000    │
│                                                                              │
│ perf                          0.825   score                         0.651    │
│ episode_return                0.651   episode_length               10.680    │
│ invalids                      0.050                                          │
╰──────────────────────────────────────────────────────────────────────────────╯
╭──────────────────────────────────────────────────────────────────────────────╮
│ PufferLib 5.0          🐡      GPU:  88%   VRAM:   5.3/31G    RAM:  0.5G     │
│                                                                              │
│ Env         connect4cnn    Evaluate      207ms  30%    Losses       0.031    │
│ Params           151.7K      Model       112ms  16%    policy       0.003    │
│ Steps              6.9M      Env          66ms   9%    value        0.006    │
│ SPS               27.3K      Copy         26ms   3%    entropy      0.018    │
│ Epoch              3377    Train         467ms  69%    old_kl      -0.000    │
│ Uptime     4m 00s 307ms      Model       467ms  69%    kl          -0.000    │
│ To go      3m 54s 221ms      Misc          0ms   0%    clipfrac     0.000    │
│                                                                              │
│ perf                          0.801   score                         0.603    │
│ episode_return                0.603   episode_length               10.753    │
│ invalids                      0.048                                          │
╰──────────────────────────────────────────────────────────────────────────────╯
╭──────────────────────────────────────────────────────────────────────────────╮
│ PufferLib 5.0         🐡       GPU:  92%   VRAM:   5.3/31G    RAM:  0.5G     │
│                                                                              │
│ Env         connect4cnn    Evaluate      206ms  30%    Losses       0.025    │
│ Params           151.7K      Model       112ms  16%    policy      -0.001    │
│ Steps              6.9M      Env          65ms   9%    value        0.005    │
│ SPS               27.3K      Copy         25ms   3%    entropy      0.020    │
│ Epoch              3386    Train         467ms  69%    old_kl       0.000    │
│ Uptime     4m 00s 981ms      Model       467ms  69%    kl          -0.000    │
│ To go      3m 53s 196ms      Misc          0ms   0%    clipfrac     0.000    │
│                                                                              │
│ perf                          0.802   score                         0.605    │
│ episode_return                0.605   episode_length               10.695    │
│ invalids                      0.055                                          │
╰──────────────────────────────────────────────────────────────────────────────╯
╭──────────────────────────────────────────────────────────────────────────────╮
│ PufferLib 5.0        🐡        GPU:  92%   VRAM:   5.3/31G    RAM:  0.5G     │
│                                                                              │
│ Env         connect4cnn    Evaluate      184ms  30%    Losses       0.024    │
│ Params           151.7K      Model        99ms  16%    policy      -0.002    │
│ Steps              7.0M      Env          58ms   9%    value        0.005    │
│ SPS               27.3K      Copy         24ms   4%    entropy      0.016    │
│ Epoch              3394    Train         416ms  69%    old_kl      -0.000    │
│ Uptime     4m 01s 581ms      Model       416ms  69%    kl          -0.000    │
│ To go      3m 52s 978ms      Misc          0ms   0%    clipfrac     0.000    │
│                                                                              │
│ perf                          0.829   score                         0.657    │
│ episode_return                0.657   episode_length               10.615    │
│ invalids                      0.041                                          │
╰──────────────────────────────────────────────────────────────────────────────╯
╭──────────────────────────────────────────────────────────────────────────────╮
│ PufferLib 5.0       🐡         GPU:  93%   VRAM:   5.3/31G    RAM:  0.5G     │
│                                                                              │
│ Env         connect4cnn    Evaluate      180ms  30%    Losses       0.023    │
│ Params           151.7K      Model        99ms  16%    policy      -0.002    │
│ Steps              7.0M      Env          58ms   9%    value        0.005    │
│ SPS               27.3K      Copy         19ms   3%    entropy      0.014    │
│ Epoch              3402    Train         419ms  69%    old_kl      -0.000    │
│ Uptime     4m 02s 182ms      Model       419ms  69%    kl          -0.000    │
│ To go      3m 52s 465ms      Misc          0ms   0%    clipfrac     0.000    │
│                                                                              │
│ perf                          0.815   score                         0.629    │
│ episode_return                0.629   episode_length               10.635    │
│ invalids                      0.043                                          │
╰──────────────────────────────────────────────────────────────────────────────╯
╭──────────────────────────────────────────────────────────────────────────────╮
│ PufferLib 5.0      🐡          GPU:  89%   VRAM:   5.3/31G    RAM:  0.5G     │
│                                                                              │
│ Env         connect4cnn    Evaluate      182ms  30%    Losses       0.023    │
│ Params           151.7K      Model        99ms  16%    policy      -0.002    │
│ Steps              7.0M      Env          58ms   9%    value        0.005    │
│ SPS               27.2K      Copy         22ms   3%    entropy      0.015    │
│ Epoch              3410    Train         419ms  69%    old_kl       0.000    │
│ Uptime     4m 02s 783ms      Model       418ms  69%    kl          -0.000    │
│ To go      3m 52s 376ms      Misc          0ms   0%    clipfrac     0.000    │
│                                                                              │
│ perf                          0.815   score                         0.630    │
│ episode_return                0.630   episode_length               10.656    │
│ invalids                      0.047                                          │
╰──────────────────────────────────────────────────────────────────────────────╯
╭──────────────────────────────────────────────────────────────────────────────╮
│ PufferLib 5.0     🐡           GPU:  89%   VRAM:   5.3/31G    RAM:  0.5G     │
│                                                                              │
│ Env         connect4cnn    Evaluate      183ms  30%    Losses       0.025    │
│ Params           151.7K      Model        99ms  16%    policy      -0.001    │
│ Steps              7.0M      Env          61ms  10%    value        0.005    │
│ SPS               27.0K      Copy         21ms   3%    entropy      0.013    │
│ Epoch              3418    Train         422ms  69%    old_kl       0.000    │
│ Uptime     4m 03s 390ms      Model       422ms  69%    kl          -0.000    │
│ To go      3m 53s 765ms      Misc          0ms   0%    clipfrac     0.000    │
│                                                                              │
│ perf                          0.826   score                         0.652    │
│ episode_return                0.652   episode_length               10.577    │
│ invalids                      0.052                                          │
╰──────────────────────────────────────────────────────────────────────────────╯
╭──────────────────────────────────────────────────────────────────────────────╮
│ PufferLib 5.0    🐡            GPU:  90%   VRAM:   5.3/31G    RAM:  0.5G     │
│                                                                              │
│ Env         connect4cnn    Evaluate      181ms  30%    Losses       0.027    │
│ Params           151.7K      Model        99ms  16%    policy       0.001    │
│ Steps              7.0M      Env          59ms   9%    value        0.005    │
│ SPS               27.3K      Copy         21ms   3%    entropy      0.014    │
│ Epoch              3426    Train         419ms  69%    old_kl      -0.000    │
│ Uptime     4m 03s 991ms      Model       419ms  69%    kl          -0.000    │
│ To go      3m 50s 905ms      Misc          0ms   0%    clipfrac     0.000    │
│                                                                              │
│ perf                          0.826   score                         0.651    │
│ episode_return                0.651   episode_length               10.627    │
│ invalids                      0.041                                          │
╰──────────────────────────────────────────────────────────────────────────────╯
╭──────────────────────────────────────────────────────────────────────────────╮
│ PufferLib 5.0   🐡             GPU:  90%   VRAM:   5.3/31G    RAM:  0.5G     │
│                                                                              │
│ Env         connect4cnn    Evaluate      179ms  29%    Losses       0.023    │
│ Params           151.7K      Model        99ms  16%    policy      -0.000    │
│ Steps              7.0M      Env          58ms   9%    value        0.005    │
│ SPS               27.3K      Copy         20ms   3%    entropy      0.013    │
│ Epoch              3434    Train         421ms  70%    old_kl       0.000    │
│ Uptime     4m 04s 592ms      Model       420ms  70%    kl          -0.000    │
│ To go      3m 50s 236ms      Misc          0ms   0%    clipfrac     0.000    │
│                                                                              │
│ perf                          0.824   score                         0.648    │
│ episode_return                0.648   episode_length               10.619    │
│ invalids                      0.049                                          │
╰──────────────────────────────────────────────────────────────────────────────╯
╭──────────────────────────────────────────────────────────────────────────────╮
│ PufferLib 5.0  🐡              GPU:  92%   VRAM:   5.3/31G    RAM:  0.5G     │
│                                                                              │
│ Env         connect4cnn    Evaluate      179ms  29%    Losses       0.025    │
│ Params           151.7K      Model        99ms  16%    policy      -0.000    │
│ Steps              7.0M      Env          58ms   9%    value        0.005    │
│ SPS               27.1K      Copy         18ms   3%    entropy      0.013    │
│ Epoch              3442    Train         424ms  70%    old_kl       0.000    │
│ Uptime     4m 05s 195ms      Model       424ms  70%    kl          -0.000    │
│ To go      3m 50s 726ms      Misc          0ms   0%    clipfrac     0.000    │
│                                                                              │
│ perf                          0.833   score                         0.667    │
│ episode_return                0.667   episode_length               10.645    │
│ invalids                      0.056                                          │
╰──────────────────────────────────────────────────────────────────────────────╯
╭──────────────────────────────────────────────────────────────────────────────╮
│ PufferLib 5.0 🐡               GPU:  93%   VRAM:   5.3/31G    RAM:  0.5G     │
│                                                                              │
│ Env         connect4cnn    Evaluate      178ms  29%    Losses       0.029    │
│ Params           151.7K      Model        99ms  16%    policy       0.000    │
│ Steps              7.1M      Env          58ms   9%    value        0.006    │
│ SPS               27.0K      Copy         19ms   3%    entropy      0.012    │
│ Epoch              3450    Train         427ms  70%    old_kl      -0.000    │
│ Uptime     4m 05s 802ms      Model       427ms  70%    kl          -0.000    │
│ To go      3m 51s 103ms      Misc          0ms   0%    clipfrac     0.000    │
│                                                                              │
│ perf                          0.812   score                         0.623    │
│ episode_return                0.623   episode_length               10.615    │
│ invalids                      0.052                                          │
╰──────────────────────────────────────────────────────────────────────────────╯
╭──────────────────────────────────────────────────────────────────────────────╮
│ PufferLib 5.0🐡                GPU:  93%   VRAM:   5.3/31G    RAM:  0.5G     │
│                                                                              │
│ Env         connect4cnn    Evaluate      183ms  29%    Losses       0.026    │
│ Params           151.7K      Model        99ms  16%    policy      -0.000    │
│ Steps              7.1M      Env          58ms   9%    value        0.005    │
│ SPS               26.8K      Copy         23ms   3%    entropy      0.010    │
│ Epoch              3458    Train         427ms  70%    old_kl      -0.000    │
│ Uptime     4m 06s 412ms      Model       427ms  70%    kl          -0.000    │
│ To go      3m 52s 060ms      Misc          0ms   0%    clipfrac     0.000    │
│                                                                              │
│ perf                          0.833   score                         0.666    │
│ episode_return                0.666   episode_length               10.596    │
│ invalids                      0.039                                          │
╰──────────────────────────────────────────────────────────────────────────────╯
╭──────────────────────────────────────────────────────────────────────────────╮
│ PufferLib 5.0               🐡 GPU:  90%   VRAM:   5.3/31G    RAM:  0.5G     │
│                                                                              │
│ Env         connect4cnn    Evaluate      177ms  29%    Losses       0.023    │
│ Params           151.7K      Model        99ms  16%    policy      -0.002    │
│ Steps              7.1M      Env          58ms   9%    value        0.005    │
│ SPS               27.1K      Copy         17ms   2%    entropy      0.012    │
│ Epoch              3466    Train         428ms  70%    old_kl       0.000    │
│ Uptime     4m 07s 017ms      Model       427ms  70%    kl          -0.000    │
│ To go      3m 49s 529ms      Misc          0ms   0%    clipfrac     0.000    │
│                                                                              │
│ perf                          0.819   score                         0.638    │
│ episode_return                0.638   episode_length               10.705    │
│ invalids                      0.042                                          │
╰──────────────────────────────────────────────────────────────────────────────╯
╭──────────────────────────────────────────────────────────────────────────────╮
│ PufferLib 5.0              🐡  GPU:  90%   VRAM:   5.3/31G    RAM:  0.5G     │
│                                                                              │
│ Env         connect4cnn    Evaluate      186ms  30%    Losses       0.025    │
│ Params           151.7K      Model        99ms  16%    policy      -0.000    │
│ Steps              7.1M      Env          58ms   9%    value        0.005    │
│ SPS               27.2K      Copy         24ms   3%    entropy      0.014    │
│ Epoch              3474    Train         416ms  69%    old_kl      -0.000    │
│ Uptime     4m 07s 620ms      Model       416ms  69%    kl          -0.000    │
│ To go      3m 48s 052ms      Misc          0ms   0%    clipfrac     0.000    │
│                                                                              │
│ perf                          0.811   score                         0.622    │
│ episode_return                0.622   episode_length               10.638    │
│ invalids                      0.048                                          │
╰──────────────────────────────────────────────────────────────────────────────╯
╭──────────────────────────────────────────────────────────────────────────────╮
│ PufferLib 5.0             🐡   GPU:  90%   VRAM:   5.3/31G    RAM:  0.5G     │
│                                                                              │
│ Env         connect4cnn    Evaluate      183ms  30%    Losses       0.024    │
│ Params           151.7K      Model        99ms  16%    policy      -0.002    │
│ Steps              7.1M      Env          58ms   9%    value        0.005    │
│ SPS               27.2K      Copy         24ms   3%    entropy      0.013    │
│ Epoch              3482    Train         419ms  69%    old_kl       0.000    │
│ Uptime     4m 08s 222ms      Model       419ms  69%    kl          -0.000    │
│ To go      3m 47s 282ms      Misc          0ms   0%    clipfrac     0.000    │
│                                                                              │
│ perf                          0.806   score                         0.611    │
│ episode_return                0.611   episode_length               10.722    │
│ invalids                      0.053                                          │
╰──────────────────────────────────────────────────────────────────────────────╯
╭──────────────────────────────────────────────────────────────────────────────╮
│ PufferLib 5.0            🐡    GPU:  93%   VRAM:   5.3/31G    RAM:  0.5G     │
│                                                                              │
│ Env         connect4cnn    Evaluate      181ms  29%    Losses       0.029    │
│ Params           151.7K      Model        99ms  16%    policy       0.002    │
│ Steps              7.1M      Env          58ms   9%    value        0.005    │
│ SPS               27.1K      Copy         21ms   3%    entropy      0.012    │
│ Epoch              3490    Train         423ms  70%    old_kl      -0.000    │
│ Uptime     4m 08s 827ms      Model       423ms  69%    kl          -0.000    │
│ To go      3m 47s 632ms      Misc          0ms   0%    clipfrac     0.000    │
│                                                                              │
│ perf                          0.802   score                         0.604    │
│ episode_return                0.604   episode_length               10.719    │
│ invalids                      0.048                                          │
╰──────────────────────────────────────────────────────────────────────────────╯
╭──────────────────────────────────────────────────────────────────────────────╮
│ PufferLib 5.0           🐡     GPU:  93%   VRAM:   5.3/31G    RAM:  0.5G     │
│                                                                              │
│ Env         connect4cnn    Evaluate      182ms  30%    Losses       0.027    │
│ Params           151.7K      Model        99ms  16%    policy       0.002    │
│ Steps              7.2M      Env          58ms   9%    value        0.005    │
│ SPS               27.2K      Copy         21ms   3%    entropy      0.011    │
│ Epoch              3498    Train         419ms  69%    old_kl      -0.000    │
│ Uptime     4m 09s 429ms      Model       419ms  69%    kl          -0.000    │
│ To go      3m 45s 728ms      Misc          0ms   0%    clipfrac     0.000    │
│                                                                              │
│ perf                          0.803   score                         0.606    │
│ episode_return                0.606   episode_length               10.733    │
│ invalids                      0.049                                          │
╰──────────────────────────────────────────────────────────────────────────────╯
╭──────────────────────────────────────────────────────────────────────────────╮
│ PufferLib 5.0          🐡      GPU:  93%   VRAM:   5.3/31G    RAM:  0.5G     │
│                                                                              │
│ Env         connect4cnn    Evaluate      179ms  29%    Losses       0.029    │
│ Params           151.7K      Model        99ms  16%    policy       0.001    │
│ Steps              7.2M      Env          59ms   9%    value        0.005    │
│ SPS               27.1K      Copy         19ms   3%    entropy      0.018    │
│ Epoch              3506    Train         426ms  70%    old_kl       0.000    │
│ Uptime     4m 10s 035ms      Model       425ms  70%    kl          -0.000    │
│ To go      3m 46s 679ms      Misc          0ms   0%    clipfrac     0.000    │
│                                                                              │
│ perf                          0.807   score                         0.614    │
│ episode_return                0.614   episode_length               10.749    │
│ invalids                      0.047                                          │
╰──────────────────────────────────────────────────────────────────────────────╯
╭──────────────────────────────────────────────────────────────────────────────╮
│ PufferLib 5.0         🐡       GPU:  93%   VRAM:   5.3/31G    RAM:  0.5G     │
│                                                                              │
│ Env         connect4cnn    Evaluate      179ms  29%    Losses       0.022    │
│ Params           151.7K      Model        99ms  16%    policy      -0.003    │
│ Steps              7.2M      Env          59ms   9%    value        0.005    │
│ SPS               27.0K      Copy         19ms   3%    entropy      0.015    │
│ Epoch              3514    Train         426ms  70%    old_kl      -0.000    │
│ Uptime     4m 10s 641ms      Model       426ms  70%    kl          -0.000    │
│ To go      3m 46s 430ms      Misc          0ms   0%    clipfrac     0.000    │
│                                                                              │
│ perf                          0.833   score                         0.667    │
│ episode_return                0.667   episode_length               10.524    │
│ invalids                      0.045                                          │
╰──────────────────────────────────────────────────────────────────────────────╯
╭──────────────────────────────────────────────────────────────────────────────╮
│ PufferLib 5.0        🐡        GPU:  92%   VRAM:   5.3/31G    RAM:  0.5G     │
│                                                                              │
│ Env         connect4cnn    Evaluate      181ms  29%    Losses       0.023    │
│ Params           151.7K      Model        99ms  16%    policy      -0.001    │
│ Steps              7.2M      Env          58ms   9%    value        0.005    │
│ SPS               27.0K      Copy         21ms   3%    entropy      0.015    │
│ Epoch              3522    Train         425ms  70%    old_kl       0.000    │
│ Uptime     4m 11s 248ms      Model       425ms  70%    kl          -0.000    │
│ To go      3m 45s 717ms      Misc          0ms   0%    clipfrac     0.000    │
│                                                                              │
│ perf                          0.808   score                         0.616    │
│ episode_return                0.616   episode_length               10.749    │
│ invalids                      0.053                                          │
╰──────────────────────────────────────────────────────────────────────────────╯
╭──────────────────────────────────────────────────────────────────────────────╮
│ PufferLib 5.0       🐡         GPU:  87%   VRAM:   5.3/31G    RAM:  0.5G     │
│                                                                              │
│ Env         connect4cnn    Evaluate      180ms  30%    Losses       0.027    │
│ Params           151.7K      Model        99ms  16%    policy       0.001    │
│ Steps              7.2M      Env          59ms   9%    value        0.005    │
│ SPS               27.3K      Copy         18ms   3%    entropy      0.014    │
│ Epoch              3530    Train         419ms  69%    old_kl       0.000    │
│ Uptime     4m 11s 848ms      Model       418ms  69%    kl          -0.000    │
│ To go      3m 42s 810ms      Misc          0ms   0%    clipfrac     0.000    │
│                                                                              │
│ perf                          0.817   score                         0.634    │
│ episode_return                0.634   episode_length               10.677    │
│ invalids                      0.036                                          │
╰──────────────────────────────────────────────────────────────────────────────╯
╭──────────────────────────────────────────────────────────────────────────────╮
│ PufferLib 5.0      🐡          GPU:  87%   VRAM:   5.3/31G    RAM:  0.5G     │
│                                                                              │
│ Env         connect4cnn    Evaluate      181ms  29%    Losses       0.025    │
│ Params           151.7K      Model        99ms  16%    policy      -0.001    │
│ Steps              7.2M      Env          59ms   9%    value        0.005    │
│ SPS               27.0K      Copy         20ms   3%    entropy      0.015    │
│ Epoch              3538    Train         423ms  70%    old_kl       0.000    │
│ Uptime     4m 12s 454ms      Model       423ms  69%    kl          -0.000    │
│ To go      3m 44s 291ms      Misc          0ms   0%    clipfrac     0.000    │
│                                                                              │
│ perf                          0.827   score                         0.654    │
│ episode_return                0.654   episode_length               10.527    │
│ invalids                      0.045                                          │
╰──────────────────────────────────────────────────────────────────────────────╯
╭──────────────────────────────────────────────────────────────────────────────╮
│ PufferLib 5.0     🐡           GPU:  93%   VRAM:   5.3/31G    RAM:  0.5G     │
│                                                                              │
│ Env         connect4cnn    Evaluate      182ms  30%    Losses       0.024    │
│ Params           151.7K      Model        99ms  16%    policy      -0.002    │
│ Steps              7.3M      Env          59ms   9%    value        0.005    │
│ SPS               27.2K      Copy         20ms   3%    entropy      0.016    │
│ Epoch              3546    Train         419ms  69%    old_kl      -0.000    │
│ Uptime     4m 13s 055ms      Model       419ms  69%    kl          -0.000    │
│ To go      3m 42s 191ms      Misc          0ms   0%    clipfrac     0.000    │
│                                                                              │
│ perf                          0.825   score                         0.651    │
│ episode_return                0.651   episode_length               10.583    │
│ invalids                      0.040                                          │
╰──────────────────────────────────────────────────────────────────────────────╯
╭──────────────────────────────────────────────────────────────────────────────╮
│ PufferLib 5.0    🐡            GPU:  92%   VRAM:   5.3/31G    RAM:  0.5G     │
│                                                                              │
│ Env         connect4cnn    Evaluate      181ms  29%    Losses       0.027    │
│ Params           151.7K      Model        99ms  16%    policy       0.001    │
│ Steps              7.3M      Env          59ms   9%    value        0.005    │
│ SPS               27.0K      Copy         20ms   3%    entropy      0.015    │
│ Epoch              3554    Train         424ms  70%    old_kl       0.000    │
│ Uptime     4m 13s 663ms      Model       424ms  70%    kl          -0.000    │
│ To go      3m 43s 684ms      Misc          0ms   0%    clipfrac     0.000    │
│                                                                              │
│ perf                          0.820   score                         0.639    │
│ episode_return                0.639   episode_length               10.731    │
│ invalids                      0.042                                          │
╰──────────────────────────────────────────────────────────────────────────────╯
╭──────────────────────────────────────────────────────────────────────────────╮
│ PufferLib 5.0   🐡             GPU:  92%   VRAM:   5.3/31G    RAM:  0.5G     │
│                                                                              │
│ Env         connect4cnn    Evaluate      181ms  30%    Losses       0.026    │
│ Params           151.7K      Model        99ms  16%    policy      -0.001    │
│ Steps              7.3M      Env          59ms   9%    value        0.005    │
│ SPS               27.2K      Copy         19ms   3%    entropy      0.017    │
│ Epoch              3562    Train         421ms  69%    old_kl       0.000    │
│ Uptime     4m 14s 265ms      Model       421ms  69%    kl          -0.000    │
│ To go      3m 41s 241ms      Misc          0ms   0%    clipfrac     0.000    │
│                                                                              │
│ perf                          0.814   score                         0.628    │
│ episode_return                0.628   episode_length               10.557    │
│ invalids                      0.049                                          │
╰──────────────────────────────────────────────────────────────────────────────╯
╭──────────────────────────────────────────────────────────────────────────────╮
│ PufferLib 5.0  🐡              GPU:  92%   VRAM:   5.3/31G    RAM:  0.5G     │
│                                                                              │
│ Env         connect4cnn    Evaluate      184ms  30%    Losses       0.026    │
│ Params           151.7K      Model        99ms  16%    policy       0.001    │
│ Steps              7.3M      Env          59ms   9%    value        0.005    │
│ SPS               27.0K      Copy         23ms   3%    entropy      0.014    │
│ Epoch              3570    Train         421ms  69%    old_kl       0.000    │
│ Uptime     4m 14s 871ms      Model       421ms  69%    kl          -0.000    │
│ To go      3m 42s 019ms      Misc          0ms   0%    clipfrac     0.000    │
│                                                                              │
│ perf                          0.811   score                         0.623    │
│ episode_return                0.623   episode_length               10.665    │
│ invalids                      0.050                                          │
╰──────────────────────────────────────────────────────────────────────────────╯
╭──────────────────────────────────────────────────────────────────────────────╮
│ PufferLib 5.0 🐡               GPU:  92%   VRAM:   5.3/31G    RAM:  0.5G     │
│                                                                              │
│ Env         connect4cnn    Evaluate      183ms  30%    Losses       0.025    │
│ Params           151.7K      Model        99ms  16%    policy      -0.002    │
│ Steps              7.3M      Env          59ms   9%    value        0.005    │
│ SPS               27.2K      Copy         22ms   3%    entropy      0.014    │
│ Epoch              3578    Train         419ms  69%    old_kl       0.000    │
│ Uptime     4m 15s 473ms      Model       418ms  69%    kl          -0.000    │
│ To go      3m 39s 688ms      Misc          0ms   0%    clipfrac     0.000    │
│                                                                              │
│ perf                          0.810   score                         0.619    │
│ episode_return                0.619   episode_length               10.669    │
│ invalids                      0.046                                          │
╰──────────────────────────────────────────────────────────────────────────────╯
╭──────────────────────────────────────────────────────────────────────────────╮
│ PufferLib 5.0🐡                GPU:  87%   VRAM:   5.3/31G    RAM:  0.5G     │
│                                                                              │
│ Env         connect4cnn    Evaluate      180ms  29%    Losses       0.029    │
│ Params           151.7K      Model        99ms  16%    policy       0.005    │
│ Steps              7.3M      Env          59ms   9%    value        0.005    │
│ SPS               26.9K      Copy         18ms   2%    entropy      0.014    │
│ Epoch              3586    Train         428ms  70%    old_kl      -0.000    │
│ Uptime     4m 16s 081ms      Model       428ms  70%    kl          -0.000    │
│ To go      3m 41s 633ms      Misc          0ms   0%    clipfrac     0.000    │
│                                                                              │
│ perf                          0.832   score                         0.664    │
│ episode_return                0.664   episode_length               10.580    │
│ invalids                      0.035                                          │
╰──────────────────────────────────────────────────────────────────────────────╯
╭──────────────────────────────────────────────────────────────────────────────╮
│ PufferLib 5.0               🐡 GPU:  91%   VRAM:   5.3/31G    RAM:  0.5G     │
│                                                                              │
│ Env         connect4cnn    Evaluate      184ms  30%    Losses       0.027    │
│ Params           151.7K      Model        99ms  16%    policy       0.001    │
│ Steps              7.4M      Env          59ms   9%    value        0.005    │
│ SPS               27.1K      Copy         22ms   3%    entropy      0.015    │
│ Epoch              3594    Train         421ms  69%    old_kl       0.000    │
│ Uptime     4m 16s 687ms      Model       421ms  69%    kl          -0.000    │
│ To go      3m 39s 918ms      Misc          0ms   0%    clipfrac     0.000    │
│                                                                              │
│ perf                          0.808   score                         0.617    │
│ episode_return                0.617   episode_length               10.718    │
│ invalids                      0.048                                          │
╰──────────────────────────────────────────────────────────────────────────────╯
╭──────────────────────────────────────────────────────────────────────────────╮
│ PufferLib 5.0              🐡  GPU:  91%   VRAM:   5.3/31G    RAM:  0.5G     │
│                                                                              │
│ Env         connect4cnn    Evaluate      183ms  30%    Losses       0.021    │
│ Params           151.7K      Model        99ms  16%    policy      -0.004    │
│ Steps              7.4M      Env          62ms  10%    value        0.005    │
│ SPS               26.8K      Copy         20ms   3%    entropy      0.014    │
│ Epoch              3602    Train         427ms  69%    old_kl       0.000    │
│ Uptime     4m 17s 297ms      Model       427ms  69%    kl          -0.000    │
│ To go      3m 41s 092ms      Misc          0ms   0%    clipfrac     0.000    │
│                                                                              │
│ perf                          0.820   score                         0.640    │
│ episode_return                0.640   episode_length               10.622    │
│ invalids                      0.045                                          │
╰──────────────────────────────────────────────────────────────────────────────╯
╭──────────────────────────────────────────────────────────────────────────────╮
│ PufferLib 5.0             🐡   GPU:  93%   VRAM:   5.3/31G    RAM:  0.5G     │
│                                                                              │
│ Env         connect4cnn    Evaluate      181ms  29%    Losses       0.027    │
│ Params           151.7K      Model        99ms  16%    policy       0.001    │
│ Steps              7.4M      Env          60ms   9%    value        0.005    │
│ SPS               27.0K      Copy         20ms   3%    entropy      0.017    │
│ Epoch              3610    Train         426ms  70%    old_kl       0.000    │
│ Uptime     4m 17s 905ms      Model       425ms  70%    kl          -0.000    │
│ To go      3m 39s 413ms      Misc          0ms   0%    clipfrac     0.000    │
│                                                                              │
│ perf                          0.808   score                         0.615    │
│ episode_return                0.615   episode_length               10.699    │
│ invalids                      0.055                                          │
╰──────────────────────────────────────────────────────────────────────────────╯
╭──────────────────────────────────────────────────────────────────────────────╮
│ PufferLib 5.0            🐡    GPU:  93%   VRAM:   5.3/31G    RAM:  0.5G     │
│                                                                              │
│ Env         connect4cnn    Evaluate      183ms  30%    Losses       0.025    │
│ Params           151.7K      Model        99ms  16%    policy       0.000    │
│ Steps              7.4M      Env          60ms   9%    value        0.005    │
│ SPS               27.1K      Copy         22ms   3%    entropy      0.016    │
│ Epoch              3618    Train         420ms  69%    old_kl      -0.000    │
│ Uptime     4m 18s 508ms      Model       419ms  69%    kl          -0.000    │
│ To go      3m 37s 462ms      Misc          0ms   0%    clipfrac     0.000    │
│                                                                              │
│ perf                          0.817   score                         0.634    │
│ episode_return                0.634   episode_length               10.625    │
│ invalids                      0.046                                          │
╰──────────────────────────────────────────────────────────────────────────────╯
╭──────────────────────────────────────────────────────────────────────────────╮
│ PufferLib 5.0           🐡     GPU:  93%   VRAM:   5.3/31G    RAM:  0.5G     │
│                                                                              │
│ Env         connect4cnn    Evaluate      183ms  30%    Losses       0.025    │
│ Params           151.7K      Model        99ms  16%    policy      -0.000    │
│ Steps              7.4M      Env          59ms   9%    value        0.005    │
│ SPS               27.1K      Copy         23ms   3%    entropy      0.012    │
│ Epoch              3626    Train         420ms  69%    old_kl      -0.000    │
│ Uptime     4m 19s 112ms      Model       420ms  69%    kl          -0.000    │
│ To go      3m 37s 039ms      Misc          0ms   0%    clipfrac     0.000    │
│                                                                              │
│ perf                          0.831   score                         0.663    │
│ episode_return                0.663   episode_length               10.528    │
│ invalids                      0.035                                          │
╰──────────────────────────────────────────────────────────────────────────────╯
╭──────────────────────────────────────────────────────────────────────────────╮
│ PufferLib 5.0          🐡      GPU:  91%   VRAM:   5.3/31G    RAM:  0.5G     │
│                                                                              │
│ Env         connect4cnn    Evaluate      179ms  29%    Losses       0.028    │
│ Params           151.7K      Model        99ms  16%    policy       0.002    │
│ Steps              7.4M      Env          59ms   9%    value        0.005    │
│ SPS               27.2K      Copy         19ms   3%    entropy      0.014    │
│ Epoch              3634    Train         422ms  70%    old_kl      -0.000    │
│ Uptime     4m 19s 714ms      Model       422ms  70%    kl          -0.000    │
│ To go      3m 35s 565ms      Misc          0ms   0%    clipfrac     0.000    │
│                                                                              │
│ perf                          0.824   score                         0.647    │
│ episode_return                0.647   episode_length               10.655    │
│ invalids                      0.052                                          │
╰──────────────────────────────────────────────────────────────────────────────╯
╭──────────────────────────────────────────────────────────────────────────────╮
│ PufferLib 5.0         🐡       GPU:  91%   VRAM:   5.3/31G    RAM:  0.5G     │
│                                                                              │
│ Env         connect4cnn    Evaluate      179ms  29%    Losses       0.025    │
│ Params           151.7K      Model        99ms  16%    policy      -0.001    │
│ Steps              7.5M      Env          59ms   9%    value        0.005    │
│ SPS               27.1K      Copy         18ms   2%    entropy      0.012    │
│ Epoch              3642    Train         425ms  70%    old_kl      -0.000    │
│ Uptime     4m 20s 318ms      Model       424ms  70%    kl          -0.000    │
│ To go      3m 35s 829ms      Misc          0ms   0%    clipfrac     0.000    │
│                                                                              │
│ perf                          0.820   score                         0.640    │
│ episode_return                0.640   episode_length               10.664    │
│ invalids                      0.044                                          │
╰──────────────────────────────────────────────────────────────────────────────╯
╭──────────────────────────────────────────────────────────────────────────────╮
│ PufferLib 5.0        🐡        GPU:  87%   VRAM:   5.3/31G    RAM:  0.5G     │
│                                                                              │
│ Env         connect4cnn    Evaluate      182ms  30%    Losses       0.023    │
│ Params           151.7K      Model        99ms  16%    policy      -0.001    │
│ Steps              7.5M      Env          59ms   9%    value        0.005    │
│ SPS               27.0K      Copy         21ms   3%    entropy      0.013    │
│ Epoch              3650    Train         423ms  69%    old_kl      -0.000    │
│ Uptime     4m 20s 924ms      Model       423ms  69%    kl          -0.000    │
│ To go      3m 35s 958ms      Misc          0ms   0%    clipfrac     0.000    │
│                                                                              │
│ perf                          0.819   score                         0.639    │
│ episode_return                0.639   episode_length               10.568    │
│ invalids                      0.051                                          │
╰──────────────────────────────────────────────────────────────────────────────╯
╭──────────────────────────────────────────────────────────────────────────────╮
│ PufferLib 5.0       🐡         GPU:  87%   VRAM:   5.3/31G    RAM:  0.5G     │
│                                                                              │
│ Env         connect4cnn    Evaluate      182ms  30%    Losses       0.024    │
│ Params           151.7K      Model        99ms  16%    policy      -0.003    │
│ Steps              7.5M      Env          59ms   9%    value        0.005    │
│ SPS               27.2K      Copy         22ms   3%    entropy      0.013    │
│ Epoch              3658    Train         419ms  69%    old_kl       0.000    │
│ Uptime     4m 21s 527ms      Model       419ms  69%    kl          -0.000    │
│ To go      3m 33s 986ms      Misc          0ms   0%    clipfrac     0.000    │
│                                                                              │
│ perf                          0.812   score                         0.625    │
│ episode_return                0.625   episode_length               10.764    │
│ invalids                      0.051                                          │
╰──────────────────────────────────────────────────────────────────────────────╯
╭──────────────────────────────────────────────────────────────────────────────╮
│ PufferLib 5.0      🐡          GPU:  92%   VRAM:   5.3/31G    RAM:  0.5G     │
│                                                                              │
│ Env         connect4cnn    Evaluate      177ms  29%    Losses       0.023    │
│ Params           151.7K      Model        99ms  16%    policy      -0.001    │
│ Steps              7.5M      Env          58ms   9%    value        0.005    │
│ SPS               26.9K      Copy         17ms   2%    entropy      0.011    │
│ Epoch              3666    Train         430ms  70%    old_kl      -0.000    │
│ Uptime     4m 22s 135ms      Model       430ms  70%    kl          -0.000    │
│ To go      3m 35s 402ms      Misc          0ms   0%    clipfrac     0.000    │
│                                                                              │
│ perf                          0.826   score                         0.653    │
│ episode_return                0.653   episode_length               10.577    │
│ invalids                      0.041                                          │
╰──────────────────────────────────────────────────────────────────────────────╯
╭──────────────────────────────────────────────────────────────────────────────╮
│ PufferLib 5.0     🐡           GPU:  93%   VRAM:   5.3/31G    RAM:  0.5G     │
│                                                                              │
│ Env         connect4cnn    Evaluate      180ms  29%    Losses       0.024    │
│ Params           151.7K      Model        99ms  16%    policy       0.000    │
│ Steps              7.5M      Env          59ms   9%    value        0.005    │
│ SPS               27.0K      Copy         21ms   3%    entropy      0.011    │
│ Epoch              3674    Train         424ms  70%    old_kl      -0.000    │
│ Uptime     4m 22s 741ms      Model       424ms  70%    kl          -0.000    │
│ To go      3m 34s 065ms      Misc          0ms   0%    clipfrac     0.000    │
│                                                                              │
│ perf                          0.820   score                         0.640    │
│ episode_return                0.640   episode_length               10.601    │
│ invalids                      0.045                                          │
╰──────────────────────────────────────────────────────────────────────────────╯
╭──────────────────────────────────────────────────────────────────────────────╮
│ PufferLib 5.0    🐡            GPU:  93%   VRAM:   5.3/31G    RAM:  0.5G     │
│                                                                              │
│ Env         connect4cnn    Evaluate      182ms  30%    Losses       0.022    │
│ Params           151.7K      Model        99ms  16%    policy      -0.004    │
│ Steps              7.5M      Env          60ms   9%    value        0.005    │
│ SPS               27.3K      Copy         20ms   3%    entropy      0.012    │
│ Epoch              3682    Train         417ms  69%    old_kl       0.000    │
│ Uptime     4m 23s 342ms      Model       417ms  69%    kl          -0.000    │
│ To go      3m 31s 759ms      Misc          0ms   0%    clipfrac     0.000    │
│                                                                              │
│ perf                          0.808   score                         0.615    │
│ episode_return                0.615   episode_length               10.718    │
│ invalids                      0.046                                          │
╰──────────────────────────────────────────────────────────────────────────────╯
╭──────────────────────────────────────────────────────────────────────────────╮
│ PufferLib 5.0   🐡             GPU:  91%   VRAM:   5.3/31G    RAM:  0.5G     │
│                                                                              │
│ Env         connect4cnn    Evaluate      182ms  30%    Losses       0.028    │
│ Params           151.7K      Model        99ms  16%    policy       0.003    │
│ Steps              7.6M      Env          59ms   9%    value        0.005    │
│ SPS               27.3K      Copy         19ms   3%    entropy      0.015    │
│ Epoch              3690    Train         418ms  69%    old_kl      -0.000    │
│ Uptime     4m 23s 942ms      Model       418ms  69%    kl          -0.000    │
│ To go      3m 30s 908ms      Misc          0ms   0%    clipfrac     0.000    │
│                                                                              │
│ perf                          0.806   score                         0.613    │
│ episode_return                0.613   episode_length               10.761    │
│ invalids                      0.054                                          │
╰──────────────────────────────────────────────────────────────────────────────╯
╭──────────────────────────────────────────────────────────────────────────────╮
│ PufferLib 5.0  🐡              GPU:  91%   VRAM:   5.3/31G    RAM:  0.5G     │
│                                                                              │
│ Env         connect4cnn    Evaluate      181ms  30%    Losses       0.023    │
│ Params           151.7K      Model        99ms  16%    policy      -0.001    │
│ Steps              7.6M      Env          60ms  10%    value        0.005    │
│ SPS               27.3K      Copy         18ms   2%    entropy      0.016    │
│ Epoch              3698    Train         418ms  69%    old_kl      -0.000    │
│ Uptime     4m 24s 543ms      Model       418ms  69%    kl          -0.000    │
│ To go      3m 30s 382ms      Misc          0ms   0%    clipfrac     0.000    │
│                                                                              │
│ perf                          0.823   score                         0.647    │
│ episode_return                0.647   episode_length               10.591    │
│ invalids                      0.049                                          │
╰──────────────────────────────────────────────────────────────────────────────╯
╭──────────────────────────────────────────────────────────────────────────────╮
│ PufferLib 5.0 🐡               GPU:  88%   VRAM:   5.3/31G    RAM:  0.5G     │
│                                                                              │
│ Env         connect4cnn    Evaluate      188ms  30%    Losses       0.024    │
│ Params           151.7K      Model        99ms  16%    policy      -0.001    │
│ Steps              7.6M      Env          65ms  10%    value        0.005    │
│ SPS               26.7K      Copy         21ms   3%    entropy      0.014    │
│ Epoch              3706    Train         424ms  69%    old_kl      -0.000    │
│ Uptime     4m 25s 156ms      Model       423ms  69%    kl          -0.000    │
│ To go      3m 33s 962ms      Misc          0ms   0%    clipfrac     0.000    │
│                                                                              │
│ perf                          0.828   score                         0.656    │
│ episode_return                0.656   episode_length               10.568    │
│ invalids                      0.042                                          │
╰──────────────────────────────────────────────────────────────────────────────╯
╭──────────────────────────────────────────────────────────────────────────────╮
│ PufferLib 5.0🐡                GPU:  91%   VRAM:   5.3/31G    RAM:  0.5G     │
│                                                                              │
│ Env         connect4cnn    Evaluate      182ms  30%    Losses       0.030    │
│ Params           151.7K      Model        99ms  16%    policy       0.005    │
│ Steps              7.6M      Env          60ms   9%    value        0.005    │
│ SPS               27.1K      Copy         20ms   3%    entropy      0.012    │
│ Epoch              3714    Train         421ms  69%    old_kl      -0.000    │
│ Uptime     4m 25s 760ms      Model       421ms  69%    kl          -0.000    │
│ To go      3m 30s 384ms      Misc          0ms   0%    clipfrac     0.000    │
│                                                                              │
│ perf                          0.829   score                         0.659    │
│ episode_return                0.659   episode_length               10.499    │
│ invalids                      0.042                                          │
╰──────────────────────────────────────────────────────────────────────────────╯
╭──────────────────────────────────────────────────────────────────────────────╮
│ PufferLib 5.0               🐡 GPU:  91%   VRAM:   5.3/31G    RAM:  0.5G     │
│                                                                              │
│ Env         connect4cnn    Evaluate      181ms  29%    Losses       0.024    │
│ Params           151.7K      Model        99ms  16%    policy      -0.002    │
│ Steps              7.6M      Env          60ms   9%    value        0.005    │
│ SPS               26.9K      Copy         21ms   3%    entropy      0.011    │
│ Epoch              3722    Train         426ms  70%    old_kl       0.000    │
│ Uptime     4m 26s 368ms      Model       426ms  70%    kl          -0.000    │
│ To go      3m 31s 173ms      Misc          0ms   0%    clipfrac     0.000    │
│                                                                              │
│ perf                          0.819   score                         0.637    │
│ episode_return                0.637   episode_length               10.691    │
│ invalids                      0.045                                          │
╰──────────────────────────────────────────────────────────────────────────────╯
╭──────────────────────────────────────────────────────────────────────────────╮
│ PufferLib 5.0              🐡  GPU:  94%   VRAM:   5.3/31G    RAM:  0.5G     │
│                                                                              │
│ Env         connect4cnn    Evaluate      185ms  30%    Losses       0.025    │
│ Params           151.7K      Model        99ms  16%    policy       0.001    │
│ Steps              7.6M      Env          59ms   9%    value        0.005    │
│ SPS               27.0K      Copy         23ms   3%    entropy      0.011    │
│ Epoch              3730    Train         420ms  69%    old_kl      -0.000    │
│ Uptime     4m 26s 974ms      Model       420ms  69%    kl          -0.000    │
│ To go      3m 29s 798ms      Misc          0ms   0%    clipfrac     0.000    │
│                                                                              │
│ perf                          0.829   score                         0.658    │
│ episode_return                0.658   episode_length               10.534    │
│ invalids                      0.045                                          │
╰──────────────────────────────────────────────────────────────────────────────╯
╭──────────────────────────────────────────────────────────────────────────────╮
│ PufferLib 5.0             🐡   GPU:  94%   VRAM:   5.3/31G    RAM:  0.5G     │
│                                                                              │
│ Env         connect4cnn    Evaluate      181ms  30%    Losses       0.025    │
│ Params           151.7K      Model        99ms  16%    policy      -0.001    │
│ Steps              7.7M      Env          59ms   9%    value        0.005    │
│ SPS               27.2K      Copy         20ms   3%    entropy      0.016    │
│ Epoch              3738    Train         421ms  69%    old_kl      -0.000    │
│ Uptime     4m 27s 577ms      Model       421ms  69%    kl          -0.000    │
│ To go      3m 28s 155ms      Misc          0ms   0%    clipfrac     0.000    │
│                                                                              │
│ perf                          0.823   score                         0.646    │
│ episode_return                0.646   episode_length               10.677    │
│ invalids                      0.044                                          │
╰──────────────────────────────────────────────────────────────────────────────╯
╭──────────────────────────────────────────────────────────────────────────────╮
│ PufferLib 5.0            🐡    GPU:  93%   VRAM:   5.3/31G    RAM:  0.5G     │
│                                                                              │
│ Env         connect4cnn    Evaluate      186ms  30%    Losses       0.024    │
│ Params           151.7K      Model        99ms  16%    policy      -0.001    │
│ Steps              7.7M      Env          59ms   9%    value        0.005    │
│ SPS               27.2K      Copy         24ms   3%    entropy      0.016    │
│ Epoch              3746    Train         416ms  69%    old_kl      -0.000    │
│ Uptime     4m 28s 179ms      Model       416ms  69%    kl          -0.000    │
│ To go      3m 27s 403ms      Misc          0ms   0%    clipfrac     0.000    │
│                                                                              │
│ perf                          0.821   score                         0.642    │
│ episode_return                0.642   episode_length               10.613    │
│ invalids                      0.063                                          │
╰──────────────────────────────────────────────────────────────────────────────╯
╭──────────────────────────────────────────────────────────────────────────────╮
│ PufferLib 5.0           🐡     GPU:  88%   VRAM:   5.3/31G    RAM:  0.5G     │
│                                                                              │
│ Env         connect4cnn    Evaluate      179ms  29%    Losses       0.022    │
│ Params           151.7K      Model        99ms  16%    policy      -0.003    │
│ Steps              7.7M      Env          59ms   9%    value        0.005    │
│ SPS               27.1K      Copy         20ms   3%    entropy      0.012    │
│ Epoch              3754    Train         424ms  70%    old_kl       0.000    │
│ Uptime     4m 28s 784ms      Model       424ms  70%    kl          -0.000    │
│ To go      3m 27s 439ms      Misc          0ms   0%    clipfrac     0.000    │
│                                                                              │
│ perf                          0.830   score                         0.661    │
│ episode_return                0.661   episode_length               10.601    │
│ invalids                      0.052                                          │
╰──────────────────────────────────────────────────────────────────────────────╯
╭──────────────────────────────────────────────────────────────────────────────╮
│ PufferLib 5.0          🐡      GPU:  88%   VRAM:   5.3/31G    RAM:  0.5G     │
│                                                                              │
│ Env         connect4cnn    Evaluate      182ms  30%    Losses       0.027    │
│ Params           151.7K      Model        99ms  16%    policy       0.001    │
│ Steps              7.7M      Env          59ms   9%    value        0.005    │
│ SPS               27.0K      Copy         20ms   3%    entropy      0.013    │
│ Epoch              3762    Train         423ms  69%    old_kl      -0.000    │
│ Uptime     4m 29s 390ms      Model       423ms  69%    kl          -0.000    │
│ To go      3m 27s 538ms      Misc          0ms   0%    clipfrac     0.000    │
│                                                                              │
│ perf                          0.804   score                         0.607    │
│ episode_return                0.607   episode_length               10.667    │
│ invalids                      0.051                                          │
╰──────────────────────────────────────────────────────────────────────────────╯
╭──────────────────────────────────────────────────────────────────────────────╮
│ PufferLib 5.0         🐡       GPU:  88%   VRAM:   5.3/31G    RAM:  0.5G     │
│                                                                              │
│ Env         connect4cnn    Evaluate      184ms  30%    Losses       0.022    │
│ Params           151.7K      Model        99ms  16%    policy      -0.002    │
│ Steps              7.7M      Env          59ms   9%    value        0.005    │
│ SPS               27.3K      Copy         21ms   3%    entropy      0.013    │
│ Epoch              3770    Train         416ms  69%    old_kl       0.000    │
│ Uptime     4m 29s 991ms      Model       416ms  69%    kl          -0.000    │
│ To go      3m 25s 041ms      Misc          0ms   0%    clipfrac     0.000    │
│                                                                              │
│ perf                          0.816   score                         0.633    │
│ episode_return                0.633   episode_length               10.618    │
│ invalids                      0.035                                          │
╰──────────────────────────────────────────────────────────────────────────────╯
╭──────────────────────────────────────────────────────────────────────────────╮
│ PufferLib 5.0        🐡        GPU:  88%   VRAM:   5.3/31G    RAM:  0.5G     │
│                                                                              │
│ Env         connect4cnn    Evaluate      183ms  29%    Losses       0.025    │
│ Params           151.7K      Model        99ms  16%    policy      -0.002    │
│ Steps              7.7M      Env          59ms   9%    value        0.005    │
│ SPS               26.7K      Copy         21ms   3%    entropy      0.012    │
│ Epoch              3778    Train         430ms  70%    old_kl      -0.000    │
│ Uptime     4m 30s 605ms      Model       430ms  70%    kl          -0.000    │
│ To go      3m 29s 112ms      Misc          0ms   0%    clipfrac     0.000    │
│                                                                              │
│ perf                          0.812   score                         0.624    │
│ episode_return                0.624   episode_length               10.654    │
│ invalids                      0.051                                          │
╰──────────────────────────────────────────────────────────────────────────────╯
╭──────────────────────────────────────────────────────────────────────────────╮
│ PufferLib 5.0       🐡         GPU:  93%   VRAM:   5.3/31G    RAM:  0.5G     │
│                                                                              │
│ Env         connect4cnn    Evaluate      184ms  29%    Losses       0.024    │
│ Params           151.7K      Model        99ms  16%    policy      -0.001    │
│ Steps              7.8M      Env          60ms   9%    value        0.005    │
│ SPS               26.6K      Copy         22ms   3%    entropy      0.013    │
│ Epoch              3786    Train         432ms  70%    old_kl      -0.000    │
│ Uptime     4m 31s 222ms      Model       432ms  70%    kl          -0.000    │
│ To go      3m 29s 337ms      Misc          0ms   0%    clipfrac     0.000    │
│                                                                              │
│ perf                          0.817   score                         0.634    │
│ episode_return                0.634   episode_length               10.595    │
│ invalids                      0.054                                          │
╰──────────────────────────────────────────────────────────────────────────────╯
╭──────────────────────────────────────────────────────────────────────────────╮
│ PufferLib 5.0      🐡          GPU:  93%   VRAM:   5.3/31G    RAM:  0.5G     │
│                                                                              │
│ Env         connect4cnn    Evaluate      183ms  29%    Losses       0.025    │
│ Params           151.7K      Model        99ms  16%    policy       0.001    │
│ Steps              7.8M      Env          60ms   9%    value        0.005    │
│ SPS               26.7K      Copy         21ms   3%    entropy      0.012    │
│ Epoch              3794    Train         430ms  70%    old_kl      -0.000    │
│ Uptime     4m 31s 837ms      Model       430ms  70%    kl          -0.000    │
│ To go      3m 27s 746ms      Misc          0ms   0%    clipfrac     0.000    │
│                                                                              │
│ perf                          0.829   score                         0.658    │
│ episode_return                0.658   episode_length               10.615    │
│ invalids                      0.043                                          │
╰──────────────────────────────────────────────────────────────────────────────╯
╭──────────────────────────────────────────────────────────────────────────────╮
│ PufferLib 5.0     🐡           GPU:  93%   VRAM:   5.3/31G    RAM:  0.5G     │
│                                                                              │
│ Env         connect4cnn    Evaluate      183ms  30%    Losses       0.023    │
│ Params           151.7K      Model        99ms  16%    policy      -0.000    │
│ Steps              7.8M      Env          59ms   9%    value        0.005    │
│ SPS               27.0K      Copy         22ms   3%    entropy      0.014    │
│ Epoch              3802    Train         422ms  69%    old_kl      -0.000    │
│ Uptime     4m 32s 443ms      Model       421ms  69%    kl          -0.000    │
│ To go      3m 24s 356ms      Misc          0ms   0%    clipfrac     0.000    │
│                                                                              │
│ perf                          0.820   score                         0.640    │
│ episode_return                0.640   episode_length               10.550    │
│ invalids                      0.034                                          │
╰──────────────────────────────────────────────────────────────────────────────╯
╭──────────────────────────────────────────────────────────────────────────────╮
│ PufferLib 5.0    🐡            GPU:  93%   VRAM:   5.3/31G    RAM:  0.5G     │
│                                                                              │
│ Env         connect4cnn    Evaluate      182ms  29%    Losses       0.026    │
│ Params           151.7K      Model        99ms  16%    policy      -0.001    │
│ Steps              7.8M      Env          59ms   9%    value        0.005    │
│ SPS               26.9K      Copy         22ms   3%    entropy      0.013    │
│ Epoch              3810    Train         426ms  70%    old_kl       0.000    │
│ Uptime     4m 33s 052ms      Model       426ms  70%    kl          -0.000    │
│ To go      3m 24s 943ms      Misc          0ms   0%    clipfrac     0.000    │
│                                                                              │
│ perf                          0.815   score                         0.631    │
│ episode_return                0.631   episode_length               10.558    │
│ invalids                      0.039                                          │
╰──────────────────────────────────────────────────────────────────────────────╯
╭──────────────────────────────────────────────────────────────────────────────╮
│ PufferLib 5.0   🐡             GPU:  93%   VRAM:   5.3/31G    RAM:  0.5G     │
│                                                                              │
│ Env         connect4cnn    Evaluate      180ms  29%    Losses       0.026    │
│ Params           151.7K      Model        99ms  16%    policy       0.003    │
│ Steps              7.8M      Env          59ms   9%    value        0.005    │
│ SPS               26.9K      Copy         20ms   3%    entropy      0.013    │
│ Epoch              3818    Train         429ms  70%    old_kl       0.000    │
│ Uptime     4m 33s 662ms      Model       429ms  70%    kl          -0.000    │
│ To go      3m 24s 402ms      Misc          0ms   0%    clipfrac     0.000    │
│                                                                              │
│ perf                          0.828   score                         0.655    │
│ episode_return                0.655   episode_length               10.603    │
│ invalids                      0.045                                          │
╰──────────────────────────────────────────────────────────────────────────────╯
╭──────────────────────────────────────────────────────────────────────────────╮
│ PufferLib 5.0  🐡              GPU:  93%   VRAM:   5.3/31G    RAM:  0.5G     │
│                                                                              │
│ Env         connect4cnn    Evaluate      184ms  30%    Losses       0.025    │
│ Params           151.7K      Model        99ms  16%    policy       0.000    │
│ Steps              7.8M      Env          59ms   9%    value        0.005    │
│ SPS               26.9K      Copy         23ms   3%    entropy      0.014    │
│ Epoch              3826    Train         425ms  69%    old_kl       0.000    │
│ Uptime     4m 34s 271ms      Model       424ms  69%    kl          -0.000    │
│ To go      3m 23s 569ms      Misc          0ms   0%    clipfrac     0.000    │
│                                                                              │
│ perf                          0.829   score                         0.658    │
│ episode_return                0.658   episode_length               10.621    │
│ invalids                      0.039                                          │
╰──────────────────────────────────────────────────────────────────────────────╯
╭──────────────────────────────────────────────────────────────────────────────╮
│ PufferLib 5.0 🐡               GPU:  93%   VRAM:   5.3/31G    RAM:  0.5G     │
│                                                                              │
│ Env         connect4cnn    Evaluate      178ms  29%    Losses       0.025    │
│ Params           151.7K      Model        99ms  16%    policy      -0.001    │
│ Steps              7.9M      Env          60ms   9%    value        0.005    │
│ SPS               27.0K      Copy         17ms   2%    entropy      0.015    │
│ Epoch              3834    Train         427ms  70%    old_kl      -0.000    │
│ Uptime     4m 34s 877ms      Model       427ms  70%    kl          -0.000    │
│ To go      3m 22s 059ms      Misc          0ms   0%    clipfrac     0.000    │
│                                                                              │
│ perf                          0.817   score                         0.635    │
│ episode_return                0.635   episode_length               10.627    │
│ invalids                      0.038                                          │
╰──────────────────────────────────────────────────────────────────────────────╯
╭──────────────────────────────────────────────────────────────────────────────╮
│ PufferLib 5.0🐡                GPU:  93%   VRAM:   5.3/31G    RAM:  0.5G     │
│                                                                              │
│ Env         connect4cnn    Evaluate      184ms  30%    Losses       0.026    │
│ Params           151.7K      Model        99ms  16%    policy       0.001    │
│ Steps              7.9M      Env          59ms   9%    value        0.005    │
│ SPS               27.2K      Copy         22ms   3%    entropy      0.015    │
│ Epoch              3842    Train         418ms  69%    old_kl      -0.000    │
│ Uptime     4m 35s 480ms      Model       418ms  69%    kl          -0.000    │
│ To go      3m 20s 428ms      Misc          0ms   0%    clipfrac     0.000    │
│                                                                              │
│ perf                          0.810   score                         0.620    │
│ episode_return                0.620   episode_length               10.680    │
│ invalids                      0.042                                          │
╰──────────────────────────────────────────────────────────────────────────────╯
╭──────────────────────────────────────────────────────────────────────────────╮
│ PufferLib 5.0               🐡 GPU:  88%   VRAM:   5.3/31G    RAM:  0.5G     │
│                                                                              │
│ Env         connect4cnn    Evaluate      180ms  29%    Losses       0.023    │
│ Params           151.7K      Model        99ms  16%    policy      -0.001    │
│ Steps              7.9M      Env          59ms   9%    value        0.005    │
│ SPS               27.1K      Copy         19ms   3%    entropy      0.014    │
│ Epoch              3850    Train         424ms  70%    old_kl       0.000    │
│ Uptime     4m 36s 085ms      Model       424ms  70%    kl          -0.000    │
│ To go      3m 20s 273ms      Misc          0ms   0%    clipfrac     0.000    │
│                                                                              │
│ perf                          0.820   score                         0.640    │
│ episode_return                0.640   episode_length               10.530    │
│ invalids                      0.039                                          │
╰──────────────────────────────────────────────────────────────────────────────╯
╭──────────────────────────────────────────────────────────────────────────────╮
│ PufferLib 5.0              🐡  GPU:  90%   VRAM:   5.3/31G    RAM:  0.5G     │
│                                                                              │
│ Env         connect4cnn    Evaluate      183ms  30%    Losses       0.029    │
│ Params           151.7K      Model        99ms  16%    policy       0.004    │
│ Steps              7.9M      Env          60ms   9%    value        0.005    │
│ SPS               26.9K      Copy         20ms   3%    entropy      0.012    │
│ Epoch              3858    Train         425ms  69%    old_kl       0.000    │
│ Uptime     4m 36s 693ms      Model       425ms  69%    kl          -0.000    │
│ To go      3m 20s 936ms      Misc          0ms   0%    clipfrac     0.000    │
│                                                                              │
│ perf                          0.832   score                         0.665    │
│ episode_return                0.665   episode_length               10.504    │
│ invalids                      0.036                                          │
╰──────────────────────────────────────────────────────────────────────────────╯
╭──────────────────────────────────────────────────────────────────────────────╮
│ PufferLib 5.0             🐡   GPU:  90%   VRAM:   5.3/31G    RAM:  0.5G     │
│                                                                              │
│ Env         connect4cnn    Evaluate      178ms  29%    Losses       0.023    │
│ Params           151.7K      Model        99ms  16%    policy      -0.003    │
│ Steps              7.9M      Env          59ms   9%    value        0.005    │
│ SPS               27.0K      Copy         17ms   2%    entropy      0.014    │
│ Epoch              3866    Train         428ms  70%    old_kl      -0.000    │
│ Uptime     4m 37s 300ms      Model       428ms  70%    kl          -0.000    │
│ To go      3m 19s 637ms      Misc          0ms   0%    clipfrac     0.000    │
│                                                                              │
│ perf                          0.835   score                         0.669    │
│ episode_return                0.669   episode_length               10.591    │
│ invalids                      0.039                                          │
╰──────────────────────────────────────────────────────────────────────────────╯
╭──────────────────────────────────────────────────────────────────────────────╮
│ PufferLib 5.0            🐡    GPU:  93%   VRAM:   5.3/31G    RAM:  0.5G     │
│                                                                              │
│ Env         connect4cnn    Evaluate      180ms  29%    Losses       0.025    │
│ Params           151.7K      Model        99ms  16%    policy       0.002    │
│ Steps              7.9M      Env          59ms   9%    value        0.005    │
│ SPS               27.1K      Copy         20ms   3%    entropy      0.013    │
│ Epoch              3874    Train         425ms  70%    old_kl       0.000    │
│ Uptime     4m 37s 905ms      Model       425ms  70%    kl          -0.000    │
│ To go      3m 18s 639ms      Misc          0ms   0%    clipfrac     0.000    │
│                                                                              │
│ perf                          0.817   score                         0.635    │
│ episode_return                0.635   episode_length               10.639    │
│ invalids                      0.038                                          │
╰──────────────────────────────────────────────────────────────────────────────╯
╭──────────────────────────────────────────────────────────────────────────────╮
│ PufferLib 5.0           🐡     GPU:  93%   VRAM:   5.3/31G    RAM:  0.5G     │
│                                                                              │
│ Env         connect4cnn    Evaluate      181ms  30%    Losses       0.023    │
│ Params           151.7K      Model        99ms  16%    policy      -0.002    │
│ Steps              8.0M      Env          59ms   9%    value        0.005    │
│ SPS               27.2K      Copy         20ms   3%    entropy      0.012    │
│ Epoch              3882    Train         422ms  69%    old_kl       0.000    │
│ Uptime     4m 38s 508ms      Model       422ms  69%    kl          -0.000    │
│ To go      3m 17s 401ms      Misc          0ms   0%    clipfrac     0.000    │
│                                                                              │
│ perf                          0.820   score                         0.641    │
│ episode_return                0.641   episode_length               10.610    │
│ invalids                      0.046                                          │
╰──────────────────────────────────────────────────────────────────────────────╯
╭──────────────────────────────────────────────────────────────────────────────╮
│ PufferLib 5.0          🐡      GPU:  94%   VRAM:   5.3/31G    RAM:  0.5G     │
│                                                                              │
│ Env         connect4cnn    Evaluate      185ms  30%    Losses       0.025    │
│ Params           151.7K      Model        99ms  16%    policy       0.001    │
│ Steps              8.0M      Env          59ms   9%    value        0.005    │
│ SPS               27.1K      Copy         24ms   3%    entropy      0.011    │
│ Epoch              3890    Train         420ms  69%    old_kl      -0.000    │
│ Uptime     4m 39s 113ms      Model       420ms  69%    kl          -0.000    │
│ To go      3m 17s 489ms      Misc          0ms   0%    clipfrac     0.000    │
│                                                                              │
│ perf                          0.812   score                         0.625    │
│ episode_return                0.625   episode_length               10.678    │
│ invalids                      0.044                                          │
╰──────────────────────────────────────────────────────────────────────────────╯
╭──────────────────────────────────────────────────────────────────────────────╮
│ PufferLib 5.0         🐡       GPU:  92%   VRAM:   5.3/31G    RAM:  0.5G     │
│                                                                              │
│ Env         connect4cnn    Evaluate      180ms  29%    Losses       0.027    │
│ Params           151.7K      Model        99ms  16%    policy       0.002    │
│ Steps              8.0M      Env          60ms   9%    value        0.005    │
│ SPS               27.0K      Copy         17ms   2%    entropy      0.011    │
│ Epoch              3898    Train         425ms  70%    old_kl      -0.000    │
│ Uptime     4m 39s 719ms      Model       425ms  70%    kl          -0.000    │
│ To go      3m 17s 126ms      Misc          0ms   0%    clipfrac     0.000    │
│                                                                              │
│ perf                          0.813   score                         0.626    │
│ episode_return                0.626   episode_length               10.677    │
│ invalids                      0.039                                          │
╰──────────────────────────────────────────────────────────────────────────────╯
╭──────────────────────────────────────────────────────────────────────────────╮
│ PufferLib 5.0        🐡        GPU:  92%   VRAM:   5.3/31G    RAM:  0.5G     │
│                                                                              │
│ Env         connect4cnn    Evaluate      184ms  30%    Losses       0.025    │
│ Params           151.7K      Model        99ms  16%    policy       0.001    │
│ Steps              8.0M      Env          59ms   9%    value        0.005    │
│ SPS               27.1K      Copy         22ms   3%    entropy      0.011    │
│ Epoch              3906    Train         420ms  69%    old_kl      -0.000    │
│ Uptime     4m 40s 324ms      Model       420ms  69%    kl          -0.000    │
│ To go      3m 16s 169ms      Misc          0ms   0%    clipfrac     0.000    │
│                                                                              │
│ perf                          0.830   score                         0.660    │
│ episode_return                0.660   episode_length               10.587    │
│ invalids                      0.046                                          │
╰──────────────────────────────────────────────────────────────────────────────╯
╭──────────────────────────────────────────────────────────────────────────────╮
│ PufferLib 5.0       🐡         GPU:  87%   VRAM:   5.3/31G    RAM:  0.5G     │
│                                                                              │
│ Env         connect4cnn    Evaluate      180ms  29%    Losses       0.023    │
│ Params           151.7K      Model        99ms  16%    policy      -0.001    │
│ Steps              8.0M      Env          59ms   9%    value        0.005    │
│ SPS               27.1K      Copy         19ms   3%    entropy      0.012    │
│ Epoch              3914    Train         425ms  70%    old_kl      -0.000    │
│ Uptime     4m 40s 930ms      Model       424ms  70%    kl          -0.000    │
│ To go      3m 15s 583ms      Misc          0ms   0%    clipfrac     0.000    │
│                                                                              │
│ perf                          0.835   score                         0.670    │
│ episode_return                0.670   episode_length               10.541    │
│ invalids                      0.038                                          │
╰──────────────────────────────────────────────────────────────────────────────╯
╭──────────────────────────────────────────────────────────────────────────────╮
│ PufferLib 5.0      🐡          GPU:  87%   VRAM:   5.3/31G    RAM:  0.5G     │
│                                                                              │
│ Env         connect4cnn    Evaluate      180ms  29%    Losses       0.027    │
│ Params           151.7K      Model        99ms  16%    policy       0.002    │
│ Steps              8.0M      Env          59ms   9%    value        0.005    │
│ SPS               27.2K      Copy         18ms   2%    entropy      0.013    │
│ Epoch              3922    Train         422ms  70%    old_kl       0.000    │
│ Uptime     4m 41s 533ms      Model       422ms  70%    kl          -0.000    │
│ To go      3m 14s 397ms      Misc          0ms   0%    clipfrac     0.000    │
│                                                                              │
│ perf                          0.829   score                         0.658    │
│ episode_return                0.658   episode_length               10.684    │
│ invalids                      0.042                                          │
╰──────────────────────────────────────────────────────────────────────────────╯
╭──────────────────────────────────────────────────────────────────────────────╮
│ PufferLib 5.0     🐡           GPU:  93%   VRAM:   5.3/31G    RAM:  0.5G     │
│                                                                              │
│ Env         connect4cnn    Evaluate      181ms  30%    Losses       0.027    │
│ Params           151.7K      Model        99ms  16%    policy       0.001    │
│ Steps              8.0M      Env          59ms   9%    value        0.005    │
│ SPS               27.3K      Copy         21ms   3%    entropy      0.010    │
│ Epoch              3930    Train         419ms  69%    old_kl       0.000    │
│ Uptime     4m 42s 133ms      Model       418ms  69%    kl          -0.000    │
│ To go      3m 12s 806ms      Misc          0ms   0%    clipfrac     0.000    │
│                                                                              │
│ perf                          0.819   score                         0.639    │
│ episode_return                0.639   episode_length               10.660    │
│ invalids                      0.053                                          │
╰──────────────────────────────────────────────────────────────────────────────╯
╭──────────────────────────────────────────────────────────────────────────────╮
│ PufferLib 5.0    🐡            GPU:  94%   VRAM:   5.3/31G    RAM:  0.5G     │
│                                                                              │
│ Env         connect4cnn    Evaluate      183ms  30%    Losses       0.026    │
│ Params           151.7K      Model        99ms  16%    policy       0.001    │
│ Steps              8.1M      Env          59ms   9%    value        0.005    │
│ SPS               27.2K      Copy         22ms   3%    entropy      0.009    │
│ Epoch              3938    Train         418ms  69%    old_kl      -0.000    │
│ Uptime     4m 42s 735ms      Model       418ms  69%    kl          -0.000    │
│ To go      3m 12s 669ms      Misc          0ms   0%    clipfrac     0.000    │
│                                                                              │
│ perf                          0.816   score                         0.632    │
│ episode_return                0.632   episode_length               10.657    │
│ invalids                      0.042                                          │
╰──────────────────────────────────────────────────────────────────────────────╯
╭──────────────────────────────────────────────────────────────────────────────╮
│ PufferLib 5.0   🐡             GPU:  94%   VRAM:   5.3/31G    RAM:  0.5G     │
│                                                                              │
│ Env         connect4cnn    Evaluate      182ms  30%    Losses       0.029    │
│ Params           151.7K      Model        99ms  16%    policy       0.003    │
│ Steps              8.1M      Env          58ms   9%    value        0.005    │
│ SPS               27.3K      Copy         22ms   3%    entropy      0.017    │
│ Epoch              3946    Train         418ms  69%    old_kl      -0.000    │
│ Uptime     4m 43s 336ms      Model       418ms  69%    kl          -0.000    │
│ To go      3m 11s 892ms      Misc          0ms   0%    clipfrac     0.000    │
│                                                                              │
│ perf                          0.800   score                         0.599    │
│ episode_return                0.599   episode_length               10.727    │
│ invalids                      0.046                                          │
╰──────────────────────────────────────────────────────────────────────────────╯
╭──────────────────────────────────────────────────────────────────────────────╮
│ PufferLib 5.0  🐡              GPU:  91%   VRAM:   5.3/31G    RAM:  0.5G     │
│                                                                              │
│ Env         connect4cnn    Evaluate      184ms  30%    Losses       0.023    │
│ Params           151.7K      Model        99ms  16%    policy      -0.001    │
│ Steps              8.1M      Env          59ms   9%    value        0.005    │
│ SPS               27.0K      Copy         24ms   3%    entropy      0.012    │
│ Epoch              3954    Train         422ms  69%    old_kl       0.000    │
│ Uptime     4m 43s 943ms      Model       422ms  69%    kl          -0.000    │
│ To go      3m 13s 201ms      Misc          0ms   0%    clipfrac     0.000    │
│                                                                              │
│ perf                          0.818   score                         0.636    │
│ episode_return                0.636   episode_length               10.628    │
│ invalids                      0.044                                          │
╰──────────────────────────────────────────────────────────────────────────────╯
╭──────────────────────────────────────────────────────────────────────────────╮
│ PufferLib 5.0 🐡               GPU:  91%   VRAM:   5.3/31G    RAM:  0.5G     │
│                                                                              │
│ Env         connect4cnn    Evaluate      188ms  31%    Losses       0.028    │
│ Params           151.7K      Model        99ms  16%    policy      -0.000    │
│ Steps              8.1M      Env          59ms   9%    value        0.006    │
│ SPS               27.2K      Copy         25ms   4%    entropy      0.012    │
│ Epoch              3962    Train         414ms  68%    old_kl      -0.000    │
│ Uptime     4m 44s 545ms      Model       414ms  68%    kl          -0.000    │
│ To go      3m 11s 105ms      Misc          0ms   0%    clipfrac     0.000    │
│                                                                              │
│ perf                          0.810   score                         0.619    │
│ episode_return                0.619   episode_length               10.697    │
│ invalids                      0.044                                          │
╰──────────────────────────────────────────────────────────────────────────────╯
╭──────────────────────────────────────────────────────────────────────────────╮
│ PufferLib 5.0🐡                GPU:  85%   VRAM:   5.3/31G    RAM:  0.5G     │
│                                                                              │
│ Env         connect4cnn    Evaluate      186ms  30%    Losses       0.025    │
│ Params           151.7K      Model        99ms  16%    policy       0.002    │
│ Steps              8.1M      Env          61ms  10%    value        0.005    │
│ SPS               27.1K      Copy         23ms   3%    entropy      0.010    │
│ Epoch              3970    Train         417ms  69%    old_kl      -0.000    │
│ Uptime     4m 45s 149ms      Model       417ms  69%    kl          -0.000    │
│ To go      3m 11s 088ms      Misc          0ms   0%    clipfrac     0.000    │
│                                                                              │
│ perf                          0.831   score                         0.662    │
│ episode_return                0.662   episode_length               10.577    │
│ invalids                      0.047                                          │
╰──────────────────────────────────────────────────────────────────────────────╯
╭──────────────────────────────────────────────────────────────────────────────╮
│ PufferLib 5.0               🐡 GPU:  93%   VRAM:   5.3/31G    RAM:  0.5G     │
│                                                                              │
│ Env         connect4cnn    Evaluate      184ms  30%    Losses       0.024    │
│ Params           151.7K      Model        99ms  16%    policy      -0.000    │
│ Steps              8.1M      Env          59ms   9%    value        0.005    │
│ SPS               27.2K      Copy         23ms   3%    entropy      0.013    │
│ Epoch              3978    Train         416ms  69%    old_kl      -0.000    │
│ Uptime     4m 45s 751ms      Model       416ms  69%    kl          -0.000    │
│ To go      3m 09s 674ms      Misc          0ms   0%    clipfrac     0.000    │
│                                                                              │
│ perf                          0.805   score                         0.610    │
│ episode_return                0.610   episode_length               10.687    │
│ invalids                      0.050                                          │
╰──────────────────────────────────────────────────────────────────────────────╯
╭──────────────────────────────────────────────────────────────────────────────╮
│ PufferLib 5.0              🐡  GPU:  93%   VRAM:   5.3/31G    RAM:  0.5G     │
│                                                                              │
│ Env         connect4cnn    Evaluate      189ms  31%    Losses       0.028    │
│ Params           151.7K      Model        99ms  16%    policy       0.002    │
│ Steps              8.2M      Env          59ms   9%    value        0.005    │
│ SPS               27.2K      Copy         27ms   4%    entropy      0.013    │
│ Epoch              3986    Train         412ms  68%    old_kl      -0.000    │
│ Uptime     4m 46s 353ms      Model       412ms  68%    kl          -0.000    │
│ To go      3m 09s 192ms      Misc          0ms   0%    clipfrac     0.000    │
│                                                                              │
│ perf                          0.827   score                         0.654    │
│ episode_return                0.654   episode_length               10.571    │
│ invalids                      0.051                                          │
╰──────────────────────────────────────────────────────────────────────────────╯
╭──────────────────────────────────────────────────────────────────────────────╮
│ PufferLib 5.0             🐡   GPU:  94%   VRAM:   5.3/31G    RAM:  0.5G     │
│                                                                              │
│ Env         connect4cnn    Evaluate      184ms  30%    Losses       0.021    │
│ Params           151.7K      Model        99ms  16%    policy      -0.002    │
│ Steps              8.2M      Env          59ms   9%    value        0.005    │
│ SPS               27.2K      Copy         24ms   3%    entropy      0.011    │
│ Epoch              3994    Train         417ms  69%    old_kl       0.000    │
│ Uptime     4m 46s 955ms      Model       417ms  69%    kl          -0.000    │
│ To go      3m 08s 583ms      Misc          0ms   0%    clipfrac     0.000    │
│                                                                              │
│ perf                          0.827   score                         0.655    │
│ episode_return                0.655   episode_length               10.575    │
│ invalids                      0.041                                          │
╰──────────────────────────────────────────────────────────────────────────────╯
╭──────────────────────────────────────────────────────────────────────────────╮
│ PufferLib 5.0            🐡    GPU:  94%   VRAM:   5.3/31G    RAM:  0.5G     │
│                                                                              │
│ Env         connect4cnn    Evaluate      185ms  30%    Losses       0.024    │
│ Params           151.7K      Model        99ms  16%    policy      -0.001    │
│ Steps              8.2M      Env          60ms   9%    value        0.005    │
│ SPS               27.2K      Copy         24ms   3%    entropy      0.012    │
│ Epoch              4002    Train         417ms  69%    old_kl      -0.000    │
│ Uptime     4m 47s 558ms      Model       417ms  69%    kl          -0.000    │
│ To go      3m 08s 351ms      Misc          0ms   0%    clipfrac     0.000    │
│                                                                              │
│ perf                          0.822   score                         0.643    │
│ episode_return                0.643   episode_length               10.707    │
│ invalids                      0.045                                          │
╰──────────────────────────────────────────────────────────────────────────────╯
╭──────────────────────────────────────────────────────────────────────────────╮
│ PufferLib 5.0           🐡     GPU:  89%   VRAM:   5.3/31G    RAM:  0.5G     │
│                                                                              │
│ Env         connect4cnn    Evaluate      203ms  30%    Losses       0.023    │
│ Params           151.7K      Model       112ms  16%    policy      -0.001    │
│ Steps              8.2M      Env          66ms   9%    value        0.005    │
│ SPS               27.5K      Copy         23ms   3%    entropy      0.014    │
│ Epoch              4011    Train         467ms  69%    old_kl      -0.000    │
│ Uptime     4m 48s 229ms      Model       467ms  69%    kl          -0.000    │
│ To go      3m 05s 582ms      Misc          0ms   0%    clipfrac     0.000    │
│                                                                              │
│ perf                          0.815   score                         0.629    │
│ episode_return                0.629   episode_length               10.628    │
│ invalids                      0.047                                          │
╰──────────────────────────────────────────────────────────────────────────────╯
╭──────────────────────────────────────────────────────────────────────────────╮
│ PufferLib 5.0          🐡      GPU:  91%   VRAM:   5.3/31G    RAM:  0.5G     │
│                                                                              │
│ Env         connect4cnn    Evaluate      186ms  30%    Losses       0.026    │
│ Params           151.7K      Model        99ms  16%    policy       0.001    │
│ Steps              8.2M      Env          61ms   9%    value        0.005    │
│ SPS               27.0K      Copy         23ms   3%    entropy      0.014    │
│ Epoch              4019    Train         421ms  69%    old_kl       0.000    │
│ Uptime     4m 48s 837ms      Model       421ms  69%    kl          -0.000    │
│ To go      3m 08s 339ms      Misc          0ms   0%    clipfrac     0.000    │
│                                                                              │
│ perf                          0.817   score                         0.634    │
│ episode_return                0.634   episode_length               10.654    │
│ invalids                      0.047                                          │
╰──────────────────────────────────────────────────────────────────────────────╯
╭──────────────────────────────────────────────────────────────────────────────╮
│ PufferLib 5.0         🐡       GPU:  91%   VRAM:   5.3/31G    RAM:  0.5G     │
│                                                                              │
│ Env         connect4cnn    Evaluate      181ms  30%    Losses       0.023    │
│ Params           151.7K      Model        99ms  16%    policy      -0.002    │
│ Steps              8.2M      Env          59ms   9%    value        0.005    │
│ SPS               27.1K      Copy         22ms   3%    entropy      0.011    │
│ Epoch              4027    Train         422ms  69%    old_kl      -0.000    │
│ Uptime     4m 49s 441ms      Model       422ms  69%    kl          -0.000    │
│ To go      3m 06s 796ms      Misc          0ms   0%    clipfrac     0.000    │
│                                                                              │
│ perf                          0.828   score                         0.656    │
│ episode_return                0.656   episode_length               10.524    │
│ invalids                      0.038                                          │
╰──────────────────────────────────────────────────────────────────────────────╯
╭──────────────────────────────────────────────────────────────────────────────╮
│ PufferLib 5.0        🐡        GPU:  93%   VRAM:   5.3/31G    RAM:  0.5G     │
│                                                                              │
│ Env         connect4cnn    Evaluate      179ms  29%    Losses       0.026    │
│ Params           151.7K      Model        99ms  16%    policy       0.000    │
│ Steps              8.3M      Env          58ms   9%    value        0.005    │
│ SPS               27.2K      Copy         18ms   2%    entropy      0.011    │
│ Epoch              4035    Train         422ms  70%    old_kl       0.000    │
│ Uptime     4m 50s 043ms      Model       422ms  70%    kl          -0.000    │
│ To go      3m 05s 595ms      Misc          0ms   0%    clipfrac     0.000    │
│                                                                              │
│ perf                          0.814   score                         0.628    │
│ episode_return                0.628   episode_length               10.622    │
│ invalids                      0.045                                          │
╰──────────────────────────────────────────────────────────────────────────────╯
╭──────────────────────────────────────────────────────────────────────────────╮
│ PufferLib 5.0       🐡         GPU:  93%   VRAM:   5.3/31G    RAM:  0.5G     │
│                                                                              │
│ Env         connect4cnn    Evaluate      178ms  29%    Losses       0.028    │
│ Params           151.7K      Model        99ms  16%    policy       0.003    │
│ Steps              8.3M      Env          57ms   9%    value        0.005    │
│ SPS               27.2K      Copy         19ms   3%    entropy      0.012    │
│ Epoch              4043    Train         423ms  70%    old_kl      -0.000    │
│ Uptime     4m 50s 646ms      Model       423ms  70%    kl          -0.000    │
│ To go      3m 05s 149ms      Misc          0ms   0%    clipfrac     0.000    │
│                                                                              │
│ perf                          0.803   score                         0.607    │
│ episode_return                0.607   episode_length               10.731    │
│ invalids                      0.054                                          │
╰──────────────────────────────────────────────────────────────────────────────╯
╭──────────────────────────────────────────────────────────────────────────────╮
│ PufferLib 5.0      🐡          GPU:  92%   VRAM:   5.3/31G    RAM:  0.5G     │
│                                                                              │
│ Env         connect4cnn    Evaluate      184ms  30%    Losses       0.024    │
│ Params           151.7K      Model        99ms  16%    policy      -0.001    │
│ Steps              8.3M      Env          58ms   9%    value        0.005    │
│ SPS               27.1K      Copy         24ms   3%    entropy      0.012    │
│ Epoch              4051    Train         419ms  69%    old_kl       0.000    │
│ Uptime     4m 51s 250ms      Model       419ms  69%    kl          -0.000    │
│ To go      3m 04s 876ms      Misc          0ms   0%    clipfrac     0.000    │
│                                                                              │
│ perf                          0.803   score                         0.606    │
│ episode_return                0.606   episode_length               10.687    │
│ invalids                      0.046                                          │
╰──────────────────────────────────────────────────────────────────────────────╯
╭──────────────────────────────────────────────────────────────────────────────╮
│ PufferLib 5.0     🐡           GPU:  87%   VRAM:   5.3/31G    RAM:  0.5G     │
│                                                                              │
│ Env         connect4cnn    Evaluate      186ms  30%    Losses       0.025    │
│ Params           151.7K      Model        99ms  16%    policy       0.000    │
│ Steps              8.3M      Env          58ms   9%    value        0.005    │
│ SPS               27.2K      Copy         25ms   4%    entropy      0.012    │
│ Epoch              4059    Train         415ms  69%    old_kl       0.000    │
│ Uptime     4m 51s 851ms      Model       415ms  69%    kl          -0.000    │
│ To go      3m 03s 471ms      Misc          0ms   0%    clipfrac     0.000    │
│                                                                              │
│ perf                          0.808   score                         0.616    │
│ episode_return                0.616   episode_length               10.709    │
│ invalids                      0.046                                          │
╰──────────────────────────────────────────────────────────────────────────────╯
╭──────────────────────────────────────────────────────────────────────────────╮
│ PufferLib 5.0    🐡            GPU:  87%   VRAM:   5.3/31G    RAM:  0.5G     │
│                                                                              │
│ Env         connect4cnn    Evaluate      182ms  30%    Losses       0.024    │
│ Params           151.7K      Model        99ms  16%    policy       0.000    │
│ Steps              8.3M      Env          58ms   9%    value        0.005    │
│ SPS               27.3K      Copy         21ms   3%    entropy      0.011    │
│ Epoch              4067    Train         417ms  69%    old_kl       0.000    │
│ Uptime     4m 52s 452ms      Model       417ms  69%    kl          -0.000    │
│ To go      3m 02s 680ms      Misc          0ms   0%    clipfrac     0.000    │
│                                                                              │
│ perf                          0.810   score                         0.620    │
│ episode_return                0.620   episode_length               10.639    │
│ invalids                      0.047                                          │
╰──────────────────────────────────────────────────────────────────────────────╯
╭──────────────────────────────────────────────────────────────────────────────╮
│ PufferLib 5.0   🐡             GPU:  93%   VRAM:   5.3/31G    RAM:  0.5G     │
│                                                                              │
│ Env         connect4cnn    Evaluate      181ms  30%    Losses       0.025    │
│ Params           151.7K      Model        99ms  16%    policy       0.000    │
│ Steps              8.3M      Env          59ms   9%    value        0.005    │
│ SPS               27.1K      Copy         20ms   3%    entropy      0.012    │
│ Epoch              4075    Train         423ms  69%    old_kl       0.000    │
│ Uptime     4m 53s 057ms      Model       422ms  69%    kl          -0.000    │
│ To go      3m 03s 252ms      Misc          0ms   0%    clipfrac     0.000    │
│                                                                              │
│ perf                          0.809   score                         0.618    │
│ episode_return                0.618   episode_length               10.654    │
│ invalids                      0.051                                          │
╰──────────────────────────────────────────────────────────────────────────────╯
╭──────────────────────────────────────────────────────────────────────────────╮
│ PufferLib 5.0  🐡              GPU:  93%   VRAM:   5.3/31G    RAM:  0.5G     │
│                                                                              │
│ Env         connect4cnn    Evaluate      178ms  29%    Losses       0.027    │
│ Params           151.7K      Model        99ms  16%    policy       0.002    │
│ Steps              8.4M      Env          58ms   9%    value        0.005    │
│ SPS               27.0K      Copy         18ms   2%    entropy      0.012    │
│ Epoch              4083    Train         429ms  70%    old_kl      -0.000    │
│ Uptime     4m 53s 664ms      Model       429ms  70%    kl          -0.000    │
│ To go      3m 03s 663ms      Misc          0ms   0%    clipfrac     0.000    │
│                                                                              │
│ perf                          0.819   score                         0.637    │
│ episode_return                0.637   episode_length               10.653    │
│ invalids                      0.042                                          │
╰──────────────────────────────────────────────────────────────────────────────╯
╭──────────────────────────────────────────────────────────────────────────────╮
│ PufferLib 5.0 🐡               GPU:  93%   VRAM:   5.3/31G    RAM:  0.5G     │
│                                                                              │
│ Env         connect4cnn    Evaluate      181ms  29%    Losses       0.024    │
│ Params           151.7K      Model        99ms  16%    policy      -0.001    │
│ Steps              8.4M      Env          60ms   9%    value        0.005    │
│ SPS               26.9K      Copy         20ms   3%    entropy      0.012    │
│ Epoch              4091    Train         426ms  70%    old_kl      -0.000    │
│ Uptime     4m 54s 273ms      Model       426ms  70%    kl          -0.000    │
│ To go      3m 03s 145ms      Misc          0ms   0%    clipfrac     0.000    │
│                                                                              │
│ perf                          0.815   score                         0.629    │
│ episode_return                0.629   episode_length               10.732    │
│ invalids                      0.045                                          │
╰──────────────────────────────────────────────────────────────────────────────╯
╭──────────────────────────────────────────────────────────────────────────────╮
│ PufferLib 5.0🐡                GPU:  92%   VRAM:   5.3/31G    RAM:  0.5G     │
│                                                                              │
│ Env         connect4cnn    Evaluate      183ms  30%    Losses       0.023    │
│ Params           151.7K      Model        99ms  16%    policy       0.001    │
│ Steps              8.4M      Env          61ms  10%    value        0.004    │
│ SPS               27.0K      Copy         21ms   3%    entropy      0.010    │
│ Epoch              4099    Train         424ms  69%    old_kl       0.000    │
│ Uptime     4m 54s 880ms      Model       424ms  69%    kl          -0.000    │
│ To go      3m 02s 334ms      Misc          0ms   0%    clipfrac     0.000    │
│                                                                              │
│ perf                          0.816   score                         0.632    │
│ episode_return                0.632   episode_length               10.663    │
│ invalids                      0.042                                          │
╰──────────────────────────────────────────────────────────────────────────────╯
╭──────────────────────────────────────────────────────────────────────────────╮
│ PufferLib 5.0               🐡 GPU:  92%   VRAM:   5.3/31G    RAM:  0.5G     │
│                                                                              │
│ Env         connect4cnn    Evaluate      181ms  30%    Losses       0.024    │
│ Params           151.7K      Model        99ms  16%    policy      -0.000    │
│ Steps              8.4M      Env          58ms   9%    value        0.005    │
│ SPS               27.3K      Copy         22ms   3%    entropy      0.013    │
│ Epoch              4107    Train         418ms  69%    old_kl      -0.000    │
│ Uptime     4m 55s 480ms      Model       418ms  69%    kl          -0.000    │
│ To go      2m 59s 572ms      Misc          0ms   0%    clipfrac     0.000    │
│                                                                              │
│ perf                          0.801   score                         0.603    │
│ episode_return                0.603   episode_length               10.741    │
│ invalids                      0.050                                          │
╰──────────────────────────────────────────────────────────────────────────────╯
╭──────────────────────────────────────────────────────────────────────────────╮
│ PufferLib 5.0              🐡  GPU:  88%   VRAM:   5.3/31G    RAM:  0.5G     │
│                                                                              │
│ Env         connect4cnn    Evaluate      182ms  30%    Losses       0.028    │
│ Params           151.7K      Model        99ms  16%    policy       0.002    │
│ Steps              8.4M      Env          60ms   9%    value        0.005    │
│ SPS               27.0K      Copy         21ms   3%    entropy      0.011    │
│ Epoch              4115    Train         424ms  69%    old_kl      -0.000    │
│ Uptime     4m 56s 087ms      Model       424ms  69%    kl          -0.000    │
│ To go      3m 00s 774ms      Misc          0ms   0%    clipfrac     0.000    │
│                                                                              │
│ perf                          0.820   score                         0.640    │
│ episode_return                0.640   episode_length               10.575    │
│ invalids                      0.037                                          │
╰──────────────────────────────────────────────────────────────────────────────╯
╭──────────────────────────────────────────────────────────────────────────────╮
│ PufferLib 5.0             🐡   GPU:  89%   VRAM:   5.3/31G    RAM:  0.5G     │
│                                                                              │
│ Env         connect4cnn    Evaluate      182ms  30%    Losses       0.023    │
│ Params           151.7K      Model        99ms  16%    policy       0.000    │
│ Steps              8.4M      Env          60ms   9%    value        0.004    │
│ SPS               27.1K      Copy         20ms   3%    entropy      0.010    │
│ Epoch              4123    Train         422ms  69%    old_kl       0.000    │
│ Uptime     4m 56s 692ms      Model       422ms  69%    kl          -0.000    │
│ To go      2m 59s 863ms      Misc          0ms   0%    clipfrac     0.000    │
│                                                                              │
│ perf                          0.841   score                         0.683    │
│ episode_return                0.683   episode_length               10.523    │
│ invalids                      0.041                                          │
╰──────────────────────────────────────────────────────────────────────────────╯
╭──────────────────────────────────────────────────────────────────────────────╮
│ PufferLib 5.0            🐡    GPU:  89%   VRAM:   5.3/31G    RAM:  0.5G     │
│                                                                              │
│ Env         connect4cnn    Evaluate      179ms  29%    Losses       0.025    │
│ Params           151.7K      Model        99ms  16%    policy      -0.001    │
│ Steps              8.5M      Env          59ms   9%    value        0.005    │
│ SPS               27.2K      Copy         19ms   3%    entropy      0.014    │
│ Epoch              4131    Train         421ms  70%    old_kl      -0.000    │
│ Uptime     4m 57s 294ms      Model       421ms  70%    kl          -0.000    │
│ To go      2m 58s 121ms      Misc          0ms   0%    clipfrac     0.000    │
│                                                                              │
│ perf                          0.801   score                         0.603    │
│ episode_return                0.603   episode_length               10.713    │
│ invalids                      0.042                                          │
╰──────────────────────────────────────────────────────────────────────────────╯
╭──────────────────────────────────────────────────────────────────────────────╮
│ PufferLib 5.0           🐡     GPU:  94%   VRAM:   5.3/31G    RAM:  0.5G     │
│                                                                              │
│ Env         connect4cnn    Evaluate      182ms  30%    Losses       0.026    │
│ Params           151.7K      Model        99ms  16%    policy       0.001    │
│ Steps              8.5M      Env          60ms   9%    value        0.005    │
│ SPS               27.1K      Copy         21ms   3%    entropy      0.011    │
│ Epoch              4139    Train         420ms  69%    old_kl      -0.000    │
│ Uptime     4m 57s 897ms      Model       420ms  69%    kl          -0.000    │
│ To go      2m 58s 106ms      Misc          0ms   0%    clipfrac     0.000    │
│                                                                              │
│ perf                          0.814   score                         0.628    │
│ episode_return                0.628   episode_length               10.689    │
│ invalids                      0.046                                          │
╰──────────────────────────────────────────────────────────────────────────────╯
╭──────────────────────────────────────────────────────────────────────────────╮
│ PufferLib 5.0          🐡      GPU:  94%   VRAM:   5.3/31G    RAM:  0.5G     │
│                                                                              │
│ Env         connect4cnn    Evaluate      180ms  29%    Losses       0.024    │
│ Params           151.7K      Model        99ms  16%    policy       0.000    │
│ Steps              8.5M      Env          58ms   9%    value        0.005    │
│ SPS               27.2K      Copy         20ms   3%    entropy      0.013    │
│ Epoch              4147    Train         422ms  70%    old_kl      -0.000    │
│ Uptime     4m 58s 500ms      Model       422ms  70%    kl          -0.000    │
│ To go      2m 57s 192ms      Misc          0ms   0%    clipfrac     0.000    │
│                                                                              │
│ perf                          0.819   score                         0.638    │
│ episode_return                0.638   episode_length               10.656    │
│ invalids                      0.042                                          │
╰──────────────────────────────────────────────────────────────────────────────╯
╭──────────────────────────────────────────────────────────────────────────────╮
│ PufferLib 5.0         🐡       GPU:  93%   VRAM:   5.3/31G    RAM:  0.5G     │
│                                                                              │
│ Env         connect4cnn    Evaluate      179ms  29%    Losses       0.025    │
│ Params           151.7K      Model        99ms  16%    policy      -0.000    │
│ Steps              8.5M      Env          59ms   9%    value        0.005    │
│ SPS               26.8K      Copy         17ms   2%    entropy      0.011    │
│ Epoch              4155    Train         431ms  70%    old_kl      -0.000    │
│ Uptime     4m 59s 110ms      Model       431ms  70%    kl          -0.000    │
│ To go      2m 59s 004ms      Misc          0ms   0%    clipfrac     0.000    │
│                                                                              │
│ perf                          0.811   score                         0.622    │
│ episode_return                0.622   episode_length               10.600    │
│ invalids                      0.040                                          │
╰──────────────────────────────────────────────────────────────────────────────╯
╭──────────────────────────────────────────────────────────────────────────────╮
│ PufferLib 5.0        🐡        GPU:  91%   VRAM:   5.3/31G    RAM:  0.5G     │
│                                                                              │
│ Env         connect4cnn    Evaluate      181ms  29%    Losses       0.026    │
│ Params           151.7K      Model        99ms  16%    policy       0.001    │
│ Steps              8.5M      Env          59ms   9%    value        0.005    │
│ SPS               27.0K      Copy         22ms   3%    entropy      0.017    │
│ Epoch              4163    Train         425ms  70%    old_kl       0.000    │
│ Uptime     4m 59s 717ms      Model       425ms  70%    kl          -0.000    │
│ To go      2m 57s 288ms      Misc          0ms   0%    clipfrac     0.000    │
│                                                                              │
│ perf                          0.809   score                         0.619    │
│ episode_return                0.619   episode_length               10.645    │
│ invalids                      0.053                                          │
╰──────────────────────────────────────────────────────────────────────────────╯
╭──────────────────────────────────────────────────────────────────────────────╮
│ PufferLib 5.0       🐡         GPU:  91%   VRAM:   5.3/31G    RAM:  0.5G     │
│                                                                              │
│ Env         connect4cnn    Evaluate      183ms  30%    Losses       0.023    │
│ Params           151.7K      Model        99ms  16%    policy      -0.001    │
│ Steps              8.5M      Env          60ms   9%    value        0.005    │
│ SPS               26.9K      Copy         21ms   3%    entropy      0.011    │
│ Epoch              4171    Train         424ms  69%    old_kl       0.000    │
│ Uptime     5m 00s 326ms      Model       424ms  69%    kl          -0.000    │
│ To go      2m 57s 324ms      Misc          0ms   0%    clipfrac     0.000    │
│                                                                              │
│ perf                          0.816   score                         0.631    │
│ episode_return                0.631   episode_length               10.632    │
│ invalids                      0.040                                          │
╰──────────────────────────────────────────────────────────────────────────────╯
╭──────────────────────────────────────────────────────────────────────────────╮
│ PufferLib 5.0      🐡          GPU:  87%   VRAM:   5.3/31G    RAM:  0.5G     │
│                                                                              │
│ Env         connect4cnn    Evaluate      207ms  30%    Losses       0.023    │
│ Params           151.7K      Model       112ms  16%    policy      -0.000    │
│ Steps              8.6M      Env          67ms   9%    value        0.005    │
│ SPS               27.3K      Copy         27ms   3%    entropy      0.011    │
│ Epoch              4180    Train         467ms  69%    old_kl       0.000    │
│ Uptime     5m 01s 002ms      Model       467ms  69%    kl          -0.000    │
│ To go      2m 54s 215ms      Misc          0ms   0%    clipfrac     0.000    │
│                                                                              │
│ perf                          0.815   score                         0.630    │
│ episode_return                0.630   episode_length               10.680    │
│ invalids                      0.039                                          │
╰──────────────────────────────────────────────────────────────────────────────╯
╭──────────────────────────────────────────────────────────────────────────────╮
│ PufferLib 5.0     🐡           GPU:  87%   VRAM:   5.3/31G    RAM:  0.5G     │
│                                                                              │
│ Env         connect4cnn    Evaluate      180ms  29%    Losses       0.026    │
│ Params           151.7K      Model        99ms  16%    policy       0.002    │
│ Steps              8.6M      Env          58ms   9%    value        0.005    │
│ SPS               27.0K      Copy         20ms   3%    entropy      0.010    │
│ Epoch              4188    Train         425ms  70%    old_kl      -0.000    │
│ Uptime     5m 01s 608ms      Model       425ms  70%    kl          -0.000    │
│ To go      2m 55s 189ms      Misc          0ms   0%    clipfrac     0.000    │
│                                                                              │
│ perf                          0.815   score                         0.631    │
│ episode_return                0.631   episode_length               10.750    │
│ invalids                      0.037                                          │
╰──────────────────────────────────────────────────────────────────────────────╯
╭──────────────────────────────────────────────────────────────────────────────╮
│ PufferLib 5.0    🐡            GPU:  91%   VRAM:   5.3/31G    RAM:  0.5G     │
│                                                                              │
│ Env         connect4cnn    Evaluate      182ms  30%    Losses       0.024    │
│ Params           151.7K      Model        99ms  16%    policy       0.000    │
│ Steps              8.6M      Env          59ms   9%    value        0.005    │
│ SPS               27.1K      Copy         22ms   3%    entropy      0.009    │
│ Epoch              4196    Train         423ms  69%    old_kl      -0.000    │
│ Uptime     5m 02s 214ms      Model       423ms  69%    kl          -0.000    │
│ To go      2m 54s 343ms      Misc          0ms   0%    clipfrac     0.000    │
│                                                                              │
│ perf                          0.834   score                         0.669    │
│ episode_return                0.669   episode_length               10.566    │
│ invalids                      0.048                                          │
╰──────────────────────────────────────────────────────────────────────────────╯
╭──────────────────────────────────────────────────────────────────────────────╮
│ PufferLib 5.0   🐡             GPU:  93%   VRAM:   5.3/31G    RAM:  0.5G     │
│                                                                              │
│ Env         connect4cnn    Evaluate      202ms  30%    Losses       0.024    │
│ Params           151.7K      Model       112ms  16%    policy      -0.000    │
│ Steps              8.6M      Env          66ms   9%    value        0.005    │
│ SPS               27.4K      Copy         22ms   3%    entropy      0.017    │
│ Epoch              4205    Train         471ms  69%    old_kl       0.000    │
│ Uptime     5m 02s 887ms      Model       471ms  69%    kl          -0.000    │
│ To go      2m 51s 716ms      Misc          0ms   0%    clipfrac     0.000    │
│                                                                              │
│ perf                          0.822   score                         0.643    │
│ episode_return                0.643   episode_length               10.583    │
│ invalids                      0.039                                          │
╰──────────────────────────────────────────────────────────────────────────────╯
╭──────────────────────────────────────────────────────────────────────────────╮
│ PufferLib 5.0  🐡              GPU:  93%   VRAM:   5.3/31G    RAM:  0.5G     │
│                                                                              │
│ Env         connect4cnn    Evaluate      179ms  29%    Losses       0.022    │
│ Params           151.7K      Model        99ms  16%    policy      -0.001    │
│ Steps              8.6M      Env          58ms   9%    value        0.005    │
│ SPS               27.1K      Copy         19ms   3%    entropy      0.011    │
│ Epoch              4213    Train         424ms  70%    old_kl      -0.000    │
│ Uptime     5m 03s 491ms      Model       424ms  70%    kl          -0.000    │
│ To go      2m 52s 558ms      Misc          0ms   0%    clipfrac     0.000    │
│                                                                              │
│ perf                          0.813   score                         0.626    │
│ episode_return                0.626   episode_length               10.718    │
│ invalids                      0.046                                          │
╰──────────────────────────────────────────────────────────────────────────────╯
╭──────────────────────────────────────────────────────────────────────────────╮
│ PufferLib 5.0 🐡               GPU:  91%   VRAM:   5.3/31G    RAM:  0.5G     │
│                                                                              │
│ Env         connect4cnn    Evaluate      182ms  30%    Losses       0.025    │
│ Params           151.7K      Model        99ms  16%    policy       0.001    │
│ Steps              8.6M      Env          58ms   9%    value        0.005    │
│ SPS               27.0K      Copy         23ms   3%    entropy      0.012    │
│ Epoch              4221    Train         424ms  69%    old_kl       0.000    │
│ Uptime     5m 04s 097ms      Model       424ms  69%    kl          -0.000    │
│ To go      2m 52s 708ms      Misc          0ms   0%    clipfrac     0.000    │
│                                                                              │
│ perf                          0.817   score                         0.634    │
│ episode_return                0.634   episode_length               10.653    │
│ invalids                      0.048                                          │
╰──────────────────────────────────────────────────────────────────────────────╯
╭──────────────────────────────────────────────────────────────────────────────╮
│ PufferLib 5.0🐡                GPU:  87%   VRAM:   5.3/31G    RAM:  0.5G     │
│                                                                              │
│ Env         connect4cnn    Evaluate      183ms  30%    Losses       0.019    │
│ Params           151.7K      Model        99ms  16%    policy      -0.003    │
│ Steps              8.7M      Env          59ms   9%    value        0.005    │
│ SPS               27.2K      Copy         22ms   3%    entropy      0.008    │
│ Epoch              4229    Train         420ms  69%    old_kl      -0.000    │
│ Uptime     5m 04s 700ms      Model       420ms  69%    kl          -0.000    │
│ To go      2m 51s 282ms      Misc          0ms   0%    clipfrac     0.000    │
│                                                                              │
│ perf                          0.832   score                         0.665    │
│ episode_return                0.665   episode_length               10.510    │
│ invalids                      0.040                                          │
╰──────────────────────────────────────────────────────────────────────────────╯
╭──────────────────────────────────────────────────────────────────────────────╮
│ PufferLib 5.0               🐡 GPU:  87%   VRAM:   5.3/31G    RAM:  0.5G     │
│                                                                              │
│ Env         connect4cnn    Evaluate      181ms  29%    Losses       0.021    │
│ Params           151.7K      Model        99ms  16%    policy      -0.001    │
│ Steps              8.7M      Env          60ms   9%    value        0.004    │
│ SPS               26.9K      Copy         18ms   3%    entropy      0.009    │
│ Epoch              4237    Train         427ms  70%    old_kl       0.000    │
│ Uptime     5m 05s 310ms      Model       427ms  70%    kl          -0.000    │
│ To go      2m 52s 337ms      Misc          0ms   0%    clipfrac     0.000    │
│                                                                              │
│ perf                          0.834   score                         0.668    │
│ episode_return                0.668   episode_length               10.595    │
│ invalids                      0.029                                          │
╰──────────────────────────────────────────────────────────────────────────────╯
╭──────────────────────────────────────────────────────────────────────────────╮
│ PufferLib 5.0              🐡  GPU:  89%   VRAM:   5.3/31G    RAM:  0.5G     │
│                                                                              │
│ Env         connect4cnn    Evaluate      185ms  30%    Losses       0.026    │
│ Params           151.7K      Model        99ms  16%    policy       0.001    │
│ Steps              8.7M      Env          59ms   9%    value        0.005    │
│ SPS               26.9K      Copy         24ms   3%    entropy      0.010    │
│ Epoch              4245    Train         423ms  69%    old_kl       0.000    │
│ Uptime     5m 05s 918ms      Model       422ms  69%    kl          -0.000    │
│ To go      2m 51s 496ms      Misc          0ms   0%    clipfrac     0.000    │
│                                                                              │
│ perf                          0.825   score                         0.650    │
│ episode_return                0.650   episode_length               10.601    │
│ invalids                      0.039                                          │
╰──────────────────────────────────────────────────────────────────────────────╯
╭──────────────────────────────────────────────────────────────────────────────╮
│ PufferLib 5.0             🐡   GPU:  89%   VRAM:   5.3/31G    RAM:  0.5G     │
│                                                                              │
│ Env         connect4cnn    Evaluate      181ms  29%    Losses       0.025    │
│ Params           151.7K      Model        99ms  16%    policy      -0.000    │
│ Steps              8.7M      Env          59ms   9%    value        0.005    │
│ SPS               27.0K      Copy         22ms   3%    entropy      0.011    │
│ Epoch              4253    Train         424ms  70%    old_kl       0.000    │
│ Uptime     5m 06s 524ms      Model       424ms  70%    kl          -0.000    │
│ To go      2m 50s 272ms      Misc          0ms   0%    clipfrac     0.000    │
│                                                                              │
│ perf                          0.823   score                         0.645    │
│ episode_return                0.645   episode_length               10.626    │
│ invalids                      0.037                                          │
╰──────────────────────────────────────────────────────────────────────────────╯
╭──────────────────────────────────────────────────────────────────────────────╮
│ PufferLib 5.0            🐡    GPU:  93%   VRAM:   5.3/31G    RAM:  0.5G     │
│                                                                              │
│ Env         connect4cnn    Evaluate      177ms  29%    Losses       0.024    │
│ Params           151.7K      Model        99ms  16%    policy       0.001    │
│ Steps              8.7M      Env          58ms   9%    value        0.005    │
│ SPS               27.1K      Copy         17ms   2%    entropy      0.012    │
│ Epoch              4261    Train         426ms  70%    old_kl       0.000    │
│ Uptime     5m 07s 128ms      Model       426ms  70%    kl          -0.000    │
│ To go      2m 49s 092ms      Misc          0ms   0%    clipfrac     0.000    │
│                                                                              │
│ perf                          0.803   score                         0.606    │
│ episode_return                0.606   episode_length               10.708    │
│ invalids                      0.037                                          │
╰──────────────────────────────────────────────────────────────────────────────╯
╭──────────────────────────────────────────────────────────────────────────────╮
│ PufferLib 5.0           🐡     GPU:  94%   VRAM:   5.3/31G    RAM:  0.5G     │
│                                                                              │
│ Env         connect4cnn    Evaluate      181ms  30%    Losses       0.023    │
│ Params           151.7K      Model        99ms  16%    policy      -0.001    │
│ Steps              8.7M      Env          59ms   9%    value        0.005    │
│ SPS               27.3K      Copy         22ms   3%    entropy      0.010    │
│ Epoch              4269    Train         418ms  69%    old_kl      -0.000    │
│ Uptime     5m 07s 729ms      Model       418ms  69%    kl          -0.000    │
│ To go      2m 47s 370ms      Misc          0ms   0%    clipfrac     0.000    │
│                                                                              │
│ perf                          0.818   score                         0.636    │
│ episode_return                0.636   episode_length               10.641    │
│ invalids                      0.031                                          │
╰──────────────────────────────────────────────────────────────────────────────╯
╭──────────────────────────────────────────────────────────────────────────────╮
│ PufferLib 5.0          🐡      GPU:  94%   VRAM:   5.3/31G    RAM:  0.5G     │
│                                                                              │
│ Env         connect4cnn    Evaluate      180ms  30%    Losses       0.025    │
│ Params           151.7K      Model        99ms  16%    policy       0.001    │
│ Steps              8.8M      Env          59ms   9%    value        0.005    │
│ SPS               27.3K      Copy         21ms   3%    entropy      0.010    │
│ Epoch              4277    Train         420ms  69%    old_kl      -0.000    │
│ Uptime     5m 08s 330ms      Model       420ms  69%    kl          -0.000    │
│ To go      2m 47s 056ms      Misc          0ms   0%    clipfrac     0.000    │
│                                                                              │
│ perf                          0.823   score                         0.645    │
│ episode_return                0.645   episode_length               10.729    │
│ invalids                      0.030                                          │
╰──────────────────────────────────────────────────────────────────────────────╯
╭──────────────────────────────────────────────────────────────────────────────╮
│ PufferLib 5.0         🐡       GPU:  88%   VRAM:   5.3/31G    RAM:  0.5G     │
│                                                                              │
│ Env         connect4cnn    Evaluate      181ms  30%    Losses       0.024    │
│ Params           151.7K      Model        99ms  16%    policy       0.001    │
│ Steps              8.8M      Env          58ms   9%    value        0.005    │
│ SPS               27.3K      Copy         21ms   3%    entropy      0.013    │
│ Epoch              4285    Train         420ms  69%    old_kl      -0.000    │
│ Uptime     5m 08s 931ms      Model       419ms  69%    kl          -0.000    │
│ To go      2m 46s 407ms      Misc          0ms   0%    clipfrac     0.000    │
│                                                                              │
│ perf                          0.806   score                         0.613    │
│ episode_return                0.613   episode_length               10.668    │
│ invalids                      0.046                                          │
╰──────────────────────────────────────────────────────────────────────────────╯
╭──────────────────────────────────────────────────────────────────────────────╮
│ PufferLib 5.0        🐡        GPU:  88%   VRAM:   5.3/31G    RAM:  0.5G     │
│                                                                              │
│ Env         connect4cnn    Evaluate      182ms  30%    Losses       0.022    │
│ Params           151.7K      Model        99ms  16%    policy      -0.001    │
│ Steps              8.8M      Env          59ms   9%    value        0.005    │
│ SPS               27.2K      Copy         21ms   3%    entropy      0.011    │
│ Epoch              4293    Train         420ms  69%    old_kl      -0.000    │
│ Uptime     5m 09s 534ms      Model       420ms  69%    kl          -0.000    │
│ To go      2m 46s 403ms      Misc          0ms   0%    clipfrac     0.000    │
│                                                                              │
│ perf                          0.830   score                         0.660    │
│ episode_return                0.660   episode_length               10.553    │
│ invalids                      0.041                                          │
╰──────────────────────────────────────────────────────────────────────────────╯
╭──────────────────────────────────────────────────────────────────────────────╮
│ PufferLib 5.0       🐡         GPU:  91%   VRAM:   5.3/31G    RAM:  0.5G     │
│                                                                              │
│ Env         connect4cnn    Evaluate      180ms  29%    Losses       0.025    │
│ Params           151.7K      Model        99ms  16%    policy       0.001    │
│ Steps              8.8M      Env          58ms   9%    value        0.005    │
│ SPS               27.1K      Copy         20ms   3%    entropy      0.012    │
│ Epoch              4301    Train         424ms  70%    old_kl      -0.000    │
│ Uptime     5m 10s 138ms      Model       424ms  70%    kl          -0.000    │
│ To go      2m 46s 069ms      Misc          0ms   0%    clipfrac     0.000    │
│                                                                              │
│ perf                          0.816   score                         0.631    │
│ episode_return                0.631   episode_length               10.640    │
│ invalids                      0.044                                          │
╰──────────────────────────────────────────────────────────────────────────────╯
╭──────────────────────────────────────────────────────────────────────────────╮
│ PufferLib 5.0      🐡          GPU:  94%   VRAM:   5.3/31G    RAM:  0.5G     │
│                                                                              │
│ Env         connect4cnn    Evaluate      179ms  29%    Losses       0.025    │
│ Params           151.7K      Model        99ms  16%    policy       0.001    │
│ Steps              8.8M      Env          59ms   9%    value        0.005    │
│ SPS               26.8K      Copy         19ms   3%    entropy      0.012    │
│ Epoch              4309    Train         431ms  70%    old_kl      -0.000    │
│ Uptime     5m 10s 749ms      Model       431ms  70%    kl          -0.000    │
│ To go      2m 47s 451ms      Misc          0ms   0%    clipfrac     0.000    │
│                                                                              │
│ perf                          0.827   score                         0.654    │
│ episode_return                0.654   episode_length               10.529    │
│ invalids                      0.037                                          │
╰──────────────────────────────────────────────────────────────────────────────╯
╭──────────────────────────────────────────────────────────────────────────────╮
│ PufferLib 5.0     🐡           GPU:  94%   VRAM:   5.3/31G    RAM:  0.5G     │
│                                                                              │
│ Env         connect4cnn    Evaluate      183ms  30%    Losses       0.025    │
│ Params           151.7K      Model        99ms  16%    policy       0.002    │
│ Steps              8.8M      Env          58ms   9%    value        0.005    │
│ SPS               27.2K      Copy         22ms   3%    entropy      0.013    │
│ Epoch              4317    Train         418ms  69%    old_kl       0.000    │
│ Uptime     5m 11s 352ms      Model       418ms  69%    kl          -0.000    │
│ To go      2m 44s 302ms      Misc          0ms   0%    clipfrac     0.000    │
│                                                                              │
│ perf                          0.799   score                         0.598    │
│ episode_return                0.598   episode_length               10.683    │
│ invalids                      0.046                                          │
╰──────────────────────────────────────────────────────────────────────────────╯
╭──────────────────────────────────────────────────────────────────────────────╮
│ PufferLib 5.0    🐡            GPU:  94%   VRAM:   5.3/31G    RAM:  0.5G     │
│                                                                              │
│ Env         connect4cnn    Evaluate      183ms  30%    Losses       0.026    │
│ Params           151.7K      Model        99ms  16%    policy       0.002    │
│ Steps              8.9M      Env          60ms   9%    value        0.005    │
│ SPS               27.0K      Copy         19ms   3%    entropy      0.010    │
│ Epoch              4325    Train         423ms  69%    old_kl       0.000    │
│ Uptime     5m 11s 958ms      Model       423ms  69%    kl          -0.000    │
│ To go      2m 44s 975ms      Misc          0ms   0%    clipfrac     0.000    │
│                                                                              │
│ perf                          0.828   score                         0.656    │
│ episode_return                0.656   episode_length               10.591    │
│ invalids                      0.033                                          │
╰──────────────────────────────────────────────────────────────────────────────╯
╭──────────────────────────────────────────────────────────────────────────────╮
│ PufferLib 5.0   🐡             GPU:  94%   VRAM:   5.3/31G    RAM:  0.5G     │
│                                                                              │
│ Env         connect4cnn    Evaluate      179ms  29%    Losses       0.027    │
│ Params           151.7K      Model        99ms  16%    policy       0.001    │
│ Steps              8.9M      Env          58ms   9%    value        0.005    │
│ SPS               27.1K      Copy         19ms   3%    entropy      0.010    │
│ Epoch              4333    Train         425ms  70%    old_kl      -0.000    │
│ Uptime     5m 12s 563ms      Model       424ms  70%    kl          -0.000    │
│ To go      2m 43s 671ms      Misc          0ms   0%    clipfrac     0.000    │
│                                                                              │
│ perf                          0.823   score                         0.646    │
│ episode_return                0.646   episode_length               10.545    │
│ invalids                      0.037                                          │
╰──────────────────────────────────────────────────────────────────────────────╯
╭──────────────────────────────────────────────────────────────────────────────╮
│ PufferLib 5.0  🐡              GPU:  90%   VRAM:   5.3/31G    RAM:  0.5G     │
│                                                                              │
│ Env         connect4cnn    Evaluate      180ms  29%    Losses       0.026    │
│ Params           151.7K      Model        99ms  16%    policy      -0.001    │
│ Steps              8.9M      Env          58ms   9%    value        0.005    │
│ SPS               27.1K      Copy         21ms   3%    entropy      0.010    │
│ Epoch              4341    Train         424ms  70%    old_kl      -0.000    │
│ Uptime     5m 13s 167ms      Model       424ms  70%    kl          -0.000    │
│ To go      2m 43s 036ms      Misc          0ms   0%    clipfrac     0.000    │
│                                                                              │
│ perf                          0.812   score                         0.625    │
│ episode_return                0.625   episode_length               10.666    │
│ invalids                      0.040                                          │
╰──────────────────────────────────────────────────────────────────────────────╯
╭──────────────────────────────────────────────────────────────────────────────╮
│ PufferLib 5.0 🐡               GPU:  87%   VRAM:   5.3/31G    RAM:  0.5G     │
│                                                                              │
│ Env         connect4cnn    Evaluate      182ms  29%    Losses       0.020    │
│ Params           151.7K      Model        99ms  16%    policy      -0.003    │
│ Steps              8.9M      Env          59ms   9%    value        0.005    │
│ SPS               27.0K      Copy         21ms   3%    entropy      0.011    │
│ Epoch              4349    Train         424ms  70%    old_kl       0.000    │
│ Uptime     5m 13s 773ms      Model       424ms  69%    kl          -0.000    │
│ To go      2m 43s 056ms      Misc          0ms   0%    clipfrac     0.000    │
│                                                                              │
│ perf                          0.822   score                         0.645    │
│ episode_return                0.645   episode_length               10.587    │
│ invalids                      0.034                                          │
╰──────────────────────────────────────────────────────────────────────────────╯
╭──────────────────────────────────────────────────────────────────────────────╮
│ PufferLib 5.0🐡                GPU:  87%   VRAM:   5.3/31G    RAM:  0.5G     │
│                                                                              │
│ Env         connect4cnn    Evaluate      181ms  29%    Losses       0.027    │
│ Params           151.7K      Model        99ms  16%    policy       0.003    │
│ Steps              8.9M      Env          59ms   9%    value        0.005    │
│ SPS               26.9K      Copy         19ms   3%    entropy      0.012    │
│ Epoch              4357    Train         428ms  70%    old_kl       0.000    │
│ Uptime     5m 14s 383ms      Model       427ms  70%    kl          -0.000    │
│ To go      2m 43s 275ms      Misc          0ms   0%    clipfrac     0.000    │
│                                                                              │
│ perf                          0.805   score                         0.609    │
│ episode_return                0.609   episode_length               10.688    │
│ invalids                      0.041                                          │
╰──────────────────────────────────────────────────────────────────────────────╯
╭──────────────────────────────────────────────────────────────────────────────╮
│ PufferLib 5.0               🐡 GPU:  91%   VRAM:   5.3/31G    RAM:  0.5G     │
│                                                                              │
│ Env         connect4cnn    Evaluate      182ms  30%    Losses       0.024    │
│ Params           151.7K      Model        99ms  16%    policy      -0.000    │
│ Steps              8.9M      Env          59ms   9%    value        0.005    │
│ SPS               27.0K      Copy         21ms   3%    entropy      0.011    │
│ Epoch              4365    Train         423ms  69%    old_kl      -0.000    │
│ Uptime     5m 14s 989ms      Model       423ms  69%    kl          -0.000    │
│ To go      2m 41s 742ms      Misc          0ms   0%    clipfrac     0.000    │
│                                                                              │
│ perf                          0.816   score                         0.633    │
│ episode_return                0.633   episode_length               10.629    │
│ invalids                      0.039                                          │
╰──────────────────────────────────────────────────────────────────────────────╯
╭──────────────────────────────────────────────────────────────────────────────╮
│ PufferLib 5.0              🐡  GPU:  91%   VRAM:   5.3/31G    RAM:  0.5G     │
│                                                                              │
│ Env         connect4cnn    Evaluate      182ms  29%    Losses       0.026    │
│ Params           151.7K      Model        99ms  16%    policy       0.002    │
│ Steps              9.0M      Env          59ms   9%    value        0.005    │
│ SPS               26.9K      Copy         21ms   3%    entropy      0.012    │
│ Epoch              4373    Train         426ms  70%    old_kl       0.000    │
│ Uptime     5m 15s 597ms      Model       425ms  69%    kl          -0.000    │
│ To go      2m 41s 792ms      Misc          0ms   0%    clipfrac     0.000    │
│                                                                              │
│ perf                          0.817   score                         0.634    │
│ episode_return                0.634   episode_length               10.615    │
│ invalids                      0.034                                          │
╰──────────────────────────────────────────────────────────────────────────────╯
╭──────────────────────────────────────────────────────────────────────────────╮
│ PufferLib 5.0             🐡   GPU:  94%   VRAM:   5.3/31G    RAM:  0.5G     │
│                                                                              │
│ Env         connect4cnn    Evaluate      181ms  30%    Losses       0.023    │
│ Params           151.7K      Model        99ms  16%    policy      -0.002    │
│ Steps              9.0M      Env          58ms   9%    value        0.005    │
│ SPS               27.1K      Copy         20ms   3%    entropy      0.011    │
│ Epoch              4381    Train         422ms  69%    old_kl       0.000    │
│ Uptime     5m 16s 201ms      Model       422ms  69%    kl          -0.000    │
│ To go      2m 39s 872ms      Misc          0ms   0%    clipfrac     0.000    │
│                                                                              │
│ perf                          0.796   score                         0.593    │
│ episode_return                0.593   episode_length               10.749    │
│ invalids                      0.040                                          │
╰──────────────────────────────────────────────────────────────────────────────╯
╭──────────────────────────────────────────────────────────────────────────────╮
│ PufferLib 5.0            🐡    GPU:  94%   VRAM:   5.3/31G    RAM:  0.5G     │
│                                                                              │
│ Env         connect4cnn    Evaluate      182ms  30%    Losses       0.024    │
│ Params           151.7K      Model        99ms  16%    policy       0.001    │
│ Steps              9.0M      Env          58ms   9%    value        0.005    │
│ SPS               27.3K      Copy         21ms   3%    entropy      0.010    │
│ Epoch              4389    Train         418ms  69%    old_kl       0.000    │
│ Uptime     5m 16s 802ms      Model       418ms  69%    kl          -0.000    │
│ To go      2m 38s 623ms      Misc          0ms   0%    clipfrac     0.000    │
│                                                                              │
│ perf                          0.822   score                         0.644    │
│ episode_return                0.644   episode_length               10.700    │
│ invalids                      0.032                                          │
╰──────────────────────────────────────────────────────────────────────────────╯
╭──────────────────────────────────────────────────────────────────────────────╮
│ PufferLib 5.0           🐡     GPU:  94%   VRAM:   5.3/31G    RAM:  0.5G     │
│                                                                              │
│ Env         connect4cnn    Evaluate      179ms  29%    Losses       0.025    │
│ Params           151.7K      Model        99ms  16%    policy      -0.001    │
│ Steps              9.0M      Env          58ms   9%    value        0.005    │
│ SPS               27.0K      Copy         18ms   3%    entropy      0.013    │
│ Epoch              4397    Train         426ms  70%    old_kl       0.000    │
│ Uptime     5m 17s 408ms      Model       426ms  70%    kl          -0.000    │
│ To go      2m 39s 346ms      Misc          0ms   0%    clipfrac     0.000    │
│                                                                              │
│ perf                          0.799   score                         0.598    │
│ episode_return                0.598   episode_length               10.688    │
│ invalids                      0.033                                          │
╰──────────────────────────────────────────────────────────────────────────────╯
╭──────────────────────────────────────────────────────────────────────────────╮
│ PufferLib 5.0          🐡      GPU:  89%   VRAM:   5.3/31G    RAM:  0.5G     │
│                                                                              │
│ Env         connect4cnn    Evaluate      179ms  29%    Losses       0.025    │
│ Params           151.7K      Model        99ms  16%    policy       0.001    │
│ Steps              9.0M      Env          59ms   9%    value        0.005    │
│ SPS               27.0K      Copy         19ms   3%    entropy      0.011    │
│ Epoch              4405    Train         427ms  70%    old_kl      -0.000    │
│ Uptime     5m 18s 015ms      Model       427ms  70%    kl          -0.000    │
│ To go      2m 38s 822ms      Misc          0ms   0%    clipfrac     0.000    │
│                                                                              │
│ perf                          0.818   score                         0.635    │
│ episode_return                0.635   episode_length               10.721    │
│ invalids                      0.037                                          │
╰──────────────────────────────────────────────────────────────────────────────╯
╭──────────────────────────────────────────────────────────────────────────────╮
│ PufferLib 5.0         🐡       GPU:  89%   VRAM:   5.3/31G    RAM:  0.5G     │
│                                                                              │
│ Env         connect4cnn    Evaluate      184ms  30%    Losses       0.028    │
│ Params           151.7K      Model        99ms  16%    policy       0.003    │
│ Steps              9.0M      Env          59ms   9%    value        0.005    │
│ SPS               27.1K      Copy         23ms   3%    entropy      0.013    │
│ Epoch              4413    Train         420ms  69%    old_kl       0.000    │
│ Uptime     5m 18s 619ms      Model       420ms  69%    kl          -0.000    │
│ To go      2m 37s 721ms      Misc          0ms   0%    clipfrac     0.000    │
│                                                                              │
│ perf                          0.808   score                         0.616    │
│ episode_return                0.616   episode_length               10.732    │
│ invalids                      0.038                                          │
╰──────────────────────────────────────────────────────────────────────────────╯
╭──────────────────────────────────────────────────────────────────────────────╮
│ PufferLib 5.0        🐡        GPU:  87%   VRAM:   5.3/31G    RAM:  0.5G     │
│                                                                              │
│ Env         connect4cnn    Evaluate      183ms  30%    Losses       0.025    │
│ Params           151.7K      Model        99ms  16%    policy      -0.001    │
│ Steps              9.1M      Env          59ms   9%    value        0.005    │
│ SPS               27.0K      Copy         23ms   3%    entropy      0.012    │
│ Epoch              4421    Train         423ms  69%    old_kl       0.000    │
│ Uptime     5m 19s 226ms      Model       423ms  69%    kl          -0.000    │
│ To go      2m 37s 678ms      Misc          0ms   0%    clipfrac     0.000    │
│                                                                              │
│ perf                          0.819   score                         0.637    │
│ episode_return                0.637   episode_length               10.719    │
│ invalids                      0.045                                          │
╰──────────────────────────────────────────────────────────────────────────────╯
╭──────────────────────────────────────────────────────────────────────────────╮
│ PufferLib 5.0       🐡         GPU:  91%   VRAM:   5.3/31G    RAM:  0.5G     │
│                                                                              │
│ Env         connect4cnn    Evaluate      183ms  30%    Losses       0.023    │
│ Params           151.7K      Model        99ms  16%    policy      -0.001    │
│ Steps              9.1M      Env          59ms   9%    value        0.005    │
│ SPS               27.2K      Copy         22ms   3%    entropy      0.011    │
│ Epoch              4429    Train         417ms  69%    old_kl       0.000    │
│ Uptime     5m 19s 828ms      Model       417ms  69%    kl          -0.000    │
│ To go      2m 35s 819ms      Misc          0ms   0%    clipfrac     0.000    │
│                                                                              │
│ perf                          0.809   score                         0.618    │
│ episode_return                0.618   episode_length               10.738    │
│ invalids                      0.052                                          │
╰──────────────────────────────────────────────────────────────────────────────╯
╭──────────────────────────────────────────────────────────────────────────────╮
│ PufferLib 5.0      🐡          GPU:  91%   VRAM:   5.3/31G    RAM:  0.5G     │
│                                                                              │
│ Env         connect4cnn    Evaluate      181ms  30%    Losses       0.024    │
│ Params           151.7K      Model        99ms  16%    policy       0.000    │
│ Steps              9.1M      Env          59ms   9%    value        0.005    │
│ SPS               27.1K      Copy         21ms   3%    entropy      0.009    │
│ Epoch              4437    Train         422ms  69%    old_kl      -0.000    │
│ Uptime     5m 20s 432ms      Model       421ms  69%    kl          -0.000    │
│ To go      2m 35s 680ms      Misc          0ms   0%    clipfrac     0.000    │
│                                                                              │
│ perf                          0.820   score                         0.641    │
│ episode_return                0.641   episode_length               10.557    │
│ invalids                      0.034                                          │
╰──────────────────────────────────────────────────────────────────────────────╯
╭──────────────────────────────────────────────────────────────────────────────╮
│ PufferLib 5.0     🐡           GPU:  93%   VRAM:   5.3/31G    RAM:  0.5G     │
│                                                                              │
│ Env         connect4cnn    Evaluate      180ms  29%    Losses       0.022    │
│ Params           151.7K      Model        99ms  16%    policy      -0.001    │
│ Steps              9.1M      Env          59ms   9%    value        0.005    │
│ SPS               27.0K      Copy         18ms   3%    entropy      0.010    │
│ Epoch              4445    Train         426ms  70%    old_kl      -0.000    │
│ Uptime     5m 21s 038ms      Model       425ms  70%    kl          -0.000    │
│ To go      2m 35s 806ms      Misc          0ms   0%    clipfrac     0.000    │
│                                                                              │
│ perf                          0.820   score                         0.639    │
│ episode_return                0.639   episode_length               10.637    │
│ invalids                      0.038                                          │
╰──────────────────────────────────────────────────────────────────────────────╯
╭──────────────────────────────────────────────────────────────────────────────╮
│ PufferLib 5.0    🐡            GPU:  93%   VRAM:   5.3/31G    RAM:  0.5G     │
│                                                                              │
│ Env         connect4cnn    Evaluate      178ms  29%    Losses       0.027    │
│ Params           151.7K      Model        99ms  16%    policy       0.002    │
│ Steps              9.1M      Env          59ms   9%    value        0.005    │
│ SPS               27.2K      Copy         18ms   3%    entropy      0.013    │
│ Epoch              4453    Train         423ms  70%    old_kl       0.000    │
│ Uptime     5m 21s 640ms      Model       423ms  70%    kl          -0.000    │
│ To go      2m 33s 974ms      Misc          0ms   0%    clipfrac     0.000    │
│                                                                              │
│ perf                          0.820   score                         0.639    │
│ episode_return                0.639   episode_length               10.665    │
│ invalids                      0.041                                          │
╰──────────────────────────────────────────────────────────────────────────────╯
╭──────────────────────────────────────────────────────────────────────────────╮
│ PufferLib 5.0   🐡             GPU:  90%   VRAM:   5.3/31G    RAM:  0.5G     │
│                                                                              │
│ Env         connect4cnn    Evaluate      179ms  29%    Losses       0.024    │
│ Params           151.7K      Model        99ms  16%    policy      -0.000    │
│ Steps              9.1M      Env          58ms   9%    value        0.005    │
│ SPS               27.1K      Copy         18ms   3%    entropy      0.011    │
│ Epoch              4461    Train         424ms  70%    old_kl      -0.000    │
│ Uptime     5m 22s 244ms      Model       424ms  70%    kl          -0.000    │
│ To go      2m 33s 946ms      Misc          0ms   0%    clipfrac     0.000    │
│                                                                              │
│ perf                          0.808   score                         0.616    │
│ episode_return                0.616   episode_length               10.619    │
│ invalids                      0.039                                          │
╰──────────────────────────────────────────────────────────────────────────────╯
╭──────────────────────────────────────────────────────────────────────────────╮
│ PufferLib 5.0  🐡              GPU:  84%   VRAM:   5.3/31G    RAM:  0.5G     │
│                                                                              │
│ Env         connect4cnn    Evaluate      182ms  30%    Losses       0.023    │
│ Params           151.7K      Model        99ms  16%    policy      -0.001    │
│ Steps              9.2M      Env          62ms  10%    value        0.005    │
│ SPS               27.1K      Copy         19ms   3%    entropy      0.011    │
│ Epoch              4469    Train         423ms  69%    old_kl       0.000    │
│ Uptime     5m 22s 849ms      Model       423ms  69%    kl          -0.000    │
│ To go      2m 33s 706ms      Misc          0ms   0%    clipfrac     0.000    │
│                                                                              │
│ perf                          0.809   score                         0.619    │
│ episode_return                0.619   episode_length               10.692    │
│ invalids                      0.036                                          │
╰──────────────────────────────────────────────────────────────────────────────╯
╭──────────────────────────────────────────────────────────────────────────────╮
│ PufferLib 5.0 🐡               GPU:  84%   VRAM:   5.3/31G    RAM:  0.5G     │
│                                                                              │
│ Env         connect4cnn    Evaluate      182ms  30%    Losses       0.026    │
│ Params           151.7K      Model        99ms  16%    policy       0.000    │
│ Steps              9.2M      Env          59ms   9%    value        0.005    │
│ SPS               27.1K      Copy         20ms   3%    entropy      0.013    │
│ Epoch              4477    Train         422ms  69%    old_kl      -0.000    │
│ Uptime     5m 23s 454ms      Model       422ms  69%    kl          -0.000    │
│ To go      2m 32s 809ms      Misc          0ms   0%    clipfrac     0.000    │
│                                                                              │
│ perf                          0.800   score                         0.600    │
│ episode_return                0.600   episode_length               10.697    │
│ invalids                      0.048                                          │
╰──────────────────────────────────────────────────────────────────────────────╯
╭──────────────────────────────────────────────────────────────────────────────╮
│ PufferLib 5.0🐡                GPU:  93%   VRAM:   5.3/31G    RAM:  0.5G     │
│                                                                              │
│ Env         connect4cnn    Evaluate      179ms  29%    Losses       0.026    │
│ Params           151.7K      Model        99ms  16%    policy       0.001    │
│ Steps              9.2M      Env          58ms   9%    value        0.005    │
│ SPS               27.3K      Copy         19ms   3%    entropy      0.010    │
│ Epoch              4485    Train         420ms  70%    old_kl      -0.000    │
│ Uptime     5m 24s 054ms      Model       420ms  70%    kl          -0.000    │
│ To go      2m 31s 169ms      Misc          0ms   0%    clipfrac     0.000    │
│                                                                              │
│ perf                          0.819   score                         0.637    │
│ episode_return                0.637   episode_length               10.643    │
│ invalids                      0.044                                          │
╰──────────────────────────────────────────────────────────────────────────────╯
╭──────────────────────────────────────────────────────────────────────────────╮
│ PufferLib 5.0               🐡 GPU:  93%   VRAM:   5.3/31G    RAM:  0.5G     │
│                                                                              │
│ Env         connect4cnn    Evaluate      177ms  29%    Losses       0.023    │
│ Params           151.7K      Model        99ms  16%    policy      -0.001    │
│ Steps              9.2M      Env          59ms   9%    value        0.005    │
│ SPS               27.1K      Copy         16ms   2%    entropy      0.010    │
│ Epoch              4493    Train         427ms  70%    old_kl      -0.000    │
│ Uptime     5m 24s 658ms      Model       427ms  70%    kl          -0.000    │
│ To go      2m 31s 692ms      Misc          0ms   0%    clipfrac     0.000    │
│                                                                              │
│ perf                          0.826   score                         0.653    │
│ episode_return                0.653   episode_length               10.582    │
│ invalids                      0.036                                          │
╰──────────────────────────────────────────────────────────────────────────────╯
╭──────────────────────────────────────────────────────────────────────────────╮
│ PufferLib 5.0              🐡  GPU:  93%   VRAM:   5.3/31G    RAM:  0.5G     │
│                                                                              │
│ Env         connect4cnn    Evaluate      177ms  29%    Losses       0.028    │
│ Params           151.7K      Model        99ms  16%    policy       0.000    │
│ Steps              9.2M      Env          59ms   9%    value        0.005    │
│ SPS               27.2K      Copy         16ms   2%    entropy      0.013    │
│ Epoch              4501    Train         423ms  70%    old_kl       0.000    │
│ Uptime     5m 25s 260ms      Model       423ms  70%    kl          -0.000    │
│ To go      2m 30s 282ms      Misc          0ms   0%    clipfrac     0.000    │
│                                                                              │
│ perf                          0.803   score                         0.606    │
│ episode_return                0.606   episode_length               10.701    │
│ invalids                      0.053                                          │
╰──────────────────────────────────────────────────────────────────────────────╯
╭──────────────────────────────────────────────────────────────────────────────╮
│ PufferLib 5.0             🐡   GPU:  91%   VRAM:   5.3/31G    RAM:  0.5G     │
│                                                                              │
│ Env         connect4cnn    Evaluate      177ms  29%    Losses       0.024    │
│ Params           151.7K      Model        99ms  16%    policy      -0.001    │
│ Steps              9.2M      Env          59ms   9%    value        0.005    │
│ SPS               27.0K      Copy         17ms   2%    entropy      0.011    │
│ Epoch              4509    Train         429ms  70%    old_kl      -0.000    │
│ Uptime     5m 25s 866ms      Model       429ms  70%    kl          -0.000    │
│ To go      2m 30s 939ms      Misc          0ms   0%    clipfrac     0.000    │
│                                                                              │
│ perf                          0.832   score                         0.664    │
│ episode_return                0.664   episode_length               10.577    │
│ invalids                      0.031                                          │
╰──────────────────────────────────────────────────────────────────────────────╯
╭──────────────────────────────────────────────────────────────────────────────╮
│ PufferLib 5.0            🐡    GPU:  91%   VRAM:   5.3/31G    RAM:  0.5G     │
│                                                                              │
│ Env         connect4cnn    Evaluate      178ms  29%    Losses       0.025    │
│ Params           151.7K      Model        99ms  16%    policy       0.002    │
│ Steps              9.3M      Env          58ms   9%    value        0.005    │
│ SPS               27.2K      Copy         18ms   2%    entropy      0.010    │
│ Epoch              4517    Train         424ms  70%    old_kl       0.000    │
│ Uptime     5m 26s 469ms      Model       424ms  70%    kl          -0.000    │
│ To go      2m 29s 342ms      Misc          0ms   0%    clipfrac     0.000    │
│                                                                              │
│ perf                          0.823   score                         0.645    │
│ episode_return                0.645   episode_length               10.636    │
│ invalids                      0.032                                          │
╰──────────────────────────────────────────────────────────────────────────────╯
╭──────────────────────────────────────────────────────────────────────────────╮
│ PufferLib 5.0           🐡     GPU:  86%   VRAM:   5.3/31G    RAM:  0.5G     │
│                                                                              │
│ Env         connect4cnn    Evaluate      181ms  30%    Losses       0.024    │
│ Params           151.7K      Model        99ms  16%    policy       0.001    │
│ Steps              9.3M      Env          58ms   9%    value        0.005    │
│ SPS               27.1K      Copy         20ms   3%    entropy      0.009    │
│ Epoch              4525    Train         422ms  69%    old_kl       0.000    │
│ Uptime     5m 27s 073ms      Model       422ms  69%    kl          -0.000    │
│ To go      2m 29s 192ms      Misc          0ms   0%    clipfrac     0.000    │
│                                                                              │
│ perf                          0.825   score                         0.650    │
│ episode_return                0.650   episode_length               10.536    │
│ invalids                      0.032                                          │
╰──────────────────────────────────────────────────────────────────────────────╯
╭──────────────────────────────────────────────────────────────────────────────╮
│ PufferLib 5.0          🐡      GPU:  94%   VRAM:   5.3/31G    RAM:  0.5G     │
│                                                                              │
│ Env         connect4cnn    Evaluate      199ms  29%    Losses       0.023    │
│ Params           151.7K      Model       112ms  16%    policy      -0.000    │
│ Steps              9.3M      Env          66ms   9%    value        0.005    │
│ SPS               27.5K      Copy         19ms   2%    entropy      0.009    │
│ Epoch              4534    Train         470ms  70%    old_kl       0.000    │
│ Uptime     5m 27s 743ms      Model       470ms  70%    kl          -0.000    │
│ To go      2m 26s 263ms      Misc          0ms   0%    clipfrac     0.000    │
│                                                                              │
│ perf                          0.815   score                         0.629    │
│ episode_return                0.629   episode_length               10.691    │
│ invalids                      0.044                                          │
╰──────────────────────────────────────────────────────────────────────────────╯
╭──────────────────────────────────────────────────────────────────────────────╮
│ PufferLib 5.0         🐡       GPU:  94%   VRAM:   5.3/31G    RAM:  0.5G     │
│                                                                              │
│ Env         connect4cnn    Evaluate      180ms  29%    Losses       0.021    │
│ Params           151.7K      Model        99ms  16%    policy      -0.001    │
│ Steps              9.3M      Env          59ms   9%    value        0.004    │
│ SPS               27.2K      Copy         19ms   3%    entropy      0.011    │
│ Epoch              4542    Train         423ms  70%    old_kl       0.000    │
│ Uptime     5m 28s 346ms      Model       423ms  70%    kl          -0.000    │
│ To go      2m 27s 677ms      Misc          0ms   0%    clipfrac     0.000    │
│                                                                              │
│ perf                          0.811   score                         0.623    │
│ episode_return                0.623   episode_length               10.811    │
│ invalids                      0.040                                          │
╰──────────────────────────────────────────────────────────────────────────────╯
╭──────────────────────────────────────────────────────────────────────────────╮
│ PufferLib 5.0        🐡        GPU:  93%   VRAM:   5.3/31G    RAM:  0.5G     │
│                                                                              │
│ Env         connect4cnn    Evaluate      177ms  29%    Losses       0.025    │
│ Params           151.7K      Model        99ms  16%    policy      -0.000    │
│ Steps              9.3M      Env          58ms   9%    value        0.005    │
│ SPS               27.1K      Copy         18ms   2%    entropy      0.010    │
│ Epoch              4550    Train         427ms  70%    old_kl      -0.000    │
│ Uptime     5m 28s 951ms      Model       427ms  70%    kl          -0.000    │
│ To go      2m 27s 480ms      Misc          0ms   0%    clipfrac     0.000    │
│                                                                              │
│ perf                          0.831   score                         0.663    │
│ episode_return                0.663   episode_length               10.552    │
│ invalids                      0.039                                          │
╰──────────────────────────────────────────────────────────────────────────────╯
╭──────────────────────────────────────────────────────────────────────────────╮
│ PufferLib 5.0       🐡         GPU:  93%   VRAM:   5.3/31G    RAM:  0.5G     │
│                                                                              │
│ Env         connect4cnn    Evaluate      177ms  29%    Losses       0.025    │
│ Params           151.7K      Model        99ms  16%    policy      -0.000    │
│ Steps              9.3M      Env          58ms   9%    value        0.005    │
│ SPS               27.1K      Copy         16ms   2%    entropy      0.011    │
│ Epoch              4558    Train         428ms  70%    old_kl       0.000    │
│ Uptime     5m 29s 557ms      Model       428ms  70%    kl          -0.000    │
│ To go      2m 26s 956ms      Misc          0ms   0%    clipfrac     0.000    │
│                                                                              │
│ perf                          0.816   score                         0.632    │
│ episode_return                0.632   episode_length               10.681    │
│ invalids                      0.047                                          │
╰──────────────────────────────────────────────────────────────────────────────╯
╭──────────────────────────────────────────────────────────────────────────────╮
│ PufferLib 5.0      🐡          GPU:  86%   VRAM:   5.3/31G    RAM:  0.5G     │
│                                                                              │
│ Env         connect4cnn    Evaluate      180ms  29%    Losses       0.024    │
│ Params           151.7K      Model        99ms  16%    policy      -0.000    │
│ Steps              9.4M      Env          59ms   9%    value        0.005    │
│ SPS               27.1K      Copy         18ms   3%    entropy      0.011    │
│ Epoch              4566    Train         424ms  70%    old_kl       0.000    │
│ Uptime     5m 30s 162ms      Model       424ms  70%    kl          -0.000    │
│ To go      2m 26s 266ms      Misc          0ms   0%    clipfrac     0.000    │
│                                                                              │
│ perf                          0.819   score                         0.638    │
│ episode_return                0.638   episode_length               10.674    │
│ invalids                      0.038                                          │
╰──────────────────────────────────────────────────────────────────────────────╯
╭──────────────────────────────────────────────────────────────────────────────╮
│ PufferLib 5.0     🐡           GPU:  89%   VRAM:   5.3/31G    RAM:  0.5G     │
│                                                                              │
│ Env         connect4cnn    Evaluate      177ms  29%    Losses       0.024    │
│ Params           151.7K      Model        99ms  16%    policy      -0.000    │
│ Steps              9.4M      Env          59ms   9%    value        0.005    │
│ SPS               26.9K      Copy         17ms   2%    entropy      0.011    │
│ Epoch              4574    Train         430ms  70%    old_kl      -0.000    │
│ Uptime     5m 30s 769ms      Model       430ms  70%    kl          -0.000    │
│ To go      2m 26s 365ms      Misc          0ms   0%    clipfrac     0.000    │
│                                                                              │
│ perf                          0.827   score                         0.654    │
│ episode_return                0.654   episode_length               10.657    │
│ invalids                      0.039                                          │
╰──────────────────────────────────────────────────────────────────────────────╯
╭──────────────────────────────────────────────────────────────────────────────╮
│ PufferLib 5.0    🐡            GPU:  89%   VRAM:   5.3/31G    RAM:  0.5G     │
│                                                                              │
│ Env         connect4cnn    Evaluate      179ms  29%    Losses       0.026    │
│ Params           151.7K      Model        99ms  16%    policy       0.002    │
│ Steps              9.4M      Env          59ms   9%    value        0.005    │
│ SPS               27.1K      Copy         19ms   3%    entropy      0.009    │
│ Epoch              4582    Train         425ms  70%    old_kl      -0.000    │
│ Uptime     5m 31s 374ms      Model       425ms  70%    kl          -0.000    │
│ To go      2m 24s 861ms      Misc          0ms   0%    clipfrac     0.000    │
│                                                                              │
│ perf                          0.830   score                         0.661    │
│ episode_return                0.661   episode_length               10.539    │
│ invalids                      0.036                                          │
╰──────────────────────────────────────────────────────────────────────────────╯
╭──────────────────────────────────────────────────────────────────────────────╮
│ PufferLib 5.0   🐡             GPU:  93%   VRAM:   5.3/31G    RAM:  0.5G     │
│                                                                              │
│ Env         connect4cnn    Evaluate      200ms  29%    Losses       0.023    │
│ Params           151.7K      Model       112ms  16%    policy      -0.000    │
│ Steps              9.4M      Env          66ms   9%    value        0.005    │
│ SPS               27.4K      Copy         20ms   2%    entropy      0.009    │
│ Epoch              4591    Train         473ms  70%    old_kl      -0.000    │
│ Uptime     5m 32s 047ms      Model       473ms  70%    kl          -0.000    │
│ To go      2m 22s 911ms      Misc          0ms   0%    clipfrac     0.000    │
│                                                                              │
│ perf                          0.834   score                         0.667    │
│ episode_return                0.667   episode_length               10.526    │
│ invalids                      0.029                                          │
╰──────────────────────────────────────────────────────────────────────────────╯
╭──────────────────────────────────────────────────────────────────────────────╮
│ PufferLib 5.0  🐡              GPU:  93%   VRAM:   5.3/31G    RAM:  0.5G     │
│                                                                              │
│ Env         connect4cnn    Evaluate      179ms  29%    Losses       0.022    │
│ Params           151.7K      Model        99ms  16%    policy      -0.001    │
│ Steps              9.4M      Env          58ms   9%    value        0.005    │
│ SPS               27.1K      Copy         19ms   3%    entropy      0.012    │
│ Epoch              4599    Train         424ms  70%    old_kl      -0.000    │
│ Uptime     5m 32s 652ms      Model       424ms  70%    kl          -0.000    │
│ To go      2m 23s 732ms      Misc          0ms   0%    clipfrac     0.000    │
│                                                                              │
│ perf                          0.813   score                         0.625    │
│ episode_return                0.625   episode_length               10.725    │
│ invalids                      0.048                                          │
╰──────────────────────────────────────────────────────────────────────────────╯
╭──────────────────────────────────────────────────────────────────────────────╮
│ PufferLib 5.0 🐡               GPU:  94%   VRAM:   5.3/31G    RAM:  0.5G     │
│                                                                              │
│ Env         connect4cnn    Evaluate      181ms  29%    Losses       0.024    │
│ Params           151.7K      Model        99ms  16%    policy       0.000    │
│ Steps              9.4M      Env          58ms   9%    value        0.005    │
│ SPS               26.9K      Copy         20ms   3%    entropy      0.010    │
│ Epoch              4607    Train         429ms  70%    old_kl      -0.000    │
│ Uptime     5m 33s 262ms      Model       429ms  70%    kl          -0.000    │
│ To go      2m 24s 354ms      Misc          0ms   0%    clipfrac     0.000    │
│                                                                              │
│ perf                          0.806   score                         0.612    │
│ episode_return                0.612   episode_length               10.703    │
│ invalids                      0.048                                          │
╰──────────────────────────────────────────────────────────────────────────────╯
╭──────────────────────────────────────────────────────────────────────────────╮
│ PufferLib 5.0🐡                GPU:  90%   VRAM:   5.3/31G    RAM:  0.5G     │
│                                                                              │
│ Env         connect4cnn    Evaluate      200ms  29%    Losses       0.022    │
│ Params           151.7K      Model       112ms  16%    policy       0.000    │
│ Steps              9.5M      Env          65ms   9%    value        0.004    │
│ SPS               27.3K      Copy         21ms   3%    entropy      0.010    │
│ Epoch              4616    Train         474ms  70%    old_kl      -0.000    │
│ Uptime     5m 33s 937ms      Model       474ms  70%    kl          -0.000    │
│ To go      2m 21s 234ms      Misc          0ms   0%    clipfrac     0.000    │
│                                                                              │
│ perf                          0.830   score                         0.660    │
│ episode_return                0.660   episode_length               10.602    │
│ invalids                      0.048                                          │
╰──────────────────────────────────────────────────────────────────────────────╯
╭──────────────────────────────────────────────────────────────────────────────╮
│ PufferLib 5.0               🐡 GPU:  90%   VRAM:   5.3/31G    RAM:  0.5G     │
│                                                                              │
│ Env         connect4cnn    Evaluate      180ms  29%    Losses       0.024    │
│ Params           151.7K      Model        99ms  16%    policy       0.001    │
│ Steps              9.5M      Env          58ms   9%    value        0.005    │
│ SPS               27.2K      Copy         20ms   3%    entropy      0.010    │
│ Epoch              4624    Train         421ms  70%    old_kl       0.000    │
│ Uptime     5m 34s 539ms      Model       421ms  70%    kl          -0.000    │
│ To go      2m 21s 090ms      Misc          0ms   0%    clipfrac     0.000    │
│                                                                              │
│ perf                          0.812   score                         0.623    │
│ episode_return                0.623   episode_length               10.640    │
│ invalids                      0.040                                          │
╰──────────────────────────────────────────────────────────────────────────────╯
╭──────────────────────────────────────────────────────────────────────────────╮
│ PufferLib 5.0              🐡  GPU:  90%   VRAM:   5.3/31G    RAM:  0.5G     │
│                                                                              │
│ Env         connect4cnn    Evaluate      180ms  29%    Losses       0.023    │
│ Params           151.7K      Model        99ms  16%    policy      -0.001    │
│ Steps              9.5M      Env          58ms   9%    value        0.005    │
│ SPS               27.2K      Copy         20ms   3%    entropy      0.009    │
│ Epoch              4632    Train         422ms  70%    old_kl       0.000    │
│ Uptime     5m 35s 142ms      Model       422ms  70%    kl          -0.000    │
│ To go      2m 20s 795ms      Misc          0ms   0%    clipfrac     0.000    │
│                                                                              │
│ perf                          0.819   score                         0.638    │
│ episode_return                0.638   episode_length               10.661    │
│ invalids                      0.037                                          │
╰──────────────────────────────────────────────────────────────────────────────╯
╭──────────────────────────────────────────────────────────────────────────────╮
│ PufferLib 5.0             🐡   GPU:  93%   VRAM:   5.3/31G    RAM:  0.5G     │
│                                                                              │
│ Env         connect4cnn    Evaluate      180ms  29%    Losses       0.027    │
│ Params           151.7K      Model        99ms  16%    policy       0.002    │
│ Steps              9.5M      Env          58ms   9%    value        0.005    │
│ SPS               27.3K      Copy         20ms   3%    entropy      0.011    │
│ Epoch              4640    Train         420ms  70%    old_kl       0.000    │
│ Uptime     5m 35s 743ms      Model       420ms  69%    kl          -0.000    │
│ To go      2m 19s 740ms      Misc          0ms   0%    clipfrac     0.000    │
│                                                                              │
│ perf                          0.807   score                         0.615    │
│ episode_return                0.615   episode_length               10.690    │
│ invalids                      0.041                                          │
╰──────────────────────────────────────────────────────────────────────────────╯
╭──────────────────────────────────────────────────────────────────────────────╮
│ PufferLib 5.0            🐡    GPU:  93%   VRAM:   5.3/31G    RAM:  0.5G     │
│                                                                              │
│ Env         connect4cnn    Evaluate      178ms  29%    Losses       0.021    │
│ Params           151.7K      Model        99ms  16%    policy      -0.002    │
│ Steps              9.5M      Env          58ms   9%    value        0.005    │
│ SPS               26.9K      Copy         19ms   3%    entropy      0.011    │
│ Epoch              4648    Train         430ms  70%    old_kl       0.000    │
│ Uptime     5m 36s 352ms      Model       430ms  70%    kl          -0.000    │
│ To go      2m 21s 003ms      Misc          0ms   0%    clipfrac     0.000    │
│                                                                              │
│ perf                          0.812   score                         0.623    │
│ episode_return                0.623   episode_length               10.736    │
│ invalids                      0.048                                          │
╰──────────────────────────────────────────────────────────────────────────────╯
╭──────────────────────────────────────────────────────────────────────────────╮
│ PufferLib 5.0           🐡     GPU:  93%   VRAM:   5.3/31G    RAM:  0.5G     │
│                                                                              │
│ Env         connect4cnn    Evaluate      178ms  29%    Losses       0.023    │
│ Params           151.7K      Model        99ms  16%    policy       0.000    │
│ Steps              9.5M      Env          58ms   9%    value        0.005    │
│ SPS               27.1K      Copy         19ms   3%    entropy      0.010    │
│ Epoch              4656    Train         425ms  70%    old_kl       0.000    │
│ Uptime     5m 36s 956ms      Model       425ms  70%    kl          -0.000    │
│ To go      2m 19s 163ms      Misc          0ms   0%    clipfrac     0.000    │
│                                                                              │
│ perf                          0.809   score                         0.619    │
│ episode_return                0.619   episode_length               10.659    │
│ invalids                      0.041                                          │
╰──────────────────────────────────────────────────────────────────────────────╯
╭──────────────────────────────────────────────────────────────────────────────╮
│ PufferLib 5.0          🐡      GPU:  93%   VRAM:   5.3/31G    RAM:  0.5G     │
│                                                                              │
│ Env         connect4cnn    Evaluate      178ms  29%    Losses       0.023    │
│ Params           151.7K      Model        99ms  16%    policy      -0.001    │
│ Steps              9.6M      Env          59ms   9%    value        0.005    │
│ SPS               27.0K      Copy         18ms   2%    entropy      0.011    │
│ Epoch              4664    Train         427ms  70%    old_kl      -0.000    │
│ Uptime     5m 37s 561ms      Model       427ms  70%    kl          -0.000    │
│ To go      2m 19s 051ms      Misc          0ms   0%    clipfrac     0.000    │
│                                                                              │
│ perf                          0.828   score                         0.656    │
│ episode_return                0.656   episode_length               10.645    │
│ invalids                      0.046                                          │
╰──────────────────────────────────────────────────────────────────────────────╯
╭──────────────────────────────────────────────────────────────────────────────╮
│ PufferLib 5.0         🐡       GPU:  89%   VRAM:   5.3/31G    RAM:  0.5G     │
│                                                                              │
│ Env         connect4cnn    Evaluate      206ms  30%    Losses       0.025    │
│ Params           151.7K      Model       112ms  16%    policy      -0.000    │
│ Steps              9.6M      Env          67ms   9%    value        0.005    │
│ SPS               27.4K      Copy         23ms   3%    entropy      0.010    │
│ Epoch              4673    Train         466ms  69%    old_kl      -0.000    │
│ Uptime     5m 38s 235ms      Model       466ms  69%    kl          -0.000    │
│ To go      2m 16s 637ms      Misc          0ms   0%    clipfrac     0.000    │
│                                                                              │
│ perf                          0.809   score                         0.619    │
│ episode_return                0.619   episode_length               10.631    │
│ invalids                      0.045                                          │
╰──────────────────────────────────────────────────────────────────────────────╯
╭──────────────────────────────────────────────────────────────────────────────╮
│ PufferLib 5.0        🐡        GPU:  92%   VRAM:   5.3/31G    RAM:  0.5G     │
│                                                                              │
│ Env         connect4cnn    Evaluate      202ms  30%    Losses       0.023    │
│ Params           151.7K      Model       112ms  16%    policy       0.000    │
│ Steps              9.6M      Env          66ms   9%    value        0.005    │
│ SPS               27.5K      Copy         22ms   3%    entropy      0.010    │
│ Epoch              4682    Train         469ms  69%    old_kl       0.000    │
│ Uptime     5m 38s 906ms      Model       468ms  69%    kl          -0.000    │
│ To go      2m 15s 636ms      Misc          0ms   0%    clipfrac     0.000    │
│                                                                              │
│ perf                          0.819   score                         0.638    │
│ episode_return                0.638   episode_length               10.739    │
│ invalids                      0.044                                          │
╰──────────────────────────────────────────────────────────────────────────────╯
╭──────────────────────────────────────────────────────────────────────────────╮
│ PufferLib 5.0       🐡         GPU:  92%   VRAM:   5.3/31G    RAM:  0.5G     │
│                                                                              │
│ Env         connect4cnn    Evaluate      203ms  30%    Losses       0.024    │
│ Params           151.7K      Model       112ms  16%    policy      -0.000    │
│ Steps              9.6M      Env          66ms   9%    value        0.005    │
│ SPS               27.5K      Copy         23ms   3%    entropy      0.007    │
│ Epoch              4691    Train         468ms  69%    old_kl      -0.000    │
│ Uptime     5m 39s 577ms      Model       467ms  69%    kl          -0.000    │
│ To go      2m 14s 958ms      Misc          0ms   0%    clipfrac     0.000    │
│                                                                              │
│ perf                          0.814   score                         0.628    │
│ episode_return                0.628   episode_length               10.620    │
│ invalids                      0.049                                          │
╰──────────────────────────────────────────────────────────────────────────────╯
╭──────────────────────────────────────────────────────────────────────────────╮
│ PufferLib 5.0      🐡          GPU:  93%   VRAM:   5.3/31G    RAM:  0.5G     │
│                                                                              │
│ Env         connect4cnn    Evaluate      183ms  30%    Losses       0.025    │
│ Params           151.7K      Model        99ms  16%    policy       0.001    │
│ Steps              9.6M      Env          59ms   9%    value        0.005    │
│ SPS               27.1K      Copy         20ms   3%    entropy      0.010    │
│ Epoch              4699    Train         422ms  69%    old_kl      -0.000    │
│ Uptime     5m 40s 182ms      Model       421ms  69%    kl          -0.000    │
│ To go      2m 16s 177ms      Misc          0ms   0%    clipfrac     0.000    │
│                                                                              │
│ perf                          0.828   score                         0.656    │
│ episode_return                0.656   episode_length               10.516    │
│ invalids                      0.040                                          │
╰──────────────────────────────────────────────────────────────────────────────╯
╭──────────────────────────────────────────────────────────────────────────────╮
│ PufferLib 5.0     🐡           GPU:  86%   VRAM:   5.3/31G    RAM:  0.5G     │
│                                                                              │
│ Env         connect4cnn    Evaluate      204ms  30%    Losses       0.028    │
│ Params           151.7K      Model       112ms  16%    policy       0.003    │
│ Steps              9.6M      Env          68ms  10%    value        0.005    │
│ SPS               27.7K      Copy         21ms   3%    entropy      0.009    │
│ Epoch              4708    Train         462ms  69%    old_kl       0.000    │
│ Uptime     5m 40s 849ms      Model       462ms  69%    kl          -0.000    │
│ To go      2m 12s 685ms      Misc          0ms   0%    clipfrac     0.000    │
│                                                                              │
│ perf                          0.810   score                         0.621    │
│ episode_return                0.621   episode_length               10.671    │
│ invalids                      0.036                                          │
╰──────────────────────────────────────────────────────────────────────────────╯
╭──────────────────────────────────────────────────────────────────────────────╮
│ PufferLib 5.0    🐡            GPU:  86%   VRAM:   5.3/31G    RAM:  0.5G     │
│                                                                              │
│ Env         connect4cnn    Evaluate      182ms  30%    Losses       0.024    │
│ Params           151.7K      Model        99ms  16%    policy      -0.001    │
│ Steps              9.7M      Env          60ms   9%    value        0.005    │
│ SPS               27.2K      Copy         20ms   3%    entropy      0.009    │
│ Epoch              4716    Train         420ms  69%    old_kl       0.000    │
│ Uptime     5m 41s 452ms      Model       420ms  69%    kl          -0.000    │
│ To go      2m 14s 493ms      Misc          0ms   0%    clipfrac     0.000    │
│                                                                              │
│ perf                          0.810   score                         0.620    │
│ episode_return                0.620   episode_length               10.635    │
│ invalids                      0.036                                          │
╰──────────────────────────────────────────────────────────────────────────────╯
╭──────────────────────────────────────────────────────────────────────────────╮
│ PufferLib 5.0   🐡             GPU:  93%   VRAM:   5.3/31G    RAM:  0.5G     │
│                                                                              │
│ Env         connect4cnn    Evaluate      182ms  30%    Losses       0.025    │
│ Params           151.7K      Model        99ms  16%    policy       0.001    │
│ Steps              9.7M      Env          59ms   9%    value        0.005    │
│ SPS               27.1K      Copy         20ms   3%    entropy      0.009    │
│ Epoch              4724    Train         422ms  69%    old_kl       0.000    │
│ Uptime     5m 42s 056ms      Model       422ms  69%    kl          -0.000    │
│ To go      2m 14s 167ms      Misc          0ms   0%    clipfrac     0.000    │
│                                                                              │
│ perf                          0.836   score                         0.671    │
│ episode_return                0.671   episode_length               10.552    │
│ invalids                      0.039                                          │
╰──────────────────────────────────────────────────────────────────────────────╯
╭──────────────────────────────────────────────────────────────────────────────╮
│ PufferLib 5.0  🐡              GPU:  93%   VRAM:   5.3/31G    RAM:  0.5G     │
│                                                                              │
│ Env         connect4cnn    Evaluate      178ms  29%    Losses       0.023    │
│ Params           151.7K      Model        99ms  16%    policy      -0.002    │
│ Steps              9.7M      Env          59ms   9%    value        0.005    │
│ SPS               27.2K      Copy         17ms   2%    entropy      0.008    │
│ Epoch              4732    Train         424ms  70%    old_kl       0.000    │
│ Uptime     5m 42s 659ms      Model       424ms  70%    kl          -0.000    │
│ To go      2m 13s 270ms      Misc          0ms   0%    clipfrac     0.000    │
│                                                                              │
│ perf                          0.817   score                         0.634    │
│ episode_return                0.634   episode_length               10.621    │
│ invalids                      0.042                                          │
╰──────────────────────────────────────────────────────────────────────────────╯
╭──────────────────────────────────────────────────────────────────────────────╮
│ PufferLib 5.0 🐡               GPU:  93%   VRAM:   5.3/31G    RAM:  0.5G     │
│                                                                              │
│ Env         connect4cnn    Evaluate      175ms  29%    Losses       0.021    │
│ Params           151.7K      Model        99ms  16%    policy      -0.001    │
│ Steps              9.7M      Env          59ms   9%    value        0.004    │
│ SPS               27.1K      Copy         15ms   2%    entropy      0.008    │
│ Epoch              4740    Train         429ms  70%    old_kl      -0.000    │
│ Uptime     5m 43s 263ms      Model       428ms  70%    kl          -0.000    │
│ To go      2m 12s 909ms      Misc          0ms   0%    clipfrac     0.000    │
│                                                                              │
│ perf                          0.840   score                         0.681    │
│ episode_return                0.681   episode_length               10.523    │
│ invalids                      0.033                                          │
╰──────────────────────────────────────────────────────────────────────────────╯
╭──────────────────────────────────────────────────────────────────────────────╮
│ PufferLib 5.0🐡                GPU:  91%   VRAM:   5.3/31G    RAM:  0.5G     │
│                                                                              │
│ Env         connect4cnn    Evaluate      179ms  29%    Losses       0.025    │
│ Params           151.7K      Model        99ms  16%    policy       0.002    │
│ Steps              9.7M      Env          59ms   9%    value        0.005    │
│ SPS               27.1K      Copy         19ms   3%    entropy      0.008    │
│ Epoch              4748    Train         424ms  70%    old_kl      -0.000    │
│ Uptime     5m 43s 867ms      Model       424ms  70%    kl          -0.000    │
│ To go      2m 12s 300ms      Misc          0ms   0%    clipfrac     0.000    │
│                                                                              │
│ perf                          0.816   score                         0.633    │
│ episode_return                0.633   episode_length               10.666    │
│ invalids                      0.050                                          │
╰──────────────────────────────────────────────────────────────────────────────╯
╭──────────────────────────────────────────────────────────────────────────────╮
│ PufferLib 5.0               🐡 GPU:  91%   VRAM:   5.3/31G    RAM:  0.5G     │
│                                                                              │
│ Env         connect4cnn    Evaluate      180ms  29%    Losses       0.024    │
│ Params           151.7K      Model        99ms  16%    policy      -0.002    │
│ Steps              9.7M      Env          58ms   9%    value        0.005    │
│ SPS               27.2K      Copy         18ms   2%    entropy      0.011    │
│ Epoch              4756    Train         422ms  70%    old_kl       0.000    │
│ Uptime     5m 44s 470ms      Model       422ms  70%    kl          -0.000    │
│ To go      2m 11s 349ms      Misc          0ms   0%    clipfrac     0.000    │
│                                                                              │
│ perf                          0.810   score                         0.619    │
│ episode_return                0.619   episode_length               10.717    │
│ invalids                      0.031                                          │
╰──────────────────────────────────────────────────────────────────────────────╯
╭──────────────────────────────────────────────────────────────────────────────╮
│ PufferLib 5.0              🐡  GPU:  87%   VRAM:   5.3/31G    RAM:  0.5G     │
│                                                                              │
│ Env         connect4cnn    Evaluate      179ms  29%    Losses       0.024    │
│ Params           151.7K      Model        99ms  16%    policy       0.001    │
│ Steps              9.8M      Env          58ms   9%    value        0.005    │
│ SPS               27.2K      Copy         18ms   3%    entropy      0.011    │
│ Epoch              4764    Train         423ms  70%    old_kl       0.000    │
│ Uptime     5m 45s 072ms      Model       423ms  70%    kl          -0.000    │
│ To go      2m 10s 697ms      Misc          0ms   0%    clipfrac     0.000    │
│                                                                              │
│ perf                          0.821   score                         0.643    │
│ episode_return                0.643   episode_length               10.671    │
│ invalids                      0.048                                          │
╰──────────────────────────────────────────────────────────────────────────────╯
╭──────────────────────────────────────────────────────────────────────────────╮
│ PufferLib 5.0             🐡   GPU:  92%   VRAM:   5.3/31G    RAM:  0.5G     │
│                                                                              │
│ Env         connect4cnn    Evaluate      179ms  29%    Losses       0.025    │
│ Params           151.7K      Model        99ms  16%    policy       0.000    │
│ Steps              9.8M      Env          60ms   9%    value        0.005    │
│ SPS               26.9K      Copy         19ms   3%    entropy      0.009    │
│ Epoch              4772    Train         428ms  70%    old_kl       0.000    │
│ Uptime     5m 45s 681ms      Model       428ms  70%    kl          -0.000    │
│ To go      2m 11s 415ms      Misc          0ms   0%    clipfrac     0.000    │
│                                                                              │
│ perf                          0.830   score                         0.660    │
│ episode_return                0.660   episode_length               10.573    │
│ invalids                      0.038                                          │
╰──────────────────────────────────────────────────────────────────────────────╯
╭──────────────────────────────────────────────────────────────────────────────╮
│ PufferLib 5.0            🐡    GPU:  92%   VRAM:   5.3/31G    RAM:  0.5G     │
│                                                                              │
│ Env         connect4cnn    Evaluate      182ms  29%    Losses       0.024    │
│ Params           151.7K      Model        99ms  16%    policy      -0.001    │
│ Steps              9.8M      Env          59ms   9%    value        0.005    │
│ SPS               26.9K      Copy         22ms   3%    entropy      0.011    │
│ Epoch              4780    Train         427ms  70%    old_kl       0.000    │
│ Uptime     5m 46s 290ms      Model       427ms  70%    kl          -0.000    │
│ To go      2m 10s 967ms      Misc          0ms   0%    clipfrac     0.000    │
│                                                                              │
│ perf                          0.802   score                         0.604    │
│ episode_return                0.604   episode_length               10.722    │
│ invalids                      0.043                                          │
╰──────────────────────────────────────────────────────────────────────────────╯
╭──────────────────────────────────────────────────────────────────────────────╮
│ PufferLib 5.0           🐡     GPU:  93%   VRAM:   5.3/31G    RAM:  0.5G     │
│                                                                              │
│ Env         connect4cnn    Evaluate      180ms  29%    Losses       0.022    │
│ Params           151.7K      Model        99ms  16%    policy      -0.001    │
│ Steps              9.8M      Env          59ms   9%    value        0.004    │
│ SPS               27.0K      Copy         18ms   3%    entropy      0.010    │
│ Epoch              4788    Train         427ms  70%    old_kl      -0.000    │
│ Uptime     5m 46s 897ms      Model       426ms  70%    kl          -0.000    │
│ To go      2m 09s 881ms      Misc          0ms   0%    clipfrac     0.000    │
│                                                                              │
│ perf                          0.824   score                         0.648    │
│ episode_return                0.648   episode_length               10.709    │
│ invalids                      0.045                                          │
╰──────────────────────────────────────────────────────────────────────────────╯
╭──────────────────────────────────────────────────────────────────────────────╮
│ PufferLib 5.0          🐡      GPU:  93%   VRAM:   5.3/31G    RAM:  0.5G     │
│                                                                              │
│ Env         connect4cnn    Evaluate      180ms  29%    Losses       0.025    │
│ Params           151.7K      Model        99ms  16%    policy       0.002    │
│ Steps              9.8M      Env          59ms   9%    value        0.005    │
│ SPS               26.9K      Copy         20ms   3%    entropy      0.010    │
│ Epoch              4796    Train         429ms  70%    old_kl       0.000    │
│ Uptime     5m 47s 506ms      Model       429ms  70%    kl          -0.000    │
│ To go      2m 09s 835ms      Misc          0ms   0%    clipfrac     0.000    │
│                                                                              │
│ perf                          0.818   score                         0.635    │
│ episode_return                0.635   episode_length               10.666    │
│ invalids                      0.048                                          │
╰──────────────────────────────────────────────────────────────────────────────╯
╭──────────────────────────────────────────────────────────────────────────────╮
│ PufferLib 5.0         🐡       GPU:  93%   VRAM:   5.3/31G    RAM:  0.5G     │
│                                                                              │
│ Env         connect4cnn    Evaluate      181ms  29%    Losses       0.021    │
│ Params           151.7K      Model        99ms  16%    policy      -0.002    │
│ Steps              9.8M      Env          58ms   9%    value        0.005    │
│ SPS               27.0K      Copy         21ms   3%    entropy      0.011    │
│ Epoch              4804    Train         425ms  70%    old_kl       0.000    │
│ Uptime     5m 48s 113ms      Model       425ms  70%    kl          -0.000    │
│ To go      2m 08s 665ms      Misc          0ms   0%    clipfrac     0.000    │
│                                                                              │
│ perf                          0.807   score                         0.614    │
│ episode_return                0.614   episode_length               10.815    │
│ invalids                      0.044                                          │
╰──────────────────────────────────────────────────────────────────────────────╯
╭──────────────────────────────────────────────────────────────────────────────╮
│ PufferLib 5.0        🐡        GPU:  92%   VRAM:   5.3/31G    RAM:  0.5G     │
│                                                                              │
│ Env         connect4cnn    Evaluate      183ms  30%    Losses       0.026    │
│ Params           151.7K      Model        99ms  16%    policy       0.001    │
│ Steps              9.9M      Env          60ms   9%    value        0.005    │
│ SPS               27.0K      Copy         21ms   3%    entropy      0.010    │
│ Epoch              4812    Train         423ms  69%    old_kl      -0.000    │
│ Uptime     5m 48s 720ms      Model       423ms  69%    kl          -0.000    │
│ To go      2m 07s 983ms      Misc          0ms   0%    clipfrac     0.000    │
│                                                                              │
│ perf                          0.817   score                         0.633    │
│ episode_return                0.633   episode_length               10.656    │
│ invalids                      0.040                                          │
╰──────────────────────────────────────────────────────────────────────────────╯
╭──────────────────────────────────────────────────────────────────────────────╮
│ PufferLib 5.0       🐡         GPU:  92%   VRAM:   5.3/31G    RAM:  0.5G     │
│                                                                              │
│ Env         connect4cnn    Evaluate      184ms  30%    Losses       0.023    │
│ Params           151.7K      Model        99ms  16%    policy      -0.002    │
│ Steps              9.9M      Env          61ms  10%    value        0.005    │
│ SPS               27.0K      Copy         22ms   3%    entropy      0.010    │
│ Epoch              4820    Train         421ms  69%    old_kl       0.000    │
│ Uptime     5m 49s 326ms      Model       421ms  69%    kl          -0.000    │
│ To go      2m 07s 205ms      Misc          0ms   0%    clipfrac     0.000    │
│                                                                              │
│ perf                          0.792   score                         0.584    │
│ episode_return                0.584   episode_length               10.723    │
│ invalids                      0.045                                          │
╰──────────────────────────────────────────────────────────────────────────────╯
╭──────────────────────────────────────────────────────────────────────────────╮
│ PufferLib 5.0      🐡          GPU:  87%   VRAM:   5.3/31G    RAM:  0.5G     │
│                                                                              │
│ Env         connect4cnn    Evaluate      204ms  30%    Losses       0.024    │
│ Params           151.7K      Model       112ms  16%    policy      -0.000    │
│ Steps              9.9M      Env          65ms   9%    value        0.005    │
│ SPS               27.4K      Copy         25ms   3%    entropy      0.011    │
│ Epoch              4829    Train         468ms  69%    old_kl       0.000    │
│ Uptime     5m 49s 999ms      Model       468ms  69%    kl          -0.000    │
│ To go      2m 04s 986ms      Misc          0ms   0%    clipfrac     0.000    │
│                                                                              │
│ perf                          0.800   score                         0.601    │
│ episode_return                0.601   episode_length               10.804    │
│ invalids                      0.039                                          │
╰──────────────────────────────────────────────────────────────────────────────╯
╭──────────────────────────────────────────────────────────────────────────────╮
│ PufferLib 5.0     🐡           GPU:  87%   VRAM:   5.3/31G    RAM:  0.5G     │
│                                                                              │
│ Env         connect4cnn    Evaluate      178ms  29%    Losses       0.024    │
│ Params           151.7K      Model        99ms  16%    policy      -0.000    │
│ Steps              9.9M      Env          58ms   9%    value        0.005    │
│ SPS               27.2K      Copy         18ms   2%    entropy      0.011    │
│ Epoch              4837    Train         423ms  70%    old_kl       0.000    │
│ Uptime     5m 50s 601ms      Model       423ms  70%    kl          -0.000    │
│ To go      2m 05s 207ms      Misc          0ms   0%    clipfrac     0.000    │
│                                                                              │
│ perf                          0.819   score                         0.638    │
│ episode_return                0.638   episode_length               10.584    │
│ invalids                      0.039                                          │
╰──────────────────────────────────────────────────────────────────────────────╯
╭──────────────────────────────────────────────────────────────────────────────╮
│ PufferLib 5.0    🐡            GPU:  93%   VRAM:   5.3/31G    RAM:  0.5G     │
│                                                                              │
│ Env         connect4cnn    Evaluate      179ms  29%    Losses       0.023    │
│ Params           151.7K      Model        99ms  16%    policy      -0.001    │
│ Steps              9.9M      Env          58ms   9%    value        0.005    │
│ SPS               26.9K      Copy         19ms   3%    entropy      0.011    │
│ Epoch              4845    Train         428ms  70%    old_kl       0.000    │
│ Uptime     5m 51s 209ms      Model       427ms  70%    kl          -0.000    │
│ To go      2m 05s 857ms      Misc          0ms   0%    clipfrac     0.000    │
│                                                                              │
│ perf                          0.809   score                         0.618    │
│ episode_return                0.618   episode_length               10.672    │
│ invalids                      0.056                                          │
╰──────────────────────────────────────────────────────────────────────────────╯
╭──────────────────────────────────────────────────────────────────────────────╮
│ PufferLib 5.0   🐡             GPU:  93%   VRAM:   5.3/31G    RAM:  0.5G     │
│                                                                              │
│ Env         connect4cnn    Evaluate      180ms  29%    Losses       0.025    │
│ Params           151.7K      Model        99ms  16%    policy      -0.000    │
│ Steps              9.9M      Env          59ms   9%    value        0.005    │
│ SPS               27.2K      Copy         20ms   3%    entropy      0.009    │
│ Epoch              4853    Train         421ms  70%    old_kl      -0.000    │
│ Uptime     5m 51s 811ms      Model       421ms  70%    kl          -0.000    │
│ To go      2m 03s 783ms      Misc          0ms   0%    clipfrac     0.000    │
│                                                                              │
│ perf                          0.828   score                         0.656    │
│ episode_return                0.656   episode_length               10.603    │
│ invalids                      0.038                                          │
╰──────────────────────────────────────────────────────────────────────────────╯
╭──────────────────────────────────────────────────────────────────────────────╮
│ PufferLib 5.0  🐡              GPU:  93%   VRAM:   5.3/31G    RAM:  0.5G     │
│                                                                              │
│ Env         connect4cnn    Evaluate      180ms  29%    Losses       0.029    │
│ Params           151.7K      Model        99ms  16%    policy       0.002    │
│ Steps             10.0M      Env          58ms   9%    value        0.005    │
│ SPS               27.2K      Copy         19ms   3%    entropy      0.009    │
│ Epoch              4861    Train         421ms  70%    old_kl       0.000    │
│ Uptime     5m 52s 413ms      Model       421ms  69%    kl          -0.000    │
│ To go      2m 03s 327ms      Misc          0ms   0%    clipfrac     0.000    │
│                                                                              │
│ perf                          0.815   score                         0.630    │
│ episode_return                0.630   episode_length               10.639    │
│ invalids                      0.042                                          │
╰──────────────────────────────────────────────────────────────────────────────╯
╭──────────────────────────────────────────────────────────────────────────────╮
│ PufferLib 5.0 🐡               GPU:  90%   VRAM:   5.3/31G    RAM:  0.5G     │
│                                                                              │
│ Env         connect4cnn    Evaluate      180ms  29%    Losses       0.025    │
│ Params           151.7K      Model        99ms  16%    policy      -0.000    │
│ Steps             10.0M      Env          59ms   9%    value        0.005    │
│ SPS               27.1K      Copy         19ms   3%    entropy      0.009    │
│ Epoch              4869    Train         423ms  70%    old_kl       0.000    │
│ Uptime     5m 53s 017ms      Model       423ms  70%    kl          -0.000    │
│ To go      2m 03s 173ms      Misc          0ms   0%    clipfrac     0.000    │
│                                                                              │
│ perf                          0.802   score                         0.604    │
│ episode_return                0.604   episode_length               10.626    │
│ invalids                      0.040                                          │
╰──────────────────────────────────────────────────────────────────────────────╯
╭──────────────────────────────────────────────────────────────────────────────╮
│ PufferLib 5.0🐡                GPU:  90%   VRAM:   5.3/31G    RAM:  0.5G     │
│                                                                              │
│ Env         connect4cnn    Evaluate      178ms  29%    Losses       0.026    │
│ Params           151.7K      Model        99ms  16%    policy       0.002    │
│ Steps             10.0M      Env          59ms   9%    value        0.005    │
│ SPS               26.9K      Copy         18ms   2%    entropy      0.006    │
│ Epoch              4877    Train         431ms  70%    old_kl      -0.000    │
│ Uptime     5m 53s 626ms      Model       431ms  70%    kl          -0.000    │
│ To go      2m 03s 580ms      Misc          0ms   0%    clipfrac     0.000    │
│                                                                              │
│ perf                          0.835   score                         0.669    │
│ episode_return                0.669   episode_length               10.520    │
│ invalids                      0.030                                          │
╰──────────────────────────────────────────────────────────────────────────────╯
╭──────────────────────────────────────────────────────────────────────────────╮
│ PufferLib 5.0               🐡 GPU:  87%   VRAM:   5.3/31G    RAM:  0.5G     │
│                                                                              │
│ Env         connect4cnn    Evaluate      183ms  30%    Losses       0.027    │
│ Params           151.7K      Model        99ms  16%    policy       0.003    │
│ Steps             10.0M      Env          61ms   9%    value        0.005    │
│ SPS               26.9K      Copy         21ms   3%    entropy      0.008    │
│ Epoch              4885    Train         425ms  69%    old_kl      -0.000    │
│ Uptime     5m 54s 234ms      Model       425ms  69%    kl          -0.000    │
│ To go      2m 02s 816ms      Misc          0ms   0%    clipfrac     0.000    │
│                                                                              │
│ perf                          0.817   score                         0.635    │
│ episode_return                0.635   episode_length               10.705    │
│ invalids                      0.037                                          │
╰──────────────────────────────────────────────────────────────────────────────╯
╭──────────────────────────────────────────────────────────────────────────────╮
│ PufferLib 5.0              🐡  GPU:  90%   VRAM:   5.3/31G    RAM:  0.5G     │
│                                                                              │
│ Env         connect4cnn    Evaluate      180ms  29%    Losses       0.021    │
│ Params           151.7K      Model        99ms  16%    policy      -0.001    │
│ Steps             10.0M      Env          58ms   9%    value        0.004    │
│ SPS               27.1K      Copy         22ms   3%    entropy      0.008    │
│ Epoch              4893    Train         424ms  70%    old_kl       0.000    │
│ Uptime     5m 54s 840ms      Model       424ms  70%    kl          -0.000    │
│ To go      2m 01s 633ms      Misc          0ms   0%    clipfrac     0.000    │
│                                                                              │
│ perf                          0.810   score                         0.621    │
│ episode_return                0.621   episode_length               10.630    │
│ invalids                      0.045                                          │
╰──────────────────────────────────────────────────────────────────────────────╯
╭──────────────────────────────────────────────────────────────────────────────╮
│ PufferLib 5.0             🐡   GPU:  90%   VRAM:   5.3/31G    RAM:  0.5G     │
│                                                                              │
│ Env         connect4cnn    Evaluate      179ms  29%    Losses       0.020    │
│ Params           151.7K      Model        99ms  16%    policy      -0.003    │
│ Steps             10.0M      Env          58ms   9%    value        0.005    │
│ SPS               27.1K      Copy         19ms   3%    entropy      0.008    │
│ Epoch              4901    Train         424ms  70%    old_kl      -0.000    │
│ Uptime     5m 55s 443ms      Model       424ms  70%    kl          -0.000    │
│ To go      2m 00s 653ms      Misc          0ms   0%    clipfrac     0.000    │
│                                                                              │
│ perf                          0.818   score                         0.636    │
│ episode_return                0.636   episode_length               10.688    │
│ invalids                      0.036                                          │
╰──────────────────────────────────────────────────────────────────────────────╯
╭──────────────────────────────────────────────────────────────────────────────╮
│ PufferLib 5.0            🐡    GPU:  93%   VRAM:   5.3/31G    RAM:  0.5G     │
│                                                                              │
│ Env         connect4cnn    Evaluate      182ms  30%    Losses       0.025    │
│ Params           151.7K      Model        99ms  16%    policy       0.001    │
│ Steps             10.1M      Env          59ms   9%    value        0.005    │
│ SPS               27.2K      Copy         21ms   3%    entropy      0.009    │
│ Epoch              4909    Train         420ms  69%    old_kl       0.000    │
│ Uptime     5m 56s 045ms      Model       419ms  69%    kl          -0.000    │
│ To go      1m 59s 709ms      Misc          0ms   0%    clipfrac     0.000    │
│                                                                              │
│ perf                          0.821   score                         0.642    │
│ episode_return                0.642   episode_length               10.641    │
│ invalids                      0.042                                          │
╰──────────────────────────────────────────────────────────────────────────────╯
╭──────────────────────────────────────────────────────────────────────────────╮
│ PufferLib 5.0           🐡     GPU:  92%   VRAM:   5.3/31G    RAM:  0.5G     │
│                                                                              │
│ Env         connect4cnn    Evaluate      201ms  30%    Losses       0.023    │
│ Params           151.7K      Model       112ms  16%    policy       0.000    │
│ Steps             10.1M      Env          65ms   9%    value        0.005    │
│ SPS               27.5K      Copy         22ms   3%    entropy      0.009    │
│ Epoch              4918    Train         468ms  69%    old_kl       0.000    │
│ Uptime     5m 56s 716ms      Model       468ms  69%    kl          -0.000    │
│ To go      1m 57s 920ms      Misc          0ms   0%    clipfrac     0.000    │
│                                                                              │
│ perf                          0.807   score                         0.613    │
│ episode_return                0.613   episode_length               10.639    │
│ invalids                      0.036                                          │
╰──────────────────────────────────────────────────────────────────────────────╯
╭──────────────────────────────────────────────────────────────────────────────╮
│ PufferLib 5.0          🐡      GPU:  92%   VRAM:   5.3/31G    RAM:  0.5G     │
│                                                                              │
│ Env         connect4cnn    Evaluate      199ms  29%    Losses       0.025    │
│ Params           151.7K      Model       112ms  16%    policy       0.001    │
│ Steps             10.1M      Env          65ms   9%    value        0.005    │
│ SPS               27.2K      Copy         19ms   2%    entropy      0.010    │
│ Epoch              4927    Train         477ms  70%    old_kl       0.000    │
│ Uptime     5m 57s 393ms      Model       477ms  70%    kl          -0.000    │
│ To go      1m 58s 322ms      Misc          0ms   0%    clipfrac     0.000    │
│                                                                              │
│ perf                          0.809   score                         0.617    │
│ episode_return                0.617   episode_length               10.724    │
│ invalids                      0.040                                          │
╰──────────────────────────────────────────────────────────────────────────────╯
╭──────────────────────────────────────────────────────────────────────────────╮
│ PufferLib 5.0         🐡       GPU:  88%   VRAM:   5.3/31G    RAM:  0.5G     │
│                                                                              │
│ Env         connect4cnn    Evaluate      199ms  29%    Losses       0.022    │
│ Params           151.7K      Model       112ms  16%    policy      -0.001    │
│ Steps             10.1M      Env          65ms   9%    value        0.005    │
│ SPS               27.5K      Copy         20ms   2%    entropy      0.009    │
│ Epoch              4936    Train         471ms  70%    old_kl      -0.000    │
│ Uptime     5m 58s 064ms      Model       471ms  70%    kl          -0.000    │
│ To go      1m 56s 531ms      Misc          0ms   0%    clipfrac     0.000    │
│                                                                              │
│ perf                          0.832   score                         0.665    │
│ episode_return                0.665   episode_length               10.581    │
│ invalids                      0.033                                          │
╰──────────────────────────────────────────────────────────────────────────────╯
╭──────────────────────────────────────────────────────────────────────────────╮
│ PufferLib 5.0        🐡        GPU:  93%   VRAM:   5.3/31G    RAM:  0.5G     │
│                                                                              │
│ Env         connect4cnn    Evaluate      202ms  29%    Losses       0.023    │
│ Params           151.7K      Model       112ms  16%    policy       0.001    │
│ Steps             10.1M      Env          65ms   9%    value        0.005    │
│ SPS               27.2K      Copy         22ms   3%    entropy      0.010    │
│ Epoch              4945    Train         474ms  70%    old_kl      -0.000    │
│ Uptime     5m 58s 741ms      Model       474ms  70%    kl          -0.000    │
│ To go      1m 56s 954ms      Misc          0ms   0%    clipfrac     0.000    │
│                                                                              │
│ perf                          0.832   score                         0.664    │
│ episode_return                0.664   episode_length               10.699    │
│ invalids                      0.042                                          │
╰──────────────────────────────────────────────────────────────────────────────╯
╭──────────────────────────────────────────────────────────────────────────────╮
│ PufferLib 5.0       🐡         GPU:  93%   VRAM:   5.3/31G    RAM:  0.5G     │
│                                                                              │
│ Env         connect4cnn    Evaluate      202ms  30%    Losses       0.023    │
│ Params           151.7K      Model       112ms  16%    policy       0.001    │
│ Steps             10.1M      Env          66ms   9%    value        0.004    │
│ SPS               27.4K      Copy         22ms   3%    entropy      0.011    │
│ Epoch              4954    Train         470ms  69%    old_kl       0.000    │
│ Uptime     5m 59s 414ms      Model       470ms  69%    kl          -0.000    │
│ To go      1m 55s 610ms      Misc          0ms   0%    clipfrac     0.000    │
│                                                                              │
│ perf                          0.816   score                         0.632    │
│ episode_return                0.632   episode_length               10.714    │
│ invalids                      0.052                                          │
╰──────────────────────────────────────────────────────────────────────────────╯
╭──────────────────────────────────────────────────────────────────────────────╮
│ PufferLib 5.0      🐡          GPU:  90%   VRAM:   5.3/31G    RAM:  0.5G     │
│                                                                              │
│ Env         connect4cnn    Evaluate      182ms  30%    Losses       0.023    │
│ Params           151.7K      Model        99ms  16%    policy      -0.000    │
│ Steps             10.2M      Env          59ms   9%    value        0.005    │
│ SPS               27.2K      Copy         21ms   3%    entropy      0.007    │
│ Epoch              4962    Train         419ms  69%    old_kl       0.000    │
│ Uptime     6m 00s 016ms      Model       419ms  69%    kl          -0.000    │
│ To go      1m 55s 857ms      Misc          0ms   0%    clipfrac     0.000    │
│                                                                              │
│ perf                          0.844   score                         0.688    │
│ episode_return                0.688   episode_length               10.500    │
│ invalids                      0.037                                          │
╰──────────────────────────────────────────────────────────────────────────────╯
╭──────────────────────────────────────────────────────────────────────────────╮
│ PufferLib 5.0     🐡           GPU:  89%   VRAM:   5.3/31G    RAM:  0.5G     │
│                                                                              │
│ Env         connect4cnn    Evaluate      204ms  30%    Losses       0.024    │
│ Params           151.7K      Model       112ms  16%    policy      -0.001    │
│ Steps             10.2M      Env          66ms   9%    value        0.005    │
│ SPS               27.4K      Copy         22ms   3%    entropy      0.009    │
│ Epoch              4971    Train         469ms  69%    old_kl      -0.000    │
│ Uptime     6m 00s 690ms      Model       469ms  69%    kl          -0.000    │
│ To go      1m 54s 420ms      Misc          0ms   0%    clipfrac     0.000    │
│                                                                              │
│ perf                          0.836   score                         0.671    │
│ episode_return                0.671   episode_length               10.524    │
│ invalids                      0.036                                          │
╰──────────────────────────────────────────────────────────────────────────────╯
╭──────────────────────────────────────────────────────────────────────────────╮
│ PufferLib 5.0    🐡            GPU:  89%   VRAM:   5.3/31G    RAM:  0.5G     │
│                                                                              │
│ Env         connect4cnn    Evaluate      205ms  30%    Losses       0.024    │
│ Params           151.7K      Model       112ms  16%    policy       0.000    │
│ Steps             10.2M      Env          66ms   9%    value        0.005    │
│ SPS               27.4K      Copy         23ms   3%    entropy      0.008    │
│ Epoch              4980    Train         467ms  69%    old_kl       0.000    │
│ Uptime     6m 01s 362ms      Model       466ms  69%    kl          -0.000    │
│ To go      1m 53s 463ms      Misc          0ms   0%    clipfrac     0.000    │
│                                                                              │
│ perf                          0.812   score                         0.624    │
│ episode_return                0.624   episode_length               10.768    │
│ invalids                      0.035                                          │
╰──────────────────────────────────────────────────────────────────────────────╯
╭──────────────────────────────────────────────────────────────────────────────╮
│ PufferLib 5.0   🐡             GPU:  94%   VRAM:   5.3/31G    RAM:  0.5G     │
│                                                                              │
│ Env         connect4cnn    Evaluate      204ms  30%    Losses       0.026    │
│ Params           151.7K      Model       112ms  16%    policy       0.000    │
│ Steps             10.2M      Env          66ms   9%    value        0.005    │
│ SPS               27.6K      Copy         23ms   3%    entropy      0.010    │
│ Epoch              4989    Train         463ms  69%    old_kl      -0.000    │
│ Uptime     6m 02s 030ms      Model       463ms  69%    kl          -0.000    │
│ To go      1m 52s 163ms      Misc          0ms   0%    clipfrac     0.000    │
│                                                                              │
│ perf                          0.824   score                         0.649    │
│ episode_return                0.649   episode_length               10.537    │
│ invalids                      0.035                                          │
╰──────────────────────────────────────────────────────────────────────────────╯
╭──────────────────────────────────────────────────────────────────────────────╮
│ PufferLib 5.0  🐡              GPU:  94%   VRAM:   5.3/31G    RAM:  0.5G     │
│                                                                              │
│ Env         connect4cnn    Evaluate      182ms  30%    Losses       0.025    │
│ Params           151.7K      Model        99ms  16%    policy      -0.000    │
│ Steps             10.2M      Env          60ms   9%    value        0.005    │
│ SPS               27.3K      Copy         21ms   3%    entropy      0.011    │
│ Epoch              4997    Train         418ms  69%    old_kl      -0.000    │
│ Uptime     6m 02s 631ms      Model       418ms  69%    kl          -0.000    │
│ To go      1m 52s 876ms      Misc          0ms   0%    clipfrac     0.000    │
│                                                                              │
│ perf                          0.809   score                         0.618    │
│ episode_return                0.618   episode_length               10.687    │
│ invalids                      0.049                                          │
╰──────────────────────────────────────────────────────────────────────────────╯
╭──────────────────────────────────────────────────────────────────────────────╮
│ PufferLib 5.0 🐡               GPU:  87%   VRAM:   5.3/31G    RAM:  0.5G     │
│                                                                              │
│ Env         connect4cnn    Evaluate      183ms  30%    Losses       0.025    │
│ Params           151.7K      Model        99ms  16%    policy       0.001    │
│ Steps             10.3M      Env          58ms   9%    value        0.005    │
│ SPS               27.3K      Copy         23ms   3%    entropy      0.010    │
│ Epoch              5005    Train         417ms  69%    old_kl       0.000    │
│ Uptime     6m 03s 232ms      Model       417ms  69%    kl          -0.000    │
│ To go      1m 52s 335ms      Misc          0ms   0%    clipfrac     0.000    │
│                                                                              │
│ perf                          0.818   score                         0.636    │
│ episode_return                0.636   episode_length               10.678    │
│ invalids                      0.043                                          │
╰──────────────────────────────────────────────────────────────────────────────╯
╭──────────────────────────────────────────────────────────────────────────────╮
│ PufferLib 5.0🐡                GPU:  92%   VRAM:   5.3/31G    RAM:  0.5G     │
│                                                                              │
│ Env         connect4cnn    Evaluate      202ms  29%    Losses       0.023    │
│ Params           151.7K      Model       112ms  16%    policy      -0.001    │
│ Steps             10.3M      Env          65ms   9%    value        0.005    │
│ SPS               27.4K      Copy         22ms   3%    entropy      0.009    │
│ Epoch              5014    Train         471ms  70%    old_kl      -0.000    │
│ Uptime     6m 03s 905ms      Model       471ms  70%    kl          -0.000    │
│ To go      1m 51s 170ms      Misc          0ms   0%    clipfrac     0.000    │
│                                                                              │
│ perf                          0.808   score                         0.617    │
│ episode_return                0.617   episode_length               10.713    │
│ invalids                      0.050                                          │
╰──────────────────────────────────────────────────────────────────────────────╯
╭──────────────────────────────────────────────────────────────────────────────╮
│ PufferLib 5.0               🐡 GPU:  92%   VRAM:   5.3/31G    RAM:  0.5G     │
│                                                                              │
│ Env         connect4cnn    Evaluate      178ms  29%    Losses       0.022    │
│ Params           151.7K      Model        99ms  16%    policy      -0.001    │
│ Steps             10.3M      Env          58ms   9%    value        0.005    │
│ SPS               27.1K      Copy         19ms   3%    entropy      0.009    │
│ Epoch              5022    Train         425ms  70%    old_kl       0.000    │
│ Uptime     6m 04s 509ms      Model       425ms  70%    kl          -0.000    │
│ To go      1m 51s 566ms      Misc          0ms   0%    clipfrac     0.000    │
│                                                                              │
│ perf                          0.827   score                         0.654    │
│ episode_return                0.654   episode_length               10.611    │
│ invalids                      0.037                                          │
╰──────────────────────────────────────────────────────────────────────────────╯
╭──────────────────────────────────────────────────────────────────────────────╮
│ PufferLib 5.0              🐡  GPU:  93%   VRAM:   5.3/31G    RAM:  0.5G     │
│                                                                              │
│ Env         connect4cnn    Evaluate      177ms  29%    Losses       0.024    │
│ Params           151.7K      Model        99ms  16%    policy       0.000    │
│ Steps             10.3M      Env          58ms   9%    value        0.005    │
│ SPS               27.2K      Copy         18ms   2%    entropy      0.008    │
│ Epoch              5030    Train         424ms  70%    old_kl      -0.000    │
│ Uptime     6m 05s 110ms      Model       423ms  70%    kl          -0.000    │
│ To go      1m 50s 536ms      Misc          0ms   0%    clipfrac     0.000    │
│                                                                              │
│ perf                          0.824   score                         0.648    │
│ episode_return                0.648   episode_length               10.620    │
│ invalids                      0.043                                          │
╰──────────────────────────────────────────────────────────────────────────────╯
╭──────────────────────────────────────────────────────────────────────────────╮
│ PufferLib 5.0             🐡   GPU:  87%   VRAM:   5.3/31G    RAM:  0.5G     │
│                                                                              │
│ Env         connect4cnn    Evaluate      201ms  29%    Losses       0.024    │
│ Params           151.7K      Model       112ms  16%    policy      -0.000    │
│ Steps             10.3M      Env          66ms   9%    value        0.005    │
│ SPS               27.4K      Copy         21ms   3%    entropy      0.008    │
│ Epoch              5039    Train         470ms  70%    old_kl      -0.000    │
│ Uptime     6m 05s 783ms      Model       470ms  69%    kl          -0.000    │
│ To go      1m 49s 156ms      Misc          0ms   0%    clipfrac     0.000    │
│                                                                              │
│ perf                          0.818   score                         0.636    │
│ episode_return                0.636   episode_length               10.682    │
│ invalids                      0.043                                          │
╰──────────────────────────────────────────────────────────────────────────────╯
╭──────────────────────────────────────────────────────────────────────────────╮
│ PufferLib 5.0            🐡    GPU:  87%   VRAM:   5.3/31G    RAM:  0.5G     │
│                                                                              │
│ Env         connect4cnn    Evaluate      199ms  29%    Losses       0.022    │
│ Params           151.7K      Model       112ms  16%    policy      -0.000    │
│ Steps             10.3M      Env          65ms   9%    value        0.004    │
│ SPS               27.3K      Copy         19ms   2%    entropy      0.010    │
│ Epoch              5048    Train         477ms  70%    old_kl       0.000    │
│ Uptime     6m 06s 459ms      Model       476ms  70%    kl          -0.000    │
│ To go      1m 49s 047ms      Misc          0ms   0%    clipfrac     0.000    │
│                                                                              │
│ perf                          0.830   score                         0.661    │
│ episode_return                0.661   episode_length               10.631    │
│ invalids                      0.044                                          │
╰──────────────────────────────────────────────────────────────────────────────╯
╭──────────────────────────────────────────────────────────────────────────────╮
│ PufferLib 5.0           🐡     GPU:  92%   VRAM:   5.3/31G    RAM:  0.5G     │
│                                                                              │
│ Env         connect4cnn    Evaluate      201ms  30%    Losses       0.026    │
│ Params           151.7K      Model       112ms  16%    policy       0.001    │
│ Steps             10.4M      Env          65ms   9%    value        0.005    │
│ SPS               27.5K      Copy         22ms   3%    entropy      0.010    │
│ Epoch              5057    Train         467ms  69%    old_kl       0.000    │
│ Uptime     6m 07s 128ms      Model       467ms  69%    kl          -0.000    │
│ To go      1m 47s 286ms      Misc          0ms   0%    clipfrac     0.000    │
│                                                                              │
│ perf                          0.797   score                         0.594    │
│ episode_return                0.594   episode_length               10.804    │
│ invalids                      0.038                                          │
╰──────────────────────────────────────────────────────────────────────────────╯
╭──────────────────────────────────────────────────────────────────────────────╮
│ PufferLib 5.0          🐡      GPU:  93%   VRAM:   5.3/31G    RAM:  0.5G     │
│                                                                              │
│ Env         connect4cnn    Evaluate      200ms  29%    Losses       0.023    │
│ Params           151.7K      Model       112ms  16%    policy      -0.000    │
│ Steps             10.4M      Env          65ms   9%    value        0.005    │
│ SPS               27.3K      Copy         20ms   2%    entropy      0.009    │
│ Epoch              5066    Train         473ms  70%    old_kl       0.000    │
│ Uptime     6m 07s 802ms      Model       473ms  70%    kl          -0.000    │
│ To go      1m 47s 388ms      Misc          0ms   0%    clipfrac     0.000    │
│                                                                              │
│ perf                          0.808   score                         0.617    │
│ episode_return                0.617   episode_length               10.656    │
│ invalids                      0.040                                          │
╰──────────────────────────────────────────────────────────────────────────────╯
╭──────────────────────────────────────────────────────────────────────────────╮
│ PufferLib 5.0         🐡       GPU:  93%   VRAM:   5.3/31G    RAM:  0.5G     │
│                                                                              │
│ Env         connect4cnn    Evaluate      183ms  30%    Losses       0.022    │
│ Params           151.7K      Model        99ms  16%    policy      -0.000    │
│ Steps             10.4M      Env          58ms   9%    value        0.004    │
│ SPS               27.2K      Copy         22ms   3%    entropy      0.009    │
│ Epoch              5074    Train         417ms  69%    old_kl      -0.000    │
│ Uptime     6m 08s 403ms      Model       417ms  69%    kl          -0.000    │
│ To go      1m 47s 198ms      Misc          0ms   0%    clipfrac     0.000    │
│                                                                              │
│ perf                          0.825   score                         0.650    │
│ episode_return                0.650   episode_length               10.607    │
│ invalids                      0.047                                          │
╰──────────────────────────────────────────────────────────────────────────────╯
╭──────────────────────────────────────────────────────────────────────────────╮
│ PufferLib 5.0        🐡        GPU:  87%   VRAM:   5.3/31G    RAM:  0.5G     │
│                                                                              │
│ Env         connect4cnn    Evaluate      205ms  30%    Losses       0.025    │
│ Params           151.7K      Model       112ms  16%    policy      -0.000    │
│ Steps             10.4M      Env          66ms   9%    value        0.005    │
│ SPS               27.7K      Copy         26ms   3%    entropy      0.009    │
│ Epoch              5083    Train         460ms  69%    old_kl       0.000    │
│ Uptime     6m 09s 070ms      Model       460ms  69%    kl          -0.000    │
│ To go      1m 44s 951ms      Misc          0ms   0%    clipfrac     0.000    │
│                                                                              │
│ perf                          0.811   score                         0.622    │
│ episode_return                0.622   episode_length               10.659    │
│ invalids                      0.037                                          │
╰──────────────────────────────────────────────────────────────────────────────╯
╭──────────────────────────────────────────────────────────────────────────────╮
│ PufferLib 5.0       🐡         GPU:  93%   VRAM:   5.3/31G    RAM:  0.5G     │
│                                                                              │
│ Env         connect4cnn    Evaluate      201ms  30%    Losses       0.024    │
│ Params           151.7K      Model       112ms  16%    policy       0.001    │
│ Steps             10.4M      Env          65ms   9%    value        0.005    │
│ SPS               27.5K      Copy         20ms   3%    entropy      0.009    │
│ Epoch              5092    Train         468ms  69%    old_kl      -0.000    │
│ Uptime     6m 09s 741ms      Model       468ms  69%    kl          -0.000    │
│ To go      1m 44s 975ms      Misc          0ms   0%    clipfrac     0.000    │
│                                                                              │
│ perf                          0.806   score                         0.612    │
│ episode_return                0.612   episode_length               10.752    │
│ invalids                      0.048                                          │
╰──────────────────────────────────────────────────────────────────────────────╯
╭──────────────────────────────────────────────────────────────────────────────╮
│ PufferLib 5.0      🐡          GPU:  93%   VRAM:   5.3/31G    RAM:  0.5G     │
│                                                                              │
│ Env         connect4cnn    Evaluate      177ms  29%    Losses       0.021    │
│ Params           151.7K      Model        99ms  16%    policy      -0.001    │
│ Steps             10.4M      Env          58ms   9%    value        0.004    │
│ SPS               27.2K      Copy         18ms   2%    entropy      0.009    │
│ Epoch              5100    Train         424ms  70%    old_kl      -0.000    │
│ Uptime     6m 10s 343ms      Model       424ms  70%    kl          -0.000    │
│ To go      1m 45s 354ms      Misc          0ms   0%    clipfrac     0.000    │
│                                                                              │
│ perf                          0.826   score                         0.652    │
│ episode_return                0.652   episode_length               10.679    │
│ invalids                      0.038                                          │
╰──────────────────────────────────────────────────────────────────────────────╯
╭──────────────────────────────────────────────────────────────────────────────╮
│ PufferLib 5.0     🐡           GPU:  91%   VRAM:   5.3/31G    RAM:  0.5G     │
│                                                                              │
│ Env         connect4cnn    Evaluate      178ms  29%    Losses       0.027    │
│ Params           151.7K      Model        99ms  16%    policy       0.002    │
│ Steps             10.5M      Env          58ms   9%    value        0.005    │
│ SPS               27.3K      Copy         18ms   3%    entropy      0.010    │
│ Epoch              5108    Train         422ms  70%    old_kl       0.000    │
│ Uptime     6m 10s 944ms      Model       422ms  70%    kl          -0.000    │
│ To go      1m 44s 571ms      Misc          0ms   0%    clipfrac     0.000    │
│                                                                              │
│ perf                          0.808   score                         0.615    │
│ episode_return                0.615   episode_length               10.713    │
│ invalids                      0.038                                          │
╰──────────────────────────────────────────────────────────────────────────────╯
╭──────────────────────────────────────────────────────────────────────────────╮
│ PufferLib 5.0    🐡            GPU:  91%   VRAM:   5.3/31G    RAM:  0.5G     │
│                                                                              │
│ Env         connect4cnn    Evaluate      179ms  29%    Losses       0.024    │
│ Params           151.7K      Model        99ms  16%    policy      -0.000    │
│ Steps             10.5M      Env          59ms   9%    value        0.005    │
│ SPS               27.1K      Copy         18ms   3%    entropy      0.009    │
│ Epoch              5116    Train         424ms  70%    old_kl      -0.000    │
│ Uptime     6m 11s 548ms      Model       424ms  70%    kl          -0.000    │
│ To go      1m 44s 489ms      Misc          0ms   0%    clipfrac     0.000    │
│                                                                              │
│ perf                          0.819   score                         0.639    │
│ episode_return                0.639   episode_length               10.708    │
│ invalids                      0.039                                          │
╰──────────────────────────────────────────────────────────────────────────────╯
╭──────────────────────────────────────────────────────────────────────────────╮
│ PufferLib 5.0   🐡             GPU:  86%   VRAM:   5.3/31G    RAM:  0.5G     │
│                                                                              │
│ Env         connect4cnn    Evaluate      175ms  29%    Losses       0.022    │
│ Params           151.7K      Model        99ms  16%    policy       0.000    │
│ Steps             10.5M      Env          58ms   9%    value        0.004    │
│ SPS               27.2K      Copy         15ms   2%    entropy      0.009    │
│ Epoch              5124    Train         426ms  70%    old_kl      -0.000    │
│ Uptime     6m 12s 150ms      Model       426ms  70%    kl          -0.000    │
│ To go      1m 43s 508ms      Misc          0ms   0%    clipfrac     0.000    │
│                                                                              │
│ perf                          0.817   score                         0.633    │
│ episode_return                0.633   episode_length               10.693    │
│ invalids                      0.047                                          │
╰──────────────────────────────────────────────────────────────────────────────╯
╭──────────────────────────────────────────────────────────────────────────────╮
│ PufferLib 5.0  🐡              GPU:  93%   VRAM:   5.3/31G    RAM:  0.5G     │
│                                                                              │
│ Env         connect4cnn    Evaluate      176ms  29%    Losses       0.027    │
│ Params           151.7K      Model        99ms  16%    policy       0.003    │
│ Steps             10.5M      Env          58ms   9%    value        0.005    │
│ SPS               27.3K      Copy         15ms   2%    entropy      0.009    │
│ Epoch              5132    Train         423ms  70%    old_kl      -0.000    │
│ Uptime     6m 12s 750ms      Model       423ms  70%    kl          -0.000    │
│ To go      1m 42s 697ms      Misc          0ms   0%    clipfrac     0.000    │
│                                                                              │
│ perf                          0.807   score                         0.615    │
│ episode_return                0.615   episode_length               10.775    │
│ invalids                      0.037                                          │
╰──────────────────────────────────────────────────────────────────────────────╯
╭──────────────────────────────────────────────────────────────────────────────╮
│ PufferLib 5.0 🐡               GPU:  93%   VRAM:   5.3/31G    RAM:  0.5G     │
│                                                                              │
│ Env         connect4cnn    Evaluate      178ms  29%    Losses       0.021    │
│ Params           151.7K      Model        99ms  16%    policy      -0.002    │
│ Steps             10.5M      Env          58ms   9%    value        0.005    │
│ SPS               27.0K      Copy         18ms   3%    entropy      0.008    │
│ Epoch              5140    Train         429ms  70%    old_kl      -0.000    │
│ Uptime     6m 13s 357ms      Model       429ms  70%    kl          -0.000    │
│ To go      1m 43s 238ms      Misc          0ms   0%    clipfrac     0.000    │
│                                                                              │
│ perf                          0.823   score                         0.645    │
│ episode_return                0.645   episode_length               10.639    │
│ invalids                      0.033                                          │
╰──────────────────────────────────────────────────────────────────────────────╯
╭──────────────────────────────────────────────────────────────────────────────╮
│ PufferLib 5.0🐡                GPU:  93%   VRAM:   5.3/31G    RAM:  0.5G     │
│                                                                              │
│ Env         connect4cnn    Evaluate      177ms  29%    Losses       0.025    │
│ Params           151.7K      Model        99ms  16%    policy       0.001    │
│ Steps             10.5M      Env          58ms   9%    value        0.005    │
│ SPS               27.3K      Copy         18ms   3%    entropy      0.008    │
│ Epoch              5148    Train         423ms  70%    old_kl       0.000    │
│ Uptime     6m 13s 958ms      Model       423ms  70%    kl          -0.000    │
│ To go      1m 41s 573ms      Misc          0ms   0%    clipfrac     0.000    │
│                                                                              │
│ perf                          0.829   score                         0.659    │
│ episode_return                0.659   episode_length               10.687    │
│ invalids                      0.038                                          │
╰──────────────────────────────────────────────────────────────────────────────╯
╭──────────────────────────────────────────────────────────────────────────────╮
│ PufferLib 5.0               🐡 GPU:  93%   VRAM:   5.3/31G    RAM:  0.5G     │
│                                                                              │
│ Env         connect4cnn    Evaluate      199ms  29%    Losses       0.023    │
│ Params           151.7K      Model       112ms  16%    policy      -0.001    │
│ Steps             10.6M      Env          65ms   9%    value        0.005    │
│ SPS               27.2K      Copy         21ms   3%    entropy      0.010    │
│ Epoch              5157    Train         477ms  70%    old_kl      -0.000    │
│ Uptime     6m 14s 636ms      Model       477ms  70%    kl          -0.000    │
│ To go      1m 41s 053ms      Misc          0ms   0%    clipfrac     0.000    │
│                                                                              │
│ perf                          0.803   score                         0.606    │
│ episode_return                0.606   episode_length               10.754    │
│ invalids                      0.048                                          │
╰──────────────────────────────────────────────────────────────────────────────╯
╭──────────────────────────────────────────────────────────────────────────────╮
│ PufferLib 5.0              🐡  GPU:  89%   VRAM:   5.3/31G    RAM:  0.5G     │
│                                                                              │
│ Env         connect4cnn    Evaluate      179ms  29%    Losses       0.023    │
│ Params           151.7K      Model        99ms  16%    policy       0.001    │
│ Steps             10.6M      Env          59ms   9%    value        0.004    │
│ SPS               27.2K      Copy         17ms   2%    entropy      0.009    │
│ Epoch              5165    Train         423ms  70%    old_kl       0.000    │
│ Uptime     6m 15s 238ms      Model       423ms  70%    kl          -0.000    │
│ To go      1m 40s 542ms      Misc          0ms   0%    clipfrac     0.000    │
│                                                                              │
│ perf                          0.816   score                         0.632    │
│ episode_return                0.632   episode_length               10.698    │
│ invalids                      0.042                                          │
╰──────────────────────────────────────────────────────────────────────────────╯
╭──────────────────────────────────────────────────────────────────────────────╮
│ PufferLib 5.0             🐡   GPU:  88%   VRAM:   5.3/31G    RAM:  0.5G     │
│                                                                              │
│ Env         connect4cnn    Evaluate      180ms  29%    Losses       0.023    │
│ Params           151.7K      Model        99ms  16%    policy      -0.001    │
│ Steps             10.6M      Env          59ms   9%    value        0.005    │
│ SPS               27.0K      Copy         19ms   3%    entropy      0.009    │
│ Epoch              5173    Train         426ms  70%    old_kl      -0.000    │
│ Uptime     6m 15s 844ms      Model       425ms  70%    kl          -0.000    │
│ To go      1m 40s 563ms      Misc          0ms   0%    clipfrac     0.000    │
│                                                                              │
│ perf                          0.816   score                         0.632    │
│ episode_return                0.632   episode_length               10.692    │
│ invalids                      0.041                                          │
╰──────────────────────────────────────────────────────────────────────────────╯
╭──────────────────────────────────────────────────────────────────────────────╮
│ PufferLib 5.0            🐡    GPU:  88%   VRAM:   5.3/31G    RAM:  0.5G     │
│                                                                              │
│ Env         connect4cnn    Evaluate      181ms  29%    Losses       0.024    │
│ Params           151.7K      Model        99ms  16%    policy      -0.001    │
│ Steps             10.6M      Env          59ms   9%    value        0.005    │
│ SPS               26.7K      Copy         20ms   3%    entropy      0.008    │
│ Epoch              5181    Train         432ms  70%    old_kl      -0.000    │
│ Uptime     6m 16s 458ms      Model       432ms  70%    kl          -0.000    │
│ To go      1m 41s 133ms      Misc          0ms   0%    clipfrac     0.000    │
│                                                                              │
│ perf                          0.826   score                         0.651    │
│ episode_return                0.651   episode_length               10.654    │
│ invalids                      0.043                                          │
╰──────────────────────────────────────────────────────────────────────────────╯
╭──────────────────────────────────────────────────────────────────────────────╮
│ PufferLib 5.0           🐡     GPU:  91%   VRAM:   5.3/31G    RAM:  0.5G     │
│                                                                              │
│ Env         connect4cnn    Evaluate      183ms  30%    Losses       0.025    │
│ Params           151.7K      Model        99ms  16%    policy       0.002    │
│ Steps             10.6M      Env          61ms  10%    value        0.005    │
│ SPS               27.0K      Copy         19ms   3%    entropy      0.008    │
│ Epoch              5189    Train         422ms  69%    old_kl      -0.000    │
│ Uptime     6m 17s 064ms      Model       422ms  69%    kl          -0.000    │
│ To go      1m 39s 319ms      Misc          0ms   0%    clipfrac     0.000    │
│                                                                              │
│ perf                          0.824   score                         0.649    │
│ episode_return                0.649   episode_length               10.597    │
│ invalids                      0.038                                          │
╰──────────────────────────────────────────────────────────────────────────────╯
╭──────────────────────────────────────────────────────────────────────────────╮
│ PufferLib 5.0          🐡      GPU:  91%   VRAM:   5.3/31G    RAM:  0.5G     │
│                                                                              │
│ Env         connect4cnn    Evaluate      180ms  29%    Losses       0.023    │
│ Params           151.7K      Model        99ms  16%    policy      -0.002    │
│ Steps             10.6M      Env          59ms   9%    value        0.005    │
│ SPS               27.1K      Copy         19ms   3%    entropy      0.010    │
│ Epoch              5197    Train         424ms  70%    old_kl       0.000    │
│ Uptime     6m 17s 668ms      Model       424ms  70%    kl          -0.000    │
│ To go      1m 38s 416ms      Misc          0ms   0%    clipfrac     0.000    │
│                                                                              │
│ perf                          0.797   score                         0.594    │
│ episode_return                0.594   episode_length               10.687    │
│ invalids                      0.043                                          │
╰──────────────────────────────────────────────────────────────────────────────╯
╭──────────────────────────────────────────────────────────────────────────────╮
│ PufferLib 5.0         🐡       GPU:  93%   VRAM:   5.3/31G    RAM:  0.5G     │
│                                                                              │
│ Env         connect4cnn    Evaluate      179ms  29%    Losses       0.026    │
│ Params           151.7K      Model        99ms  16%    policy       0.001    │
│ Steps             10.7M      Env          59ms   9%    value        0.005    │
│ SPS               27.2K      Copy         18ms   2%    entropy      0.009    │
│ Epoch              5205    Train         422ms  70%    old_kl      -0.000    │
│ Uptime     6m 18s 270ms      Model       422ms  70%    kl          -0.000    │
│ To go      1m 37s 356ms      Misc          0ms   0%    clipfrac     0.000    │
│                                                                              │
│ perf                          0.797   score                         0.593    │
│ episode_return                0.593   episode_length               10.741    │
│ invalids                      0.046                                          │
╰──────────────────────────────────────────────────────────────────────────────╯
╭──────────────────────────────────────────────────────────────────────────────╮
│ PufferLib 5.0        🐡        GPU:  90%   VRAM:   5.3/31G    RAM:  0.5G     │
│                                                                              │
│ Env         connect4cnn    Evaluate      178ms  29%    Losses       0.023    │
│ Params           151.7K      Model        99ms  16%    policy      -0.000    │
│ Steps             10.7M      Env          59ms   9%    value        0.005    │
│ SPS               27.3K      Copy         18ms   2%    entropy      0.009    │
│ Epoch              5213    Train         422ms  70%    old_kl      -0.000    │
│ Uptime     6m 18s 870ms      Model       422ms  70%    kl          -0.000    │
│ To go      1m 36s 660ms      Misc          0ms   0%    clipfrac     0.000    │
│                                                                              │
│ perf                          0.806   score                         0.613    │
│ episode_return                0.613   episode_length               10.700    │
│ invalids                      0.046                                          │
╰──────────────────────────────────────────────────────────────────────────────╯
╭──────────────────────────────────────────────────────────────────────────────╮
│ PufferLib 5.0       🐡         GPU:  90%   VRAM:   5.3/31G    RAM:  0.5G     │
│                                                                              │
│ Env         connect4cnn    Evaluate      180ms  29%    Losses       0.024    │
│ Params           151.7K      Model        99ms  16%    policy       0.001    │
│ Steps             10.7M      Env          59ms   9%    value        0.005    │
│ SPS               27.2K      Copy         19ms   3%    entropy      0.010    │
│ Epoch              5221    Train         422ms  70%    old_kl       0.000    │
│ Uptime     6m 19s 473ms      Model       421ms  70%    kl          -0.000    │
│ To go      1m 36s 330ms      Misc          0ms   0%    clipfrac     0.000    │
│                                                                              │
│ perf                          0.811   score                         0.622    │
│ episode_return                0.622   episode_length               10.705    │
│ invalids                      0.048                                          │
╰──────────────────────────────────────────────────────────────────────────────╯
╭──────────────────────────────────────────────────────────────────────────────╮
│ PufferLib 5.0      🐡          GPU:  86%   VRAM:   5.3/31G    RAM:  0.5G     │
│                                                                              │
│ Env         connect4cnn    Evaluate      178ms  29%    Losses       0.024    │
│ Params           151.7K      Model        99ms  16%    policy      -0.001    │
│ Steps             10.7M      Env          59ms   9%    value        0.005    │
│ SPS               27.3K      Copy         17ms   2%    entropy      0.011    │
│ Epoch              5229    Train         422ms  70%    old_kl       0.000    │
│ Uptime     6m 20s 073ms      Model       422ms  70%    kl          -0.000    │
│ To go      1m 35s 408ms      Misc          0ms   0%    clipfrac     0.000    │
│                                                                              │
│ perf                          0.815   score                         0.630    │
│ episode_return                0.630   episode_length               10.701    │
│ invalids                      0.045                                          │
╰──────────────────────────────────────────────────────────────────────────────╯
╭──────────────────────────────────────────────────────────────────────────────╮
│ PufferLib 5.0     🐡           GPU:  91%   VRAM:   5.3/31G    RAM:  0.5G     │
│                                                                              │
│ Env         connect4cnn    Evaluate      182ms  29%    Losses       0.024    │
│ Params           151.7K      Model        99ms  16%    policy       0.000    │
│ Steps             10.7M      Env          59ms   9%    value        0.005    │
│ SPS               26.8K      Copy         22ms   3%    entropy      0.009    │
│ Epoch              5237    Train         429ms  70%    old_kl      -0.000    │
│ Uptime     6m 20s 685ms      Model       428ms  70%    kl          -0.000    │
│ To go      1m 36s 568ms      Misc          0ms   0%    clipfrac     0.000    │
│                                                                              │
│ perf                          0.821   score                         0.643    │
│ episode_return                0.643   episode_length               10.677    │
│ invalids                      0.046                                          │
╰──────────────────────────────────────────────────────────────────────────────╯
╭──────────────────────────────────────────────────────────────────────────────╮
│ PufferLib 5.0    🐡            GPU:  91%   VRAM:   5.3/31G    RAM:  0.5G     │
│                                                                              │
│ Env         connect4cnn    Evaluate      181ms  29%    Losses       0.022    │
│ Params           151.7K      Model        99ms  16%    policy       0.000    │
│ Steps             10.7M      Env          59ms   9%    value        0.004    │
│ SPS               26.8K      Copy         20ms   3%    entropy      0.010    │
│ Epoch              5245    Train         428ms  70%    old_kl      -0.000    │
│ Uptime     6m 21s 296ms      Model       428ms  70%    kl          -0.000    │
│ To go      1m 35s 816ms      Misc          0ms   0%    clipfrac     0.000    │
│                                                                              │
│ perf                          0.826   score                         0.651    │
│ episode_return                0.651   episode_length               10.574    │
│ invalids                      0.041                                          │
╰──────────────────────────────────────────────────────────────────────────────╯
╭──────────────────────────────────────────────────────────────────────────────╮
│ PufferLib 5.0   🐡             GPU:  93%   VRAM:   5.3/31G    RAM:  0.5G     │
│                                                                              │
│ Env         connect4cnn    Evaluate      178ms  29%    Losses       0.025    │
│ Params           151.7K      Model        99ms  16%    policy      -0.000    │
│ Steps             10.8M      Env          59ms   9%    value        0.005    │
│ SPS               27.1K      Copy         17ms   2%    entropy      0.011    │
│ Epoch              5253    Train         423ms  70%    old_kl      -0.000    │
│ Uptime     6m 21s 899ms      Model       423ms  70%    kl          -0.000    │
│ To go      1m 34s 080ms      Misc          0ms   0%    clipfrac     0.000    │
│                                                                              │
│ perf                          0.798   score                         0.597    │
│ episode_return                0.597   episode_length               10.679    │
│ invalids                      0.049                                          │
╰──────────────────────────────────────────────────────────────────────────────╯
╭──────────────────────────────────────────────────────────────────────────────╮
│ PufferLib 5.0  🐡              GPU:  93%   VRAM:   5.3/31G    RAM:  0.5G     │
│                                                                              │
│ Env         connect4cnn    Evaluate      176ms  29%    Losses       0.025    │
│ Params           151.7K      Model        99ms  16%    policy       0.001    │
│ Steps             10.8M      Env          59ms   9%    value        0.005    │
│ SPS               27.2K      Copy         16ms   2%    entropy      0.010    │
│ Epoch              5261    Train         426ms  70%    old_kl      -0.000    │
│ Uptime     6m 22s 502ms      Model       426ms  70%    kl          -0.000    │
│ To go      1m 33s 345ms      Misc          0ms   0%    clipfrac     0.000    │
│                                                                              │
│ perf                          0.815   score                         0.631    │
│ episode_return                0.631   episode_length               10.666    │
│ invalids                      0.042                                          │
╰──────────────────────────────────────────────────────────────────────────────╯
╭──────────────────────────────────────────────────────────────────────────────╮
│ PufferLib 5.0 🐡               GPU:  93%   VRAM:   5.3/31G    RAM:  0.5G     │
│                                                                              │
│ Env         connect4cnn    Evaluate      179ms  29%    Losses       0.022    │
│ Params           151.7K      Model        99ms  16%    policy      -0.001    │
│ Steps             10.8M      Env          60ms   9%    value        0.005    │
│ SPS               27.2K      Copy         18ms   3%    entropy      0.011    │
│ Epoch              5269    Train         423ms  70%    old_kl      -0.000    │
│ Uptime     6m 23s 105ms      Model       423ms  70%    kl          -0.000    │
│ To go      1m 32s 776ms      Misc          0ms   0%    clipfrac     0.000    │
│                                                                              │
│ perf                          0.826   score                         0.652    │
│ episode_return                0.652   episode_length               10.622    │
│ invalids                      0.052                                          │
╰──────────────────────────────────────────────────────────────────────────────╯
╭──────────────────────────────────────────────────────────────────────────────╮
│ PufferLib 5.0🐡                GPU:  85%   VRAM:   5.3/31G    RAM:  0.5G     │
│                                                                              │
│ Env         connect4cnn    Evaluate      199ms  29%    Losses       0.029    │
│ Params           151.7K      Model       112ms  16%    policy       0.004    │
│ Steps             10.8M      Env          66ms   9%    value        0.005    │
│ SPS               27.4K      Copy         19ms   2%    entropy      0.013    │
│ Epoch              5278    Train         473ms  70%    old_kl      -0.000    │
│ Uptime     6m 23s 778ms      Model       473ms  70%    kl          -0.000    │
│ To go      1m 31s 351ms      Misc          0ms   0%    clipfrac     0.000    │
│                                                                              │
│ perf                          0.807   score                         0.613    │
│ episode_return                0.613   episode_length               10.706    │
│ invalids                      0.050                                          │
╰──────────────────────────────────────────────────────────────────────────────╯
╭──────────────────────────────────────────────────────────────────────────────╮
│ PufferLib 5.0               🐡 GPU:  85%   VRAM:   5.3/31G    RAM:  0.5G     │
│                                                                              │
│ Env         connect4cnn    Evaluate      199ms  29%    Losses       0.023    │
│ Params           151.7K      Model       112ms  16%    policy      -0.002    │
│ Steps             10.8M      Env          66ms   9%    value        0.005    │
│ SPS               27.4K      Copy         16ms   2%    entropy      0.011    │
│ Epoch              5287    Train         475ms  70%    old_kl       0.000    │
│ Uptime     6m 24s 452ms      Model       474ms  70%    kl          -0.000    │
│ To go      1m 30s 803ms      Misc          0ms   0%    clipfrac     0.000    │
│                                                                              │
│ perf                          0.828   score                         0.656    │
│ episode_return                0.656   episode_length               10.584    │
│ invalids                      0.045                                          │
╰──────────────────────────────────────────────────────────────────────────────╯
╭──────────────────────────────────────────────────────────────────────────────╮
│ PufferLib 5.0              🐡  GPU:  93%   VRAM:   5.3/31G    RAM:  0.5G     │
│                                                                              │
│ Env         connect4cnn    Evaluate      184ms  30%    Losses       0.023    │
│ Params           151.7K      Model        99ms  16%    policy       0.001    │
│ Steps             10.8M      Env          59ms   9%    value        0.004    │
│ SPS               27.2K      Copy         23ms   3%    entropy      0.011    │
│ Epoch              5295    Train         417ms  69%    old_kl       0.000    │
│ Uptime     6m 25s 054ms      Model       417ms  69%    kl          -0.000    │
│ To go      1m 30s 679ms      Misc          0ms   0%    clipfrac     0.000    │
│                                                                              │
│ perf                          0.828   score                         0.655    │
│ episode_return                0.655   episode_length               10.682    │
│ invalids                      0.044                                          │
╰──────────────────────────────────────────────────────────────────────────────╯
╭──────────────────────────────────────────────────────────────────────────────╮
│ PufferLib 5.0             🐡   GPU:  92%   VRAM:   5.3/31G    RAM:  0.5G     │
│                                                                              │
│ Env         connect4cnn    Evaluate      204ms  30%    Losses       0.024    │
│ Params           151.7K      Model       112ms  16%    policy      -0.001    │
│ Steps             10.9M      Env          67ms   9%    value        0.005    │
│ SPS               27.4K      Copy         22ms   3%    entropy      0.011    │
│ Epoch              5304    Train         467ms  69%    old_kl       0.000    │
│ Uptime     6m 25s 725ms      Model       467ms  69%    kl          -0.000    │
│ To go      1m 29s 244ms      Misc          0ms   0%    clipfrac     0.000    │
│                                                                              │
│ perf                          0.813   score                         0.627    │
│ episode_return                0.627   episode_length               10.626    │
│ invalids                      0.047                                          │
╰──────────────────────────────────────────────────────────────────────────────╯
╭──────────────────────────────────────────────────────────────────────────────╮
│ PufferLib 5.0            🐡    GPU:  92%   VRAM:   5.3/31G    RAM:  0.5G     │
│                                                                              │
│ Env         connect4cnn    Evaluate      181ms  30%    Losses       0.024    │
│ Params           151.7K      Model        99ms  16%    policy       0.001    │
│ Steps             10.9M      Env          59ms   9%    value        0.005    │
│ SPS               27.1K      Copy         19ms   3%    entropy      0.009    │
│ Epoch              5312    Train         423ms  69%    old_kl       0.000    │
│ Uptime     6m 26s 330ms      Model       422ms  69%    kl          -0.000    │
│ To go      1m 29s 744ms      Misc          0ms   0%    clipfrac     0.000    │
│                                                                              │
│ perf                          0.811   score                         0.622    │
│ episode_return                0.622   episode_length               10.735    │
│ invalids                      0.037                                          │
╰──────────────────────────────────────────────────────────────────────────────╯
╭──────────────────────────────────────────────────────────────────────────────╮
│ PufferLib 5.0           🐡     GPU:  86%   VRAM:   5.3/31G    RAM:  0.5G     │
│                                                                              │
│ Env         connect4cnn    Evaluate      203ms  30%    Losses       0.024    │
│ Params           151.7K      Model       112ms  16%    policy       0.000    │
│ Steps             10.9M      Env          67ms   9%    value        0.005    │
│ SPS               27.4K      Copy         21ms   3%    entropy      0.009    │
│ Epoch              5321    Train         470ms  69%    old_kl      -0.000    │
│ Uptime     6m 27s 003ms      Model       470ms  69%    kl          -0.000    │
│ To go      1m 28s 209ms      Misc          0ms   0%    clipfrac     0.000    │
│                                                                              │
│ perf                          0.828   score                         0.656    │
│ episode_return                0.656   episode_length               10.671    │
│ invalids                      0.047                                          │
╰──────────────────────────────────────────────────────────────────────────────╯
╭──────────────────────────────────────────────────────────────────────────────╮
│ PufferLib 5.0          🐡      GPU:  94%   VRAM:   5.3/31G    RAM:  0.5G     │
│                                                                              │
│ Env         connect4cnn    Evaluate      202ms  30%    Losses       0.025    │
│ Params           151.7K      Model       112ms  16%    policy      -0.000    │
│ Steps             10.9M      Env          65ms   9%    value        0.005    │
│ SPS               27.5K      Copy         22ms   3%    entropy      0.009    │
│ Epoch              5330    Train         467ms  69%    old_kl       0.000    │
│ Uptime     6m 27s 672ms      Model       467ms  69%    kl          -0.000    │
│ To go      1m 27s 028ms      Misc          0ms   0%    clipfrac     0.000    │
│                                                                              │
│ perf                          0.807   score                         0.614    │
│ episode_return                0.614   episode_length               10.675    │
│ invalids                      0.043                                          │
╰──────────────────────────────────────────────────────────────────────────────╯
╭──────────────────────────────────────────────────────────────────────────────╮
│ PufferLib 5.0         🐡       GPU:  94%   VRAM:   5.3/31G    RAM:  0.5G     │
│                                                                              │
│ Env         connect4cnn    Evaluate      180ms  30%    Losses       0.022    │
│ Params           151.7K      Model        99ms  16%    policy       0.000    │
│ Steps             10.9M      Env          59ms   9%    value        0.004    │
│ SPS               27.3K      Copy         19ms   3%    entropy      0.009    │
│ Epoch              5338    Train         420ms  69%    old_kl       0.000    │
│ Uptime     6m 28s 273ms      Model       419ms  69%    kl          -0.000    │
│ To go      1m 27s 224ms      Misc          0ms   0%    clipfrac     0.000    │
│                                                                              │
│ perf                          0.834   score                         0.669    │
│ episode_return                0.669   episode_length               10.601    │
│ invalids                      0.031                                          │
╰──────────────────────────────────────────────────────────────────────────────╯
╭──────────────────────────────────────────────────────────────────────────────╮
│ PufferLib 5.0        🐡        GPU:  92%   VRAM:   5.3/31G    RAM:  0.5G     │
│                                                                              │
│ Env         connect4cnn    Evaluate      178ms  29%    Losses       0.024    │
│ Params           151.7K      Model        99ms  16%    policy      -0.001    │
│ Steps             10.9M      Env          59ms   9%    value        0.005    │
│ SPS               27.3K      Copy         18ms   3%    entropy      0.011    │
│ Epoch              5346    Train         421ms  70%    old_kl       0.000    │
│ Uptime     6m 28s 873ms      Model       421ms  70%    kl          -0.000    │
│ To go      1m 26s 595ms      Misc          0ms   0%    clipfrac     0.000    │
│                                                                              │
│ perf                          0.819   score                         0.638    │
│ episode_return                0.638   episode_length               10.658    │
│ invalids                      0.050                                          │
╰──────────────────────────────────────────────────────────────────────────────╯
╭──────────────────────────────────────────────────────────────────────────────╮
│ PufferLib 5.0       🐡         GPU:  92%   VRAM:   5.3/31G    RAM:  0.5G     │
│                                                                              │
│ Env         connect4cnn    Evaluate      183ms  30%    Losses       0.022    │
│ Params           151.7K      Model        99ms  16%    policy      -0.000    │
│ Steps             11.0M      Env          59ms   9%    value        0.004    │
│ SPS               27.2K      Copy         22ms   3%    entropy      0.009    │
│ Epoch              5354    Train         419ms  69%    old_kl       0.000    │
│ Uptime     6m 29s 476ms      Model       419ms  69%    kl          -0.000    │
│ To go      1m 26s 418ms      Misc          0ms   0%    clipfrac     0.000    │
│                                                                              │
│ perf                          0.829   score                         0.657    │
│ episode_return                0.657   episode_length               10.578    │
│ invalids                      0.048                                          │
╰──────────────────────────────────────────────────────────────────────────────╯
╭──────────────────────────────────────────────────────────────────────────────╮
│ PufferLib 5.0      🐡          GPU:  86%   VRAM:   5.3/31G    RAM:  0.5G     │
│                                                                              │
│ Env         connect4cnn    Evaluate      178ms  29%    Losses       0.026    │
│ Params           151.7K      Model        99ms  16%    policy       0.001    │
│ Steps             11.0M      Env          60ms   9%    value        0.005    │
│ SPS               27.0K      Copy         17ms   2%    entropy      0.010    │
│ Epoch              5362    Train         427ms  70%    old_kl       0.000    │
│ Uptime     6m 30s 083ms      Model       427ms  70%    kl          -0.000    │
│ To go      1m 26s 272ms      Misc          0ms   0%    clipfrac     0.000    │
│                                                                              │
│ perf                          0.807   score                         0.613    │
│ episode_return                0.613   episode_length               10.766    │
│ invalids                      0.039                                          │
╰──────────────────────────────────────────────────────────────────────────────╯
╭──────────────────────────────────────────────────────────────────────────────╮
│ PufferLib 5.0     🐡           GPU:  90%   VRAM:   5.3/31G    RAM:  0.5G     │
│                                                                              │
│ Env         connect4cnn    Evaluate      178ms  29%    Losses       0.024    │
│ Params           151.7K      Model        99ms  16%    policy      -0.000    │
│ Steps             11.0M      Env          59ms   9%    value        0.005    │
│ SPS               27.2K      Copy         17ms   2%    entropy      0.008    │
│ Epoch              5370    Train         424ms  70%    old_kl      -0.000    │
│ Uptime     6m 30s 686ms      Model       424ms  70%    kl          -0.000    │
│ To go      1m 25s 197ms      Misc          0ms   0%    clipfrac     0.000    │
│                                                                              │
│ perf                          0.819   score                         0.638    │
│ episode_return                0.638   episode_length               10.622    │
│ invalids                      0.033                                          │
╰──────────────────────────────────────────────────────────────────────────────╯
╭──────────────────────────────────────────────────────────────────────────────╮
│ PufferLib 5.0    🐡            GPU:  90%   VRAM:   5.3/31G    RAM:  0.5G     │
│                                                                              │
│ Env         connect4cnn    Evaluate      178ms  29%    Losses       0.024    │
│ Params           151.7K      Model        99ms  16%    policy      -0.001    │
│ Steps             11.0M      Env          59ms   9%    value        0.005    │
│ SPS               27.1K      Copy         17ms   2%    entropy      0.009    │
│ Epoch              5378    Train         424ms  70%    old_kl       0.000    │
│ Uptime     6m 31s 290ms      Model       424ms  70%    kl          -0.000    │
│ To go      1m 24s 656ms      Misc          0ms   0%    clipfrac     0.000    │
│                                                                              │
│ perf                          0.812   score                         0.624    │
│ episode_return                0.624   episode_length               10.658    │
│ invalids                      0.040                                          │
╰──────────────────────────────────────────────────────────────────────────────╯
╭──────────────────────────────────────────────────────────────────────────────╮
│ PufferLib 5.0   🐡             GPU:  92%   VRAM:   5.3/31G    RAM:  0.5G     │
│                                                                              │
│ Env         connect4cnn    Evaluate      178ms  29%    Losses       0.022    │
│ Params           151.7K      Model        99ms  16%    policy      -0.001    │
│ Steps             11.0M      Env          59ms   9%    value        0.005    │
│ SPS               27.1K      Copy         17ms   2%    entropy      0.009    │
│ Epoch              5386    Train         425ms  70%    old_kl      -0.000    │
│ Uptime     6m 31s 894ms      Model       425ms  70%    kl          -0.000    │
│ To go      1m 24s 211ms      Misc          0ms   0%    clipfrac     0.000    │
│                                                                              │
│ perf                          0.808   score                         0.615    │
│ episode_return                0.615   episode_length               10.674    │
│ invalids                      0.048                                          │
╰──────────────────────────────────────────────────────────────────────────────╯
╭──────────────────────────────────────────────────────────────────────────────╮
│ PufferLib 5.0  🐡              GPU:  92%   VRAM:   5.3/31G    RAM:  0.5G     │
│                                                                              │
│ Env         connect4cnn    Evaluate      178ms  29%    Losses       0.025    │
│ Params           151.7K      Model        99ms  16%    policy       0.002    │
│ Steps             11.0M      Env          59ms   9%    value        0.005    │
│ SPS               27.3K      Copy         18ms   3%    entropy      0.008    │
│ Epoch              5394    Train         421ms  70%    old_kl       0.000    │
│ Uptime     6m 32s 495ms      Model       421ms  70%    kl          -0.000    │
│ To go      1m 23s 011ms      Misc          0ms   0%    clipfrac     0.000    │
│                                                                              │
│ perf                          0.827   score                         0.654    │
│ episode_return                0.654   episode_length               10.554    │
│ invalids                      0.040                                          │
╰──────────────────────────────────────────────────────────────────────────────╯
╭──────────────────────────────────────────────────────────────────────────────╮
│ PufferLib 5.0 🐡               GPU:  91%   VRAM:   5.3/31G    RAM:  0.5G     │
│                                                                              │
│ Env         connect4cnn    Evaluate      177ms  29%    Losses       0.023    │
│ Params           151.7K      Model        99ms  16%    policy      -0.001    │
│ Steps             11.1M      Env          59ms   9%    value        0.005    │
│ SPS               27.3K      Copy         17ms   2%    entropy      0.009    │
│ Epoch              5402    Train         423ms  70%    old_kl      -0.000    │
│ Uptime     6m 33s 095ms      Model       422ms  70%    kl          -0.000    │
│ To go      1m 22s 405ms      Misc          0ms   0%    clipfrac     0.000    │
│                                                                              │
│ perf                          0.811   score                         0.623    │
│ episode_return                0.623   episode_length               10.705    │
│ invalids                      0.038                                          │
╰──────────────────────────────────────────────────────────────────────────────╯
╭──────────────────────────────────────────────────────────────────────────────╮
│ PufferLib 5.0🐡                GPU:  87%   VRAM:   5.3/31G    RAM:  0.5G     │
│                                                                              │
│ Env         connect4cnn    Evaluate      179ms  29%    Losses       0.022    │
│ Params           151.7K      Model        99ms  16%    policy      -0.001    │
│ Steps             11.1M      Env          59ms   9%    value        0.005    │
│ SPS               27.2K      Copy         18ms   3%    entropy      0.010    │
│ Epoch              5410    Train         422ms  70%    old_kl      -0.000    │
│ Uptime     6m 33s 697ms      Model       422ms  70%    kl          -0.000    │
│ To go      1m 21s 991ms      Misc          0ms   0%    clipfrac     0.000    │
│                                                                              │
│ perf                          0.819   score                         0.638    │
│ episode_return                0.638   episode_length               10.694    │
│ invalids                      0.045                                          │
╰──────────────────────────────────────────────────────────────────────────────╯
╭──────────────────────────────────────────────────────────────────────────────╮
│ PufferLib 5.0               🐡 GPU:  87%   VRAM:   5.3/31G    RAM:  0.5G     │
│                                                                              │
│ Env         connect4cnn    Evaluate      178ms  29%    Losses       0.024    │
│ Params           151.7K      Model        99ms  16%    policy      -0.000    │
│ Steps             11.1M      Env          58ms   9%    value        0.005    │
│ SPS               27.1K      Copy         18ms   3%    entropy      0.009    │
│ Epoch              5418    Train         426ms  70%    old_kl      -0.000    │
│ Uptime     6m 34s 302ms      Model       426ms  70%    kl          -0.000    │
│ To go      1m 21s 758ms      Misc          0ms   0%    clipfrac     0.000    │
│                                                                              │
│ perf                          0.828   score                         0.655    │
│ episode_return                0.655   episode_length               10.653    │
│ invalids                      0.047                                          │
╰──────────────────────────────────────────────────────────────────────────────╯
╭──────────────────────────────────────────────────────────────────────────────╮
│ PufferLib 5.0              🐡  GPU:  92%   VRAM:   5.3/31G    RAM:  0.5G     │
│                                                                              │
│ Env         connect4cnn    Evaluate      182ms  30%    Losses       0.026    │
│ Params           151.7K      Model        99ms  16%    policy       0.002    │
│ Steps             11.1M      Env          59ms   9%    value        0.005    │
│ SPS               27.2K      Copy         22ms   3%    entropy      0.009    │
│ Epoch              5426    Train         419ms  69%    old_kl      -0.000    │
│ Uptime     6m 34s 903ms      Model       419ms  69%    kl          -0.000    │
│ To go      1m 20s 784ms      Misc          0ms   0%    clipfrac     0.000    │
│                                                                              │
│ perf                          0.814   score                         0.628    │
│ episode_return                0.628   episode_length               10.643    │
│ invalids                      0.032                                          │
╰──────────────────────────────────────────────────────────────────────────────╯
╭──────────────────────────────────────────────────────────────────────────────╮
│ PufferLib 5.0             🐡   GPU:  92%   VRAM:   5.3/31G    RAM:  0.5G     │
│                                                                              │
│ Env         connect4cnn    Evaluate      177ms  29%    Losses       0.022    │
│ Params           151.7K      Model        99ms  16%    policy       0.000    │
│ Steps             11.1M      Env          58ms   9%    value        0.004    │
│ SPS               26.9K      Copy         17ms   2%    entropy      0.009    │
│ Epoch              5434    Train         432ms  70%    old_kl      -0.000    │
│ Uptime     6m 35s 513ms      Model       432ms  70%    kl          -0.000    │
│ To go      1m 21s 299ms      Misc          0ms   0%    clipfrac     0.000    │
│                                                                              │
│ perf                          0.819   score                         0.638    │
│ episode_return                0.638   episode_length               10.728    │
│ invalids                      0.041                                          │
╰──────────────────────────────────────────────────────────────────────────────╯
╭──────────────────────────────────────────────────────────────────────────────╮
│ PufferLib 5.0            🐡    GPU:  93%   VRAM:   5.3/31G    RAM:  0.5G     │
│                                                                              │
│ Env         connect4cnn    Evaluate      178ms  29%    Losses       0.024    │
│ Params           151.7K      Model        99ms  16%    policy      -0.001    │
│ Steps             11.1M      Env          59ms   9%    value        0.005    │
│ SPS               27.2K      Copy         18ms   2%    entropy      0.009    │
│ Epoch              5442    Train         424ms  70%    old_kl      -0.000    │
│ Uptime     6m 36s 116ms      Model       424ms  70%    kl          -0.000    │
│ To go      1m 19s 755ms      Misc          0ms   0%    clipfrac     0.000    │
│                                                                              │
│ perf                          0.811   score                         0.623    │
│ episode_return                0.623   episode_length               10.702    │
│ invalids                      0.044                                          │
╰──────────────────────────────────────────────────────────────────────────────╯
╭──────────────────────────────────────────────────────────────────────────────╮
│ PufferLib 5.0           🐡     GPU:  89%   VRAM:   5.3/31G    RAM:  0.5G     │
│                                                                              │
│ Env         connect4cnn    Evaluate      178ms  29%    Losses       0.023    │
│ Params           151.7K      Model        99ms  16%    policy      -0.001    │
│ Steps             11.2M      Env          60ms   9%    value        0.005    │
│ SPS               27.3K      Copy         18ms   2%    entropy      0.007    │
│ Epoch              5450    Train         421ms  70%    old_kl       0.000    │
│ Uptime     6m 36s 717ms      Model       421ms  70%    kl          -0.000    │
│ To go      1m 18s 784ms      Misc          0ms   0%    clipfrac     0.000    │
│                                                                              │
│ perf                          0.819   score                         0.638    │
│ episode_return                0.638   episode_length               10.646    │
│ invalids                      0.039                                          │
╰──────────────────────────────────────────────────────────────────────────────╯
╭──────────────────────────────────────────────────────────────────────────────╮
│ PufferLib 5.0          🐡      GPU:  89%   VRAM:   5.3/31G    RAM:  0.5G     │
│                                                                              │
│ Env         connect4cnn    Evaluate      178ms  29%    Losses       0.023    │
│ Params           151.7K      Model        99ms  16%    policy      -0.000    │
│ Steps             11.2M      Env          59ms   9%    value        0.005    │
│ SPS               27.2K      Copy         18ms   3%    entropy      0.009    │
│ Epoch              5458    Train         423ms  70%    old_kl       0.000    │
│ Uptime     6m 37s 318ms      Model       422ms  70%    kl          -0.000    │
│ To go      1m 18s 336ms      Misc          0ms   0%    clipfrac     0.000    │
│                                                                              │
│ perf                          0.825   score                         0.649    │
│ episode_return                0.649   episode_length               10.669    │
│ invalids                      0.046                                          │
╰──────────────────────────────────────────────────────────────────────────────╯
╭──────────────────────────────────────────────────────────────────────────────╮
│ PufferLib 5.0         🐡       GPU:  89%   VRAM:   5.3/31G    RAM:  0.5G     │
│                                                                              │
│ Env         connect4cnn    Evaluate      203ms  30%    Losses       0.027    │
│ Params           151.7K      Model       112ms  16%    policy       0.000    │
│ Steps             11.2M      Env          66ms   9%    value        0.005    │
│ SPS               27.5K      Copy         21ms   3%    entropy      0.009    │
│ Epoch              5467    Train         466ms  69%    old_kl       0.000    │
│ Uptime     6m 37s 988ms      Model       466ms  69%    kl          -0.000    │
│ To go      1m 16s 906ms      Misc          0ms   0%    clipfrac     0.000    │
│                                                                              │
│ perf                          0.814   score                         0.629    │
│ episode_return                0.629   episode_length               10.606    │
│ invalids                      0.048                                          │
╰──────────────────────────────────────────────────────────────────────────────╯
╭──────────────────────────────────────────────────────────────────────────────╮
│ PufferLib 5.0        🐡        GPU:  89%   VRAM:   5.3/31G    RAM:  0.5G     │
│                                                                              │
│ Env         connect4cnn    Evaluate      202ms  30%    Losses       0.022    │
│ Params           151.7K      Model       112ms  16%    policy      -0.000    │
│ Steps             11.2M      Env          67ms   9%    value        0.004    │
│ SPS               27.3K      Copy         21ms   3%    entropy      0.009    │
│ Epoch              5476    Train         471ms  69%    old_kl       0.000    │
│ Uptime     6m 38s 662ms      Model       471ms  69%    kl          -0.000    │
│ To go      1m 16s 693ms      Misc          0ms   0%    clipfrac     0.000    │
│                                                                              │
│ perf                          0.816   score                         0.631    │
│ episode_return                0.631   episode_length               10.629    │
│ invalids                      0.039                                          │
╰──────────────────────────────────────────────────────────────────────────────╯
╭──────────────────────────────────────────────────────────────────────────────╮
│ PufferLib 5.0       🐡         GPU:  92%   VRAM:   5.3/31G    RAM:  0.5G     │
│                                                                              │
│ Env         connect4cnn    Evaluate      206ms  30%    Losses       0.027    │
│ Params           151.7K      Model       112ms  16%    policy       0.002    │
│ Steps             11.2M      Env          67ms   9%    value        0.005    │
│ SPS               27.4K      Copy         24ms   3%    entropy      0.009    │
│ Epoch              5485    Train         465ms  69%    old_kl      -0.000    │
│ Uptime     6m 39s 334ms      Model       464ms  69%    kl          -0.000    │
│ To go      1m 15s 793ms      Misc          0ms   0%    clipfrac     0.000    │
│                                                                              │
│ perf                          0.803   score                         0.607    │
│ episode_return                0.607   episode_length               10.726    │
│ invalids                      0.044                                          │
╰──────────────────────────────────────────────────────────────────────────────╯
╭──────────────────────────────────────────────────────────────────────────────╮
│ PufferLib 5.0      🐡          GPU:  89%   VRAM:   5.2/31G    RAM:  0.5G     │
│                                                                              │
│ Env         connect4cnn    Evaluate      186ms  30%    Losses       0.021    │
│ Params           151.7K      Model        99ms  16%    policy      -0.002    │
│ Steps             11.2M      Env          59ms   9%    value        0.005    │
│ SPS               27.1K      Copy         22ms   3%    entropy      0.008    │
│ Epoch              5493    Train         417ms  69%    old_kl      -0.000    │
│ Uptime     6m 39s 938ms      Model       417ms  69%    kl          -0.000    │
│ To go      1m 16s 003ms      Misc          0ms   0%    clipfrac     0.000    │
│                                                                              │
│ perf                          0.832   score                         0.665    │
│ episode_return                0.665   episode_length               10.578    │
│ invalids                      0.034                                          │
╰──────────────────────────────────────────────────────────────────────────────╯
╭──────────────────────────────────────────────────────────────────────────────╮
│ PufferLib 5.0     🐡           GPU:  89%   VRAM:   5.2/31G    RAM:  0.5G     │
│                                                                              │
│ Env         connect4cnn    Evaluate      203ms  30%    Losses       0.024    │
│ Params           151.7K      Model       112ms  16%    policy       0.001    │
│ Steps             11.3M      Env          66ms   9%    value        0.005    │
│ SPS               27.6K      Copy         22ms   3%    entropy      0.010    │
│ Epoch              5502    Train         463ms  69%    old_kl      -0.000    │
│ Uptime     6m 40s 605ms      Model       463ms  69%    kl          -0.000    │
│ To go      1m 13s 973ms      Misc          0ms   0%    clipfrac     0.000    │
│                                                                              │
│ perf                          0.825   score                         0.650    │
│ episode_return                0.650   episode_length               10.584    │
│ invalids                      0.037                                          │
╰──────────────────────────────────────────────────────────────────────────────╯
╭──────────────────────────────────────────────────────────────────────────────╮
│ PufferLib 5.0    🐡            GPU:  92%   VRAM:   5.2/31G    RAM:  0.5G     │
│                                                                              │
│ Env         connect4cnn    Evaluate      204ms  30%    Losses       0.021    │
│ Params           151.7K      Model       112ms  16%    policy      -0.001    │
│ Steps             11.3M      Env          66ms   9%    value        0.004    │
│ SPS               27.4K      Copy         22ms   3%    entropy      0.008    │
│ Epoch              5511    Train         468ms  69%    old_kl       0.000    │
│ Uptime     6m 41s 278ms      Model       468ms  69%    kl          -0.000    │
│ To go      1m 13s 893ms      Misc          0ms   0%    clipfrac     0.000    │
│                                                                              │
│ perf                          0.825   score                         0.649    │
│ episode_return                0.649   episode_length               10.540    │
│ invalids                      0.046                                          │
╰──────────────────────────────────────────────────────────────────────────────╯
╭──────────────────────────────────────────────────────────────────────────────╮
│ PufferLib 5.0   🐡             GPU:  93%   VRAM:   5.2/31G    RAM:  0.5G     │
│                                                                              │
│ Env         connect4cnn    Evaluate      180ms  29%    Losses       0.025    │
│ Params           151.7K      Model        99ms  16%    policy       0.001    │
│ Steps             11.3M      Env          58ms   9%    value        0.005    │
│ SPS               27.2K      Copy         20ms   3%    entropy      0.008    │
│ Epoch              5519    Train         422ms  70%    old_kl      -0.000    │
│ Uptime     6m 41s 880ms      Model       421ms  69%    kl          -0.000    │
│ To go      1m 13s 892ms      Misc          0ms   0%    clipfrac     0.000    │
│                                                                              │
│ perf                          0.815   score                         0.629    │
│ episode_return                0.629   episode_length               10.621    │
│ invalids                      0.039                                          │
╰──────────────────────────────────────────────────────────────────────────────╯
╭──────────────────────────────────────────────────────────────────────────────╮
│ PufferLib 5.0  🐡              GPU:  93%   VRAM:   5.2/31G    RAM:  0.5G     │
│                                                                              │
│ Env         connect4cnn    Evaluate      180ms  29%    Losses       0.022    │
│ Params           151.7K      Model        99ms  16%    policy      -0.000    │
│ Steps             11.3M      Env          59ms   9%    value        0.004    │
│ SPS               27.3K      Copy         18ms   2%    entropy      0.008    │
│ Epoch              5527    Train         420ms  70%    old_kl       0.000    │
│ Uptime     6m 42s 480ms      Model       419ms  69%    kl          -0.000    │
│ To go      1m 12s 975ms      Misc          0ms   0%    clipfrac     0.000    │
│                                                                              │
│ perf                          0.819   score                         0.638    │
│ episode_return                0.638   episode_length               10.623    │
│ invalids                      0.037                                          │
╰──────────────────────────────────────────────────────────────────────────────╯
╭──────────────────────────────────────────────────────────────────────────────╮
│ PufferLib 5.0 🐡               GPU:  87%   VRAM:   5.2/31G    RAM:  0.5G     │
│                                                                              │
│ Env         connect4cnn    Evaluate      179ms  29%    Losses       0.021    │
│ Params           151.7K      Model        99ms  16%    policy      -0.002    │
│ Steps             11.3M      Env          59ms   9%    value        0.004    │
│ SPS               27.2K      Copy         17ms   2%    entropy      0.008    │
│ Epoch              5535    Train         422ms  70%    old_kl       0.000    │
│ Uptime     6m 43s 082ms      Model       422ms  70%    kl          -0.000    │
│ To go      1m 12s 587ms      Misc          0ms   0%    clipfrac     0.000    │
│                                                                              │
│ perf                          0.827   score                         0.654    │
│ episode_return                0.654   episode_length               10.620    │
│ invalids                      0.049                                          │
╰──────────────────────────────────────────────────────────────────────────────╯
╭──────────────────────────────────────────────────────────────────────────────╮
│ PufferLib 5.0🐡                GPU:  90%   VRAM:   5.2/31G    RAM:  0.5G     │
│                                                                              │
│ Env         connect4cnn    Evaluate      179ms  29%    Losses       0.026    │
│ Params           151.7K      Model        99ms  16%    policy       0.000    │
│ Steps             11.4M      Env          60ms   9%    value        0.005    │
│ SPS               27.0K      Copy         17ms   2%    entropy      0.008    │
│ Epoch              5543    Train         426ms  70%    old_kl      -0.000    │
│ Uptime     6m 43s 688ms      Model       426ms  70%    kl          -0.000    │
│ To go      1m 12s 468ms      Misc          0ms   0%    clipfrac     0.000    │
│                                                                              │
│ perf                          0.824   score                         0.648    │
│ episode_return                0.648   episode_length               10.696    │
│ invalids                      0.046                                          │
╰──────────────────────────────────────────────────────────────────────────────╯
╭──────────────────────────────────────────────────────────────────────────────╮
│ PufferLib 5.0               🐡 GPU:  90%   VRAM:   5.2/31G    RAM:  0.5G     │
│                                                                              │
│ Env         connect4cnn    Evaluate      185ms  30%    Losses       0.024    │
│ Params           151.7K      Model        99ms  16%    policy      -0.000    │
│ Steps             11.4M      Env          60ms  10%    value        0.005    │
│ SPS               27.2K      Copy         23ms   3%    entropy      0.009    │
│ Epoch              5551    Train         416ms  69%    old_kl       0.000    │
│ Uptime     6m 44s 289ms      Model       416ms  69%    kl          -0.000    │
│ To go      1m 11s 374ms      Misc          0ms   0%    clipfrac     0.000    │
│                                                                              │
│ perf                          0.808   score                         0.615    │
│ episode_return                0.615   episode_length               10.785    │
│ invalids                      0.042                                          │
╰──────────────────────────────────────────────────────────────────────────────╯
╭──────────────────────────────────────────────────────────────────────────────╮
│ PufferLib 5.0              🐡  GPU:  93%   VRAM:   5.2/31G    RAM:  0.5G     │
│                                                                              │
│ Env         connect4cnn    Evaluate      178ms  29%    Losses       0.024    │
│ Params           151.7K      Model        99ms  16%    policy       0.000    │
│ Steps             11.4M      Env          59ms   9%    value        0.005    │
│ SPS               26.9K      Copy         16ms   2%    entropy      0.009    │
│ Epoch              5559    Train         430ms  70%    old_kl      -0.000    │
│ Uptime     6m 44s 898ms      Model       430ms  70%    kl          -0.000    │
│ To go      1m 11s 562ms      Misc          0ms   0%    clipfrac     0.000    │
│                                                                              │
│ perf                          0.809   score                         0.619    │
│ episode_return                0.619   episode_length               10.723    │
│ invalids                      0.052                                          │
╰──────────────────────────────────────────────────────────────────────────────╯
╭──────────────────────────────────────────────────────────────────────────────╮
│ PufferLib 5.0             🐡   GPU:  93%   VRAM:   5.2/31G    RAM:  0.5G     │
│                                                                              │
│ Env         connect4cnn    Evaluate      198ms  29%    Losses       0.025    │
│ Params           151.7K      Model       112ms  16%    policy       0.000    │
│ Steps             11.4M      Env          66ms   9%    value        0.005    │
│ SPS               27.5K      Copy         19ms   2%    entropy      0.009    │
│ Epoch              5568    Train         472ms  70%    old_kl       0.000    │
│ Uptime     6m 45s 569ms      Model       471ms  70%    kl          -0.000    │
│ To go      1m 09s 461ms      Misc          0ms   0%    clipfrac     0.000    │
│                                                                              │
│ perf                          0.808   score                         0.616    │
│ episode_return                0.616   episode_length               10.762    │
│ invalids                      0.039                                          │
╰──────────────────────────────────────────────────────────────────────────────╯
╭──────────────────────────────────────────────────────────────────────────────╮
│ PufferLib 5.0            🐡    GPU:  91%   VRAM:   5.2/31G    RAM:  0.5G     │
│                                                                              │
│ Env         connect4cnn    Evaluate      200ms  29%    Losses       0.024    │
│ Params           151.7K      Model       112ms  16%    policy       0.001    │
│ Steps             11.4M      Env          67ms   9%    value        0.005    │
│ SPS               27.4K      Copy         19ms   2%    entropy      0.009    │
│ Epoch              5577    Train         473ms  70%    old_kl      -0.000    │
│ Uptime     6m 46s 242ms      Model       472ms  70%    kl          -0.000    │
│ To go      1m 09s 057ms      Misc          0ms   0%    clipfrac     0.000    │
│                                                                              │
│ perf                          0.821   score                         0.642    │
│ episode_return                0.642   episode_length               10.630    │
│ invalids                      0.040                                          │
╰──────────────────────────────────────────────────────────────────────────────╯
╭──────────────────────────────────────────────────────────────────────────────╮
│ PufferLib 5.0           🐡     GPU:  89%   VRAM:   5.2/31G    RAM:  0.5G     │
│                                                                              │
│ Env         connect4cnn    Evaluate      201ms  29%    Losses       0.022    │
│ Params           151.7K      Model       112ms  16%    policy      -0.001    │
│ Steps             11.4M      Env          66ms   9%    value        0.005    │
│ SPS               27.4K      Copy         21ms   3%    entropy      0.007    │
│ Epoch              5586    Train         470ms  70%    old_kl      -0.000    │
│ Uptime     6m 46s 914ms      Model       470ms  69%    kl          -0.000    │
│ To go      1m 08s 280ms      Misc          0ms   0%    clipfrac     0.000    │
│                                                                              │
│ perf                          0.826   score                         0.652    │
│ episode_return                0.652   episode_length               10.614    │
│ invalids                      0.031                                          │
╰──────────────────────────────────────────────────────────────────────────────╯
╭──────────────────────────────────────────────────────────────────────────────╮
│ PufferLib 5.0          🐡      GPU:  89%   VRAM:   5.2/31G    RAM:  0.5G     │
│                                                                              │
│ Env         connect4cnn    Evaluate      179ms  29%    Losses       0.023    │
│ Params           151.7K      Model        99ms  16%    policy       0.001    │
│ Steps             11.5M      Env          58ms   9%    value        0.004    │
│ SPS               27.2K      Copy         19ms   3%    entropy      0.009    │
│ Epoch              5594    Train         422ms  70%    old_kl       0.000    │
│ Uptime     6m 47s 516ms      Model       422ms  70%    kl          -0.000    │
│ To go      1m 08s 100ms      Misc          0ms   0%    clipfrac     0.000    │
│                                                                              │
│ perf                          0.824   score                         0.647    │
│ episode_return                0.647   episode_length               10.661    │
│ invalids                      0.048                                          │
╰──────────────────────────────────────────────────────────────────────────────╯
╭──────────────────────────────────────────────────────────────────────────────╮
│ PufferLib 5.0         🐡       GPU:  93%   VRAM:   5.2/31G    RAM:  0.5G     │
│                                                                              │
│ Env         connect4cnn    Evaluate      176ms  29%    Losses       0.022    │
│ Params           151.7K      Model        99ms  16%    policy      -0.000    │
│ Steps             11.5M      Env          58ms   9%    value        0.005    │
│ SPS               27.3K      Copy         15ms   2%    entropy      0.008    │
│ Epoch              5602    Train         424ms  70%    old_kl       0.000    │
│ Uptime     6m 48s 117ms      Model       424ms  70%    kl          -0.000    │
│ To go      1m 07s 451ms      Misc          0ms   0%    clipfrac     0.000    │
│                                                                              │
│ perf                          0.816   score                         0.632    │
│ episode_return                0.632   episode_length               10.641    │
│ invalids                      0.049                                          │
╰──────────────────────────────────────────────────────────────────────────────╯
╭──────────────────────────────────────────────────────────────────────────────╮
│ PufferLib 5.0        🐡        GPU:  91%   VRAM:   5.2/31G    RAM:  0.5G     │
│                                                                              │
│ Env         connect4cnn    Evaluate      199ms  29%    Losses       0.021    │
│ Params           151.7K      Model       112ms  16%    policy      -0.001    │
│ Steps             11.5M      Env          65ms   9%    value        0.004    │
│ SPS               27.4K      Copy         17ms   2%    entropy      0.007    │
│ Epoch              5611    Train         474ms  70%    old_kl      -0.000    │
│ Uptime     6m 48s 790ms      Model       474ms  70%    kl          -0.000    │
│ To go      1m 06s 510ms      Misc          0ms   0%    clipfrac     0.000    │
│                                                                              │
│ perf                          0.814   score                         0.628    │
│ episode_return                0.628   episode_length               10.694    │
│ invalids                      0.045                                          │
╰──────────────────────────────────────────────────────────────────────────────╯
╭──────────────────────────────────────────────────────────────────────────────╮
│ PufferLib 5.0       🐡         GPU:  91%   VRAM:   5.2/31G    RAM:  0.5G     │
│                                                                              │
│ Env         connect4cnn    Evaluate      202ms  30%    Losses       0.026    │
│ Params           151.7K      Model       112ms  16%    policy       0.002    │
│ Steps             11.5M      Env          66ms   9%    value        0.005    │
│ SPS               27.3K      Copy         21ms   3%    entropy      0.007    │
│ Epoch              5620    Train         471ms  69%    old_kl       0.000    │
│ Uptime     6m 49s 464ms      Model       471ms  69%    kl          -0.000    │
│ To go      1m 05s 912ms      Misc          0ms   0%    clipfrac     0.000    │
│                                                                              │
│ perf                          0.819   score                         0.638    │
│ episode_return                0.638   episode_length               10.649    │
│ invalids                      0.039                                          │
╰──────────────────────────────────────────────────────────────────────────────╯
╭──────────────────────────────────────────────────────────────────────────────╮
│ PufferLib 5.0      🐡          GPU:  90%   VRAM:   5.2/31G    RAM:  0.5G     │
│                                                                              │
│ Env         connect4cnn    Evaluate      204ms  30%    Losses       0.023    │
│ Params           151.7K      Model       112ms  16%    policy      -0.000    │
│ Steps             11.5M      Env          66ms   9%    value        0.005    │
│ SPS               27.5K      Copy         22ms   3%    entropy      0.007    │
│ Epoch              5629    Train         465ms  69%    old_kl      -0.000    │
│ Uptime     6m 50s 133ms      Model       465ms  69%    kl          -0.000    │
│ To go      1m 04s 776ms      Misc          0ms   0%    clipfrac     0.000    │
│                                                                              │
│ perf                          0.820   score                         0.640    │
│ episode_return                0.640   episode_length               10.634    │
│ invalids                      0.033                                          │
╰──────────────────────────────────────────────────────────────────────────────╯
╭──────────────────────────────────────────────────────────────────────────────╮
│ PufferLib 5.0     🐡           GPU:  94%   VRAM:   5.2/31G    RAM:  0.5G     │
│                                                                              │
│ Env         connect4cnn    Evaluate      203ms  30%    Losses       0.026    │
│ Params           151.7K      Model       112ms  16%    policy       0.002    │
│ Steps             11.5M      Env          67ms  10%    value        0.005    │
│ SPS               27.4K      Copy         22ms   3%    entropy      0.008    │
│ Epoch              5638    Train         468ms  69%    old_kl      -0.000    │
│ Uptime     6m 50s 805ms      Model       468ms  69%    kl          -0.000    │
│ To go      1m 04s 354ms      Misc          0ms   0%    clipfrac     0.000    │
│                                                                              │
│ perf                          0.828   score                         0.656    │
│ episode_return                0.656   episode_length               10.644    │
│ invalids                      0.040                                          │
╰──────────────────────────────────────────────────────────────────────────────╯
╭──────────────────────────────────────────────────────────────────────────────╮
│ PufferLib 5.0    🐡            GPU:  94%   VRAM:   5.2/31G    RAM:  0.5G     │
│                                                                              │
│ Env         connect4cnn    Evaluate      199ms  29%    Losses       0.021    │
│ Params           151.7K      Model       112ms  16%    policy      -0.002    │
│ Steps             11.6M      Env          65ms   9%    value        0.004    │
│ SPS               27.6K      Copy         20ms   2%    entropy      0.009    │
│ Epoch              5647    Train         468ms  70%    old_kl      -0.000    │
│ Uptime     6m 51s 473ms      Model       468ms  70%    kl          -0.000    │
│ To go      1m 03s 338ms      Misc          0ms   0%    clipfrac     0.000    │
│                                                                              │
│ perf                          0.824   score                         0.648    │
│ episode_return                0.648   episode_length               10.676    │
│ invalids                      0.041                                          │
╰──────────────────────────────────────────────────────────────────────────────╯
╭──────────────────────────────────────────────────────────────────────────────╮
│ PufferLib 5.0   🐡             GPU:  86%   VRAM:   5.2/31G    RAM:  0.5G     │
│                                                                              │
│ Env         connect4cnn    Evaluate      199ms  29%    Losses       0.023    │
│ Params           151.7K      Model       112ms  16%    policy       0.000    │
│ Steps             11.6M      Env          66ms   9%    value        0.005    │
│ SPS               27.2K      Copy         20ms   2%    entropy      0.009    │
│ Epoch              5656    Train         477ms  70%    old_kl      -0.000    │
│ Uptime     6m 52s 150ms      Model       477ms  70%    kl          -0.000    │
│ To go      1m 03s 464ms      Misc          0ms   0%    clipfrac     0.000    │
│                                                                              │
│ perf                          0.812   score                         0.625    │
│ episode_return                0.625   episode_length               10.694    │
│ invalids                      0.046                                          │
╰──────────────────────────────────────────────────────────────────────────────╯
╭──────────────────────────────────────────────────────────────────────────────╮
│ PufferLib 5.0  🐡              GPU:  93%   VRAM:   5.2/31G    RAM:  0.5G     │
│                                                                              │
│ Env         connect4cnn    Evaluate      177ms  29%    Losses       0.026    │
│ Params           151.7K      Model        99ms  16%    policy       0.002    │
│ Steps             11.6M      Env          58ms   9%    value        0.005    │
│ SPS               27.3K      Copy         18ms   2%    entropy      0.009    │
│ Epoch              5664    Train         423ms  70%    old_kl      -0.000    │
│ Uptime     6m 52s 751ms      Model       423ms  70%    kl          -0.000    │
│ To go      1m 02s 806ms      Misc          0ms   0%    clipfrac     0.000    │
│                                                                              │
│ perf                          0.823   score                         0.645    │
│ episode_return                0.645   episode_length               10.688    │
│ invalids                      0.042                                          │
╰──────────────────────────────────────────────────────────────────────────────╯
╭──────────────────────────────────────────────────────────────────────────────╮
│ PufferLib 5.0 🐡               GPU:  93%   VRAM:   5.2/31G    RAM:  0.5G     │
│                                                                              │
│ Env         connect4cnn    Evaluate      198ms  29%    Losses       0.024    │
│ Params           151.7K      Model       112ms  16%    policy       0.001    │
│ Steps             11.6M      Env          66ms   9%    value        0.005    │
│ SPS               27.5K      Copy         19ms   2%    entropy      0.008    │
│ Epoch              5673    Train         472ms  70%    old_kl      -0.000    │
│ Uptime     6m 53s 422ms      Model       472ms  70%    kl          -0.000    │
│ To go      1m 01s 651ms      Misc          0ms   0%    clipfrac     0.000    │
│                                                                              │
│ perf                          0.830   score                         0.660    │
│ episode_return                0.660   episode_length               10.622    │
│ invalids                      0.033                                          │
╰──────────────────────────────────────────────────────────────────────────────╯
╭──────────────────────────────────────────────────────────────────────────────╮
│ PufferLib 5.0🐡                GPU:  93%   VRAM:   5.2/31G    RAM:  0.5G     │
│                                                                              │
│ Env         connect4cnn    Evaluate      176ms  29%    Losses       0.023    │
│ Params           151.7K      Model        99ms  16%    policy      -0.001    │
│ Steps             11.6M      Env          58ms   9%    value        0.005    │
│ SPS               27.3K      Copy         16ms   2%    entropy      0.008    │
│ Epoch              5681    Train         423ms  70%    old_kl      -0.000    │
│ Uptime     6m 54s 023ms      Model       423ms  70%    kl          -0.000    │
│ To go      1m 01s 464ms      Misc          0ms   0%    clipfrac     0.000    │
│                                                                              │
│ perf                          0.813   score                         0.626    │
│ episode_return                0.626   episode_length               10.655    │
│ invalids                      0.050                                          │
╰──────────────────────────────────────────────────────────────────────────────╯
╭──────────────────────────────────────────────────────────────────────────────╮
│ PufferLib 5.0               🐡 GPU:  87%   VRAM:   5.2/31G    RAM:  0.5G     │
│                                                                              │
│ Env         connect4cnn    Evaluate      199ms  29%    Losses       0.023    │
│ Params           151.7K      Model       112ms  16%    policy      -0.000    │
│ Steps             11.7M      Env          66ms   9%    value        0.005    │
│ SPS               27.3K      Copy         18ms   2%    entropy      0.008    │
│ Epoch              5690    Train         476ms  70%    old_kl       0.000    │
│ Uptime     6m 54s 698ms      Model       476ms  70%    kl          -0.000    │
│ To go      1m 00s 764ms      Misc          0ms   0%    clipfrac     0.000    │
│                                                                              │
│ perf                          0.818   score                         0.636    │
│ episode_return                0.636   episode_length               10.666    │
│ invalids                      0.042                                          │
╰──────────────────────────────────────────────────────────────────────────────╯
╭──────────────────────────────────────────────────────────────────────────────╮
│ PufferLib 5.0              🐡  GPU:  87%   VRAM:   5.2/31G    RAM:  0.5G     │
│                                                                              │
│ Env         connect4cnn    Evaluate      198ms  29%    Losses       0.024    │
│ Params           151.7K      Model       112ms  16%    policy      -0.001    │
│ Steps             11.7M      Env          66ms   9%    value        0.005    │
│ SPS               27.4K      Copy         18ms   2%    entropy      0.009    │
│ Epoch              5699    Train         475ms  70%    old_kl      -0.000    │
│ Uptime     6m 55s 372ms      Model       474ms  70%    kl          -0.000    │
│ To go         59s 978ms      Misc          0ms   0%    clipfrac     0.000    │
│                                                                              │
│ perf                          0.809   score                         0.618    │
│ episode_return                0.618   episode_length               10.660    │
│ invalids                      0.043                                          │
╰──────────────────────────────────────────────────────────────────────────────╯
╭──────────────────────────────────────────────────────────────────────────────╮
│ PufferLib 5.0             🐡   GPU:  93%   VRAM:   5.2/31G    RAM:  0.5G     │
│                                                                              │
│ Env         connect4cnn    Evaluate      183ms  30%    Losses       0.025    │
│ Params           151.7K      Model        99ms  16%    policy       0.003    │
│ Steps             11.7M      Env          60ms   9%    value        0.004    │
│ SPS               27.1K      Copy         22ms   3%    entropy      0.009    │
│ Epoch              5707    Train         420ms  69%    old_kl       0.000    │
│ Uptime     6m 55s 975ms      Model       420ms  69%    kl          -0.000    │
│ To go         59s 844ms      Misc          0ms   0%    clipfrac     0.000    │
│                                                                              │
│ perf                          0.826   score                         0.653    │
│ episode_return                0.653   episode_length               10.661    │
│ invalids                      0.047                                          │
╰──────────────────────────────────────────────────────────────────────────────╯
╭──────────────────────────────────────────────────────────────────────────────╮
│ PufferLib 5.0            🐡    GPU:  93%   VRAM:   5.2/31G    RAM:  0.5G     │
│                                                                              │
│ Env         connect4cnn    Evaluate      182ms  30%    Losses       0.021    │
│ Params           151.7K      Model        99ms  16%    policy      -0.002    │
│ Steps             11.7M      Env          59ms   9%    value        0.005    │
│ SPS               27.3K      Copy         20ms   3%    entropy      0.007    │
│ Epoch              5715    Train         418ms  69%    old_kl      -0.000    │
│ Uptime     6m 56s 576ms      Model       418ms  69%    kl          -0.000    │
│ To go         58s 948ms      Misc          0ms   0%    clipfrac     0.000    │
│                                                                              │
│ perf                          0.815   score                         0.630    │
│ episode_return                0.630   episode_length               10.662    │
│ invalids                      0.034                                          │
╰──────────────────────────────────────────────────────────────────────────────╯
╭──────────────────────────────────────────────────────────────────────────────╮
│ PufferLib 5.0           🐡     GPU:  93%   VRAM:   5.2/31G    RAM:  0.5G     │
│                                                                              │
│ Env         connect4cnn    Evaluate      185ms  30%    Losses       0.023    │
│ Params           151.7K      Model        99ms  16%    policy       0.000    │
│ Steps             11.7M      Env          59ms   9%    value        0.005    │
│ SPS               27.2K      Copy         23ms   3%    entropy      0.007    │
│ Epoch              5723    Train         416ms  69%    old_kl       0.000    │
│ Uptime     6m 57s 178ms      Model       416ms  69%    kl          -0.000    │
│ To go         58s 426ms      Misc          0ms   0%    clipfrac     0.000    │
│                                                                              │
│ perf                          0.826   score                         0.653    │
│ episode_return                0.653   episode_length               10.544    │
│ invalids                      0.031                                          │
╰──────────────────────────────────────────────────────────────────────────────╯
╭──────────────────────────────────────────────────────────────────────────────╮
│ PufferLib 5.0          🐡      GPU:  86%   VRAM:   5.2/31G    RAM:  0.5G     │
│                                                                              │
│ Env         connect4cnn    Evaluate      183ms  30%    Losses       0.024    │
│ Params           151.7K      Model        99ms  16%    policy       0.001    │
│ Steps             11.7M      Env          60ms  10%    value        0.005    │
│ SPS               27.3K      Copy         21ms   3%    entropy      0.009    │
│ Epoch              5731    Train         417ms  69%    old_kl       0.000    │
│ Uptime     6m 57s 778ms      Model       417ms  69%    kl          -0.000    │
│ To go         57s 743ms      Misc          0ms   0%    clipfrac     0.000    │
│                                                                              │
│ perf                          0.820   score                         0.640    │
│ episode_return                0.640   episode_length               10.715    │
│ invalids                      0.042                                          │
╰──────────────────────────────────────────────────────────────────────────────╯
╭──────────────────────────────────────────────────────────────────────────────╮
│ PufferLib 5.0         🐡       GPU:  86%   VRAM:   5.2/31G    RAM:  0.5G     │
│                                                                              │
│ Env         connect4cnn    Evaluate      186ms  30%    Losses       0.023    │
│ Params           151.7K      Model        99ms  16%    policy       0.000    │
│ Steps             11.8M      Env          60ms  10%    value        0.005    │
│ SPS               27.2K      Copy         24ms   4%    entropy      0.009    │
│ Epoch              5739    Train         415ms  69%    old_kl       0.000    │
│ Uptime     6m 58s 380ms      Model       415ms  69%    kl          -0.000    │
│ To go         57s 206ms      Misc          0ms   0%    clipfrac     0.000    │
│                                                                              │
│ perf                          0.821   score                         0.642    │
│ episode_return                0.642   episode_length               10.666    │
│ invalids                      0.037                                          │
╰──────────────────────────────────────────────────────────────────────────────╯
╭──────────────────────────────────────────────────────────────────────────────╮
│ PufferLib 5.0        🐡        GPU:  93%   VRAM:   5.2/31G    RAM:  0.5G     │
│                                                                              │
│ Env         connect4cnn    Evaluate      203ms  30%    Losses       0.024    │
│ Params           151.7K      Model       112ms  16%    policy       0.001    │
│ Steps             11.8M      Env          66ms   9%    value        0.005    │
│ SPS               27.4K      Copy         23ms   3%    entropy      0.010    │
│ Epoch              5748    Train         469ms  69%    old_kl      -0.000    │
│ Uptime     6m 59s 053ms      Model       469ms  69%    kl          -0.000    │
│ To go         56s 255ms      Misc          0ms   0%    clipfrac     0.000    │
│                                                                              │
│ perf                          0.808   score                         0.617    │
│ episode_return                0.617   episode_length               10.688    │
│ invalids                      0.046                                          │
╰──────────────────────────────────────────────────────────────────────────────╯
╭──────────────────────────────────────────────────────────────────────────────╮
│ PufferLib 5.0       🐡         GPU:  93%   VRAM:   5.2/31G    RAM:  0.5G     │
│                                                                              │
│ Env         connect4cnn    Evaluate      201ms  29%    Losses       0.022    │
│ Params           151.7K      Model       112ms  16%    policy      -0.000    │
│ Steps             11.8M      Env          66ms   9%    value        0.005    │
│ SPS               27.3K      Copy         21ms   3%    entropy      0.009    │
│ Epoch              5757    Train         472ms  70%    old_kl      -0.000    │
│ Uptime     6m 59s 729ms      Model       472ms  70%    kl          -0.000    │
│ To go         55s 773ms      Misc          0ms   0%    clipfrac     0.000    │
│                                                                              │
│ perf                          0.833   score                         0.666    │
│ episode_return                0.666   episode_length               10.612    │
│ invalids                      0.035                                          │
╰──────────────────────────────────────────────────────────────────────────────╯
╭──────────────────────────────────────────────────────────────────────────────╮
│ PufferLib 5.0      🐡          GPU:  93%   VRAM:   5.2/31G    RAM:  0.5G     │
│                                                                              │
│ Env         connect4cnn    Evaluate      175ms  29%    Losses       0.020    │
│ Params           151.7K      Model        99ms  16%    policy      -0.001    │
│ Steps             11.8M      Env          58ms   9%    value        0.004    │
│ SPS               27.1K      Copy         15ms   2%    entropy      0.008    │
│ Epoch              5765    Train         428ms  70%    old_kl      -0.000    │
│ Uptime     7m 00s 332ms      Model       428ms  70%    kl          -0.000    │
│ To go         55s 444ms      Misc          0ms   0%    clipfrac     0.000    │
│                                                                              │
│ perf                          0.821   score                         0.642    │
│ episode_return                0.642   episode_length               10.679    │
│ invalids                      0.042                                          │
╰──────────────────────────────────────────────────────────────────────────────╯
╭──────────────────────────────────────────────────────────────────────────────╮
│ PufferLib 5.0     🐡           GPU:  87%   VRAM:   5.2/31G    RAM:  0.5G     │
│                                                                              │
│ Env         connect4cnn    Evaluate      199ms  29%    Losses       0.025    │
│ Params           151.7K      Model       112ms  16%    policy       0.001    │
│ Steps             11.8M      Env          66ms   9%    value        0.005    │
│ SPS               27.4K      Copy         19ms   2%    entropy      0.008    │
│ Epoch              5774    Train         474ms  70%    old_kl       0.000    │
│ Uptime     7m 01s 005ms      Model       474ms  70%    kl          -0.000    │
│ To go         54s 291ms      Misc          0ms   0%    clipfrac     0.000    │
│                                                                              │
│ perf                          0.806   score                         0.612    │
│ episode_return                0.612   episode_length               10.760    │
│ invalids                      0.034                                          │
╰──────────────────────────────────────────────────────────────────────────────╯
╭──────────────────────────────────────────────────────────────────────────────╮
│ PufferLib 5.0    🐡            GPU:  87%   VRAM:   5.2/31G    RAM:  0.5G     │
│                                                                              │
│ Env         connect4cnn    Evaluate      178ms  29%    Losses       0.022    │
│ Params           151.7K      Model        99ms  16%    policy      -0.000    │
│ Steps             11.8M      Env          58ms   9%    value        0.004    │
│ SPS               27.1K      Copy         18ms   3%    entropy      0.009    │
│ Epoch              5782    Train         426ms  70%    old_kl      -0.000    │
│ Uptime     7m 01s 610ms      Model       426ms  70%    kl          -0.000    │
│ To go         54s 280ms      Misc          0ms   0%    clipfrac     0.000    │
│                                                                              │
│ perf                          0.819   score                         0.639    │
│ episode_return                0.639   episode_length               10.723    │
│ invalids                      0.041                                          │
╰──────────────────────────────────────────────────────────────────────────────╯
╭──────────────────────────────────────────────────────────────────────────────╮
│ PufferLib 5.0   🐡             GPU:  90%   VRAM:   5.2/31G    RAM:  0.5G     │
│                                                                              │
│ Env         connect4cnn    Evaluate      179ms  29%    Losses       0.025    │
│ Params           151.7K      Model        99ms  16%    policy       0.001    │
│ Steps             11.9M      Env          59ms   9%    value        0.005    │
│ SPS               26.9K      Copy         18ms   2%    entropy      0.009    │
│ Epoch              5790    Train         430ms  70%    old_kl      -0.000    │
│ Uptime     7m 02s 219ms      Model       430ms  70%    kl          -0.000    │
│ To go         54s 072ms      Misc          0ms   0%    clipfrac     0.000    │
│                                                                              │
│ perf                          0.818   score                         0.635    │
│ episode_return                0.635   episode_length               10.600    │
│ invalids                      0.036                                          │
╰──────────────────────────────────────────────────────────────────────────────╯
╭──────────────────────────────────────────────────────────────────────────────╮
│ PufferLib 5.0  🐡              GPU:  93%   VRAM:   5.2/31G    RAM:  0.5G     │
│                                                                              │
│ Env         connect4cnn    Evaluate      177ms  29%    Losses       0.026    │
│ Params           151.7K      Model        99ms  16%    policy       0.000    │
│ Steps             11.9M      Env          59ms   9%    value        0.005    │
│ SPS               27.1K      Copy         17ms   2%    entropy      0.009    │
│ Epoch              5798    Train         427ms  70%    old_kl       0.000    │
│ Uptime     7m 02s 824ms      Model       427ms  70%    kl          -0.000    │
│ To go         53s 108ms      Misc          0ms   0%    clipfrac     0.000    │
│                                                                              │
│ perf                          0.817   score                         0.633    │
│ episode_return                0.633   episode_length               10.695    │
│ invalids                      0.044                                          │
╰──────────────────────────────────────────────────────────────────────────────╯
╭──────────────────────────────────────────────────────────────────────────────╮
│ PufferLib 5.0 🐡               GPU:  93%   VRAM:   5.2/31G    RAM:  0.5G     │
│                                                                              │
│ Env         connect4cnn    Evaluate      181ms  29%    Losses       0.023    │
│ Params           151.7K      Model        99ms  16%    policy      -0.001    │
│ Steps             11.9M      Env          61ms  10%    value        0.005    │
│ SPS               27.1K      Copy         19ms   3%    entropy      0.009    │
│ Epoch              5806    Train         423ms  70%    old_kl       0.000    │
│ Uptime     7m 03s 429ms      Model       423ms  70%    kl          -0.000    │
│ To go         52s 464ms      Misc          0ms   0%    clipfrac     0.000    │
│                                                                              │
│ perf                          0.819   score                         0.637    │
│ episode_return                0.637   episode_length               10.681    │
│ invalids                      0.034                                          │
╰──────────────────────────────────────────────────────────────────────────────╯
╭──────────────────────────────────────────────────────────────────────────────╮
│ PufferLib 5.0🐡                GPU:  93%   VRAM:   5.2/31G    RAM:  0.5G     │
│                                                                              │
│ Env         connect4cnn    Evaluate      179ms  29%    Losses       0.022    │
│ Params           151.7K      Model        99ms  16%    policy      -0.000    │
│ Steps             11.9M      Env          58ms   9%    value        0.005    │
│ SPS               27.1K      Copy         18ms   3%    entropy      0.008    │
│ Epoch              5814    Train         424ms  70%    old_kl      -0.000    │
│ Uptime     7m 04s 033ms      Model       424ms  70%    kl          -0.000    │
│ To go         51s 788ms      Misc          0ms   0%    clipfrac     0.000    │
│                                                                              │
│ perf                          0.823   score                         0.647    │
│ episode_return                0.647   episode_length               10.650    │
│ invalids                      0.040                                          │
╰──────────────────────────────────────────────────────────────────────────────╯
╭──────────────────────────────────────────────────────────────────────────────╮
│ PufferLib 5.0               🐡 GPU:  93%   VRAM:   5.2/31G    RAM:  0.5G     │
│                                                                              │
│ Env         connect4cnn    Evaluate      178ms  29%    Losses       0.027    │
│ Params           151.7K      Model        99ms  16%    policy       0.003    │
│ Steps             11.9M      Env          59ms   9%    value        0.005    │
│ SPS               27.1K      Copy         17ms   2%    entropy      0.008    │
│ Epoch              5822    Train         425ms  70%    old_kl      -0.000    │
│ Uptime     7m 04s 637ms      Model       425ms  70%    kl          -0.000    │
│ To go         51s 168ms      Misc          0ms   0%    clipfrac     0.000    │
│                                                                              │
│ perf                          0.815   score                         0.630    │
│ episode_return                0.630   episode_length               10.634    │
│ invalids                      0.042                                          │
╰──────────────────────────────────────────────────────────────────────────────╯
╭──────────────────────────────────────────────────────────────────────────────╮
│ PufferLib 5.0              🐡  GPU:  89%   VRAM:   5.2/31G    RAM:  0.5G     │
│                                                                              │
│ Env         connect4cnn    Evaluate      179ms  29%    Losses       0.020    │
│ Params           151.7K      Model        99ms  16%    policy      -0.002    │
│ Steps             11.9M      Env          60ms   9%    value        0.004    │
│ SPS               26.9K      Copy         18ms   2%    entropy      0.007    │
│ Epoch              5830    Train         429ms  70%    old_kl      -0.000    │
│ Uptime     7m 05s 245ms      Model       429ms  70%    kl          -0.000    │
│ To go         50s 939ms      Misc          0ms   0%    clipfrac     0.000    │
│                                                                              │
│ perf                          0.827   score                         0.654    │
│ episode_return                0.654   episode_length               10.666    │
│ invalids                      0.040                                          │
╰──────────────────────────────────────────────────────────────────────────────╯
╭──────────────────────────────────────────────────────────────────────────────╮
│ PufferLib 5.0             🐡   GPU:  87%   VRAM:   5.2/31G    RAM:  0.5G     │
│                                                                              │
│ Env         connect4cnn    Evaluate      178ms  29%    Losses       0.026    │
│ Params           151.7K      Model        99ms  16%    policy       0.002    │
│ Steps             12.0M      Env          59ms   9%    value        0.005    │
│ SPS               27.0K      Copy         17ms   2%    entropy      0.008    │
│ Epoch              5838    Train         429ms  70%    old_kl      -0.000    │
│ Uptime     7m 05s 853ms      Model       429ms  70%    kl          -0.000    │
│ To go         50s 299ms      Misc          0ms   0%    clipfrac     0.000    │
│                                                                              │
│ perf                          0.806   score                         0.613    │
│ episode_return                0.613   episode_length               10.601    │
│ invalids                      0.034                                          │
╰──────────────────────────────────────────────────────────────────────────────╯
╭──────────────────────────────────────────────────────────────────────────────╮
│ PufferLib 5.0            🐡    GPU:  87%   VRAM:   5.2/31G    RAM:  0.5G     │
│                                                                              │
│ Env         connect4cnn    Evaluate      180ms  29%    Losses       0.023    │
│ Params           151.7K      Model        99ms  16%    policy      -0.000    │
│ Steps             12.0M      Env          58ms   9%    value        0.005    │
│ SPS               27.1K      Copy         21ms   3%    entropy      0.007    │
│ Epoch              5846    Train         423ms  70%    old_kl       0.000    │
│ Uptime     7m 06s 456ms      Model       423ms  70%    kl          -0.000    │
│ To go         49s 348ms      Misc          0ms   0%    clipfrac     0.000    │
│                                                                              │
│ perf                          0.830   score                         0.660    │
│ episode_return                0.660   episode_length               10.629    │
│ invalids                      0.044                                          │
╰──────────────────────────────────────────────────────────────────────────────╯
╭──────────────────────────────────────────────────────────────────────────────╮
│ PufferLib 5.0           🐡     GPU:  91%   VRAM:   5.2/31G    RAM:  0.5G     │
│                                                                              │
│ Env         connect4cnn    Evaluate      182ms  29%    Losses       0.023    │
│ Params           151.7K      Model        99ms  16%    policy      -0.000    │
│ Steps             12.0M      Env          59ms   9%    value        0.005    │
│ SPS               27.0K      Copy         20ms   3%    entropy      0.008    │
│ Epoch              5854    Train         425ms  70%    old_kl       0.000    │
│ Uptime     7m 07s 063ms      Model       425ms  70%    kl          -0.000    │
│ To go         49s 014ms      Misc          0ms   0%    clipfrac     0.000    │
│                                                                              │
│ perf                          0.808   score                         0.617    │
│ episode_return                0.617   episode_length               10.787    │
│ invalids                      0.047                                          │
╰──────────────────────────────────────────────────────────────────────────────╯
╭──────────────────────────────────────────────────────────────────────────────╮
│ PufferLib 5.0          🐡      GPU:  91%   VRAM:   5.2/31G    RAM:  0.5G     │
│                                                                              │
│ Env         connect4cnn    Evaluate      181ms  29%    Losses       0.024    │
│ Params           151.7K      Model        99ms  16%    policy       0.001    │
│ Steps             12.0M      Env          60ms   9%    value        0.005    │
│ SPS               27.0K      Copy         20ms   3%    entropy      0.009    │
│ Epoch              5862    Train         426ms  70%    old_kl      -0.000    │
│ Uptime     7m 07s 671ms      Model       426ms  70%    kl          -0.000    │
│ To go         48s 448ms      Misc          0ms   0%    clipfrac     0.000    │
│                                                                              │
│ perf                          0.797   score                         0.595    │
│ episode_return                0.595   episode_length               10.759    │
│ invalids                      0.050                                          │
╰──────────────────────────────────────────────────────────────────────────────╯
╭──────────────────────────────────────────────────────────────────────────────╮
│ PufferLib 5.0         🐡       GPU:  93%   VRAM:   5.2/31G    RAM:  0.5G     │
│                                                                              │
│ Env         connect4cnn    Evaluate      180ms  29%    Losses       0.023    │
│ Params           151.7K      Model        99ms  16%    policy      -0.001    │
│ Steps             12.0M      Env          60ms   9%    value        0.005    │
│ SPS               27.0K      Copy         18ms   2%    entropy      0.009    │
│ Epoch              5870    Train         426ms  70%    old_kl      -0.000    │
│ Uptime     7m 08s 277ms      Model       426ms  70%    kl          -0.000    │
│ To go         47s 737ms      Misc          0ms   0%    clipfrac     0.000    │
│                                                                              │
│ perf                          0.827   score                         0.653    │
│ episode_return                0.653   episode_length               10.641    │
│ invalids                      0.051                                          │
╰──────────────────────────────────────────────────────────────────────────────╯
╭──────────────────────────────────────────────────────────────────────────────╮
│ PufferLib 5.0        🐡        GPU:  94%   VRAM:   5.2/31G    RAM:  0.5G     │
│                                                                              │
│ Env         connect4cnn    Evaluate      183ms  30%    Losses       0.025    │
│ Params           151.7K      Model        99ms  16%    policy       0.000    │
│ Steps             12.0M      Env          60ms   9%    value        0.005    │
│ SPS               27.2K      Copy         21ms   3%    entropy      0.009    │
│ Epoch              5878    Train         420ms  69%    old_kl       0.000    │
│ Uptime     7m 08s 880ms      Model       419ms  69%    kl          -0.000    │
│ To go         46s 884ms      Misc          0ms   0%    clipfrac     0.000    │
│                                                                              │
│ perf                          0.821   score                         0.641    │
│ episode_return                0.641   episode_length               10.579    │
│ invalids                      0.036                                          │
╰──────────────────────────────────────────────────────────────────────────────╯
╭──────────────────────────────────────────────────────────────────────────────╮
│ PufferLib 5.0       🐡         GPU:  94%   VRAM:   5.2/31G    RAM:  0.5G     │
│                                                                              │
│ Env         connect4cnn    Evaluate      181ms  30%    Losses       0.027    │
│ Params           151.7K      Model        99ms  16%    policy       0.003    │
│ Steps             12.1M      Env          59ms   9%    value        0.005    │
│ SPS               27.2K      Copy         20ms   3%    entropy      0.010    │
│ Epoch              5886    Train         420ms  69%    old_kl      -0.000    │
│ Uptime     7m 09s 482ms      Model       420ms  69%    kl          -0.000    │
│ To go         46s 179ms      Misc          0ms   0%    clipfrac     0.000    │
│                                                                              │
│ perf                          0.801   score                         0.602    │
│ episode_return                0.602   episode_length               10.693    │
│ invalids                      0.035                                          │
╰──────────────────────────────────────────────────────────────────────────────╯
╭──────────────────────────────────────────────────────────────────────────────╮
│ PufferLib 5.0      🐡          GPU:  87%   VRAM:   5.2/31G    RAM:  0.5G     │
│                                                                              │
│ Env         connect4cnn    Evaluate      181ms  30%    Losses       0.022    │
│ Params           151.7K      Model        99ms  16%    policy      -0.002    │
│ Steps             12.1M      Env          59ms   9%    value        0.005    │
│ SPS               27.2K      Copy         20ms   3%    entropy      0.009    │
│ Epoch              5894    Train         421ms  69%    old_kl      -0.000    │
│ Uptime     7m 10s 085ms      Model       421ms  69%    kl          -0.000    │
│ To go         45s 707ms      Misc          0ms   0%    clipfrac     0.000    │
│                                                                              │
│ perf                          0.808   score                         0.616    │
│ episode_return                0.616   episode_length               10.662    │
│ invalids                      0.036                                          │
╰──────────────────────────────────────────────────────────────────────────────╯
╭──────────────────────────────────────────────────────────────────────────────╮
│ PufferLib 5.0     🐡           GPU:  90%   VRAM:   5.2/31G    RAM:  0.5G     │
│                                                                              │
│ Env         connect4cnn    Evaluate      178ms  29%    Losses       0.025    │
│ Params           151.7K      Model        99ms  16%    policy       0.001    │
│ Steps             12.1M      Env          59ms   9%    value        0.005    │
│ SPS               27.3K      Copy         19ms   3%    entropy      0.010    │
│ Epoch              5902    Train         421ms  70%    old_kl      -0.000    │
│ Uptime     7m 10s 685ms      Model       421ms  70%    kl          -0.000    │
│ To go         44s 868ms      Misc          0ms   0%    clipfrac     0.000    │
│                                                                              │
│ perf                          0.817   score                         0.634    │
│ episode_return                0.634   episode_length               10.724    │
│ invalids                      0.036                                          │
╰──────────────────────────────────────────────────────────────────────────────╯
╭──────────────────────────────────────────────────────────────────────────────╮
│ PufferLib 5.0    🐡            GPU:  90%   VRAM:   5.2/31G    RAM:  0.5G     │
│                                                                              │
│ Env         connect4cnn    Evaluate      175ms  29%    Losses       0.023    │
│ Params           151.7K      Model        99ms  16%    policy      -0.000    │
│ Steps             12.1M      Env          58ms   9%    value        0.005    │
│ SPS               27.3K      Copy         15ms   2%    entropy      0.011    │
│ Epoch              5910    Train         425ms  70%    old_kl       0.000    │
│ Uptime     7m 11s 286ms      Model       425ms  70%    kl          -0.000    │
│ To go         44s 318ms      Misc          0ms   0%    clipfrac     0.000    │
│                                                                              │
│ perf                          0.812   score                         0.624    │
│ episode_return                0.624   episode_length               10.726    │
│ invalids                      0.045                                          │
╰──────────────────────────────────────────────────────────────────────────────╯
╭──────────────────────────────────────────────────────────────────────────────╮
│ PufferLib 5.0   🐡             GPU:  93%   VRAM:   5.2/31G    RAM:  0.5G     │
│                                                                              │
│ Env         connect4cnn    Evaluate      179ms  29%    Losses       0.026    │
│ Params           151.7K      Model        99ms  16%    policy       0.001    │
│ Steps             12.1M      Env          60ms   9%    value        0.005    │
│ SPS               27.0K      Copy         19ms   3%    entropy      0.012    │
│ Epoch              5918    Train         425ms  70%    old_kl       0.000    │
│ Uptime     7m 11s 893ms      Model       425ms  70%    kl          -0.000    │
│ To go         44s 119ms      Misc          0ms   0%    clipfrac     0.000    │
│                                                                              │
│ perf                          0.799   score                         0.597    │
│ episode_return                0.597   episode_length               10.766    │
│ invalids                      0.058                                          │
╰──────────────────────────────────────────────────────────────────────────────╯
╭──────────────────────────────────────────────────────────────────────────────╮
│ PufferLib 5.0  🐡              GPU:  93%   VRAM:   5.2/31G    RAM:  0.5G     │
│                                                                              │
│ Env         connect4cnn    Evaluate      180ms  29%    Losses       0.023    │
│ Params           151.7K      Model        99ms  16%    policy      -0.002    │
│ Steps             12.1M      Env          60ms   9%    value        0.005    │
│ SPS               26.9K      Copy         19ms   3%    entropy      0.010    │
│ Epoch              5926    Train         429ms  70%    old_kl      -0.000    │
│ Uptime     7m 12s 503ms      Model       429ms  70%    kl          -0.000    │
│ To go         43s 750ms      Misc          0ms   0%    clipfrac     0.000    │
│                                                                              │
│ perf                          0.816   score                         0.633    │
│ episode_return                0.633   episode_length               10.670    │
│ invalids                      0.046                                          │
╰──────────────────────────────────────────────────────────────────────────────╯
╭──────────────────────────────────────────────────────────────────────────────╮
│ PufferLib 5.0 🐡               GPU:  93%   VRAM:   5.2/31G    RAM:  0.5G     │
│                                                                              │
│ Env         connect4cnn    Evaluate      181ms  29%    Losses       0.025    │
│ Params           151.7K      Model        99ms  16%    policy       0.001    │
│ Steps             12.2M      Env          60ms   9%    value        0.005    │
│ SPS               26.9K      Copy         19ms   3%    entropy      0.010    │
│ Epoch              5934    Train         426ms  70%    old_kl       0.000    │
│ Uptime     7m 13s 111ms      Model       426ms  70%    kl          -0.000    │
│ To go         43s 042ms      Misc          0ms   0%    clipfrac     0.000    │
│                                                                              │
│ perf                          0.809   score                         0.617    │
│ episode_return                0.617   episode_length               10.740    │
│ invalids                      0.041                                          │
╰──────────────────────────────────────────────────────────────────────────────╯
╭──────────────────────────────────────────────────────────────────────────────╮
│ PufferLib 5.0🐡                GPU:  90%   VRAM:   5.2/31G    RAM:  0.5G     │
│                                                                              │
│ Env         connect4cnn    Evaluate      181ms  30%    Losses       0.022    │
│ Params           151.7K      Model        99ms  16%    policy      -0.001    │
│ Steps             12.2M      Env          60ms   9%    value        0.005    │
│ SPS               27.2K      Copy         20ms   3%    entropy      0.009    │
│ Epoch              5942    Train         421ms  69%    old_kl       0.000    │
│ Uptime     7m 13s 714ms      Model       421ms  69%    kl          -0.000    │
│ To go         42s 078ms      Misc          0ms   0%    clipfrac     0.000    │
│                                                                              │
│ perf                          0.818   score                         0.636    │
│ episode_return                0.636   episode_length               10.653    │
│ invalids                      0.048                                          │
╰──────────────────────────────────────────────────────────────────────────────╯
╭──────────────────────────────────────────────────────────────────────────────╮
│ PufferLib 5.0               🐡 GPU:  90%   VRAM:   5.2/31G    RAM:  0.5G     │
│                                                                              │
│ Env         connect4cnn    Evaluate      185ms  30%    Losses       0.026    │
│ Params           151.7K      Model        99ms  16%    policy       0.001    │
│ Steps             12.2M      Env          63ms  10%    value        0.005    │
│ SPS               26.9K      Copy         20ms   3%    entropy      0.009    │
│ Epoch              5950    Train         423ms  69%    old_kl       0.000    │
│ Uptime     7m 14s 324ms      Model       423ms  69%    kl          -0.000    │
│ To go         41s 928ms      Misc          0ms   0%    clipfrac     0.000    │
│                                                                              │
│ perf                          0.813   score                         0.626    │
│ episode_return                0.626   episode_length               10.618    │
│ invalids                      0.047                                          │
╰──────────────────────────────────────────────────────────────────────────────╯
╭──────────────────────────────────────────────────────────────────────────────╮
│ PufferLib 5.0              🐡  GPU:  86%   VRAM:   5.2/31G    RAM:  0.5G     │
│                                                                              │
│ Env         connect4cnn    Evaluate      183ms  30%    Losses       0.024    │
│ Params           151.7K      Model        99ms  16%    policy      -0.000    │
│ Steps             12.2M      Env          60ms   9%    value        0.005    │
│ SPS               27.0K      Copy         21ms   3%    entropy      0.008    │
│ Epoch              5958    Train         422ms  69%    old_kl      -0.000    │
│ Uptime     7m 14s 930ms      Model       422ms  69%    kl          -0.000    │
│ To go         41s 076ms      Misc          0ms   0%    clipfrac     0.000    │
│                                                                              │
│ perf                          0.831   score                         0.661    │
│ episode_return                0.661   episode_length               10.576    │
│ invalids                      0.041                                          │
╰──────────────────────────────────────────────────────────────────────────────╯
╭──────────────────────────────────────────────────────────────────────────────╮
│ PufferLib 5.0             🐡   GPU:  86%   VRAM:   5.2/31G    RAM:  0.5G     │
│                                                                              │
│ Env         connect4cnn    Evaluate      182ms  30%    Losses       0.023    │
│ Params           151.7K      Model        99ms  16%    policy       0.000    │
│ Steps             12.2M      Env          59ms   9%    value        0.005    │
│ SPS               27.0K      Copy         21ms   3%    entropy      0.010    │
│ Epoch              5966    Train         422ms  69%    old_kl       0.000    │
│ Uptime     7m 15s 536ms      Model       422ms  69%    kl          -0.000    │
│ To go         40s 455ms      Misc          0ms   0%    clipfrac     0.000    │
│                                                                              │
│ perf                          0.809   score                         0.617    │
│ episode_return                0.617   episode_length               10.729    │
│ invalids                      0.047                                          │
╰──────────────────────────────────────────────────────────────────────────────╯
╭──────────────────────────────────────────────────────────────────────────────╮
│ PufferLib 5.0            🐡    GPU:  91%   VRAM:   5.2/31G    RAM:  0.5G     │
│                                                                              │
│ Env         connect4cnn    Evaluate      180ms  29%    Losses       0.022    │
│ Params           151.7K      Model        99ms  16%    policy      -0.001    │
│ Steps             12.2M      Env          59ms   9%    value        0.004    │
│ SPS               27.2K      Copy         20ms   3%    entropy      0.008    │
│ Epoch              5974    Train         422ms  70%    old_kl      -0.000    │
│ Uptime     7m 16s 138ms      Model       421ms  70%    kl          -0.000    │
│ To go         39s 558ms      Misc          0ms   0%    clipfrac     0.000    │
│                                                                              │
│ perf                          0.833   score                         0.667    │
│ episode_return                0.667   episode_length               10.527    │
│ invalids                      0.044                                          │
╰──────────────────────────────────────────────────────────────────────────────╯
╭──────────────────────────────────────────────────────────────────────────────╮
│ PufferLib 5.0           🐡     GPU:  93%   VRAM:   5.2/31G    RAM:  0.5G     │
│                                                                              │
│ Env         connect4cnn    Evaluate      183ms  30%    Losses       0.024    │
│ Params           151.7K      Model        99ms  16%    policy       0.002    │
│ Steps             12.3M      Env          59ms   9%    value        0.005    │
│ SPS               27.1K      Copy         23ms   3%    entropy      0.008    │
│ Epoch              5982    Train         421ms  69%    old_kl      -0.000    │
│ Uptime     7m 16s 743ms      Model       421ms  69%    kl          -0.000    │
│ To go         39s 177ms      Misc          0ms   0%    clipfrac     0.000    │
│                                                                              │
│ perf                          0.828   score                         0.656    │
│ episode_return                0.656   episode_length               10.673    │
│ invalids                      0.036                                          │
╰──────────────────────────────────────────────────────────────────────────────╯
╭──────────────────────────────────────────────────────────────────────────────╮
│ PufferLib 5.0          🐡      GPU:  93%   VRAM:   5.2/31G    RAM:  0.5G     │
│                                                                              │
│ Env         connect4cnn    Evaluate      183ms  30%    Losses       0.022    │
│ Params           151.7K      Model        99ms  16%    policy      -0.000    │
│ Steps             12.3M      Env          59ms   9%    value        0.005    │
│ SPS               26.7K      Copy         22ms   3%    entropy      0.007    │
│ Epoch              5990    Train         421ms  69%    old_kl       0.000    │
│ Uptime     7m 17s 356ms      Model       421ms  69%    kl          -0.000    │
│ To go         39s 075ms      Misc          0ms   0%    clipfrac     0.000    │
│                                                                              │
│ perf                          0.820   score                         0.639    │
│ episode_return                0.639   episode_length               10.618    │
│ invalids                      0.036                                          │
╰──────────────────────────────────────────────────────────────────────────────╯
╭──────────────────────────────────────────────────────────────────────────────╮
│ PufferLib 5.0         🐡       GPU:  92%   VRAM:   5.2/31G    RAM:  0.5G     │
│                                                                              │
│ Env         connect4cnn    Evaluate      181ms  29%    Losses       0.023    │
│ Params           151.7K      Model        99ms  16%    policy      -0.002    │
│ Steps             12.3M      Env          59ms   9%    value        0.005    │
│ SPS               27.1K      Copy         21ms   3%    entropy      0.008    │
│ Epoch              5998    Train         424ms  70%    old_kl      -0.000    │
│ Uptime     7m 17s 962ms      Model       424ms  70%    kl          -0.000    │
│ To go         38s 006ms      Misc          0ms   0%    clipfrac     0.000    │
│                                                                              │
│ perf                          0.808   score                         0.616    │
│ episode_return                0.616   episode_length               10.688    │
│ invalids                      0.041                                          │
╰──────────────────────────────────────────────────────────────────────────────╯
╭──────────────────────────────────────────────────────────────────────────────╮
│ PufferLib 5.0        🐡        GPU:  92%   VRAM:   5.2/31G    RAM:  0.5G     │
│                                                                              │
│ Env         connect4cnn    Evaluate      182ms  30%    Losses       0.023    │
│ Params           151.7K      Model        99ms  16%    policy       0.001    │
│ Steps             12.3M      Env          58ms   9%    value        0.005    │
│ SPS               27.2K      Copy         22ms   3%    entropy      0.007    │
│ Epoch              6006    Train         420ms  69%    old_kl      -0.000    │
│ Uptime     7m 18s 564ms      Model       419ms  69%    kl          -0.000    │
│ To go         37s 187ms      Misc          0ms   0%    clipfrac     0.000    │
│                                                                              │
│ perf                          0.827   score                         0.655    │
│ episode_return                0.655   episode_length               10.568    │
│ invalids                      0.035                                          │
╰──────────────────────────────────────────────────────────────────────────────╯
╭──────────────────────────────────────────────────────────────────────────────╮
│ PufferLib 5.0       🐡         GPU:  90%   VRAM:   5.2/31G    RAM:  0.5G     │
│                                                                              │
│ Env         connect4cnn    Evaluate      182ms  30%    Losses       0.026    │
│ Params           151.7K      Model        99ms  16%    policy       0.001    │
│ Steps             12.3M      Env          59ms   9%    value        0.005    │
│ SPS               27.3K      Copy         21ms   3%    entropy      0.008    │
│ Epoch              6014    Train         418ms  69%    old_kl      -0.000    │
│ Uptime     7m 19s 164ms      Model       418ms  69%    kl          -0.000    │
│ To go         36s 478ms      Misc          0ms   0%    clipfrac     0.000    │
│                                                                              │
│ perf                          0.807   score                         0.614    │
│ episode_return                0.614   episode_length               10.725    │
│ invalids                      0.045                                          │
╰──────────────────────────────────────────────────────────────────────────────╯
╭──────────────────────────────────────────────────────────────────────────────╮
│ PufferLib 5.0      🐡          GPU:  90%   VRAM:   5.2/31G    RAM:  0.5G     │
│                                                                              │
│ Env         connect4cnn    Evaluate      181ms  30%    Losses       0.022    │
│ Params           151.7K      Model        99ms  16%    policy      -0.001    │
│ Steps             12.3M      Env          60ms  10%    value        0.005    │
│ SPS               27.3K      Copy         20ms   3%    entropy      0.006    │
│ Epoch              6022    Train         419ms  69%    old_kl       0.000    │
│ Uptime     7m 19s 765ms      Model       419ms  69%    kl          -0.000    │
│ To go         35s 898ms      Misc          0ms   0%    clipfrac     0.000    │
│                                                                              │
│ perf                          0.827   score                         0.654    │
│ episode_return                0.654   episode_length               10.618    │
│ invalids                      0.035                                          │
╰──────────────────────────────────────────────────────────────────────────────╯
╭──────────────────────────────────────────────────────────────────────────────╮
│ PufferLib 5.0     🐡           GPU:  90%   VRAM:   5.2/31G    RAM:  0.5G     │
│                                                                              │
│ Env         connect4cnn    Evaluate      179ms  29%    Losses       0.026    │
│ Params           151.7K      Model        99ms  16%    policy       0.002    │
│ Steps             12.3M      Env          59ms   9%    value        0.005    │
│ SPS               27.2K      Copy         18ms   2%    entropy      0.008    │
│ Epoch              6030    Train         423ms  70%    old_kl      -0.000    │
│ Uptime     7m 20s 368ms      Model       423ms  70%    kl          -0.000    │
│ To go         35s 427ms      Misc          0ms   0%    clipfrac     0.000    │
│                                                                              │
│ perf                          0.821   score                         0.642    │
│ episode_return                0.642   episode_length               10.564    │
│ invalids                      0.044                                          │
╰──────────────────────────────────────────────────────────────────────────────╯
╭──────────────────────────────────────────────────────────────────────────────╮
│ PufferLib 5.0    🐡            GPU:  93%   VRAM:   5.2/31G    RAM:  0.5G     │
│                                                                              │
│ Env         connect4cnn    Evaluate      180ms  29%    Losses       0.023    │
│ Params           151.7K      Model        99ms  16%    policy       0.000    │
│ Steps             12.4M      Env          59ms   9%    value        0.005    │
│ SPS               27.2K      Copy         20ms   3%    entropy      0.007    │
│ Epoch              6038    Train         422ms  70%    old_kl      -0.000    │
│ Uptime     7m 20s 971ms      Model       421ms  70%    kl          -0.000    │
│ To go         34s 789ms      Misc          0ms   0%    clipfrac     0.000    │
│                                                                              │
│ perf                          0.825   score                         0.649    │
│ episode_return                0.649   episode_length               10.602    │
│ invalids                      0.032                                          │
╰──────────────────────────────────────────────────────────────────────────────╯
╭──────────────────────────────────────────────────────────────────────────────╮
│ PufferLib 5.0   🐡             GPU:  93%   VRAM:   5.2/31G    RAM:  0.5G     │
│                                                                              │
│ Env         connect4cnn    Evaluate      180ms  29%    Losses       0.023    │
│ Params           151.7K      Model        99ms  16%    policy      -0.000    │
│ Steps             12.4M      Env          60ms   9%    value        0.005    │
│ SPS               27.0K      Copy         19ms   3%    entropy      0.007    │
│ Epoch              6046    Train         425ms  70%    old_kl       0.000    │
│ Uptime     7m 21s 577ms      Model       425ms  70%    kl          -0.000    │
│ To go         34s 393ms      Misc          0ms   0%    clipfrac     0.000    │
│                                                                              │
│ perf                          0.815   score                         0.629    │
│ episode_return                0.629   episode_length               10.669    │
│ invalids                      0.045                                          │
╰──────────────────────────────────────────────────────────────────────────────╯
╭──────────────────────────────────────────────────────────────────────────────╮
│ PufferLib 5.0  🐡              GPU:  93%   VRAM:   5.2/31G    RAM:  0.5G     │
│                                                                              │
│ Env         connect4cnn    Evaluate      181ms  30%    Losses       0.024    │
│ Params           151.7K      Model        99ms  16%    policy      -0.000    │
│ Steps             12.4M      Env          59ms   9%    value        0.005    │
│ SPS               27.1K      Copy         19ms   3%    entropy      0.007    │
│ Epoch              6054    Train         422ms  69%    old_kl      -0.000    │
│ Uptime     7m 22s 181ms      Model       422ms  69%    kl          -0.000    │
│ To go         33s 687ms      Misc          0ms   0%    clipfrac     0.000    │
│                                                                              │
│ perf                          0.821   score                         0.643    │
│ episode_return                0.643   episode_length               10.640    │
│ invalids                      0.035                                          │
╰──────────────────────────────────────────────────────────────────────────────╯
╭──────────────────────────────────────────────────────────────────────────────╮
│ PufferLib 5.0 🐡               GPU:  87%   VRAM:   5.2/31G    RAM:  0.5G     │
│                                                                              │
│ Env         connect4cnn    Evaluate      183ms  29%    Losses       0.021    │
│ Params           151.7K      Model        99ms  16%    policy      -0.001    │
│ Steps             12.4M      Env          63ms  10%    value        0.004    │
│ SPS               26.7K      Copy         19ms   3%    entropy      0.008    │
│ Epoch              6062    Train         429ms  70%    old_kl      -0.000    │
│ Uptime     7m 22s 794ms      Model       429ms  70%    kl          -0.000    │
│ To go         33s 541ms      Misc          0ms   0%    clipfrac     0.000    │
│                                                                              │
│ perf                          0.828   score                         0.655    │
│ episode_return                0.655   episode_length               10.609    │
│ invalids                      0.050                                          │
╰──────────────────────────────────────────────────────────────────────────────╯
╭──────────────────────────────────────────────────────────────────────────────╮
│ PufferLib 5.0🐡                GPU:  87%   VRAM:   5.2/31G    RAM:  0.5G     │
│                                                                              │
│ Env         connect4cnn    Evaluate      181ms  30%    Losses       0.028    │
│ Params           151.7K      Model        99ms  16%    policy       0.003    │
│ Steps             12.4M      Env          58ms   9%    value        0.005    │
│ SPS               27.2K      Copy         22ms   3%    entropy      0.008    │
│ Epoch              6070    Train         421ms  69%    old_kl       0.000    │
│ Uptime     7m 23s 397ms      Model       421ms  69%    kl          -0.000    │
│ To go         32s 411ms      Misc          0ms   0%    clipfrac     0.000    │
│                                                                              │
│ perf                          0.805   score                         0.610    │
│ episode_return                0.610   episode_length               10.722    │
│ invalids                      0.036                                          │
╰──────────────────────────────────────────────────────────────────────────────╯
╭──────────────────────────────────────────────────────────────────────────────╮
│ PufferLib 5.0               🐡 GPU:  88%   VRAM:   5.2/31G    RAM:  0.5G     │
│                                                                              │
│ Env         connect4cnn    Evaluate      180ms  29%    Losses       0.021    │
│ Params           151.7K      Model        99ms  16%    policy      -0.002    │
│ Steps             12.4M      Env          59ms   9%    value        0.005    │
│ SPS               27.3K      Copy         19ms   3%    entropy      0.008    │
│ Epoch              6078    Train         421ms  70%    old_kl      -0.000    │
│ Uptime     7m 23s 998ms      Model       420ms  70%    kl          -0.000    │
│ To go         31s 699ms      Misc          0ms   0%    clipfrac     0.000    │
│                                                                              │
│ perf                          0.813   score                         0.626    │
│ episode_return                0.626   episode_length               10.635    │
│ invalids                      0.042                                          │
╰──────────────────────────────────────────────────────────────────────────────╯
╭──────────────────────────────────────────────────────────────────────────────╮
│ PufferLib 5.0              🐡  GPU:  88%   VRAM:   5.3/31G    RAM:  0.5G     │
│                                                                              │
│ Env         connect4cnn    Evaluate      177ms  29%    Losses       0.023    │
│ Params           151.7K      Model        99ms  16%    policy      -0.000    │
│ Steps             12.5M      Env          58ms   9%    value        0.005    │
│ SPS               27.1K      Copy         17ms   2%    entropy      0.009    │
│ Epoch              6086    Train         426ms  70%    old_kl       0.000    │
│ Uptime     7m 24s 601ms      Model       426ms  70%    kl          -0.000    │
│ To go         31s 245ms      Misc          0ms   0%    clipfrac     0.000    │
│                                                                              │
│ perf                          0.821   score                         0.643    │
│ episode_return                0.643   episode_length               10.619    │
│ invalids                      0.037                                          │
╰──────────────────────────────────────────────────────────────────────────────╯
╭──────────────────────────────────────────────────────────────────────────────╮
│ PufferLib 5.0             🐡   GPU:  93%   VRAM:   5.3/31G    RAM:  0.5G     │
│                                                                              │
│ Env         connect4cnn    Evaluate      175ms  29%    Losses       0.023    │
│ Params           151.7K      Model        99ms  16%    policy       0.000    │
│ Steps             12.5M      Env          58ms   9%    value        0.004    │
│ SPS               27.2K      Copy         15ms   2%    entropy      0.008    │
│ Epoch              6094    Train         426ms  70%    old_kl      -0.000    │
│ Uptime     7m 25s 203ms      Model       426ms  70%    kl          -0.000    │
│ To go         30s 539ms      Misc          0ms   0%    clipfrac     0.000    │
│                                                                              │
│ perf                          0.812   score                         0.625    │
│ episode_return                0.625   episode_length               10.654    │
│ invalids                      0.040                                          │
╰──────────────────────────────────────────────────────────────────────────────╯
╭──────────────────────────────────────────────────────────────────────────────╮
│ PufferLib 5.0            🐡    GPU:  93%   VRAM:   5.3/31G    RAM:  0.5G     │
│                                                                              │
│ Env         connect4cnn    Evaluate      201ms  29%    Losses       0.024    │
│ Params           151.7K      Model       112ms  16%    policy      -0.000    │
│ Steps             12.5M      Env          66ms   9%    value        0.005    │
│ SPS               27.3K      Copy         21ms   3%    entropy      0.009    │
│ Epoch              6103    Train         474ms  70%    old_kl       0.000    │
│ Uptime     7m 25s 878ms      Model       473ms  70%    kl          -0.000    │
│ To go         29s 792ms      Misc          0ms   0%    clipfrac     0.000    │
│                                                                              │
│ perf                          0.810   score                         0.620    │
│ episode_return                0.620   episode_length               10.700    │
│ invalids                      0.051                                          │
╰──────────────────────────────────────────────────────────────────────────────╯
╭──────────────────────────────────────────────────────────────────────────────╮
│ PufferLib 5.0           🐡     GPU:  93%   VRAM:   5.3/31G    RAM:  0.5G     │
│                                                                              │
│ Env         connect4cnn    Evaluate      178ms  29%    Losses       0.024    │
│ Params           151.7K      Model        99ms  16%    policy       0.000    │
│ Steps             12.5M      Env          58ms   9%    value        0.005    │
│ SPS               27.2K      Copy         18ms   2%    entropy      0.008    │
│ Epoch              6111    Train         423ms  70%    old_kl      -0.000    │
│ Uptime     7m 26s 481ms      Model       423ms  70%    kl          -0.000    │
│ To go         29s 277ms      Misc          0ms   0%    clipfrac     0.000    │
│                                                                              │
│ perf                          0.818   score                         0.636    │
│ episode_return                0.636   episode_length               10.626    │
│ invalids                      0.041                                          │
╰──────────────────────────────────────────────────────────────────────────────╯
╭──────────────────────────────────────────────────────────────────────────────╮
│ PufferLib 5.0          🐡      GPU:  88%   VRAM:   5.3/31G    RAM:  0.5G     │
│                                                                              │
│ Env         connect4cnn    Evaluate      177ms  29%    Losses       0.021    │
│ Params           151.7K      Model        99ms  16%    policy      -0.002    │
│ Steps             12.5M      Env          58ms   9%    value        0.004    │
│ SPS               27.0K      Copy         17ms   2%    entropy      0.008    │
│ Epoch              6119    Train         429ms  70%    old_kl      -0.000    │
│ Uptime     7m 27s 087ms      Model       429ms  70%    kl          -0.000    │
│ To go         28s 867ms      Misc          0ms   0%    clipfrac     0.000    │
│                                                                              │
│ perf                          0.810   score                         0.620    │
│ episode_return                0.620   episode_length               10.753    │
│ invalids                      0.039                                          │
╰──────────────────────────────────────────────────────────────────────────────╯
╭──────────────────────────────────────────────────────────────────────────────╮
│ PufferLib 5.0         🐡       GPU:  89%   VRAM:   5.3/31G    RAM:  0.5G     │
│                                                                              │
│ Env         connect4cnn    Evaluate      177ms  29%    Losses       0.021    │
│ Params           151.7K      Model        99ms  16%    policy      -0.001    │
│ Steps             12.5M      Env          59ms   9%    value        0.004    │
│ SPS               27.1K      Copy         17ms   2%    entropy      0.008    │
│ Epoch              6127    Train         426ms  70%    old_kl       0.000    │
│ Uptime     7m 27s 691ms      Model       426ms  70%    kl          -0.000    │
│ To go         28s 154ms      Misc          0ms   0%    clipfrac     0.000    │
│                                                                              │
│ perf                          0.820   score                         0.641    │
│ episode_return                0.641   episode_length               10.665    │
│ invalids                      0.042                                          │
╰──────────────────────────────────────────────────────────────────────────────╯
╭──────────────────────────────────────────────────────────────────────────────╮
│ PufferLib 5.0        🐡        GPU:  89%   VRAM:   5.2/31G    RAM:  0.5G     │
│                                                                              │
│ Env         connect4cnn    Evaluate      177ms  29%    Losses       0.029    │
│ Params           151.7K      Model        99ms  16%    policy       0.004    │
│ Steps             12.6M      Env          59ms   9%    value        0.005    │
│ SPS               27.2K      Copy         16ms   2%    entropy      0.009    │
│ Epoch              6135    Train         424ms  70%    old_kl       0.000    │
│ Uptime     7m 28s 292ms      Model       424ms  70%    kl          -0.000    │
│ To go         27s 447ms      Misc          0ms   0%    clipfrac     0.000    │
│                                                                              │
│ perf                          0.794   score                         0.587    │
│ episode_return                0.587   episode_length               10.750    │
│ invalids                      0.046                                          │
╰──────────────────────────────────────────────────────────────────────────────╯
╭──────────────────────────────────────────────────────────────────────────────╮
│ PufferLib 5.0       🐡         GPU:  92%   VRAM:   5.2/31G    RAM:  0.5G     │
│                                                                              │
│ Env         connect4cnn    Evaluate      200ms  29%    Losses       0.018    │
│ Params           151.7K      Model       112ms  16%    policy      -0.004    │
│ Steps             12.6M      Env          66ms   9%    value        0.005    │
│ SPS               27.3K      Copy         18ms   2%    entropy      0.007    │
│ Epoch              6144    Train         475ms  70%    old_kl       0.000    │
│ Uptime     7m 28s 967ms      Model       475ms  70%    kl          -0.000    │
│ To go         26s 707ms      Misc          0ms   0%    clipfrac     0.000    │
│                                                                              │
│ perf                          0.845   score                         0.690    │
│ episode_return                0.690   episode_length               10.498    │
│ invalids                      0.035                                          │
╰──────────────────────────────────────────────────────────────────────────────╯
╭──────────────────────────────────────────────────────────────────────────────╮
│ PufferLib 5.0      🐡          GPU:  92%   VRAM:   5.2/31G    RAM:  0.5G     │
│                                                                              │
│ Env         connect4cnn    Evaluate      176ms  29%    Losses       0.022    │
│ Params           151.7K      Model        99ms  16%    policy      -0.001    │
│ Steps             12.6M      Env          58ms   9%    value        0.004    │
│ SPS               27.1K      Copy         17ms   2%    entropy      0.007    │
│ Epoch              6152    Train         427ms  70%    old_kl       0.000    │
│ Uptime     7m 29s 572ms      Model       427ms  70%    kl          -0.000    │
│ To go         26s 312ms      Misc          0ms   0%    clipfrac     0.000    │
│                                                                              │
│ perf                          0.829   score                         0.658    │
│ episode_return                0.658   episode_length               10.671    │
│ invalids                      0.040                                          │
╰──────────────────────────────────────────────────────────────────────────────╯
╭──────────────────────────────────────────────────────────────────────────────╮
│ PufferLib 5.0     🐡           GPU:  92%   VRAM:   5.2/31G    RAM:  0.5G     │
│                                                                              │
│ Env         connect4cnn    Evaluate      177ms  29%    Losses       0.024    │
│ Params           151.7K      Model        99ms  16%    policy       0.001    │
│ Steps             12.6M      Env          58ms   9%    value        0.005    │
│ SPS               27.3K      Copy         18ms   2%    entropy      0.008    │
│ Epoch              6160    Train         423ms  70%    old_kl       0.000    │
│ Uptime     7m 30s 173ms      Model       423ms  70%    kl          -0.000    │
│ To go         25s 546ms      Misc          0ms   0%    clipfrac     0.000    │
│                                                                              │
│ perf                          0.820   score                         0.640    │
│ episode_return                0.640   episode_length               10.595    │
│ invalids                      0.041                                          │
╰──────────────────────────────────────────────────────────────────────────────╯
╭──────────────────────────────────────────────────────────────────────────────╮
│ PufferLib 5.0    🐡            GPU:  86%   VRAM:   5.2/31G    RAM:  0.5G     │
│                                                                              │
│ Env         connect4cnn    Evaluate      179ms  29%    Losses       0.023    │
│ Params           151.7K      Model        99ms  16%    policy      -0.001    │
│ Steps             12.6M      Env          59ms   9%    value        0.005    │
│ SPS               27.2K      Copy         18ms   2%    entropy      0.008    │
│ Epoch              6168    Train         421ms  70%    old_kl      -0.000    │
│ Uptime     7m 30s 775ms      Model       421ms  70%    kl          -0.000    │
│ To go         24s 963ms      Misc          0ms   0%    clipfrac     0.000    │
│                                                                              │
│ perf                          0.825   score                         0.651    │
│ episode_return                0.651   episode_length               10.590    │
│ invalids                      0.031                                          │
╰──────────────────────────────────────────────────────────────────────────────╯
╭──────────────────────────────────────────────────────────────────────────────╮
│ PufferLib 5.0   🐡             GPU:  86%   VRAM:   5.2/31G    RAM:  0.5G     │
│                                                                              │
│ Env         connect4cnn    Evaluate      178ms  29%    Losses       0.026    │
│ Params           151.7K      Model        99ms  16%    policy       0.003    │
│ Steps             12.6M      Env          58ms   9%    value        0.005    │
│ SPS               27.1K      Copy         18ms   3%    entropy      0.009    │
│ Epoch              6176    Train         426ms  70%    old_kl      -0.000    │
│ Uptime     7m 31s 380ms      Model       426ms  70%    kl          -0.000    │
│ To go         24s 503ms      Misc          0ms   0%    clipfrac     0.000    │
│                                                                              │
│ perf                          0.811   score                         0.623    │
│ episode_return                0.623   episode_length               10.762    │
│ invalids                      0.046                                          │
╰──────────────────────────────────────────────────────────────────────────────╯
╭──────────────────────────────────────────────────────────────────────────────╮
│ PufferLib 5.0  🐡              GPU:  92%   VRAM:   5.2/31G    RAM:  0.5G     │
│                                                                              │
│ Env         connect4cnn    Evaluate      178ms  29%    Losses       0.025    │
│ Params           151.7K      Model        99ms  16%    policy       0.001    │
│ Steps             12.7M      Env          58ms   9%    value        0.005    │
│ SPS               27.2K      Copy         18ms   3%    entropy      0.009    │
│ Epoch              6184    Train         425ms  70%    old_kl       0.000    │
│ Uptime     7m 31s 983ms      Model       424ms  70%    kl          -0.000    │
│ To go         23s 812ms      Misc          0ms   0%    clipfrac     0.000    │
│                                                                              │
│ perf                          0.819   score                         0.637    │
│ episode_return                0.637   episode_length               10.646    │
│ invalids                      0.042                                          │
╰──────────────────────────────────────────────────────────────────────────────╯
╭──────────────────────────────────────────────────────────────────────────────╮
│ PufferLib 5.0 🐡               GPU:  92%   VRAM:   5.2/31G    RAM:  0.5G     │
│                                                                              │
│ Env         connect4cnn    Evaluate      200ms  29%    Losses       0.022    │
│ Params           151.7K      Model       112ms  16%    policy      -0.001    │
│ Steps             12.7M      Env          65ms   9%    value        0.005    │
│ SPS               27.3K      Copy         20ms   2%    entropy      0.008    │
│ Epoch              6193    Train         474ms  70%    old_kl      -0.000    │
│ Uptime     7m 32s 657ms      Model       474ms  70%    kl          -0.000    │
│ To go         23s 009ms      Misc          0ms   0%    clipfrac     0.000    │
│                                                                              │
│ perf                          0.835   score                         0.670    │
│ episode_return                0.670   episode_length               10.641    │
│ invalids                      0.037                                          │
╰──────────────────────────────────────────────────────────────────────────────╯
╭──────────────────────────────────────────────────────────────────────────────╮
│ PufferLib 5.0🐡                GPU:  93%   VRAM:   5.2/31G    RAM:  0.5G     │
│                                                                              │
│ Env         connect4cnn    Evaluate      202ms  29%    Losses       0.027    │
│ Params           151.7K      Model       112ms  16%    policy       0.003    │
│ Steps             12.7M      Env          66ms   9%    value        0.005    │
│ SPS               27.4K      Copy         21ms   3%    entropy      0.008    │
│ Epoch              6202    Train         471ms  70%    old_kl       0.000    │
│ Uptime     7m 33s 330ms      Model       471ms  70%    kl          -0.000    │
│ To go         22s 291ms      Misc          0ms   0%    clipfrac     0.000    │
│                                                                              │
│ perf                          0.802   score                         0.604    │
│ episode_return                0.604   episode_length               10.643    │
│ invalids                      0.033                                          │
╰──────────────────────────────────────────────────────────────────────────────╯
╭──────────────────────────────────────────────────────────────────────────────╮
│ PufferLib 5.0               🐡 GPU:  86%   VRAM:   5.2/31G    RAM:  0.5G     │
│                                                                              │
│ Env         connect4cnn    Evaluate      200ms  29%    Losses       0.023    │
│ Params           151.7K      Model       112ms  16%    policy      -0.000    │
│ Steps             12.7M      Env          65ms   9%    value        0.005    │
│ SPS               27.5K      Copy         20ms   2%    entropy      0.008    │
│ Epoch              6211    Train         468ms  70%    old_kl       0.000    │
│ Uptime     7m 34s 000ms      Model       468ms  70%    kl          -0.000    │
│ To go         21s 502ms      Misc          0ms   0%    clipfrac     0.000    │
│                                                                              │
│ perf                          0.824   score                         0.648    │
│ episode_return                0.648   episode_length               10.646    │
│ invalids                      0.043                                          │
╰──────────────────────────────────────────────────────────────────────────────╯
╭──────────────────────────────────────────────────────────────────────────────╮
│ PufferLib 5.0              🐡  GPU:  86%   VRAM:   5.2/31G    RAM:  0.5G     │
│                                                                              │
│ Env         connect4cnn    Evaluate      181ms  29%    Losses       0.024    │
│ Params           151.7K      Model        99ms  16%    policy       0.001    │
│ Steps             12.7M      Env          58ms   9%    value        0.005    │
│ SPS               27.1K      Copy         21ms   3%    entropy      0.008    │
│ Epoch              6219    Train         423ms  70%    old_kl      -0.000    │
│ Uptime     7m 34s 604ms      Model       423ms  69%    kl          -0.000    │
│ To go         21s 226ms      Misc          0ms   0%    clipfrac     0.000    │
│                                                                              │
│ perf                          0.809   score                         0.618    │
│ episode_return                0.618   episode_length               10.644    │
│ invalids                      0.042                                          │
╰──────────────────────────────────────────────────────────────────────────────╯
╭──────────────────────────────────────────────────────────────────────────────╮
│ PufferLib 5.0             🐡   GPU:  92%   VRAM:   5.2/31G    RAM:  0.5G     │
│                                                                              │
│ Env         connect4cnn    Evaluate      180ms  29%    Losses       0.024    │
│ Params           151.7K      Model        99ms  16%    policy      -0.000    │
│ Steps             12.8M      Env          58ms   9%    value        0.005    │
│ SPS               27.3K      Copy         20ms   3%    entropy      0.008    │
│ Epoch              6227    Train         420ms  70%    old_kl      -0.000    │
│ Uptime     7m 35s 204ms      Model       420ms  70%    kl          -0.000    │
│ To go         20s 479ms      Misc          0ms   0%    clipfrac     0.000    │
│                                                                              │
│ perf                          0.814   score                         0.629    │
│ episode_return                0.629   episode_length               10.701    │
│ invalids                      0.037                                          │
╰──────────────────────────────────────────────────────────────────────────────╯
╭──────────────────────────────────────────────────────────────────────────────╮
│ PufferLib 5.0            🐡    GPU:  92%   VRAM:   5.2/31G    RAM:  0.5G     │
│                                                                              │
│ Env         connect4cnn    Evaluate      180ms  29%    Losses       0.023    │
│ Params           151.7K      Model        99ms  16%    policy      -0.001    │
│ Steps             12.8M      Env          58ms   9%    value        0.005    │
│ SPS               27.3K      Copy         20ms   3%    entropy      0.008    │
│ Epoch              6235    Train         420ms  70%    old_kl      -0.000    │
│ Uptime     7m 35s 805ms      Model       420ms  70%    kl          -0.000    │
│ To go         19s 888ms      Misc          0ms   0%    clipfrac     0.000    │
│                                                                              │
│ perf                          0.813   score                         0.626    │
│ episode_return                0.626   episode_length               10.723    │
│ invalids                      0.047                                          │
╰──────────────────────────────────────────────────────────────────────────────╯
╭──────────────────────────────────────────────────────────────────────────────╮
│ PufferLib 5.0           🐡     GPU:  92%   VRAM:   5.2/31G    RAM:  0.5G     │
│                                                                              │
│ Env         connect4cnn    Evaluate      177ms  29%    Losses       0.023    │
│ Params           151.7K      Model        99ms  16%    policy      -0.000    │
│ Steps             12.8M      Env          58ms   9%    value        0.005    │
│ SPS               27.1K      Copy         17ms   2%    entropy      0.009    │
│ Epoch              6243    Train         428ms  70%    old_kl      -0.000    │
│ Uptime     7m 36s 410ms      Model       428ms  70%    kl          -0.000    │
│ To go         19s 446ms      Misc          0ms   0%    clipfrac     0.000    │
│                                                                              │
│ perf                          0.807   score                         0.615    │
│ episode_return                0.615   episode_length               10.645    │
│ invalids                      0.042                                          │
╰──────────────────────────────────────────────────────────────────────────────╯
╭──────────────────────────────────────────────────────────────────────────────╮
│ PufferLib 5.0          🐡      GPU:  89%   VRAM:   5.2/31G    RAM:  0.5G     │
│                                                                              │
│ Env         connect4cnn    Evaluate      182ms  30%    Losses       0.027    │
│ Params           151.7K      Model        99ms  16%    policy       0.003    │
│ Steps             12.8M      Env          59ms   9%    value        0.005    │
│ SPS               27.3K      Copy         21ms   3%    entropy      0.009    │
│ Epoch              6251    Train         419ms  69%    old_kl      -0.000    │
│ Uptime     7m 37s 011ms      Model       418ms  69%    kl          -0.000    │
│ To go         18s 709ms      Misc          0ms   0%    clipfrac     0.000    │
│                                                                              │
│ perf                          0.814   score                         0.629    │
│ episode_return                0.629   episode_length               10.677    │
│ invalids                      0.047                                          │
╰──────────────────────────────────────────────────────────────────────────────╯
╭──────────────────────────────────────────────────────────────────────────────╮
│ PufferLib 5.0         🐡       GPU:  89%   VRAM:   5.2/31G    RAM:  0.5G     │
│                                                                              │
│ Env         connect4cnn    Evaluate      180ms  30%    Losses       0.024    │
│ Params           151.7K      Model        99ms  16%    policy      -0.000    │
│ Steps             12.8M      Env          59ms   9%    value        0.005    │
│ SPS               27.3K      Copy         20ms   3%    entropy      0.009    │
│ Epoch              6259    Train         420ms  69%    old_kl       0.000    │
│ Uptime     7m 37s 612ms      Model       420ms  69%    kl          -0.000    │
│ To go         18s 112ms      Misc          0ms   0%    clipfrac     0.000    │
│                                                                              │
│ perf                          0.807   score                         0.615    │
│ episode_return                0.615   episode_length               10.658    │
│ invalids                      0.040                                          │
╰──────────────────────────────────────────────────────────────────────────────╯
╭──────────────────────────────────────────────────────────────────────────────╮
│ PufferLib 5.0        🐡        GPU:  90%   VRAM:   5.2/31G    RAM:  0.5G     │
│                                                                              │
│ Env         connect4cnn    Evaluate      179ms  29%    Losses       0.024    │
│ Params           151.7K      Model        99ms  16%    policy      -0.000    │
│ Steps             12.8M      Env          59ms   9%    value        0.005    │
│ SPS               27.1K      Copy         19ms   3%    entropy      0.008    │
│ Epoch              6267    Train         424ms  70%    old_kl       0.000    │
│ Uptime     7m 38s 216ms      Model       424ms  70%    kl          -0.000    │
│ To go         17s 582ms      Misc          0ms   0%    clipfrac     0.000    │
│                                                                              │
│ perf                          0.816   score                         0.633    │
│ episode_return                0.633   episode_length               10.737    │
│ invalids                      0.039                                          │
╰──────────────────────────────────────────────────────────────────────────────╯
╭──────────────────────────────────────────────────────────────────────────────╮
│ PufferLib 5.0       🐡         GPU:  93%   VRAM:   5.2/31G    RAM:  0.5G     │
│                                                                              │
│ Env         connect4cnn    Evaluate      178ms  29%    Losses       0.020    │
│ Params           151.7K      Model        99ms  16%    policy      -0.002    │
│ Steps             12.9M      Env          58ms   9%    value        0.004    │
│ SPS               27.2K      Copy         17ms   2%    entropy      0.007    │
│ Epoch              6275    Train         424ms  70%    old_kl      -0.000    │
│ Uptime     7m 38s 819ms      Model       424ms  70%    kl          -0.000    │
│ To go         16s 956ms      Misc          0ms   0%    clipfrac     0.000    │
│                                                                              │
│ perf                          0.821   score                         0.642    │
│ episode_return                0.642   episode_length               10.617    │
│ invalids                      0.032                                          │
╰──────────────────────────────────────────────────────────────────────────────╯
╭──────────────────────────────────────────────────────────────────────────────╮
│ PufferLib 5.0      🐡          GPU:  93%   VRAM:   5.2/31G    RAM:  0.5G     │
│                                                                              │
│ Env         connect4cnn    Evaluate      180ms  29%    Losses       0.025    │
│ Params           151.7K      Model        99ms  16%    policy       0.000    │
│ Steps             12.9M      Env          59ms   9%    value        0.005    │
│ SPS               26.9K      Copy         20ms   3%    entropy      0.007    │
│ Epoch              6283    Train         428ms  70%    old_kl      -0.000    │
│ Uptime     7m 39s 428ms      Model       428ms  70%    kl          -0.000    │
│ To go         16s 511ms      Misc          0ms   0%    clipfrac     0.000    │
│                                                                              │
│ perf                          0.824   score                         0.648    │
│ episode_return                0.648   episode_length               10.632    │
│ invalids                      0.040                                          │
╰──────────────────────────────────────────────────────────────────────────────╯
╭──────────────────────────────────────────────────────────────────────────────╮
│ PufferLib 5.0     🐡           GPU:  93%   VRAM:   5.2/31G    RAM:  0.5G     │
│                                                                              │
│ Env         connect4cnn    Evaluate      179ms  29%    Losses       0.023    │
│ Params           151.7K      Model        99ms  16%    policy      -0.000    │
│ Steps             12.9M      Env          59ms   9%    value        0.005    │
│ SPS               27.2K      Copy         19ms   3%    entropy      0.008    │
│ Epoch              6291    Train         423ms  70%    old_kl       0.000    │
│ Uptime     7m 40s 030ms      Model       423ms  70%    kl          -0.000    │
│ To go         15s 745ms      Misc          0ms   0%    clipfrac     0.000    │
│                                                                              │
│ perf                          0.825   score                         0.650    │
│ episode_return                0.650   episode_length               10.607    │
│ invalids                      0.039                                          │
╰──────────────────────────────────────────────────────────────────────────────╯
╭──────────────────────────────────────────────────────────────────────────────╮
│ PufferLib 5.0    🐡            GPU:  93%   VRAM:   5.2/31G    RAM:  0.5G     │
│                                                                              │
│ Env         connect4cnn    Evaluate      181ms  29%    Losses       0.020    │
│ Params           151.7K      Model        99ms  16%    policy      -0.001    │
│ Steps             12.9M      Env          60ms   9%    value        0.004    │
│ SPS               27.0K      Copy         19ms   3%    entropy      0.007    │
│ Epoch              6299    Train         425ms  70%    old_kl       0.000    │
│ Uptime     7m 40s 636ms      Model       424ms  70%    kl          -0.000    │
│ To go         15s 219ms      Misc          0ms   0%    clipfrac     0.000    │
│                                                                              │
│ perf                          0.840   score                         0.680    │
│ episode_return                0.680   episode_length               10.534    │
│ invalids                      0.037                                          │
╰──────────────────────────────────────────────────────────────────────────────╯
╭──────────────────────────────────────────────────────────────────────────────╮
│ PufferLib 5.0   🐡             GPU:  88%   VRAM:   5.2/31G    RAM:  0.5G     │
│                                                                              │
│ Env         connect4cnn    Evaluate      181ms  29%    Losses       0.023    │
│ Params           151.7K      Model        99ms  16%    policy      -0.000    │
│ Steps             12.9M      Env          60ms   9%    value        0.005    │
│ SPS               26.8K      Copy         20ms   3%    entropy      0.009    │
│ Epoch              6307    Train         429ms  70%    old_kl       0.000    │
│ Uptime     7m 41s 248ms      Model       429ms  70%    kl          -0.000    │
│ To go         14s 753ms      Misc          0ms   0%    clipfrac     0.000    │
│                                                                              │
│ perf                          0.810   score                         0.621    │
│ episode_return                0.621   episode_length               10.734    │
│ invalids                      0.052                                          │
╰──────────────────────────────────────────────────────────────────────────────╯
╭──────────────────────────────────────────────────────────────────────────────╮
│ PufferLib 5.0  🐡              GPU:  87%   VRAM:   5.2/31G    RAM:  0.5G     │
│                                                                              │
│ Env         connect4cnn    Evaluate      178ms  29%    Losses       0.023    │
│ Params           151.7K      Model        99ms  16%    policy      -0.000    │
│ Steps             12.9M      Env          58ms   9%    value        0.005    │
│ SPS               27.1K      Copy         19ms   3%    entropy      0.008    │
│ Epoch              6315    Train         426ms  70%    old_kl      -0.000    │
│ Uptime     7m 41s 852ms      Model       425ms  70%    kl          -0.000    │
│ To go         13s 979ms      Misc          0ms   0%    clipfrac     0.000    │
│                                                                              │
│ perf                          0.823   score                         0.647    │
│ episode_return                0.647   episode_length               10.627    │
│ invalids                      0.050                                          │
╰──────────────────────────────────────────────────────────────────────────────╯
╭──────────────────────────────────────────────────────────────────────────────╮
│ PufferLib 5.0 🐡               GPU:  87%   VRAM:   5.2/31G    RAM:  0.5G     │
│                                                                              │
│ Env         connect4cnn    Evaluate      179ms  29%    Losses       0.022    │
│ Params           151.7K      Model        99ms  16%    policy       0.000    │
│ Steps             12.9M      Env          58ms   9%    value        0.004    │
│ SPS               27.2K      Copy         20ms   3%    entropy      0.007    │
│ Epoch              6323    Train         424ms  70%    old_kl       0.000    │
│ Uptime     7m 42s 455ms      Model       424ms  70%    kl          -0.000    │
│ To go         13s 344ms      Misc          0ms   0%    clipfrac     0.000    │
│                                                                              │
│ perf                          0.823   score                         0.646    │
│ episode_return                0.646   episode_length               10.662    │
│ invalids                      0.036                                          │
╰──────────────────────────────────────────────────────────────────────────────╯
╭──────────────────────────────────────────────────────────────────────────────╮
│ PufferLib 5.0🐡                GPU:  92%   VRAM:   5.2/31G    RAM:  0.5G     │
│                                                                              │
│ Env         connect4cnn    Evaluate      179ms  29%    Losses       0.019    │
│ Params           151.7K      Model        99ms  16%    policy      -0.002    │
│ Steps             13.0M      Env          58ms   9%    value        0.004    │
│ SPS               27.1K      Copy         20ms   3%    entropy      0.008    │
│ Epoch              6331    Train         425ms  70%    old_kl      -0.000    │
│ Uptime     7m 43s 060ms      Model       425ms  70%    kl          -0.000    │
│ To go         12s 773ms      Misc          0ms   0%    clipfrac     0.000    │
│                                                                              │
│ perf                          0.825   score                         0.650    │
│ episode_return                0.650   episode_length               10.673    │
│ invalids                      0.046                                          │
╰──────────────────────────────────────────────────────────────────────────────╯
╭──────────────────────────────────────────────────────────────────────────────╮
│ PufferLib 5.0               🐡 GPU:  92%   VRAM:   5.2/31G    RAM:  0.5G     │
│                                                                              │
│ Env         connect4cnn    Evaluate      178ms  29%    Losses       0.026    │
│ Params           151.7K      Model        99ms  16%    policy       0.002    │
│ Steps             13.0M      Env          58ms   9%    value        0.005    │
│ SPS               26.9K      Copy         18ms   2%    entropy      0.008    │
│ Epoch              6339    Train         430ms  70%    old_kl       0.000    │
│ Uptime     7m 43s 668ms      Model       430ms  70%    kl          -0.000    │
│ To go         12s 243ms      Misc          0ms   0%    clipfrac     0.000    │
│                                                                              │
│ perf                          0.816   score                         0.632    │
│ episode_return                0.632   episode_length               10.743    │
│ invalids                      0.048                                          │
╰──────────────────────────────────────────────────────────────────────────────╯
╭──────────────────────────────────────────────────────────────────────────────╮
│ PufferLib 5.0              🐡  GPU:  93%   VRAM:   5.2/31G    RAM:  0.5G     │
│                                                                              │
│ Env         connect4cnn    Evaluate      180ms  29%    Losses       0.023    │
│ Params           151.7K      Model        99ms  16%    policy       0.000    │
│ Steps             13.0M      Env          58ms   9%    value        0.005    │
│ SPS               27.2K      Copy         20ms   3%    entropy      0.008    │
│ Epoch              6347    Train         422ms  70%    old_kl      -0.000    │
│ Uptime     7m 44s 271ms      Model       421ms  70%    kl          -0.000    │
│ To go         11s 528ms      Misc          0ms   0%    clipfrac     0.000    │
│                                                                              │
│ perf                          0.823   score                         0.645    │
│ episode_return                0.645   episode_length               10.735    │
│ invalids                      0.039                                          │
╰──────────────────────────────────────────────────────────────────────────────╯
╭──────────────────────────────────────────────────────────────────────────────╮
│ PufferLib 5.0             🐡   GPU:  93%   VRAM:   5.2/31G    RAM:  0.5G     │
│                                                                              │
│ Env         connect4cnn    Evaluate      179ms  29%    Losses       0.024    │
│ Params           151.7K      Model        99ms  16%    policy       0.001    │
│ Steps             13.0M      Env          58ms   9%    value        0.005    │
│ SPS               27.1K      Copy         20ms   3%    entropy      0.008    │
│ Epoch              6355    Train         425ms  70%    old_kl      -0.000    │
│ Uptime     7m 44s 876ms      Model       425ms  70%    kl          -0.000    │
│ To go         10s 970ms      Misc          0ms   0%    clipfrac     0.000    │
│                                                                              │
│ perf                          0.801   score                         0.603    │
│ episode_return                0.603   episode_length               10.703    │
│ invalids                      0.040                                          │
╰──────────────────────────────────────────────────────────────────────────────╯
╭──────────────────────────────────────────────────────────────────────────────╮
│ PufferLib 5.0            🐡    GPU:  93%   VRAM:   5.2/31G    RAM:  0.5G     │
│                                                                              │
│ Env         connect4cnn    Evaluate      180ms  29%    Losses       0.027    │
│ Params           151.7K      Model        99ms  16%    policy       0.002    │
│ Steps             13.0M      Env          58ms   9%    value        0.005    │
│ SPS               27.1K      Copy         20ms   3%    entropy      0.008    │
│ Epoch              6363    Train         423ms  70%    old_kl      -0.000    │
│ Uptime     7m 45s 480ms      Model       423ms  70%    kl          -0.000    │
│ To go         10s 345ms      Misc          0ms   0%    clipfrac     0.000    │
│                                                                              │
│ perf                          0.809   score                         0.619    │
│ episode_return                0.619   episode_length               10.785    │
│ invalids                      0.049                                          │
╰──────────────────────────────────────────────────────────────────────────────╯
╭──────────────────────────────────────────────────────────────────────────────╮
│ PufferLib 5.0           🐡     GPU:  87%   VRAM:   5.2/31G    RAM:  0.5G     │
│                                                                              │
│ Env         connect4cnn    Evaluate      179ms  29%    Losses       0.019    │
│ Params           151.7K      Model        99ms  16%    policy      -0.003    │
│ Steps             13.0M      Env          58ms   9%    value        0.004    │
│ SPS               27.1K      Copy         20ms   3%    entropy      0.007    │
│ Epoch              6371    Train         425ms  70%    old_kl       0.000    │
│ Uptime     7m 46s 084ms      Model       424ms  70%    kl          -0.000    │
│ To go          9s 738ms      Misc          0ms   0%    clipfrac     0.000    │
│                                                                              │
│ perf                          0.838   score                         0.677    │
│ episode_return                0.677   episode_length               10.523    │
│ invalids                      0.042                                          │
╰──────────────────────────────────────────────────────────────────────────────╯
╭──────────────────────────────────────────────────────────────────────────────╮
│ PufferLib 5.0          🐡      GPU:  90%   VRAM:   5.2/31G    RAM:  0.5G     │
│                                                                              │
│ Env         connect4cnn    Evaluate      180ms  29%    Losses       0.028    │
│ Params           151.7K      Model        99ms  16%    policy       0.003    │
│ Steps             13.1M      Env          58ms   9%    value        0.005    │
│ SPS               27.0K      Copy         20ms   3%    entropy      0.008    │
│ Epoch              6379    Train         425ms  70%    old_kl       0.000    │
│ Uptime     7m 46s 690ms      Model       425ms  70%    kl          -0.000    │
│ To go          9s 168ms      Misc          0ms   0%    clipfrac     0.000    │
│                                                                              │
│ perf                          0.806   score                         0.612    │
│ episode_return                0.612   episode_length               10.644    │
│ invalids                      0.038                                          │
╰──────────────────────────────────────────────────────────────────────────────╯
╭──────────────────────────────────────────────────────────────────────────────╮
│ PufferLib 5.0         🐡       GPU:  90%   VRAM:   5.2/31G    RAM:  0.5G     │
│                                                                              │
│ Env         connect4cnn    Evaluate      180ms  29%    Losses       0.023    │
│ Params           151.7K      Model        99ms  16%    policy      -0.000    │
│ Steps             13.1M      Env          58ms   9%    value        0.005    │
│ SPS               27.2K      Copy         20ms   3%    entropy      0.009    │
│ Epoch              6387    Train         422ms  70%    old_kl       0.000    │
│ Uptime     7m 47s 293ms      Model       422ms  70%    kl          -0.000    │
│ To go          8s 519ms      Misc          0ms   0%    clipfrac     0.000    │
│                                                                              │
│ perf                          0.808   score                         0.616    │
│ episode_return                0.616   episode_length               10.806    │
│ invalids                      0.044                                          │
╰──────────────────────────────────────────────────────────────────────────────╯
╭──────────────────────────────────────────────────────────────────────────────╮
│ PufferLib 5.0        🐡        GPU:  93%   VRAM:   5.2/31G    RAM:  0.5G     │
│                                                                              │
│ Env         connect4cnn    Evaluate      181ms  29%    Losses       0.023    │
│ Params           151.7K      Model        99ms  16%    policy      -0.000    │
│ Steps             13.1M      Env          59ms   9%    value        0.005    │
│ SPS               27.0K      Copy         19ms   3%    entropy      0.007    │
│ Epoch              6395    Train         425ms  70%    old_kl      -0.000    │
│ Uptime     7m 47s 900ms      Model       425ms  70%    kl          -0.000    │
│ To go          7s 961ms      Misc          0ms   0%    clipfrac     0.000    │
│                                                                              │
│ perf                          0.833   score                         0.666    │
│ episode_return                0.666   episode_length               10.560    │
│ invalids                      0.036                                          │
╰──────────────────────────────────────────────────────────────────────────────╯
╭──────────────────────────────────────────────────────────────────────────────╮
│ PufferLib 5.0       🐡         GPU:  93%   VRAM:   5.2/31G    RAM:  0.5G     │
│                                                                              │
│ Env         connect4cnn    Evaluate      178ms  29%    Losses       0.026    │
│ Params           151.7K      Model        99ms  16%    policy       0.001    │
│ Steps             13.1M      Env          59ms   9%    value        0.005    │
│ SPS               27.0K      Copy         18ms   2%    entropy      0.008    │
│ Epoch              6403    Train         428ms  70%    old_kl      -0.000    │
│ Uptime     7m 48s 507ms      Model       427ms  70%    kl          -0.000    │
│ To go          7s 354ms      Misc          0ms   0%    clipfrac     0.000    │
│                                                                              │
│ perf                          0.803   score                         0.607    │
│ episode_return                0.607   episode_length               10.779    │
│ invalids                      0.045                                          │
╰──────────────────────────────────────────────────────────────────────────────╯
╭──────────────────────────────────────────────────────────────────────────────╮
│ PufferLib 5.0      🐡          GPU:  93%   VRAM:   5.2/31G    RAM:  0.5G     │
│                                                                              │
│ Env         connect4cnn    Evaluate      180ms  29%    Losses       0.021    │
│ Params           151.7K      Model        99ms  16%    policy      -0.002    │
│ Steps             13.1M      Env          59ms   9%    value        0.005    │
│ SPS               27.2K      Copy         20ms   3%    entropy      0.007    │
│ Epoch              6411    Train         422ms  70%    old_kl       0.000    │
│ Uptime     7m 49s 110ms      Model       422ms  70%    kl          -0.000    │
│ To go          6s 711ms      Misc          0ms   0%    clipfrac     0.000    │
│                                                                              │
│ perf                          0.828   score                         0.656    │
│ episode_return                0.656   episode_length               10.621    │
│ invalids                      0.032                                          │
╰──────────────────────────────────────────────────────────────────────────────╯
╭──────────────────────────────────────────────────────────────────────────────╮
│ PufferLib 5.0     🐡           GPU:  90%   VRAM:   5.2/31G    RAM:  0.5G     │
│                                                                              │
│ Env         connect4cnn    Evaluate      181ms  29%    Losses       0.021    │
│ Params           151.7K      Model        99ms  16%    policy      -0.002    │
│ Steps             13.1M      Env          59ms   9%    value        0.004    │
│ SPS               27.1K      Copy         20ms   3%    entropy      0.008    │
│ Epoch              6419    Train         424ms  70%    old_kl      -0.000    │
│ Uptime     7m 49s 715ms      Model       423ms  70%    kl          -0.000    │
│ To go          6s 125ms      Misc          0ms   0%    clipfrac     0.000    │
│                                                                              │
│ perf                          0.824   score                         0.649    │
│ episode_return                0.649   episode_length               10.659    │
│ invalids                      0.037                                          │
╰──────────────────────────────────────────────────────────────────────────────╯
╭──────────────────────────────────────────────────────────────────────────────╮
│ PufferLib 5.0    🐡            GPU:  90%   VRAM:   5.2/31G    RAM:  0.5G     │
│                                                                              │
│ Env         connect4cnn    Evaluate      180ms  29%    Losses       0.024    │
│ Params           151.7K      Model        99ms  16%    policy      -0.000    │
│ Steps             13.2M      Env          58ms   9%    value        0.005    │
│ SPS               27.1K      Copy         20ms   3%    entropy      0.009    │
│ Epoch              6427    Train         424ms  70%    old_kl      -0.000    │
│ Uptime     7m 50s 320ms      Model       424ms  70%    kl          -0.000    │
│ To go          5s 524ms      Misc          0ms   0%    clipfrac     0.000    │
│                                                                              │
│ perf                          0.814   score                         0.629    │
│ episode_return                0.629   episode_length               10.779    │
│ invalids                      0.037                                          │
╰──────────────────────────────────────────────────────────────────────────────╯
╭──────────────────────────────────────────────────────────────────────────────╮
│ PufferLib 5.0   🐡             GPU:  85%   VRAM:   5.2/31G    RAM:  0.5G     │
│                                                                              │
│ Env         connect4cnn    Evaluate      184ms  30%    Losses       0.025    │
│ Params           151.7K      Model        99ms  16%    policy       0.001    │
│ Steps             13.2M      Env          60ms   9%    value        0.005    │
│ SPS               27.0K      Copy         23ms   3%    entropy      0.008    │
│ Epoch              6435    Train         421ms  69%    old_kl       0.000    │
│ Uptime     7m 50s 927ms      Model       421ms  69%    kl          -0.000    │
│ To go          4s 928ms      Misc          0ms   0%    clipfrac     0.000    │
│                                                                              │
│ perf                          0.819   score                         0.638    │
│ episode_return                0.638   episode_length               10.629    │
│ invalids                      0.034                                          │
╰──────────────────────────────────────────────────────────────────────────────╯
╭──────────────────────────────────────────────────────────────────────────────╮
│ PufferLib 5.0  🐡              GPU:  85%   VRAM:   5.2/31G    RAM:  0.5G     │
│                                                                              │
│ Env         connect4cnn    Evaluate      182ms  30%    Losses       0.023    │
│ Params           151.7K      Model        99ms  16%    policy      -0.001    │
│ Steps             13.2M      Env          59ms   9%    value        0.005    │
│ SPS               27.1K      Copy         21ms   3%    entropy      0.007    │
│ Epoch              6443    Train         421ms  69%    old_kl       0.000    │
│ Uptime     7m 51s 531ms      Model       421ms  69%    kl          -0.000    │
│ To go          4s 307ms      Misc          0ms   0%    clipfrac     0.000    │
│                                                                              │
│ perf                          0.821   score                         0.642    │
│ episode_return                0.642   episode_length               10.651    │
│ invalids                      0.031                                          │
╰──────────────────────────────────────────────────────────────────────────────╯
╭──────────────────────────────────────────────────────────────────────────────╮
│ PufferLib 5.0 🐡               GPU:  92%   VRAM:   5.2/31G    RAM:  0.5G     │
│                                                                              │
│ Env         connect4cnn    Evaluate      179ms  29%    Losses       0.025    │
│ Params           151.7K      Model        99ms  16%    policy       0.002    │
│ Steps             13.2M      Env          58ms   9%    value        0.005    │
│ SPS               27.0K      Copy         20ms   3%    entropy      0.008    │
│ Epoch              6451    Train         428ms  70%    old_kl       0.000    │
│ Uptime     7m 52s 138ms      Model       427ms  70%    kl          -0.000    │
│ To go          3s 718ms      Misc          0ms   0%    clipfrac     0.000    │
│                                                                              │
│ perf                          0.811   score                         0.622    │
│ episode_return                0.622   episode_length               10.680    │
│ invalids                      0.042                                          │
╰──────────────────────────────────────────────────────────────────────────────╯
╭──────────────────────────────────────────────────────────────────────────────╮
│ PufferLib 5.0🐡                GPU:  94%   VRAM:   5.2/31G    RAM:  0.5G     │
│                                                                              │
│ Env         connect4cnn    Evaluate      179ms  29%    Losses       0.025    │
│ Params           151.7K      Model        99ms  16%    policy       0.001    │
│ Steps             13.2M      Env          58ms   9%    value        0.005    │
│ SPS               27.0K      Copy         20ms   3%    entropy      0.007    │
│ Epoch              6459    Train         427ms  70%    old_kl       0.000    │
│ Uptime     7m 52s 745ms      Model       427ms  70%    kl          -0.000    │
│ To go          3s 112ms      Misc          0ms   0%    clipfrac     0.000    │
│                                                                              │
│ perf                          0.817   score                         0.634    │
│ episode_return                0.634   episode_length               10.645    │
│ invalids                      0.038                                          │
╰──────────────────────────────────────────────────────────────────────────────╯
╭──────────────────────────────────────────────────────────────────────────────╮
│ PufferLib 5.0               🐡 GPU:  94%   VRAM:   5.3/31G    RAM:  0.5G     │
│                                                                              │
│ Env         connect4cnn    Evaluate      180ms  29%    Losses       0.025    │
│ Params           151.7K      Model        99ms  16%    policy       0.001    │
│ Steps             13.2M      Env          59ms   9%    value        0.005    │
│ SPS               27.0K      Copy         20ms   3%    entropy      0.009    │
│ Epoch              6467    Train         425ms  70%    old_kl       0.000    │
│ Uptime     7m 53s 351ms      Model       425ms  70%    kl          -0.000    │
│ To go          2s 500ms      Misc          0ms   0%    clipfrac     0.000    │
│                                                                              │
│ perf                          0.802   score                         0.603    │
│ episode_return                0.603   episode_length               10.765    │
│ invalids                      0.039                                          │
╰──────────────────────────────────────────────────────────────────────────────╯
╭──────────────────────────────────────────────────────────────────────────────╮
│ PufferLib 5.0              🐡  GPU:  93%   VRAM:   5.3/31G    RAM:  0.5G     │
│                                                                              │
│ Env         connect4cnn    Evaluate      182ms  29%    Losses       0.021    │
│ Params           151.7K      Model        99ms  16%    policy      -0.001    │
│ Steps             13.3M      Env          59ms   9%    value        0.004    │
│ SPS               26.9K      Copy         22ms   3%    entropy      0.008    │
│ Epoch              6475    Train         427ms  70%    old_kl      -0.000    │
│ Uptime     7m 53s 961ms      Model       427ms  70%    kl          -0.000    │
│ To go          1s 905ms      Misc          0ms   0%    clipfrac     0.000    │
│                                                                              │
│ perf                          0.825   score                         0.650    │
│ episode_return                0.650   episode_length               10.583    │
│ invalids                      0.041                                          │
╰──────────────────────────────────────────────────────────────────────────────╯
╭──────────────────────────────────────────────────────────────────────────────╮
│ PufferLib 5.0             🐡   GPU:  93%   VRAM:   5.3/31G    RAM:  0.5G     │
│                                                                              │
│ Env         connect4cnn    Evaluate      182ms  29%    Losses       0.023    │
│ Params           151.7K      Model        99ms  16%    policy       0.000    │
│ Steps             13.3M      Env          59ms   9%    value        0.004    │
│ SPS               26.7K      Copy         21ms   3%    entropy      0.008    │
│ Epoch              6483    Train         432ms  70%    old_kl      -0.000    │
│ Uptime     7m 54s 575ms      Model       431ms  70%    kl          -0.000    │
│ To go          1s 305ms      Misc          0ms   0%    clipfrac     0.000    │
│                                                                              │
│ perf                          0.816   score                         0.631    │
│ episode_return                0.631   episode_length               10.669    │
│ invalids                      0.041                                          │
╰──────────────────────────────────────────────────────────────────────────────╯
╭──────────────────────────────────────────────────────────────────────────────╮
│ PufferLib 5.0            🐡    GPU:  94%   VRAM:   5.3/31G    RAM:  0.5G     │
│                                                                              │
│ Env         connect4cnn    Evaluate      184ms  30%    Losses       0.019    │
│ Params           151.7K      Model        99ms  16%    policy      -0.003    │
│ Steps             13.3M      Env          61ms  10%    value        0.004    │
│ SPS               26.8K      Copy         20ms   3%    entropy      0.007    │
│ Epoch              6491    Train         426ms  69%    old_kl       0.000    │
│ Uptime     7m 55s 186ms      Model       426ms  69%    kl          -0.000    │
│ To go             687ms      Misc          0ms   0%    clipfrac     0.000    │
│                                                                              │
│ perf                          0.837   score                         0.674    │
│ episode_return                0.674   episode_length               10.602    │
│ invalids                      0.030                                          │
╰──────────────────────────────────────────────────────────────────────────────╯
╭──────────────────────────────────────────────────────────────────────────────╮
│ PufferLib 5.0           🐡     GPU:  91%   VRAM:   5.3/31G    RAM:  0.5G     │
│                                                                              │
│ Env         connect4cnn    Evaluate      181ms  29%    Losses       0.023    │
│ Params           151.7K      Model        99ms  16%    policy      -0.000    │
│ Steps             13.3M      Env          58ms   9%    value        0.005    │
│ SPS               27.1K      Copy         21ms   3%    entropy      0.009    │
│ Epoch              6499    Train         423ms  70%    old_kl      -0.000    │
│ Uptime     7m 55s 791ms      Model       423ms  70%    kl          -0.000    │
│ To go              76ms      Misc          0ms   0%    clipfrac     0.000    │
│                                                                              │
│ perf                          0.810   score                         0.619    │
│ episode_return                0.619   episode_length               10.708    │
│ invalids                      0.047                                          │
╰──────────────────────────────────────────────────────────────────────────────╯
╭──────────────────────────────────────────────────────────────────────────────╮
│ PufferLib 5.0          🐡      GPU:  91%   VRAM:   5.3/31G    RAM:  0.5G     │
│                                                                              │
│ Env         connect4cnn    Evaluate       23ms  29%    Losses       0.012    │
│ Params           151.7K      Model        12ms  16%    policy      -0.004    │
│ Steps             13.3M      Env           7ms   9%    value        0.003    │
│ SPS               26.6K      Copy          3ms   3%    entropy      0.006    │
│ Epoch              6500    Train          54ms  70%    old_kl       0.000    │
│ Uptime     7m 55s 868ms      Model        54ms  70%    kl          -0.000    │
│ To go               0ms      Misc          0ms   0%    clipfrac     0.000    │
│                                                                              │
│ perf                          0.864   score                         0.727    │
│ episode_return                0.727   episode_length               10.530    │
│ invalids                      0.040                                          │
╰──────────────────────────────────────────────────────────────────────────────╯
