environment,candidate,decisions,seconds,score_lower,score_upper,metric,frontier_lower_endpoint,dominated_using_nonoverlapping_bounds
breakoutcnn,happy-cat-1,4194304,11.0347377195,5.427272727272728,5.427272727272728,mean score through terminal/frame cap,True,False
breakoutcnn,happy-cat-1,8388608,21.899445336,5.8,5.8,mean score through terminal/frame cap,False,True
breakoutcnn,happy-cat-1,12582912,32.8558782415,6.8121212121212125,6.8121212121212125,mean score through terminal/frame cap,False,True
breakoutcnn,happy-cat-1,16777216,43.7290342715,7.142424242424243,7.142424242424243,mean score through terminal/frame cap,False,True
breakoutcnn,mystic-tree-2,4194304,14.5982717475,4.518181818181818,4.518181818181818,mean score through terminal/frame cap,False,True
breakoutcnn,mystic-tree-2,8388608,28.947127829499998,5.4393939393939394,5.4393939393939394,mean score through terminal/frame cap,False,True
breakoutcnn,mystic-tree-2,12582912,43.10546694,5.7727272727272725,5.7727272727272725,mean score through terminal/frame cap,False,True
breakoutcnn,mystic-tree-2,16777216,57.170840056,5.842424242424242,5.842424242424242,mean score through terminal/frame cap,False,True
breakoutcnn,nature-cnn,4194304,12.303572567,5.924242424242424,5.924242424242424,mean score through terminal/frame cap,True,False
breakoutcnn,nature-cnn,8388608,24.3612981515,6.209090909090909,6.209090909090909,mean score through terminal/frame cap,False,True
breakoutcnn,nature-cnn,12582912,36.378902770500005,6.493939393939394,6.493939393939394,mean score through terminal/frame cap,False,True
breakoutcnn,nature-cnn,16777216,48.4255463335,6.460606060606061,6.460606060606061,mean score through terminal/frame cap,False,True
breakoutcnn,quality-reference,4194304,11.4249100085,5.109090909090909,5.109090909090909,mean score through terminal/frame cap,False,True
breakoutcnn,quality-reference,8388608,22.5823877505,6.287878787878787,6.287878787878787,mean score through terminal/frame cap,False,True
breakoutcnn,quality-reference,12582912,33.8648123775,8.690909090909091,8.690909090909091,mean score through terminal/frame cap,True,False
breakoutcnn,quality-reference,16777216,45.296813399,9.445454545454545,9.445454545454545,mean score through terminal/frame cap,True,False
breakoutcnn,quiet-owl-10,4194304,17.499626989,5.8121212121212125,5.8121212121212125,mean score through terminal/frame cap,False,True
breakoutcnn,quiet-owl-10,8388608,34.7097411555,5.6878787878787875,5.6878787878787875,mean score through terminal/frame cap,False,True
breakoutcnn,quiet-owl-10,12582912,52.029341847,5.763636363636364,5.763636363636364,mean score through terminal/frame cap,False,True
breakoutcnn,quiet-owl-10,16777216,69.18028168000001,6.109090909090909,6.109090909090909,mean score through terminal/frame cap,False,True
breakoutcnn,quiet-owl-11,4194304,11.0440002505,5.778787878787879,5.778787878787879,mean score through terminal/frame cap,True,False
breakoutcnn,quiet-owl-11,8388608,21.932544073000003,5.460606060606061,5.460606060606061,mean score through terminal/frame cap,False,True
breakoutcnn,quiet-owl-11,12582912,32.908778229,5.82121212121212,5.82121212121212,mean score through terminal/frame cap,False,True
breakoutcnn,quiet-owl-11,16777216,43.874728479,6.078787878787879,6.078787878787879,mean score through terminal/frame cap,False,True
breakoutcnn,quiet-owl-12,4194304,11.3054862585,5.139393939393939,5.139393939393939,mean score through terminal/frame cap,False,True
breakoutcnn,quiet-owl-12,8388608,22.351988261499997,5.693939393939393,5.693939393939393,mean score through terminal/frame cap,False,True
breakoutcnn,quiet-owl-12,12582912,33.3880478615,6.109090909090909,6.109090909090909,mean score through terminal/frame cap,False,True
breakoutcnn,quiet-owl-12,16777216,44.4640556155,6.2696969696969695,6.2696969696969695,mean score through terminal/frame cap,False,True
breakoutcnn,quiet-owl-13,4194304,18.336148274,5.657575757575758,5.657575757575758,mean score through terminal/frame cap,False,True
breakoutcnn,quiet-owl-13,8388608,36.486321114999996,5.687878787878788,5.687878787878788,mean score through terminal/frame cap,False,True
breakoutcnn,quiet-owl-13,12582912,54.6321207515,7.315151515151515,7.315151515151515,mean score through terminal/frame cap,False,True
breakoutcnn,quiet-owl-13,16777216,72.740694339,7.969696969696971,7.969696969696971,mean score through terminal/frame cap,False,True
breakoutcnn,quiet-owl-14,4194304,13.7055372915,5.918181818181818,5.918181818181818,mean score through terminal/frame cap,False,True
breakoutcnn,quiet-owl-14,8388608,26.886905639,5.442424242424242,5.442424242424242,mean score through terminal/frame cap,False,True
breakoutcnn,quiet-owl-14,12582912,40.0590840235,5.3969696969696965,5.3969696969696965,mean score through terminal/frame cap,False,True
breakoutcnn,quiet-owl-14,16777216,53.220810281,5.575757575757576,5.575757575757576,mean score through terminal/frame cap,False,True
breakoutcnn,quiet-owl-15,4194304,17.3337638615,6.424242424242424,6.424242424242424,mean score through terminal/frame cap,False,True
breakoutcnn,quiet-owl-15,8388608,34.5141506185,5.909090909090909,5.909090909090909,mean score through terminal/frame cap,False,True
breakoutcnn,quiet-owl-15,12582912,51.666585685,6.172727272727272,6.172727272727272,mean score through terminal/frame cap,False,True
breakoutcnn,quiet-owl-15,16777216,68.84252120900001,6.148484848484848,6.148484848484848,mean score through terminal/frame cap,False,True
breakoutcnn,quiet-owl-16,4194304,23.144318923,5.360606060606061,5.360606060606061,mean score through terminal/frame cap,False,True
breakoutcnn,quiet-owl-16,8388608,45.874231176500004,5.803030303030303,5.803030303030303,mean score through terminal/frame cap,False,True
breakoutcnn,quiet-owl-16,12582912,68.694684499,6.206060606060606,6.206060606060606,mean score through terminal/frame cap,False,True
breakoutcnn,quiet-owl-16,16777216,91.4184352405,6.324242424242424,6.324242424242424,mean score through terminal/frame cap,False,True
breakoutcnn,quiet-owl-17,4194304,11.0718763705,5.427272727272728,5.427272727272728,mean score through terminal/frame cap,False,True
breakoutcnn,quiet-owl-17,8388608,21.931056060000003,5.8,5.8,mean score through terminal/frame cap,False,True
breakoutcnn,quiet-owl-17,12582912,32.78414203849999,6.8121212121212125,6.8121212121212125,mean score through terminal/frame cap,False,True
breakoutcnn,quiet-owl-17,16777216,43.628851263499996,7.142424242424243,7.142424242424243,mean score through terminal/frame cap,False,True
breakoutcnn,quiet-owl-18,4194304,13.0145510185,5.8121212121212125,5.8121212121212125,mean score through terminal/frame cap,False,True
breakoutcnn,quiet-owl-18,8388608,25.8439762085,5.912121212121212,5.912121212121212,mean score through terminal/frame cap,False,True
breakoutcnn,quiet-owl-18,12582912,38.6693016835,5.948484848484848,5.948484848484848,mean score through terminal/frame cap,False,True
breakoutcnn,quiet-owl-18,16777216,51.478846357500004,5.915151515151515,5.915151515151515,mean score through terminal/frame cap,False,True
breakoutcnn,quiet-owl-19,4194304,18.898698377000002,5.639393939393939,5.639393939393939,mean score through terminal/frame cap,False,True
breakoutcnn,quiet-owl-19,8388608,37.6063590985,6.224242424242425,6.224242424242425,mean score through terminal/frame cap,False,True
breakoutcnn,quiet-owl-19,12582912,56.1155393405,6.472727272727272,6.472727272727272,mean score through terminal/frame cap,False,True
breakoutcnn,quiet-owl-19,16777216,74.81755629099999,6.466666666666667,6.466666666666667,mean score through terminal/frame cap,False,True
breakoutcnn,quiet-owl-20,4194304,21.244103352499998,5.4727272727272736,5.4727272727272736,mean score through terminal/frame cap,False,True
breakoutcnn,quiet-owl-20,8388608,42.404405698000005,6.090909090909091,6.090909090909091,mean score through terminal/frame cap,False,True
breakoutcnn,quiet-owl-20,12582912,63.759391989,6.772727272727272,6.772727272727272,mean score through terminal/frame cap,False,True
breakoutcnn,quiet-owl-20,16777216,85.0440378055,7.0,7.0,mean score through terminal/frame cap,False,True
breakoutcnn,quiet-owl-21,4194304,21.749440325,5.451515151515151,5.451515151515151,mean score through terminal/frame cap,False,True
breakoutcnn,quiet-owl-21,8388608,43.8482440405,5.621212121212121,5.621212121212121,mean score through terminal/frame cap,False,True
breakoutcnn,quiet-owl-21,12582912,65.543337831,6.303030303030303,6.303030303030303,mean score through terminal/frame cap,False,True
breakoutcnn,quiet-owl-21,16777216,87.0535105225,6.403030303030303,6.403030303030303,mean score through terminal/frame cap,False,True
breakoutcnn,quiet-owl-22,4194304,11.245725746000002,5.172727272727273,5.172727272727273,mean score through terminal/frame cap,False,True
breakoutcnn,quiet-owl-22,8388608,22.324625612,5.96969696969697,5.96969696969697,mean score through terminal/frame cap,False,True
breakoutcnn,quiet-owl-22,12582912,33.388840785,6.836363636363636,6.836363636363636,mean score through terminal/frame cap,False,True
breakoutcnn,quiet-owl-22,16777216,44.4400052735,7.415151515151516,7.415151515151516,mean score through terminal/frame cap,False,True
breakoutcnn,quiet-owl-23,4194304,11.678342125,5.43030303030303,5.43030303030303,mean score through terminal/frame cap,False,True
breakoutcnn,quiet-owl-23,8388608,23.2404116425,6.845454545454546,6.845454545454546,mean score through terminal/frame cap,True,False
breakoutcnn,quiet-owl-23,12582912,34.917404740500004,7.678787878787878,7.678787878787878,mean score through terminal/frame cap,False,True
breakoutcnn,quiet-owl-23,16777216,46.432137241,8.093939393939394,8.093939393939394,mean score through terminal/frame cap,False,True
breakoutcnn,quiet-owl-24,4194304,15.125707626,5.83939393939394,5.83939393939394,mean score through terminal/frame cap,False,True
breakoutcnn,quiet-owl-24,8388608,30.2136126905,5.857575757575757,5.857575757575757,mean score through terminal/frame cap,False,True
breakoutcnn,quiet-owl-24,12582912,45.1359175305,6.157575757575758,6.157575757575758,mean score through terminal/frame cap,False,True
breakoutcnn,quiet-owl-24,16777216,60.180854061999995,6.275757575757575,6.275757575757575,mean score through terminal/frame cap,False,True
breakoutcnn,quiet-owl-25,4194304,22.9089588075,5.409090909090909,5.409090909090909,mean score through terminal/frame cap,False,True
breakoutcnn,quiet-owl-25,8388608,45.712028399000005,5.775757575757575,5.775757575757575,mean score through terminal/frame cap,False,True
breakoutcnn,quiet-owl-25,12582912,68.389083767,9.057575757575759,9.057575757575759,mean score through terminal/frame cap,False,True
breakoutcnn,quiet-owl-25,16777216,91.285510419,10.727272727272728,10.727272727272728,mean score through terminal/frame cap,False,True
breakoutcnn,quiet-owl-26,4194304,11.4468097,5.427272727272728,5.427272727272728,mean score through terminal/frame cap,False,True
breakoutcnn,quiet-owl-26,8388608,22.688992184,5.8,5.8,mean score through terminal/frame cap,False,True
breakoutcnn,quiet-owl-26,12582912,33.923648749,6.8121212121212125,6.8121212121212125,mean score through terminal/frame cap,False,True
breakoutcnn,quiet-owl-26,16777216,45.1251926975,7.142424242424243,7.142424242424243,mean score through terminal/frame cap,False,True
breakoutcnn,quiet-owl-27,4194304,13.768424410000002,5.242424242424242,5.242424242424242,mean score through terminal/frame cap,False,True
breakoutcnn,quiet-owl-27,8388608,27.3729392955,5.7727272727272725,5.7727272727272725,mean score through terminal/frame cap,False,True
breakoutcnn,quiet-owl-27,12582912,40.882150536,5.724242424242425,5.724242424242425,mean score through terminal/frame cap,False,True
breakoutcnn,quiet-owl-27,16777216,54.430553582,5.972727272727273,5.972727272727273,mean score through terminal/frame cap,False,True
breakoutcnn,quiet-owl-28,4194304,11.844228555,5.43030303030303,5.43030303030303,mean score through terminal/frame cap,False,True
breakoutcnn,quiet-owl-28,8388608,23.502794082,6.845454545454546,6.845454545454546,mean score through terminal/frame cap,False,True
breakoutcnn,quiet-owl-28,12582912,35.129822744,7.678787878787878,7.678787878787878,mean score through terminal/frame cap,False,True
breakoutcnn,quiet-owl-28,16777216,46.83131848,8.093939393939394,8.093939393939394,mean score through terminal/frame cap,False,True
breakoutcnn,quiet-owl-29,4194304,22.970673963,5.615151515151515,5.615151515151515,mean score through terminal/frame cap,False,True
breakoutcnn,quiet-owl-29,8388608,45.786760305,6.209090909090909,6.209090909090909,mean score through terminal/frame cap,False,True
breakoutcnn,quiet-owl-29,12582912,68.569945343,8.030303030303031,8.030303030303031,mean score through terminal/frame cap,False,True
breakoutcnn,quiet-owl-29,16777216,91.33240595000001,8.133333333333333,8.133333333333333,mean score through terminal/frame cap,False,True
breakoutcnn,quiet-owl-30,4194304,20.8774577405,5.712121212121213,5.712121212121213,mean score through terminal/frame cap,False,True
breakoutcnn,quiet-owl-30,8388608,41.5763369085,6.2727272727272725,6.2727272727272725,mean score through terminal/frame cap,False,True
breakoutcnn,quiet-owl-30,12582912,62.2443235155,7.833333333333334,7.833333333333334,mean score through terminal/frame cap,False,True
breakoutcnn,quiet-owl-30,16777216,82.883687018,8.666666666666666,8.666666666666666,mean score through terminal/frame cap,False,True
breakoutcnn,quiet-owl-31,4194304,14.718483144,6.057575757575758,6.057575757575758,mean score through terminal/frame cap,False,True
breakoutcnn,quiet-owl-31,8388608,29.150443176499998,5.818181818181818,5.818181818181818,mean score through terminal/frame cap,False,True
breakoutcnn,quiet-owl-31,12582912,43.564660988,5.996969696969697,5.996969696969697,mean score through terminal/frame cap,False,True
breakoutcnn,quiet-owl-31,16777216,57.9963081015,5.86969696969697,5.86969696969697,mean score through terminal/frame cap,False,True
breakoutcnn,quiet-owl-32,4194304,16.4413366215,5.824242424242424,5.824242424242424,mean score through terminal/frame cap,False,True
breakoutcnn,quiet-owl-32,8388608,32.6829257185,5.775757575757575,5.775757575757575,mean score through terminal/frame cap,False,True
breakoutcnn,quiet-owl-32,12582912,48.899563529,6.139393939393939,6.139393939393939,mean score through terminal/frame cap,False,True
breakoutcnn,quiet-owl-32,16777216,65.165407523,6.275757575757575,6.275757575757575,mean score through terminal/frame cap,False,True
breakoutcnn,quiet-owl-33,4194304,15.474605730499999,5.421212121212121,5.421212121212121,mean score through terminal/frame cap,False,True
breakoutcnn,quiet-owl-33,8388608,30.7222845925,5.642424242424243,5.642424242424243,mean score through terminal/frame cap,False,True
breakoutcnn,quiet-owl-33,12582912,46.01376158,6.706060606060606,6.706060606060606,mean score through terminal/frame cap,False,True
breakoutcnn,quiet-owl-33,16777216,61.2093072325,6.945454545454545,6.945454545454545,mean score through terminal/frame cap,False,True
breakoutcnn,quiet-owl-34,4194304,19.8148762335,5.26969696969697,5.26969696969697,mean score through terminal/frame cap,False,True
breakoutcnn,quiet-owl-34,8388608,39.4786620295,5.906060606060606,5.906060606060606,mean score through terminal/frame cap,False,True
breakoutcnn,quiet-owl-34,12582912,59.1161570785,6.654545454545454,6.654545454545454,mean score through terminal/frame cap,False,True
breakoutcnn,quiet-owl-34,16777216,78.7489979405,6.609090909090909,6.609090909090909,mean score through terminal/frame cap,False,True
breakoutcnn,quiet-owl-35,4194304,20.8620877105,5.433333333333334,5.433333333333334,mean score through terminal/frame cap,False,True
breakoutcnn,quiet-owl-35,8388608,41.537933073999994,5.630303030303031,5.630303030303031,mean score through terminal/frame cap,False,True
breakoutcnn,quiet-owl-35,12582912,62.2750426385,11.472727272727273,11.472727272727273,mean score through terminal/frame cap,False,True
breakoutcnn,quiet-owl-35,16777216,83.051314081,13.621212121212121,13.621212121212121,mean score through terminal/frame cap,True,False
breakoutcnn,quiet-owl-36,4194304,23.3456464965,5.651515151515151,5.651515151515151,mean score through terminal/frame cap,False,True
breakoutcnn,quiet-owl-36,8388608,46.492812226,6.33939393939394,6.33939393939394,mean score through terminal/frame cap,False,True
breakoutcnn,quiet-owl-36,12582912,69.6130653925,6.87878787878788,6.87878787878788,mean score through terminal/frame cap,False,True
breakoutcnn,quiet-owl-36,16777216,92.72864032300001,7.3121212121212125,7.3121212121212125,mean score through terminal/frame cap,False,True
breakoutcnn,quiet-owl-37,4194304,22.7792946705,5.863636363636364,5.863636363636364,mean score through terminal/frame cap,False,True
breakoutcnn,quiet-owl-37,8388608,45.418424614,5.83030303030303,5.83030303030303,mean score through terminal/frame cap,False,True
breakoutcnn,quiet-owl-37,12582912,68.091601885,6.50909090909091,6.50909090909091,mean score through terminal/frame cap,False,True
breakoutcnn,quiet-owl-37,16777216,90.698523848,7.054545454545455,7.054545454545455,mean score through terminal/frame cap,False,True
breakoutcnn,quiet-owl-38,4194304,13.885034202,5.242424242424242,5.242424242424242,mean score through terminal/frame cap,False,True
breakoutcnn,quiet-owl-38,8388608,27.4903029955,5.7727272727272725,5.7727272727272725,mean score through terminal/frame cap,False,True
breakoutcnn,quiet-owl-38,12582912,41.077504691499996,5.724242424242425,5.724242424242425,mean score through terminal/frame cap,False,True
breakoutcnn,quiet-owl-38,16777216,54.639314738500005,5.972727272727273,5.972727272727273,mean score through terminal/frame cap,False,True
breakoutcnn,quiet-owl-39,4194304,16.3656012415,5.778787878787879,5.778787878787879,mean score through terminal/frame cap,False,True
breakoutcnn,quiet-owl-39,8388608,32.6213477725,6.154545454545454,6.154545454545454,mean score through terminal/frame cap,False,True
breakoutcnn,quiet-owl-39,12582912,48.808394636,7.333333333333333,7.333333333333333,mean score through terminal/frame cap,False,True
breakoutcnn,quiet-owl-39,16777216,64.9815766945,7.751515151515152,7.751515151515152,mean score through terminal/frame cap,False,True
breakoutcnn,quiet-owl-4,4194304,27.9175598275,5.630303030303031,5.630303030303031,mean score through terminal/frame cap,False,True
breakoutcnn,quiet-owl-4,8388608,55.611554677499996,6.051515151515152,6.051515151515152,mean score through terminal/frame cap,False,True
breakoutcnn,quiet-owl-4,12582912,83.9365919775,6.448484848484848,6.448484848484848,mean score through terminal/frame cap,False,True
breakoutcnn,quiet-owl-4,16777216,112.27496227099999,6.527272727272728,6.527272727272728,mean score through terminal/frame cap,False,True
breakoutcnn,quiet-owl-40,4194304,14.593906668999999,5.615151515151515,5.615151515151515,mean score through terminal/frame cap,False,True
breakoutcnn,quiet-owl-40,8388608,29.0274839355,5.657575757575757,5.657575757575757,mean score through terminal/frame cap,False,True
breakoutcnn,quiet-owl-40,12582912,43.443050903,6.678787878787878,6.678787878787878,mean score through terminal/frame cap,False,True
breakoutcnn,quiet-owl-40,16777216,57.8378771405,6.906060606060606,6.906060606060606,mean score through terminal/frame cap,False,True
breakoutcnn,quiet-owl-41,4194304,15.4871521275,5.421212121212121,5.421212121212121,mean score through terminal/frame cap,False,True
breakoutcnn,quiet-owl-41,8388608,30.723550103,5.642424242424243,5.642424242424243,mean score through terminal/frame cap,False,True
breakoutcnn,quiet-owl-41,12582912,45.959217205499996,6.706060606060606,6.706060606060606,mean score through terminal/frame cap,False,True
breakoutcnn,quiet-owl-41,16777216,61.2116154135,6.945454545454545,6.945454545454545,mean score through terminal/frame cap,False,True
breakoutcnn,quiet-owl-42,4194304,15.459768911,5.421212121212121,5.421212121212121,mean score through terminal/frame cap,False,True
breakoutcnn,quiet-owl-42,8388608,30.7424306405,5.642424242424243,5.642424242424243,mean score through terminal/frame cap,False,True
breakoutcnn,quiet-owl-42,12582912,45.957267533999996,6.706060606060606,6.706060606060606,mean score through terminal/frame cap,False,True
breakoutcnn,quiet-owl-42,16777216,61.18009695,6.945454545454545,6.945454545454545,mean score through terminal/frame cap,False,True
breakoutcnn,quiet-owl-43,4194304,15.5218687855,5.421212121212121,5.421212121212121,mean score through terminal/frame cap,False,True
breakoutcnn,quiet-owl-43,8388608,30.798399723,5.642424242424243,5.642424242424243,mean score through terminal/frame cap,False,True
breakoutcnn,quiet-owl-43,12582912,46.122616031999996,6.706060606060606,6.706060606060606,mean score through terminal/frame cap,False,True
breakoutcnn,quiet-owl-43,16777216,61.436602812000004,6.945454545454545,6.945454545454545,mean score through terminal/frame cap,False,True
breakoutcnn,quiet-owl-44,4194304,15.746001962000001,5.418181818181818,5.418181818181818,mean score through terminal/frame cap,False,True
breakoutcnn,quiet-owl-44,8388608,31.303695094,6.851515151515152,6.851515151515152,mean score through terminal/frame cap,False,True
breakoutcnn,quiet-owl-44,12582912,46.84799759,11.836363636363638,11.836363636363638,mean score through terminal/frame cap,False,True
breakoutcnn,quiet-owl-44,16777216,62.281778268,11.972727272727273,11.972727272727273,mean score through terminal/frame cap,False,True
breakoutcnn,quiet-owl-45,4194304,15.699964875,5.418181818181818,5.418181818181818,mean score through terminal/frame cap,False,True
breakoutcnn,quiet-owl-45,8388608,31.147151178500003,6.851515151515152,6.851515151515152,mean score through terminal/frame cap,True,False
breakoutcnn,quiet-owl-45,12582912,46.615353005,11.836363636363638,11.836363636363638,mean score through terminal/frame cap,True,False
breakoutcnn,quiet-owl-45,16777216,62.075415659499996,11.972727272727273,11.972727272727273,mean score through terminal/frame cap,True,False
breakoutcnn,quiet-owl-5,4194304,15.804928895,6.4393939393939394,6.4393939393939394,mean score through terminal/frame cap,False,True
breakoutcnn,quiet-owl-5,8388608,31.3294008035,6.409090909090909,6.409090909090909,mean score through terminal/frame cap,False,True
breakoutcnn,quiet-owl-5,12582912,46.837298145999995,6.4393939393939394,6.4393939393939394,mean score through terminal/frame cap,False,True
breakoutcnn,quiet-owl-5,16777216,62.1185354675,6.448484848484848,6.448484848484848,mean score through terminal/frame cap,False,True
breakoutcnn,quiet-owl-6,4194304,11.16858562,5.427272727272728,5.427272727272728,mean score through terminal/frame cap,False,True
breakoutcnn,quiet-owl-6,8388608,22.188939666499998,5.8,5.8,mean score through terminal/frame cap,False,True
breakoutcnn,quiet-owl-6,12582912,33.1935155275,6.8121212121212125,6.8121212121212125,mean score through terminal/frame cap,False,True
breakoutcnn,quiet-owl-6,16777216,44.095398598,7.142424242424243,7.142424242424243,mean score through terminal/frame cap,False,True
breakoutcnn,quiet-owl-7,4194304,13.620680413,6.806060606060607,6.806060606060607,mean score through terminal/frame cap,True,False
breakoutcnn,quiet-owl-7,8388608,27.1413813305,6.345454545454546,6.345454545454546,mean score through terminal/frame cap,False,True
breakoutcnn,quiet-owl-7,12582912,40.50778756850001,6.209090909090909,6.209090909090909,mean score through terminal/frame cap,False,True
breakoutcnn,quiet-owl-7,16777216,53.499137026,5.963636363636363,5.963636363636363,mean score through terminal/frame cap,False,True
breakoutcnn,quiet-owl-8,4194304,14.257733157,6.815151515151515,6.815151515151515,mean score through terminal/frame cap,True,False
breakoutcnn,quiet-owl-8,8388608,28.495581667499998,6.703030303030303,6.703030303030303,mean score through terminal/frame cap,False,True
breakoutcnn,quiet-owl-8,12582912,42.476030228499994,6.748484848484848,6.748484848484848,mean score through terminal/frame cap,False,True
breakoutcnn,quiet-owl-8,16777216,56.50893961,6.675757575757575,6.675757575757575,mean score through terminal/frame cap,False,True
breakoutcnn,quiet-owl-9,4194304,18.261714222000002,5.657575757575758,5.657575757575758,mean score through terminal/frame cap,False,True
breakoutcnn,quiet-owl-9,8388608,35.6936827335,5.687878787878788,5.687878787878788,mean score through terminal/frame cap,False,True
breakoutcnn,quiet-owl-9,12582912,52.750257592,7.315151515151515,7.315151515151515,mean score through terminal/frame cap,False,True
breakoutcnn,quiet-owl-9,16777216,69.8628985685,7.969696969696971,7.969696969696971,mean score through terminal/frame cap,False,True
breakoutcnn,swift-fox-3,4194304,11.1772912525,4.612121212121212,4.612121212121212,mean score through terminal/frame cap,False,True
breakoutcnn,swift-fox-3,8388608,22.0300834315,4.933333333333334,4.933333333333334,mean score through terminal/frame cap,False,True
breakoutcnn,swift-fox-3,12582912,32.75774089,5.372727272727273,5.372727272727273,mean score through terminal/frame cap,False,True
breakoutcnn,swift-fox-3,16777216,43.600363044000005,5.584848484848485,5.584848484848485,mean score through terminal/frame cap,False,True
connect4cnn,happy-cat-1,3328000,19.586946957000002,0.0030303030303030303,0.0030303030303030303,win fraction,False,True
connect4cnn,happy-cat-1,6656000,37.929808174499996,0.25303030303030305,0.25303030303030305,win fraction,False,True
connect4cnn,happy-cat-1,9984000,55.4100185305,0.33636363636363636,0.33636363636363636,win fraction,False,True
connect4cnn,happy-cat-1,13312000,72.8610600615,0.353030303030303,0.353030303030303,win fraction,False,True
connect4cnn,mystic-tree-2,3328000,22.067046406,0.0,0.0,win fraction,False,True
connect4cnn,mystic-tree-2,6656000,43.4810033125,0.0030303030303030303,0.0030303030303030303,win fraction,False,True
connect4cnn,mystic-tree-2,9984000,64.2552636505,0.010606060606060607,0.010606060606060607,win fraction,False,True
connect4cnn,mystic-tree-2,13312000,85.263877794,0.013636363636363636,0.013636363636363636,win fraction,False,True
connect4cnn,nature-cnn,3328000,20.477237373,0.0015151515151515152,0.0015151515151515152,win fraction,False,True
connect4cnn,nature-cnn,6656000,39.9525340725,0.36666666666666664,0.36666666666666664,win fraction,True,False
connect4cnn,nature-cnn,9984000,58.631574433,0.42272727272727273,0.42272727272727273,win fraction,False,True
connect4cnn,nature-cnn,13312000,77.50762675850001,0.4257575757575758,0.4257575757575758,win fraction,False,True
connect4cnn,quality-reference,3328000,19.924877033999998,0.004545454545454545,0.004545454545454545,win fraction,True,False
connect4cnn,quality-reference,6656000,38.6384946645,0.3181818181818182,0.3181818181818182,win fraction,True,False
connect4cnn,quality-reference,9984000,56.7333590265,0.41818181818181815,0.41818181818181815,win fraction,False,True
connect4cnn,quality-reference,13312000,75.0761587765,0.43787878787878787,0.43787878787878787,win fraction,False,True
connect4cnn,quiet-owl-10,3328000,23.760005824,0.004545454545454545,0.004545454545454545,win fraction,False,True
connect4cnn,quiet-owl-10,6656000,45.938938801999996,0.2636363636363636,0.2636363636363636,win fraction,False,True
connect4cnn,quiet-owl-10,9984000,67.59746445350001,0.29393939393939394,0.29393939393939394,win fraction,False,True
connect4cnn,quiet-owl-10,13312000,89.1177741365,0.29545454545454547,0.29545454545454547,win fraction,False,True
connect4cnn,quiet-owl-11,3328000,20.596988644,0.013636363636363636,0.013636363636363636,win fraction,True,False
connect4cnn,quiet-owl-11,6656000,40.4320701675,0.12727272727272726,0.12727272727272726,win fraction,False,True
connect4cnn,quiet-owl-11,9984000,59.330537912,0.24545454545454545,0.24545454545454545,win fraction,False,True
connect4cnn,quiet-owl-11,13312000,78.2552329805,0.2590909090909091,0.2590909090909091,win fraction,False,True
connect4cnn,quiet-owl-12,3328000,19.872636415499997,0.0015151515151515152,0.0015151515151515152,win fraction,False,True
connect4cnn,quiet-owl-12,6656000,38.508725158000004,0.16515151515151513,0.16515151515151513,win fraction,False,True
connect4cnn,quiet-owl-12,9984000,56.7219688705,0.3560606060606061,0.3560606060606061,win fraction,False,True
connect4cnn,quiet-owl-12,13312000,74.5281725025,0.3848484848484849,0.3848484848484849,win fraction,False,True
connect4cnn,quiet-owl-13,3328000,25.609455007,0.0030303030303030303,0.0030303030303030303,win fraction,False,True
connect4cnn,quiet-owl-13,6656000,49.729498181500006,0.33181818181818185,0.33181818181818185,win fraction,False,True
connect4cnn,quiet-owl-13,9984000,73.608997671,0.3606060606060606,0.3606060606060606,win fraction,False,True
connect4cnn,quiet-owl-13,13312000,97.37979748949999,0.36363636363636365,0.36363636363636365,win fraction,False,True
connect4cnn,quiet-owl-14,3328000,21.2302407195,0.0,0.0,win fraction,False,True
connect4cnn,quiet-owl-14,6656000,41.461108214999996,0.03939393939393939,0.03939393939393939,win fraction,False,True
connect4cnn,quiet-owl-14,9984000,61.069992469,0.07121212121212121,0.07121212121212121,win fraction,False,True
connect4cnn,quiet-owl-14,13312000,80.373107398,0.07424242424242425,0.07424242424242425,win fraction,False,True
connect4cnn,quiet-owl-15,3328000,24.359235872,0.0,0.0,win fraction,False,True
connect4cnn,quiet-owl-15,6656000,47.5596758955,0.021212121212121213,0.021212121212121213,win fraction,False,True
connect4cnn,quiet-owl-15,9984000,69.93698566,0.0590909090909091,0.0590909090909091,win fraction,False,True
connect4cnn,quiet-owl-15,13312000,92.14001154900001,0.06212121212121212,0.06212121212121212,win fraction,False,True
connect4cnn,quiet-owl-16,3328000,27.953901302,0.04090909090909091,0.04090909090909091,win fraction,False,True
connect4cnn,quiet-owl-16,6656000,54.731584342,0.36818181818181817,0.36818181818181817,win fraction,False,True
connect4cnn,quiet-owl-16,9984000,81.31017824450001,0.43636363636363634,0.43636363636363634,win fraction,False,True
connect4cnn,quiet-owl-16,13312000,108.00462875599999,0.43787878787878787,0.43787878787878787,win fraction,False,True
connect4cnn,quiet-owl-17,3328000,19.391538762,0.0030303030303030303,0.0030303030303030303,win fraction,True,False
connect4cnn,quiet-owl-17,6656000,37.673483340000004,0.25303030303030305,0.25303030303030305,win fraction,True,False
connect4cnn,quiet-owl-17,9984000,55.2577190715,0.33636363636363636,0.33636363636363636,win fraction,False,True
connect4cnn,quiet-owl-17,13312000,72.714470611,0.353030303030303,0.353030303030303,win fraction,False,True
connect4cnn,quiet-owl-18,3328000,20.9193414555,0.0,0.0,win fraction,False,True
connect4cnn,quiet-owl-18,6656000,40.8749301525,0.10303030303030303,0.10303030303030303,win fraction,False,True
connect4cnn,quiet-owl-18,9984000,59.975306657,0.15,0.15,win fraction,False,True
connect4cnn,quiet-owl-18,13312000,78.92208045550001,0.15303030303030302,0.15303030303030302,win fraction,False,True
connect4cnn,quiet-owl-19,3328000,25.408432419,0.0015151515151515152,0.0015151515151515152,win fraction,False,True
connect4cnn,quiet-owl-19,6656000,49.4998023265,0.30303030303030304,0.30303030303030304,win fraction,False,True
connect4cnn,quiet-owl-19,9984000,73.32768052,0.3621212121212121,0.3621212121212121,win fraction,False,True
connect4cnn,quiet-owl-19,13312000,97.259648329,0.3696969696969697,0.3696969696969697,win fraction,False,True
connect4cnn,quiet-owl-20,3328000,27.391031509999998,0.0015151515151515152,0.0015151515151515152,win fraction,False,True
connect4cnn,quiet-owl-20,6656000,53.361508947000004,0.21515151515151515,0.21515151515151515,win fraction,False,True
connect4cnn,quiet-owl-20,9984000,79.42890779250001,0.21666666666666665,0.21666666666666665,win fraction,False,True
connect4cnn,quiet-owl-20,13312000,105.300606059,0.21515151515151515,0.21515151515151515,win fraction,False,True
connect4cnn,quiet-owl-21,3328000,27.944871437,0.0030303030303030303,0.0030303030303030303,win fraction,False,True
connect4cnn,quiet-owl-21,6656000,54.823700402,0.30303030303030304,0.30303030303030304,win fraction,False,True
connect4cnn,quiet-owl-21,9984000,81.8094353015,0.33181818181818185,0.33181818181818185,win fraction,False,True
connect4cnn,quiet-owl-21,13312000,108.635893891,0.33181818181818185,0.33181818181818185,win fraction,False,True
connect4cnn,quiet-owl-22,3328000,19.742972066999997,0.0030303030303030303,0.0030303030303030303,win fraction,False,True
connect4cnn,quiet-owl-22,6656000,38.2494016375,0.2833333333333333,0.2833333333333333,win fraction,True,False
connect4cnn,quiet-owl-22,9984000,56.0490528315,0.42878787878787883,0.42878787878787883,win fraction,True,False
connect4cnn,quiet-owl-22,13312000,73.84036636249999,0.45,0.45,win fraction,False,True
connect4cnn,quiet-owl-23,3328000,20.0811680525,0.0,0.0,win fraction,False,True
connect4cnn,quiet-owl-23,6656000,38.743664616000004,0.2863636363636364,0.2863636363636364,win fraction,False,True
connect4cnn,quiet-owl-23,9984000,56.786239258500004,0.34393939393939393,0.34393939393939393,win fraction,False,True
connect4cnn,quiet-owl-23,13312000,74.797420031,0.38181818181818183,0.38181818181818183,win fraction,False,True
connect4cnn,quiet-owl-24,3328000,22.7725350385,0.0,0.0,win fraction,False,True
connect4cnn,quiet-owl-24,6656000,44.080788332,0.15606060606060607,0.15606060606060607,win fraction,False,True
connect4cnn,quiet-owl-24,9984000,65.01177982249999,0.22424242424242422,0.22424242424242422,win fraction,False,True
connect4cnn,quiet-owl-24,13312000,85.8220390805,0.23030303030303031,0.23030303030303031,win fraction,False,True
connect4cnn,quiet-owl-25,3328000,28.332580520500002,0.013636363636363636,0.013636363636363636,win fraction,False,True
connect4cnn,quiet-owl-25,6656000,55.091384933,0.3287878787878788,0.3287878787878788,win fraction,False,True
connect4cnn,quiet-owl-25,9984000,81.446477973,0.36666666666666664,0.36666666666666664,win fraction,False,True
connect4cnn,quiet-owl-25,13312000,107.900633755,0.36818181818181817,0.36818181818181817,win fraction,False,True
connect4cnn,quiet-owl-26,3328000,19.828809214499998,0.0030303030303030303,0.0030303030303030303,win fraction,False,True
connect4cnn,quiet-owl-26,6656000,38.553020733,0.25303030303030305,0.25303030303030305,win fraction,False,True
connect4cnn,quiet-owl-26,9984000,56.470446248,0.33636363636363636,0.33636363636363636,win fraction,False,True
connect4cnn,quiet-owl-26,13312000,74.3666589355,0.353030303030303,0.353030303030303,win fraction,False,True
connect4cnn,quiet-owl-27,3328000,21.5176084205,0.006060606060606061,0.006060606060606061,win fraction,False,True
connect4cnn,quiet-owl-27,6656000,41.3896769465,0.32727272727272727,0.32727272727272727,win fraction,False,True
connect4cnn,quiet-owl-27,9984000,61.066010889,0.4318181818181818,0.4318181818181818,win fraction,True,False
connect4cnn,quiet-owl-27,13312000,80.49872548799999,0.4257575757575758,0.4257575757575758,win fraction,False,True
connect4cnn,quiet-owl-28,3328000,20.1618503335,0.0,0.0,win fraction,False,True
connect4cnn,quiet-owl-28,6656000,39.051616813500004,0.2863636363636364,0.2863636363636364,win fraction,False,True
connect4cnn,quiet-owl-28,9984000,57.394033836999995,0.34393939393939393,0.34393939393939393,win fraction,False,True
connect4cnn,quiet-owl-28,13312000,75.724040766,0.38181818181818183,0.38181818181818183,win fraction,False,True
connect4cnn,quiet-owl-29,3328000,28.481493956,0.09242424242424244,0.09242424242424244,win fraction,True,False
connect4cnn,quiet-owl-29,6656000,55.610770750499995,0.28030303030303033,0.28030303030303033,win fraction,False,True
connect4cnn,quiet-owl-29,9984000,82.66679055750001,0.3515151515151515,0.3515151515151515,win fraction,False,True
connect4cnn,quiet-owl-29,13312000,109.723267482,0.353030303030303,0.353030303030303,win fraction,False,True
connect4cnn,quiet-owl-30,3328000,27.099450134999998,0.03939393939393939,0.03939393939393939,win fraction,False,True
connect4cnn,quiet-owl-30,6656000,52.833725078499995,0.38181818181818183,0.38181818181818183,win fraction,False,True
connect4cnn,quiet-owl-30,9984000,78.2523355555,0.396969696969697,0.396969696969697,win fraction,False,True
connect4cnn,quiet-owl-30,13312000,103.6973720135,0.4,0.4,win fraction,False,True
connect4cnn,quiet-owl-31,3328000,22.42120072,0.006060606060606061,0.006060606060606061,win fraction,False,True
connect4cnn,quiet-owl-31,6656000,43.2650954205,0.22424242424242422,0.22424242424242422,win fraction,False,True
connect4cnn,quiet-owl-31,9984000,63.8050616435,0.2393939393939394,0.2393939393939394,win fraction,False,True
connect4cnn,quiet-owl-31,13312000,84.3121031215,0.2606060606060606,0.2606060606060606,win fraction,False,True
connect4cnn,quiet-owl-32,3328000,23.638868827,0.01818181818181818,0.01818181818181818,win fraction,False,True
connect4cnn,quiet-owl-32,6656000,45.810169899499996,0.36818181818181817,0.36818181818181817,win fraction,False,True
connect4cnn,quiet-owl-32,9984000,67.8080842505,0.4424242424242424,0.4424242424242424,win fraction,False,True
connect4cnn,quiet-owl-32,13312000,89.7069045345,0.453030303030303,0.453030303030303,win fraction,False,True
connect4cnn,quiet-owl-33,3328000,22.854772361000002,0.004545454545454545,0.004545454545454545,win fraction,False,True
connect4cnn,quiet-owl-33,6656000,44.265800669,0.3015151515151515,0.3015151515151515,win fraction,False,True
connect4cnn,quiet-owl-33,9984000,65.481749026,0.41060606060606053,0.41060606060606053,win fraction,False,True
connect4cnn,quiet-owl-33,13312000,86.6476951375,0.4333333333333333,0.4333333333333333,win fraction,False,True
connect4cnn,quiet-owl-34,3328000,25.6931280235,0.031818181818181815,0.031818181818181815,win fraction,False,True
connect4cnn,quiet-owl-34,6656000,49.901897223000006,0.3257575757575758,0.3257575757575758,win fraction,False,True
connect4cnn,quiet-owl-34,9984000,73.89975818799999,0.3318181818181818,0.3318181818181818,win fraction,False,True
connect4cnn,quiet-owl-34,13312000,97.83214611349999,0.33484848484848484,0.33484848484848484,win fraction,False,True
connect4cnn,quiet-owl-35,3328000,27.245415156500002,0.01818181818181818,0.01818181818181818,win fraction,False,True
connect4cnn,quiet-owl-35,6656000,52.916066209,0.35,0.35,win fraction,False,True
connect4cnn,quiet-owl-35,9984000,78.554895408,0.38333333333333336,0.38333333333333336,win fraction,False,True
connect4cnn,quiet-owl-35,13312000,104.04751354,0.3893939393939394,0.3893939393939394,win fraction,False,True
connect4cnn,quiet-owl-36,3328000,28.9719092565,0.1196969696969697,0.1196969696969697,win fraction,True,False
connect4cnn,quiet-owl-36,6656000,56.376721577,0.3621212121212121,0.3621212121212121,win fraction,False,True
connect4cnn,quiet-owl-36,9984000,83.530015999,0.3939393939393939,0.3939393939393939,win fraction,False,True
connect4cnn,quiet-owl-36,13312000,110.7725240985,0.3939393939393939,0.3939393939393939,win fraction,False,True
connect4cnn,quiet-owl-37,3328000,28.5109806905,0.10303030303030303,0.10303030303030303,win fraction,True,False
connect4cnn,quiet-owl-37,6656000,55.6188546675,0.42727272727272725,0.42727272727272725,win fraction,True,False
connect4cnn,quiet-owl-37,9984000,82.764560149,0.48636363636363633,0.48636363636363633,win fraction,True,False
connect4cnn,quiet-owl-37,13312000,109.86856406,0.4893939393939394,0.4893939393939394,win fraction,True,False
connect4cnn,quiet-owl-38,3328000,21.6398452235,0.006060606060606061,0.006060606060606061,win fraction,False,True
connect4cnn,quiet-owl-38,6656000,41.700607271,0.32727272727272727,0.32727272727272727,win fraction,False,True
connect4cnn,quiet-owl-38,9984000,61.3916676375,0.4318181818181818,0.4318181818181818,win fraction,False,True
connect4cnn,quiet-owl-38,13312000,80.90395838200001,0.4257575757575758,0.4257575757575758,win fraction,False,True
connect4cnn,quiet-owl-39,3328000,23.6742358795,0.04090909090909091,0.04090909090909091,win fraction,True,False
connect4cnn,quiet-owl-39,6656000,45.759891527,0.4,0.4,win fraction,False,True
connect4cnn,quiet-owl-39,9984000,67.71659299999999,0.44545454545454544,0.44545454545454544,win fraction,False,True
connect4cnn,quiet-owl-39,13312000,89.59217356900001,0.44545454545454544,0.44545454545454544,win fraction,False,True
connect4cnn,quiet-owl-4,3328000,31.591388149500002,0.04090909090909091,0.04090909090909091,win fraction,False,True
connect4cnn,quiet-owl-4,6656000,61.770029944,0.36818181818181817,0.36818181818181817,win fraction,False,True
connect4cnn,quiet-owl-4,9984000,91.7147925735,0.40151515151515155,0.40151515151515155,win fraction,False,True
connect4cnn,quiet-owl-4,13312000,121.930036457,0.40606060606060607,0.40606060606060607,win fraction,False,True
connect4cnn,quiet-owl-40,3328000,22.2917465415,0.0,0.0,win fraction,False,True
connect4cnn,quiet-owl-40,6656000,43.2976647015,0.27575757575757576,0.27575757575757576,win fraction,False,True
connect4cnn,quiet-owl-40,9984000,63.9815689195,0.32727272727272727,0.32727272727272727,win fraction,False,True
connect4cnn,quiet-owl-40,13312000,84.5793309345,0.3393939393939394,0.3393939393939394,win fraction,False,True
connect4cnn,quiet-owl-41,3328000,22.829389605499998,0.004545454545454545,0.004545454545454545,win fraction,False,True
connect4cnn,quiet-owl-41,6656000,44.149465672999995,0.3015151515151515,0.3015151515151515,win fraction,False,True
connect4cnn,quiet-owl-41,9984000,65.36059549699999,0.41060606060606053,0.41060606060606053,win fraction,False,True
connect4cnn,quiet-owl-41,13312000,86.550340333,0.4333333333333333,0.4333333333333333,win fraction,False,True
connect4cnn,quiet-owl-42,3328000,23.067834293,0.004545454545454545,0.004545454545454545,win fraction,False,True
connect4cnn,quiet-owl-42,6656000,44.5939961085,0.3015151515151515,0.3015151515151515,win fraction,False,True
connect4cnn,quiet-owl-42,9984000,66.0250189975,0.41060606060606053,0.41060606060606053,win fraction,False,True
connect4cnn,quiet-owl-42,13312000,87.357471786,0.4333333333333333,0.4333333333333333,win fraction,False,True
connect4cnn,quiet-owl-43,3328000,23.007600709000002,0.004545454545454545,0.004545454545454545,win fraction,False,True
connect4cnn,quiet-owl-43,6656000,44.609710151499996,0.3015151515151515,0.3015151515151515,win fraction,False,True
connect4cnn,quiet-owl-43,9984000,65.991325058,0.41060606060606053,0.41060606060606053,win fraction,False,True
connect4cnn,quiet-owl-43,13312000,87.279445438,0.4333333333333333,0.4333333333333333,win fraction,False,True
connect4cnn,quiet-owl-44,3328000,22.89089046,0.03484848484848485,0.03484848484848485,win fraction,True,False
connect4cnn,quiet-owl-44,6656000,44.228781884,0.4045454545454546,0.4045454545454546,win fraction,False,True
connect4cnn,quiet-owl-44,9984000,65.312399409,0.45,0.45,win fraction,False,True
connect4cnn,quiet-owl-44,13312000,86.32065153799999,0.4590909090909091,0.4590909090909091,win fraction,False,True
connect4cnn,quiet-owl-45,3328000,22.9011878345,0.03484848484848485,0.03484848484848485,win fraction,False,True
connect4cnn,quiet-owl-45,6656000,44.145437405500005,0.4045454545454546,0.4045454545454546,win fraction,True,False
connect4cnn,quiet-owl-45,9984000,65.2306743245,0.45,0.45,win fraction,True,False
connect4cnn,quiet-owl-45,13312000,86.30113711,0.4590909090909091,0.4590909090909091,win fraction,False,True
connect4cnn,quiet-owl-5,3328000,23.5901682025,0.0,0.0,win fraction,False,True
connect4cnn,quiet-owl-5,6656000,46.270875272,0.0,0.0,win fraction,False,True
connect4cnn,quiet-owl-5,9984000,68.12593398499999,0.0,0.0,win fraction,False,True
connect4cnn,quiet-owl-5,13312000,90.393823057,0.0015151515151515152,0.0015151515151515152,win fraction,False,True
connect4cnn,quiet-owl-6,3328000,19.695777177,0.0030303030303030303,0.0030303030303030303,win fraction,False,True
connect4cnn,quiet-owl-6,6656000,38.196521925,0.25303030303030305,0.25303030303030305,win fraction,False,True
connect4cnn,quiet-owl-6,9984000,55.872739499,0.33636363636363636,0.33636363636363636,win fraction,False,True
connect4cnn,quiet-owl-6,13312000,73.54014731000001,0.353030303030303,0.353030303030303,win fraction,False,True
connect4cnn,quiet-owl-7,3328000,22.304943360000003,0.0030303030303030303,0.0030303030303030303,win fraction,False,True
connect4cnn,quiet-owl-7,6656000,43.0552063015,0.13636363636363638,0.13636363636363638,win fraction,False,True
connect4cnn,quiet-owl-7,9984000,63.380879371,0.17878787878787877,0.17878787878787877,win fraction,False,True
connect4cnn,quiet-owl-7,13312000,83.7257196185,0.18484848484848485,0.18484848484848485,win fraction,False,True
connect4cnn,quiet-owl-8,3328000,21.8520412115,0.0015151515151515152,0.0015151515151515152,win fraction,False,True
connect4cnn,quiet-owl-8,6656000,41.7684424555,0.0787878787878788,0.0787878787878788,win fraction,False,True
connect4cnn,quiet-owl-8,9984000,61.299743373,0.1318181818181818,0.1318181818181818,win fraction,False,True
connect4cnn,quiet-owl-8,13312000,80.84892718149999,0.14242424242424243,0.14242424242424243,win fraction,False,True
connect4cnn,quiet-owl-9,3328000,24.761739130000002,0.0030303030303030303,0.0030303030303030303,win fraction,False,True
connect4cnn,quiet-owl-9,6656000,47.865266922,0.33181818181818185,0.33181818181818185,win fraction,False,True
connect4cnn,quiet-owl-9,9984000,71.253006301,0.3606060606060606,0.3606060606060606,win fraction,False,True
connect4cnn,quiet-owl-9,13312000,94.545395454,0.36363636363636365,0.36363636363636365,win fraction,False,True
connect4cnn,swift-fox-3,3328000,19.4704982995,0.0,0.0,win fraction,False,True
connect4cnn,swift-fox-3,6656000,38.500066901,0.0,0.0,win fraction,False,True
connect4cnn,swift-fox-3,9984000,57.1409930675,0.0,0.0,win fraction,False,True
connect4cnn,swift-fox-3,13312000,75.4948596875,0.0,0.0,win fraction,False,True
flappycnn,happy-cat-1,4980736,9.630066455,3.2337662337662336,3.2337662337662336,mean pipes,True,False
flappycnn,happy-cat-1,9961472,19.0596245925,6.166666666666666,6.166666666666666,mean pipes,False,True
flappycnn,happy-cat-1,14942208,28.596498944,9.283549783549784,9.283549783549784,mean pipes,False,True
flappycnn,happy-cat-1,19922944,38.186195673,15.781385281385282,15.781385281385282,mean pipes,False,True
flappycnn,mystic-tree-2,4980736,13.77554084,1.5,1.5,mean pipes,False,True
flappycnn,mystic-tree-2,9961472,27.378206649,3.807359307359307,3.807359307359307,mean pipes,False,True
flappycnn,mystic-tree-2,14942208,40.705391479,7.136363636363636,7.136363636363636,mean pipes,False,True
flappycnn,mystic-tree-2,19922944,54.0108062655,7.37878787878788,7.37878787878788,mean pipes,False,True
flappycnn,nature-cnn,4980736,11.0763770205,4.521645021645022,4.521645021645022,mean pipes,False,True
flappycnn,nature-cnn,9961472,21.678831616,18.42207792207792,18.42207792207792,mean pipes,True,False
flappycnn,nature-cnn,14942208,32.2230493865,20.071428571428573,20.071428571428573,mean pipes,False,True
flappycnn,nature-cnn,19922944,42.764945989,33.04112554112554,33.04112554112554,mean pipes,True,False
flappycnn,quality-reference,4980736,10.6527288465,5.205627705627705,5.205627705627705,mean pipes,False,True
flappycnn,quality-reference,9961472,21.0900999915,13.270562770562771,13.270562770562771,mean pipes,False,True
flappycnn,quality-reference,14942208,31.422570245000003,11.595238095238093,11.595238095238093,mean pipes,False,True
flappycnn,quality-reference,19922944,41.811422949000004,24.3961038961039,24.3961038961039,mean pipes,False,True
flappycnn,quiet-owl-10,4980736,17.068596293,1.2316017316017316,1.2316017316017316,mean pipes,False,True
flappycnn,quiet-owl-10,9961472,33.76704103,4.244588744588745,4.244588744588745,mean pipes,False,True
flappycnn,quiet-owl-10,14942208,50.846574241499994,11.073593073593072,11.073593073593072,mean pipes,False,True
flappycnn,quiet-owl-10,19922944,68.014400303,20.134199134199132,20.134199134199132,mean pipes,False,True
flappycnn,quiet-owl-11,4980736,9.6640591315,2.5757575757575757,2.5757575757575757,mean pipes,False,True
flappycnn,quiet-owl-11,9961472,19.1125261655,6.8809523809523805,6.8809523809523805,mean pipes,False,True
flappycnn,quiet-owl-11,14942208,28.587185038,14.025974025974024,14.025974025974024,mean pipes,False,True
flappycnn,quiet-owl-11,19922944,38.041966977499996,19.019480519480517,19.019480519480517,mean pipes,False,True
flappycnn,quiet-owl-12,4980736,9.96961044,4.322510822510822,4.322510822510822,mean pipes,True,False
flappycnn,quiet-owl-12,9961472,19.7175116735,7.121212121212122,7.121212121212122,mean pipes,False,True
flappycnn,quiet-owl-12,14942208,29.430701222,19.01082251082251,19.01082251082251,mean pipes,True,False
flappycnn,quiet-owl-12,19922944,39.127821929,20.23160173160173,20.23160173160173,mean pipes,False,True
flappycnn,quiet-owl-13,4980736,18.699430282999998,3.188311688311688,3.188311688311688,mean pipes,False,True
flappycnn,quiet-owl-13,9961472,37.254003746500004,10.33982683982684,10.33982683982684,mean pipes,False,True
flappycnn,quiet-owl-13,14942208,55.7739393715,10.683982683982686,10.683982683982686,mean pipes,False,True
flappycnn,quiet-owl-13,19922944,74.34167721899999,13.071428571428571,13.071428571428571,mean pipes,False,True
flappycnn,quiet-owl-14,4980736,12.523585326500001,4.043290043290043,4.043290043290043,mean pipes,False,True
flappycnn,quiet-owl-14,9961472,24.8450852995,2.9956709956709955,2.9956709956709955,mean pipes,False,True
flappycnn,quiet-owl-14,14942208,37.1672440535,17.677489177489175,17.677489177489175,mean pipes,False,True
flappycnn,quiet-owl-14,19922944,49.495808365,11.454545454545455,11.454545454545455,mean pipes,False,True
flappycnn,quiet-owl-15,4980736,17.212785273999998,0.922077922077922,0.922077922077922,mean pipes,False,True
flappycnn,quiet-owl-15,9961472,34.251386066,2.4134199134199137,2.4134199134199137,mean pipes,False,True
flappycnn,quiet-owl-15,14942208,51.3325901655,8.645021645021645,8.645021645021645,mean pipes,False,True
flappycnn,quiet-owl-15,19922944,68.453319205,15.841991341991342,15.841991341991342,mean pipes,False,True
flappycnn,quiet-owl-16,4980736,23.380806672,2.718614718614719,2.718614718614719,mean pipes,False,True
flappycnn,quiet-owl-16,9961472,46.824867376,4.147186147186147,4.147186147186147,mean pipes,False,True
flappycnn,quiet-owl-16,14942208,70.44195740699999,11.422077922077921,11.422077922077921,mean pipes,False,True
flappycnn,quiet-owl-16,19922944,94.20809161400001,14.017316017316018,14.017316017316018,mean pipes,False,True
flappycnn,quiet-owl-17,4980736,9.7037757835,3.2337662337662336,3.2337662337662336,mean pipes,False,True
flappycnn,quiet-owl-17,9961472,19.226867798999997,6.166666666666666,6.166666666666666,mean pipes,False,True
flappycnn,quiet-owl-17,14942208,28.752802881,9.283549783549784,9.283549783549784,mean pipes,False,True
flappycnn,quiet-owl-17,19922944,38.2577923935,15.781385281385282,15.781385281385282,mean pipes,False,True
flappycnn,quiet-owl-18,4980736,12.1004568045,3.2510822510822512,3.2510822510822512,mean pipes,False,True
flappycnn,quiet-owl-18,9961472,24.014187391,6.391774891774892,6.391774891774892,mean pipes,False,True
flappycnn,quiet-owl-18,14942208,35.930780345,14.25108225108225,14.25108225108225,mean pipes,False,True
flappycnn,quiet-owl-18,19922944,47.844318227,4.424242424242424,4.424242424242424,mean pipes,False,True
flappycnn,quiet-owl-19,4980736,19.094174694,4.807359307359307,4.807359307359307,mean pipes,False,True
flappycnn,quiet-owl-19,9961472,38.2489520915,7.703463203463204,7.703463203463204,mean pipes,False,True
flappycnn,quiet-owl-19,14942208,57.43008673,17.77056277056277,17.77056277056277,mean pipes,False,True
flappycnn,quiet-owl-19,19922944,76.65235583399999,13.231601731601732,13.231601731601732,mean pipes,False,True
flappycnn,quiet-owl-20,4980736,22.2258103235,4.915584415584415,4.915584415584415,mean pipes,False,True
flappycnn,quiet-owl-20,9961472,44.1764131755,11.233766233766234,11.233766233766234,mean pipes,False,True
flappycnn,quiet-owl-20,14942208,65.8393219935,2.4523809523809526,2.4523809523809526,mean pipes,False,True
flappycnn,quiet-owl-20,19922944,87.8499204215,6.837662337662338,6.837662337662338,mean pipes,False,True
flappycnn,quiet-owl-21,4980736,23.3515771,1.738095238095238,1.738095238095238,mean pipes,False,True
flappycnn,quiet-owl-21,9961472,46.293840767,7.712121212121211,7.712121212121211,mean pipes,False,True
flappycnn,quiet-owl-21,14942208,68.9285936985,13.666666666666668,13.666666666666668,mean pipes,False,True
flappycnn,quiet-owl-21,19922944,91.261977665,23.028138528138527,23.028138528138527,mean pipes,False,True
flappycnn,quiet-owl-22,4980736,9.96295561,3.119047619047619,3.119047619047619,mean pipes,False,True
flappycnn,quiet-owl-22,9961472,19.6840996035,13.341991341991342,13.341991341991342,mean pipes,True,False
flappycnn,quiet-owl-22,14942208,29.48228395,14.095238095238093,14.095238095238093,mean pipes,False,True
flappycnn,quiet-owl-22,19922944,39.3297754395,23.445887445887447,23.445887445887447,mean pipes,False,True
flappycnn,quiet-owl-23,4980736,10.5089168585,8.41125541125541,8.41125541125541,mean pipes,True,False
flappycnn,quiet-owl-23,9961472,20.7988668625,12.982683982683982,12.982683982683982,mean pipes,False,True
flappycnn,quiet-owl-23,14942208,31.129986487,24.227272727272727,24.227272727272727,mean pipes,True,False
flappycnn,quiet-owl-23,19922944,41.380970726,29.045454545454543,29.045454545454543,mean pipes,True,False
flappycnn,quiet-owl-24,4980736,15.157990138999999,1.7878787878787876,1.7878787878787876,mean pipes,False,True
flappycnn,quiet-owl-24,9961472,30.1093947105,2.196969696969697,2.196969696969697,mean pipes,False,True
flappycnn,quiet-owl-24,14942208,44.835981051999994,4.461038961038961,4.461038961038961,mean pipes,False,True
flappycnn,quiet-owl-24,19922944,59.361505645,13.562770562770563,13.562770562770563,mean pipes,False,True
flappycnn,quiet-owl-25,4980736,22.932723713,2.720779220779221,2.720779220779221,mean pipes,False,True
flappycnn,quiet-owl-25,9961472,45.599099791499995,12.536796536796535,12.536796536796535,mean pipes,False,True
flappycnn,quiet-owl-25,14942208,68.45016643599999,4.1645021645021645,4.1645021645021645,mean pipes,False,True
flappycnn,quiet-owl-25,19922944,91.661955559,14.497835497835498,14.497835497835498,mean pipes,False,True
flappycnn,quiet-owl-26,4980736,10.1600729095,3.2337662337662336,3.2337662337662336,mean pipes,False,True
flappycnn,quiet-owl-26,9961472,20.077207818,6.166666666666666,6.166666666666666,mean pipes,False,True
flappycnn,quiet-owl-26,14942208,30.0464243315,9.283549783549784,9.283549783549784,mean pipes,False,True
flappycnn,quiet-owl-26,19922944,40.049356294999995,15.781385281385282,15.781385281385282,mean pipes,False,True
flappycnn,quiet-owl-27,4980736,12.982006704,3.175324675324675,3.175324675324675,mean pipes,False,True
flappycnn,quiet-owl-27,9961472,25.757552968,8.097402597402597,8.097402597402597,mean pipes,False,True
flappycnn,quiet-owl-27,14942208,38.5238572365,12.753246753246753,12.753246753246753,mean pipes,False,True
flappycnn,quiet-owl-27,19922944,51.287020429500004,14.352813852813853,14.352813852813853,mean pipes,False,True
flappycnn,quiet-owl-28,4980736,10.697454134000001,8.41125541125541,8.41125541125541,mean pipes,False,True
flappycnn,quiet-owl-28,9961472,21.201602717500002,12.982683982683982,12.982683982683982,mean pipes,False,True
flappycnn,quiet-owl-28,14942208,31.689346598,24.227272727272727,24.227272727272727,mean pipes,False,True
flappycnn,quiet-owl-28,19922944,42.203056084500005,29.045454545454543,29.045454545454543,mean pipes,False,True
flappycnn,quiet-owl-29,4980736,23.9327244105,2.29004329004329,2.29004329004329,mean pipes,False,True
flappycnn,quiet-owl-29,9961472,47.6238579535,14.084415584415584,14.084415584415584,mean pipes,False,True
flappycnn,quiet-owl-29,14942208,71.3372320165,11.108225108225108,11.108225108225108,mean pipes,False,True
flappycnn,quiet-owl-29,19922944,95.094697943,18.785714285714285,18.785714285714285,mean pipes,False,True
flappycnn,quiet-owl-30,4980736,21.408922235,2.844155844155844,2.844155844155844,mean pipes,False,True
flappycnn,quiet-owl-30,9961472,42.7319834715,15.645021645021645,15.645021645021645,mean pipes,False,True
flappycnn,quiet-owl-30,14942208,64.00645917899999,3.800865800865801,3.800865800865801,mean pipes,False,True
flappycnn,quiet-owl-30,19922944,85.3499521135,25.519480519480517,25.519480519480517,mean pipes,False,True
flappycnn,quiet-owl-31,4980736,14.005029800500001,2.6948051948051948,2.6948051948051948,mean pipes,False,True
flappycnn,quiet-owl-31,9961472,27.794030360500003,10.87012987012987,10.87012987012987,mean pipes,False,True
flappycnn,quiet-owl-31,14942208,41.63478596,10.75757575757576,10.75757575757576,mean pipes,False,True
flappycnn,quiet-owl-31,19922944,55.554563284,18.35064935064935,18.35064935064935,mean pipes,False,True
flappycnn,quiet-owl-32,4980736,16.1919782445,4.041125541125541,4.041125541125541,mean pipes,False,True
flappycnn,quiet-owl-32,9961472,32.24524600549999,5.7316017316017325,5.7316017316017325,mean pipes,False,True
flappycnn,quiet-owl-32,14942208,48.267354533,8.48917748917749,8.48917748917749,mean pipes,False,True
flappycnn,quiet-owl-32,19922944,64.256921827,14.333333333333332,14.333333333333332,mean pipes,False,True
flappycnn,quiet-owl-33,4980736,15.008650562,2.7272727272727275,2.7272727272727275,mean pipes,False,True
flappycnn,quiet-owl-33,9961472,29.820325032,2.5194805194805197,2.5194805194805197,mean pipes,False,True
flappycnn,quiet-owl-33,14942208,44.672504229,18.766233766233768,18.766233766233768,mean pipes,False,True
flappycnn,quiet-owl-33,19922944,59.4940238935,23.720779220779225,23.720779220779225,mean pipes,False,True
flappycnn,quiet-owl-34,4980736,18.9415664805,8.95021645021645,8.95021645021645,mean pipes,True,False
flappycnn,quiet-owl-34,9961472,37.573966584,14.670995670995671,14.670995670995671,mean pipes,False,True
flappycnn,quiet-owl-34,14942208,56.276445820999996,24.547619047619047,24.547619047619047,mean pipes,False,True
flappycnn,quiet-owl-34,19922944,74.947657036,32.803030303030305,32.803030303030305,mean pipes,False,True
flappycnn,quiet-owl-35,4980736,21.456739194500003,9.266233766233766,9.266233766233766,mean pipes,False,True
flappycnn,quiet-owl-35,9961472,42.7456236235,9.147186147186147,9.147186147186147,mean pipes,False,True
flappycnn,quiet-owl-35,14942208,63.989668225,10.60822510822511,10.60822510822511,mean pipes,False,True
flappycnn,quiet-owl-35,19922944,85.1670057375,26.1038961038961,26.1038961038961,mean pipes,False,True
flappycnn,quiet-owl-36,4980736,24.1963572865,5.658008658008657,5.658008658008657,mean pipes,False,True
flappycnn,quiet-owl-36,9961472,48.2021872385,3.054112554112554,3.054112554112554,mean pipes,False,True
flappycnn,quiet-owl-36,14942208,72.18511242049999,5.913419913419913,5.913419913419913,mean pipes,False,True
flappycnn,quiet-owl-36,19922944,96.1589437005,14.04978354978355,14.04978354978355,mean pipes,False,True
flappycnn,quiet-owl-37,4980736,23.514219312,2.590909090909091,2.590909090909091,mean pipes,False,True
flappycnn,quiet-owl-37,9961472,46.930760819,1.7207792207792207,1.7207792207792207,mean pipes,False,True
flappycnn,quiet-owl-37,14942208,70.40057763050001,15.517316017316018,15.517316017316018,mean pipes,False,True
flappycnn,quiet-owl-37,19922944,93.88187452,10.16883116883117,10.16883116883117,mean pipes,False,True
flappycnn,quiet-owl-38,4980736,13.030725711999999,3.175324675324675,3.175324675324675,mean pipes,False,True
flappycnn,quiet-owl-38,9961472,25.860124927,8.097402597402597,8.097402597402597,mean pipes,False,True
flappycnn,quiet-owl-38,14942208,38.647095572,12.753246753246753,12.753246753246753,mean pipes,False,True
flappycnn,quiet-owl-38,19922944,51.4376600905,14.352813852813853,14.352813852813853,mean pipes,False,True
flappycnn,quiet-owl-39,4980736,16.172508651500003,2.930735930735931,2.930735930735931,mean pipes,False,True
flappycnn,quiet-owl-39,9961472,32.223981300000005,7.66017316017316,7.66017316017316,mean pipes,False,True
flappycnn,quiet-owl-39,14942208,48.1903462905,9.376623376623375,9.376623376623375,mean pipes,False,True
flappycnn,quiet-owl-39,19922944,64.14571014399999,21.285714285714285,21.285714285714285,mean pipes,False,True
flappycnn,quiet-owl-4,4980736,28.7591956355,1.7207792207792207,1.7207792207792207,mean pipes,False,True
flappycnn,quiet-owl-4,9961472,58.1326591295,2.6796536796536796,2.6796536796536796,mean pipes,False,True
flappycnn,quiet-owl-4,14942208,86.7107920315,9.913419913419913,9.913419913419913,mean pipes,False,True
flappycnn,quiet-owl-4,19922944,115.918289275,13.70779220779221,13.70779220779221,mean pipes,False,True
flappycnn,quiet-owl-40,4980736,14.104269571,8.372294372294373,8.372294372294373,mean pipes,False,True
flappycnn,quiet-owl-40,9961472,27.9477363545,6.597402597402597,6.597402597402597,mean pipes,False,True
flappycnn,quiet-owl-40,14942208,41.751821002,20.318181818181817,20.318181818181817,mean pipes,False,True
flappycnn,quiet-owl-40,19922944,55.580424984000004,25.365800865800868,25.365800865800868,mean pipes,False,True
flappycnn,quiet-owl-41,4980736,15.0425093855,2.7272727272727275,2.7272727272727275,mean pipes,False,True
flappycnn,quiet-owl-41,9961472,29.932844527500002,2.5194805194805197,2.5194805194805197,mean pipes,False,True
flappycnn,quiet-owl-41,14942208,44.8403856935,18.766233766233768,18.766233766233768,mean pipes,False,True
flappycnn,quiet-owl-41,19922944,59.7495465225,23.720779220779225,23.720779220779225,mean pipes,False,True
flappycnn,quiet-owl-42,4980736,14.961763600000001,2.7272727272727275,2.7272727272727275,mean pipes,False,True
flappycnn,quiet-owl-42,9961472,29.723312608,2.5194805194805197,2.5194805194805197,mean pipes,False,True
flappycnn,quiet-owl-42,14942208,44.4863599695,18.766233766233768,18.766233766233768,mean pipes,False,True
flappycnn,quiet-owl-42,19922944,59.2398215005,23.720779220779225,23.720779220779225,mean pipes,False,True
flappycnn,quiet-owl-43,4980736,14.989410362000001,2.7272727272727275,2.7272727272727275,mean pipes,False,True
flappycnn,quiet-owl-43,9961472,29.7860309545,2.5194805194805197,2.5194805194805197,mean pipes,False,True
flappycnn,quiet-owl-43,14942208,44.5676820875,18.766233766233768,18.766233766233768,mean pipes,False,True
flappycnn,quiet-owl-43,19922944,59.3521055215,23.720779220779225,23.720779220779225,mean pipes,False,True
flappycnn,quiet-owl-44,4980736,15.343332828,4.95021645021645,4.95021645021645,mean pipes,False,True
flappycnn,quiet-owl-44,9961472,30.496871094,5.296536796536797,5.296536796536797,mean pipes,False,True
flappycnn,quiet-owl-44,14942208,45.602212835,4.852813852813853,4.852813852813853,mean pipes,False,True
flappycnn,quiet-owl-44,19922944,60.7846385315,23.660173160173162,23.660173160173162,mean pipes,False,True
flappycnn,quiet-owl-45,4980736,15.2332793515,4.95021645021645,4.95021645021645,mean pipes,False,True
flappycnn,quiet-owl-45,9961472,30.269607901999997,5.296536796536797,5.296536796536797,mean pipes,False,True
flappycnn,quiet-owl-45,14942208,45.244786565,4.852813852813853,4.852813852813853,mean pipes,False,True
flappycnn,quiet-owl-45,19922944,60.196525845,23.660173160173162,23.660173160173162,mean pipes,False,True
flappycnn,quiet-owl-5,4980736,15.360341940000001,3.5476190476190474,3.5476190476190474,mean pipes,False,True
flappycnn,quiet-owl-5,9961472,30.477325435,7.277056277056277,7.277056277056277,mean pipes,False,True
flappycnn,quiet-owl-5,14942208,45.5534731655,12.822510822510823,12.822510822510823,mean pipes,False,True
flappycnn,quiet-owl-5,19922944,60.61193351,15.7012987012987,15.7012987012987,mean pipes,False,True
flappycnn,quiet-owl-6,4980736,9.834631441500001,3.2337662337662336,3.2337662337662336,mean pipes,False,True
flappycnn,quiet-owl-6,9961472,19.418916001,6.166666666666666,6.166666666666666,mean pipes,False,True
flappycnn,quiet-owl-6,14942208,29.031664137,9.283549783549784,9.283549783549784,mean pipes,False,True
flappycnn,quiet-owl-6,19922944,38.6117190675,15.781385281385282,15.781385281385282,mean pipes,False,True
flappycnn,quiet-owl-7,4980736,12.8468129655,5.051948051948052,5.051948051948052,mean pipes,False,True
flappycnn,quiet-owl-7,9961472,25.6328856265,5.17965367965368,5.17965367965368,mean pipes,False,True
flappycnn,quiet-owl-7,14942208,38.293692014499996,21.601731601731604,21.601731601731604,mean pipes,False,True
flappycnn,quiet-owl-7,19922944,50.810274484,23.458874458874458,23.458874458874458,mean pipes,False,True
flappycnn,quiet-owl-8,4980736,13.038006045,4.404761904761904,4.404761904761904,mean pipes,False,True
flappycnn,quiet-owl-8,9961472,26.005394907,5.341991341991341,5.341991341991341,mean pipes,False,True
flappycnn,quiet-owl-8,14942208,38.7106386775,16.175324675324678,16.175324675324678,mean pipes,False,True
flappycnn,quiet-owl-8,19922944,51.580627076,23.166666666666664,23.166666666666664,mean pipes,False,True
flappycnn,quiet-owl-9,4980736,17.825601310499998,3.188311688311688,3.188311688311688,mean pipes,False,True
flappycnn,quiet-owl-9,9961472,35.405811563,10.33982683982684,10.33982683982684,mean pipes,False,True
flappycnn,quiet-owl-9,14942208,52.8234530415,10.683982683982686,10.683982683982686,mean pipes,False,True
flappycnn,quiet-owl-9,19922944,70.599285184,13.071428571428571,13.071428571428571,mean pipes,False,True
flappycnn,swift-fox-3,4980736,9.2695123255,0.8354978354978354,0.8354978354978354,mean pipes,True,False
flappycnn,swift-fox-3,9961472,18.595698470499997,1.3766233766233766,1.3766233766233766,mean pipes,False,True
flappycnn,swift-fox-3,14942208,27.9572765925,1.8701298701298703,1.8701298701298703,mean pipes,False,True
flappycnn,swift-fox-3,19922944,37.3161334055,2.0086580086580086,2.0086580086580086,mean pipes,False,True
mazecnn,happy-cat-1,8388608,26.571365921,0.12373737373737374,0.12373737373737374,goal fraction,False,True
mazecnn,happy-cat-1,16777216,52.53535386,0.13383838383838384,0.13383838383838384,goal fraction,False,True
mazecnn,happy-cat-1,25165824,78.02565067949999,0.18939393939393942,0.18939393939393942,goal fraction,False,True
mazecnn,happy-cat-1,33554432,103.4544373985,0.15151515151515152,0.15151515151515152,goal fraction,False,True
mazecnn,mystic-tree-2,8388608,37.736230739,0.0984848484848485,0.0984848484848485,goal fraction,False,True
mazecnn,mystic-tree-2,16777216,74.88448230099999,0.09343434343434344,0.09343434343434344,goal fraction,False,True
mazecnn,mystic-tree-2,25165824,112.409120723,0.07575757575757576,0.07575757575757576,goal fraction,False,True
mazecnn,mystic-tree-2,33554432,149.304586691,0.10101010101010101,0.10101010101010101,goal fraction,False,True
mazecnn,nature-cnn,8388608,30.0401345725,0.1388888888888889,0.1388888888888889,goal fraction,False,True
mazecnn,nature-cnn,16777216,60.287322818999996,0.16161616161616163,0.16161616161616163,goal fraction,False,True
mazecnn,nature-cnn,25165824,90.408783038,0.22979797979797978,0.22979797979797978,goal fraction,False,True
mazecnn,nature-cnn,33554432,120.5591244015,0.2297979797979798,0.2297979797979798,goal fraction,False,True
mazecnn,quality-reference,8388608,28.567365343,0.13636363636363638,0.13636363636363638,goal fraction,False,True
mazecnn,quality-reference,16777216,56.800081133999996,0.18939393939393936,0.18939393939393936,goal fraction,False,True
mazecnn,quality-reference,25165824,84.712880711,0.18686868686868685,0.18686868686868685,goal fraction,False,True
mazecnn,quality-reference,33554432,112.595723456,0.2828282828282828,0.2828282828282828,goal fraction,True,False
mazecnn,quiet-owl-10,8388608,51.7524392035,0.1717171717171717,0.1717171717171717,goal fraction,False,True
mazecnn,quiet-owl-10,16777216,102.7744881605,0.1414141414141414,0.1414141414141414,goal fraction,False,True
mazecnn,quiet-owl-10,25165824,153.1080167145,0.1717171717171717,0.1717171717171717,goal fraction,False,True
mazecnn,quiet-owl-10,33554432,203.202748092,0.1590909090909091,0.1590909090909091,goal fraction,False,True
mazecnn,quiet-owl-11,8388608,25.550172646,0.1717171717171717,0.1717171717171717,goal fraction,True,False
mazecnn,quiet-owl-11,16777216,50.8405524505,0.23484848484848486,0.23484848484848486,goal fraction,True,False
mazecnn,quiet-owl-11,25165824,76.312973785,0.23232323232323235,0.23232323232323235,goal fraction,False,True
mazecnn,quiet-owl-11,33554432,102.9177060205,0.27020202020202017,0.27020202020202017,goal fraction,True,False
mazecnn,quiet-owl-12,8388608,26.601172933,0.17424242424242423,0.17424242424242423,goal fraction,True,False
mazecnn,quiet-owl-12,16777216,52.75906186,0.17929292929292928,0.17929292929292928,goal fraction,False,True
mazecnn,quiet-owl-12,25165824,78.6981416475,0.22979797979797978,0.22979797979797978,goal fraction,False,True
mazecnn,quiet-owl-12,33554432,105.153676663,0.2272727272727273,0.2272727272727273,goal fraction,False,True
mazecnn,quiet-owl-13,8388608,60.0843925135,0.11868686868686869,0.11868686868686869,goal fraction,False,True
mazecnn,quiet-owl-13,16777216,119.7358546015,0.11868686868686869,0.11868686868686869,goal fraction,False,True
mazecnn,quiet-owl-13,25165824,179.8217012995,0.1313131313131313,0.1313131313131313,goal fraction,False,True
mazecnn,quiet-owl-13,33554432,239.9218632655,0.17929292929292928,0.17929292929292928,goal fraction,False,True
mazecnn,quiet-owl-14,8388608,37.249469848000004,0.11616161616161617,0.11616161616161617,goal fraction,False,True
mazecnn,quiet-owl-14,16777216,74.3372380885,0.1111111111111111,0.1111111111111111,goal fraction,False,True
mazecnn,quiet-owl-14,25165824,111.414044158,0.1414141414141414,0.1414141414141414,goal fraction,False,True
mazecnn,quiet-owl-14,33554432,148.50272979,0.15151515151515152,0.15151515151515152,goal fraction,False,True
mazecnn,quiet-owl-15,8388608,53.6386770055,0.11616161616161617,0.11616161616161617,goal fraction,False,True
mazecnn,quiet-owl-15,16777216,106.990189516,0.1590909090909091,0.1590909090909091,goal fraction,False,True
mazecnn,quiet-owl-15,25165824,160.324913269,0.11363636363636365,0.11363636363636365,goal fraction,False,True
mazecnn,quiet-owl-15,33554432,213.652298419,0.13383838383838384,0.13383838383838384,goal fraction,False,True
mazecnn,quiet-owl-16,8388608,79.604659371,0.10101010101010101,0.10101010101010101,goal fraction,False,True
mazecnn,quiet-owl-16,16777216,157.52407423900002,0.10606060606060606,0.10606060606060606,goal fraction,False,True
mazecnn,quiet-owl-16,25165824,234.373002575,0.12121212121212122,0.12121212121212122,goal fraction,False,True
mazecnn,quiet-owl-16,33554432,311.1732199795,0.1691919191919192,0.1691919191919192,goal fraction,False,True
mazecnn,quiet-owl-17,8388608,26.0814751455,0.12373737373737374,0.12373737373737374,goal fraction,False,True
mazecnn,quiet-owl-17,16777216,51.863029137,0.13383838383838384,0.13383838383838384,goal fraction,False,True
mazecnn,quiet-owl-17,25165824,77.614573006,0.18939393939393942,0.18939393939393942,goal fraction,False,True
mazecnn,quiet-owl-17,33554432,103.3179263465,0.15151515151515152,0.15151515151515152,goal fraction,False,True
mazecnn,quiet-owl-18,8388608,35.6634963375,0.10606060606060606,0.10606060606060606,goal fraction,False,True
mazecnn,quiet-owl-18,16777216,70.9642418685,0.10353535353535354,0.10353535353535354,goal fraction,False,True
mazecnn,quiet-owl-18,25165824,106.2836283935,0.14393939393939395,0.14393939393939395,goal fraction,False,True
mazecnn,quiet-owl-18,33554432,141.6428941295,0.1313131313131313,0.1313131313131313,goal fraction,False,True
mazecnn,quiet-owl-19,8388608,61.794247569,0.15151515151515152,0.15151515151515152,goal fraction,False,True
mazecnn,quiet-owl-19,16777216,123.2414465695,0.1994949494949495,0.1994949494949495,goal fraction,False,True
mazecnn,quiet-owl-19,25165824,185.20291098450002,0.22222222222222224,0.22222222222222224,goal fraction,False,True
mazecnn,quiet-owl-19,33554432,247.1778973495,0.25757575757575757,0.25757575757575757,goal fraction,False,True
mazecnn,quiet-owl-20,8388608,72.257974322,0.11868686868686869,0.11868686868686869,goal fraction,False,True
mazecnn,quiet-owl-20,16777216,143.5262404865,0.14646464646464646,0.14646464646464646,goal fraction,False,True
mazecnn,quiet-owl-20,25165824,213.7051275215,0.13636363636363638,0.13636363636363638,goal fraction,False,True
mazecnn,quiet-owl-20,33554432,284.1837325995,0.16161616161616163,0.16161616161616163,goal fraction,False,True
mazecnn,quiet-owl-21,8388608,77.5224087485,0.14393939393939395,0.14393939393939395,goal fraction,False,True
mazecnn,quiet-owl-21,16777216,154.68297012250002,0.1313131313131313,0.1313131313131313,goal fraction,False,True
mazecnn,quiet-owl-21,25165824,232.0889722265,0.16161616161616163,0.16161616161616163,goal fraction,False,True
mazecnn,quiet-owl-21,33554432,309.0119341525,0.18686868686868685,0.18686868686868685,goal fraction,False,True
mazecnn,quiet-owl-22,8388608,27.135404555,0.1388888888888889,0.1388888888888889,goal fraction,False,True
mazecnn,quiet-owl-22,16777216,53.969905220499996,0.19444444444444445,0.19444444444444445,goal fraction,False,True
mazecnn,quiet-owl-22,25165824,80.94940581200001,0.196969696969697,0.196969696969697,goal fraction,False,True
mazecnn,quiet-owl-22,33554432,107.9814163395,0.255050505050505,0.255050505050505,goal fraction,False,True
mazecnn,quiet-owl-23,8388608,28.883233341,0.10858585858585858,0.10858585858585858,goal fraction,False,True
mazecnn,quiet-owl-23,16777216,57.1197308765,0.17929292929292928,0.17929292929292928,goal fraction,False,True
mazecnn,quiet-owl-23,25165824,85.527166317,0.17676767676767677,0.17676767676767677,goal fraction,False,True
mazecnn,quiet-owl-23,33554432,114.001786416,0.2474747474747475,0.2474747474747475,goal fraction,False,True
mazecnn,quiet-owl-24,8388608,43.6629480615,0.12878787878787878,0.12878787878787878,goal fraction,False,True
mazecnn,quiet-owl-24,16777216,86.2536535015,0.19444444444444442,0.19444444444444442,goal fraction,False,True
mazecnn,quiet-owl-24,25165824,128.7393725265,0.1919191919191919,0.1919191919191919,goal fraction,False,True
mazecnn,quiet-owl-24,33554432,171.038023935,0.20707070707070707,0.20707070707070707,goal fraction,False,True
mazecnn,quiet-owl-25,8388608,77.5183148285,0.08080808080808081,0.08080808080808081,goal fraction,False,True
mazecnn,quiet-owl-25,16777216,155.142090393,0.08838383838383838,0.08838383838383838,goal fraction,False,True
mazecnn,quiet-owl-25,25165824,233.11536931749998,0.10353535353535354,0.10353535353535354,goal fraction,False,True
mazecnn,quiet-owl-25,33554432,311.7700195655,0.16161616161616163,0.16161616161616163,goal fraction,False,True
mazecnn,quiet-owl-26,8388608,27.3980648825,0.12373737373737374,0.12373737373737374,goal fraction,False,True
mazecnn,quiet-owl-26,16777216,54.4636803125,0.13383838383838384,0.13383838383838384,goal fraction,False,True
mazecnn,quiet-owl-26,25165824,81.3398146975,0.18939393939393942,0.18939393939393942,goal fraction,False,True
mazecnn,quiet-owl-26,33554432,108.197534515,0.15151515151515152,0.15151515151515152,goal fraction,False,True
mazecnn,quiet-owl-27,8388608,38.24860109,0.12121212121212122,0.12121212121212122,goal fraction,False,True
mazecnn,quiet-owl-27,16777216,76.22173815400001,0.1414141414141414,0.1414141414141414,goal fraction,False,True
mazecnn,quiet-owl-27,25165824,114.28411471250001,0.17424242424242423,0.17424242424242423,goal fraction,False,True
mazecnn,quiet-owl-27,33554432,152.3201453725,0.17424242424242423,0.17424242424242423,goal fraction,False,True
mazecnn,quiet-owl-28,8388608,29.08290886,0.10858585858585858,0.10858585858585858,goal fraction,False,True
mazecnn,quiet-owl-28,16777216,57.94393951,0.17929292929292928,0.17929292929292928,goal fraction,False,True
mazecnn,quiet-owl-28,25165824,86.74959462550001,0.17676767676767677,0.17676767676767677,goal fraction,False,True
mazecnn,quiet-owl-28,33554432,115.5771789085,0.2474747474747475,0.2474747474747475,goal fraction,False,True
mazecnn,quiet-owl-29,8388608,79.040541878,0.08080808080808081,0.08080808080808081,goal fraction,False,True
mazecnn,quiet-owl-29,16777216,157.51861670649998,0.1313131313131313,0.1313131313131313,goal fraction,False,True
mazecnn,quiet-owl-29,25165824,236.087157358,0.1919191919191919,0.1919191919191919,goal fraction,False,True
mazecnn,quiet-owl-29,33554432,314.6326832285,0.1818181818181818,0.1818181818181818,goal fraction,False,True
mazecnn,quiet-owl-30,8388608,68.480783288,0.18686868686868685,0.18686868686868685,goal fraction,False,True
mazecnn,quiet-owl-30,16777216,136.92480682000001,0.2474747474747475,0.2474747474747475,goal fraction,False,True
mazecnn,quiet-owl-30,25165824,205.940837576,0.2878787878787879,0.2878787878787879,goal fraction,True,False
mazecnn,quiet-owl-30,33554432,274.839949323,0.28535353535353536,0.28535353535353536,goal fraction,False,True
mazecnn,quiet-owl-31,8388608,40.282987876,0.12878787878787878,0.12878787878787878,goal fraction,False,True
mazecnn,quiet-owl-31,16777216,80.40150877299999,0.255050505050505,0.255050505050505,goal fraction,True,False
mazecnn,quiet-owl-31,25165824,120.392770956,0.21717171717171715,0.21717171717171715,goal fraction,False,True
mazecnn,quiet-owl-31,33554432,160.42521315850001,0.24494949494949494,0.24494949494949494,goal fraction,False,True
mazecnn,quiet-owl-32,8388608,49.476536867,0.05808080808080809,0.05808080808080809,goal fraction,False,True
mazecnn,quiet-owl-32,16777216,98.6295374105,0.10858585858585858,0.10858585858585858,goal fraction,False,True
mazecnn,quiet-owl-32,25165824,148.117875586,0.12626262626262627,0.12626262626262627,goal fraction,False,True
mazecnn,quiet-owl-32,33554432,197.5379351195,0.1818181818181818,0.1818181818181818,goal fraction,False,True
mazecnn,quiet-owl-33,8388608,46.43270155,0.21717171717171715,0.21717171717171715,goal fraction,True,False
mazecnn,quiet-owl-33,16777216,92.78689175049999,0.22474747474747472,0.22474747474747472,goal fraction,False,True
mazecnn,quiet-owl-33,25165824,139.38307908899998,0.23989898989898992,0.23989898989898992,goal fraction,False,True
mazecnn,quiet-owl-33,33554432,185.72104904550002,0.22727272727272727,0.22727272727272727,goal fraction,False,True
mazecnn,quiet-owl-34,8388608,61.6793072375,0.148989898989899,0.148989898989899,goal fraction,False,True
mazecnn,quiet-owl-34,16777216,122.855696297,0.18939393939393942,0.18939393939393942,goal fraction,False,True
mazecnn,quiet-owl-34,25165824,184.22540070050002,0.19191919191919193,0.19191919191919193,goal fraction,False,True
mazecnn,quiet-owl-34,33554432,245.6976125915,0.1994949494949495,0.1994949494949495,goal fraction,False,True
mazecnn,quiet-owl-35,8388608,68.97263868,0.11616161616161617,0.11616161616161617,goal fraction,False,True
mazecnn,quiet-owl-35,16777216,137.261024679,0.14393939393939395,0.14393939393939395,goal fraction,False,True
mazecnn,quiet-owl-35,25165824,205.49796255500002,0.1919191919191919,0.1919191919191919,goal fraction,False,True
mazecnn,quiet-owl-35,33554432,274.00425096749996,0.20707070707070707,0.20707070707070707,goal fraction,False,True
mazecnn,quiet-owl-36,8388608,78.53027032,0.25,0.25,goal fraction,True,False
mazecnn,quiet-owl-36,16777216,157.12360461999998,0.2297979797979798,0.2297979797979798,goal fraction,False,True
mazecnn,quiet-owl-36,25165824,235.5355749275,0.24242424242424243,0.24242424242424243,goal fraction,False,True
mazecnn,quiet-owl-36,33554432,313.595291114,0.2601010101010101,0.2601010101010101,goal fraction,False,True
mazecnn,quiet-owl-37,8388608,78.21930972499999,0.1313131313131313,0.1313131313131313,goal fraction,False,True
mazecnn,quiet-owl-37,16777216,156.0370778795,0.07575757575757576,0.07575757575757576,goal fraction,False,True
mazecnn,quiet-owl-37,25165824,234.07265145899999,0.15404040404040406,0.15404040404040406,goal fraction,False,True
mazecnn,quiet-owl-37,33554432,311.94018651700003,0.12373737373737374,0.12373737373737374,goal fraction,False,True
mazecnn,quiet-owl-38,8388608,38.5325391145,0.12121212121212122,0.12121212121212122,goal fraction,False,True
mazecnn,quiet-owl-38,16777216,76.6528159745,0.1414141414141414,0.1414141414141414,goal fraction,False,True
mazecnn,quiet-owl-38,25165824,114.916159246,0.17424242424242423,0.17424242424242423,goal fraction,False,True
mazecnn,quiet-owl-38,33554432,153.342098902,0.17424242424242423,0.17424242424242423,goal fraction,False,True
mazecnn,quiet-owl-39,8388608,49.4144723835,0.18434343434343436,0.18434343434343436,goal fraction,False,True
mazecnn,quiet-owl-39,16777216,98.39538565550001,0.20202020202020202,0.20202020202020202,goal fraction,False,True
mazecnn,quiet-owl-39,25165824,147.49942155399998,0.23989898989898992,0.23989898989898992,goal fraction,False,True
mazecnn,quiet-owl-39,33554432,196.5792726605,0.25,0.25,goal fraction,False,True
mazecnn,quiet-owl-4,8388608,101.004467671,0.18686868686868685,0.18686868686868685,goal fraction,False,True
mazecnn,quiet-owl-4,16777216,203.2893643665,0.17424242424242423,0.17424242424242423,goal fraction,False,True
mazecnn,quiet-owl-4,25165824,305.64620776849995,0.24242424242424243,0.24242424242424243,goal fraction,False,True
mazecnn,quiet-owl-4,33554432,407.14461745200003,0.23232323232323235,0.23232323232323235,goal fraction,False,True
mazecnn,quiet-owl-40,8388608,40.294604295,0.14393939393939395,0.14393939393939395,goal fraction,False,True
mazecnn,quiet-owl-40,16777216,80.254655859,0.1313131313131313,0.1313131313131313,goal fraction,False,True
mazecnn,quiet-owl-40,25165824,120.471671062,0.17424242424242423,0.17424242424242423,goal fraction,False,True
mazecnn,quiet-owl-40,33554432,160.6465472575,0.1919191919191919,0.1919191919191919,goal fraction,False,True
mazecnn,quiet-owl-41,8388608,46.8895096765,0.21717171717171715,0.21717171717171715,goal fraction,False,True
mazecnn,quiet-owl-41,16777216,93.61289508499999,0.22474747474747472,0.22474747474747472,goal fraction,False,True
mazecnn,quiet-owl-41,25165824,140.51732366,0.23989898989898992,0.23989898989898992,goal fraction,False,True
mazecnn,quiet-owl-41,33554432,187.28541719150002,0.22727272727272727,0.22727272727272727,goal fraction,False,True
mazecnn,quiet-owl-42,8388608,46.6108821135,0.21717171717171715,0.21717171717171715,goal fraction,False,True
mazecnn,quiet-owl-42,16777216,93.138121249,0.22474747474747472,0.22474747474747472,goal fraction,False,True
mazecnn,quiet-owl-42,25165824,139.8463813145,0.23989898989898992,0.23989898989898992,goal fraction,False,True
mazecnn,quiet-owl-42,33554432,186.327849195,0.22727272727272727,0.22727272727272727,goal fraction,False,True
mazecnn,quiet-owl-43,8388608,46.656430182,0.21717171717171715,0.21717171717171715,goal fraction,False,True
mazecnn,quiet-owl-43,16777216,93.07279993899999,0.22474747474747472,0.22474747474747472,goal fraction,False,True
mazecnn,quiet-owl-43,25165824,139.5604970865,0.23989898989898992,0.23989898989898992,goal fraction,False,True
mazecnn,quiet-owl-43,33554432,185.9748067985,0.22727272727272727,0.22727272727272727,goal fraction,False,True
mazecnn,quiet-owl-44,8388608,47.259426357,0.11616161616161617,0.11616161616161617,goal fraction,False,True
mazecnn,quiet-owl-44,16777216,94.2583898475,0.16161616161616163,0.16161616161616163,goal fraction,False,True
mazecnn,quiet-owl-44,25165824,141.1002310285,0.17676767676767677,0.17676767676767677,goal fraction,False,True
mazecnn,quiet-owl-44,33554432,187.8513038515,0.18686868686868685,0.18686868686868685,goal fraction,False,True
mazecnn,quiet-owl-45,8388608,46.7494081025,0.11616161616161617,0.11616161616161617,goal fraction,False,True
mazecnn,quiet-owl-45,16777216,93.08291932399999,0.16161616161616163,0.16161616161616163,goal fraction,False,True
mazecnn,quiet-owl-45,25165824,139.386131805,0.17676767676767677,0.17676767676767677,goal fraction,False,True
mazecnn,quiet-owl-45,33554432,185.499240838,0.18686868686868685,0.18686868686868685,goal fraction,False,True
mazecnn,quiet-owl-5,8388608,46.167529729500004,0.06565656565656565,0.06565656565656565,goal fraction,False,True
mazecnn,quiet-owl-5,16777216,91.49731099350001,0.09595959595959597,0.09595959595959597,goal fraction,False,True
mazecnn,quiet-owl-5,25165824,137.176752377,0.10606060606060606,0.10606060606060606,goal fraction,False,True
mazecnn,quiet-owl-5,33554432,181.9018207655,0.13383838383838384,0.13383838383838384,goal fraction,False,True
mazecnn,quiet-owl-6,8388608,26.517160029,0.12373737373737374,0.12373737373737374,goal fraction,False,True
mazecnn,quiet-owl-6,16777216,53.068027932999996,0.13383838383838384,0.13383838383838384,goal fraction,False,True
mazecnn,quiet-owl-6,25165824,78.92932515199999,0.18939393939393942,0.18939393939393942,goal fraction,False,True
mazecnn,quiet-owl-6,33554432,104.4102262875,0.15151515151515152,0.15151515151515152,goal fraction,False,True
mazecnn,quiet-owl-7,8388608,36.7964447285,0.13636363636363635,0.13636363636363635,goal fraction,False,True
mazecnn,quiet-owl-7,16777216,73.015443766,0.06060606060606061,0.06060606060606061,goal fraction,False,True
mazecnn,quiet-owl-7,25165824,109.177597659,0.06060606060606061,0.06060606060606061,goal fraction,False,True
mazecnn,quiet-owl-7,33554432,146.1105629755,0.10606060606060606,0.10606060606060606,goal fraction,False,True
mazecnn,quiet-owl-8,8388608,36.372790032,0.11868686868686869,0.11868686868686869,goal fraction,False,True
mazecnn,quiet-owl-8,16777216,72.687833189,0.08838383838383838,0.08838383838383838,goal fraction,False,True
mazecnn,quiet-owl-8,25165824,108.144552828,0.0909090909090909,0.0909090909090909,goal fraction,False,True
mazecnn,quiet-owl-8,33554432,143.4427718105,0.0984848484848485,0.0984848484848485,goal fraction,False,True
mazecnn,quiet-owl-9,8388608,55.91164596,0.11868686868686869,0.11868686868686869,goal fraction,False,True
mazecnn,quiet-owl-9,16777216,112.274316924,0.11868686868686869,0.11868686868686869,goal fraction,False,True
mazecnn,quiet-owl-9,25165824,167.916976858,0.1313131313131313,0.1313131313131313,goal fraction,False,True
mazecnn,quiet-owl-9,33554432,224.573995139,0.17929292929292928,0.17929292929292928,goal fraction,False,True
mazecnn,swift-fox-3,8388608,22.981507080500002,0.13636363636363638,0.13636363636363638,goal fraction,True,False
mazecnn,swift-fox-3,16777216,45.3856098155,0.17424242424242423,0.17424242424242423,goal fraction,False,True
mazecnn,swift-fox-3,25165824,67.512153696,0.20959595959595959,0.20959595959595959,goal fraction,False,True
mazecnn,swift-fox-3,33554432,90.01568063549999,0.20454545454545456,0.20454545454545456,goal fraction,False,True
pongcnn,happy-cat-1,2097152,5.12364726,0.5295227617759257,0.5356974902340855,mean final point fraction (censoring bounds),True,False
pongcnn,happy-cat-1,4194304,10.0419106435,0.5635217030078691,0.5635217030078691,mean final point fraction (censoring bounds),True,False
pongcnn,happy-cat-1,6291456,14.946535337499999,0.5979920795042357,0.6140525967129762,mean final point fraction (censoring bounds),False,True
pongcnn,happy-cat-1,8388608,19.851766828,0.5979790216209621,0.6164284149194152,mean final point fraction (censoring bounds),False,True
pongcnn,mystic-tree-2,2097152,6.753266176,0.0,0.0,mean final point fraction (censoring bounds),False,True
pongcnn,mystic-tree-2,4194304,13.295447342,0.0,0.0,mean final point fraction (censoring bounds),False,True
pongcnn,mystic-tree-2,6291456,19.929793646500002,0.0,0.0,mean final point fraction (censoring bounds),False,True
pongcnn,mystic-tree-2,8388608,26.548785453,0.0,0.0,mean final point fraction (censoring bounds),False,True
pongcnn,nature-cnn,2097152,6.075071876,0.06966842050195922,0.3069249331328428,mean final point fraction (censoring bounds),False,True
pongcnn,nature-cnn,4194304,11.902993241,0.163091613154047,0.6024518588650315,mean final point fraction (censoring bounds),False,False
pongcnn,nature-cnn,6291456,17.6557927495,0.15135517771970886,0.6224102371175537,mean final point fraction (censoring bounds),False,True
pongcnn,nature-cnn,8388608,23.4198735165,0.1562784490969676,0.6306323841802526,mean final point fraction (censoring bounds),False,True
pongcnn,quality-reference,2097152,5.63917547,0.297749668285089,0.5053971979699192,mean final point fraction (censoring bounds),False,True
pongcnn,quality-reference,4194304,11.104820800999999,0.4448793778752675,0.6429366791790556,mean final point fraction (censoring bounds),False,False
pongcnn,quality-reference,6291456,16.741487880999998,0.4276419003981022,0.7044738298734157,mean final point fraction (censoring bounds),False,False
pongcnn,quality-reference,8388608,22.371817971,0.41567119771138833,0.7268899259353806,mean final point fraction (censoring bounds),False,True
pongcnn,quiet-owl-10,2097152,7.892013026,0.03321247537518671,0.03321247537518671,mean final point fraction (censoring bounds),False,True
pongcnn,quiet-owl-10,4194304,15.6512796945,0.20286639782159474,0.27624040332595184,mean final point fraction (censoring bounds),False,True
pongcnn,quiet-owl-10,6291456,23.5522781095,0.28638079730115557,0.4342564288452468,mean final point fraction (censoring bounds),False,True
pongcnn,quiet-owl-10,8388608,31.472854087,0.28680930652884223,0.43463771506879306,mean final point fraction (censoring bounds),False,True
pongcnn,quiet-owl-11,2097152,5.372982448,0.0,0.0,mean final point fraction (censoring bounds),False,True
pongcnn,quiet-owl-11,4194304,10.52273707,0.06574367467079655,0.1779038461257584,mean final point fraction (censoring bounds),False,True
pongcnn,quiet-owl-11,6291456,15.696299379500001,0.06763089119775705,0.1988656618100204,mean final point fraction (censoring bounds),False,True
pongcnn,quiet-owl-11,8388608,20.785912066999998,0.06780940582919019,0.26331974040862083,mean final point fraction (censoring bounds),False,True
pongcnn,quiet-owl-12,2097152,5.3202168025,0.13293493865541897,0.36611085604410437,mean final point fraction (censoring bounds),False,True
pongcnn,quiet-owl-12,4194304,10.364158181,0.23770388312986376,0.5769356793343015,mean final point fraction (censoring bounds),False,False
pongcnn,quiet-owl-12,6291456,15.403245362,0.2303790655127307,0.5818846327493005,mean final point fraction (censoring bounds),False,True
pongcnn,quiet-owl-12,8388608,20.4425311135,0.22368126838255264,0.5929403476540782,mean final point fraction (censoring bounds),False,True
pongcnn,quiet-owl-13,2097152,8.893931991,0.35288104694877837,0.35288104694877837,mean final point fraction (censoring bounds),False,True
pongcnn,quiet-owl-13,4194304,17.622979856500002,0.5737264640265991,0.5858125642224554,mean final point fraction (censoring bounds),False,True
pongcnn,quiet-owl-13,6291456,26.3314075705,0.5893319654624729,0.6033050105491251,mean final point fraction (censoring bounds),False,True
pongcnn,quiet-owl-13,8388608,35.018416606,0.5946194238301317,0.6103175267714952,mean final point fraction (censoring bounds),False,True
pongcnn,quiet-owl-14,2097152,6.3491012665,0.10921536741329707,0.10956390099353797,mean final point fraction (censoring bounds),False,True
pongcnn,quiet-owl-14,4194304,12.502632116000001,0.30810566565187825,0.30903849405582345,mean final point fraction (censoring bounds),False,True
pongcnn,quiet-owl-14,6291456,18.651416783000002,0.30943006106706256,0.30999504486375373,mean final point fraction (censoring bounds),False,True
pongcnn,quiet-owl-14,8388608,24.805551915499997,0.31697559027064026,0.3179978044186567,mean final point fraction (censoring bounds),False,True
pongcnn,quiet-owl-15,2097152,8.298595792,0.11858792214657612,0.11858792214657612,mean final point fraction (censoring bounds),False,True
pongcnn,quiet-owl-15,4194304,16.419332078,0.28025500191508096,0.28025500191508096,mean final point fraction (censoring bounds),False,True
pongcnn,quiet-owl-15,6291456,24.5517741575,0.28513252228667246,0.28513252228667246,mean final point fraction (censoring bounds),False,True
pongcnn,quiet-owl-15,8388608,32.677146352,0.28551751279024,0.28551751279024,mean final point fraction (censoring bounds),False,True
pongcnn,quiet-owl-16,2097152,10.767000073,0.26845089778670894,0.32310034590534825,mean final point fraction (censoring bounds),False,True
pongcnn,quiet-owl-16,4194304,21.33698476,0.4688398195288794,0.6041279615460874,mean final point fraction (censoring bounds),False,True
pongcnn,quiet-owl-16,6291456,31.936734932500002,0.4197801875206402,0.671772515111129,mean final point fraction (censoring bounds),False,True
pongcnn,quiet-owl-16,8388608,42.519015767,0.4315307317625578,0.689344017042121,mean final point fraction (censoring bounds),False,True
pongcnn,quiet-owl-17,2097152,5.136034536,0.5295227617759257,0.5356974902340855,mean final point fraction (censoring bounds),False,False
pongcnn,quiet-owl-17,4194304,10.076023395,0.5635217030078691,0.5635217030078691,mean final point fraction (censoring bounds),False,True
pongcnn,quiet-owl-17,6291456,15.0584945485,0.5979920795042357,0.6140525967129762,mean final point fraction (censoring bounds),False,True
pongcnn,quiet-owl-17,8388608,20.0008455685,0.5979790216209621,0.6164284149194152,mean final point fraction (censoring bounds),False,True
pongcnn,quiet-owl-18,2097152,6.1524051325,0.2674897922195466,0.2674897922195466,mean final point fraction (censoring bounds),False,True
pongcnn,quiet-owl-18,4194304,12.109544643,0.6888604555808454,0.6888604555808454,mean final point fraction (censoring bounds),True,False
pongcnn,quiet-owl-18,6291456,18.070450935,0.706670559348425,0.706670559348425,mean final point fraction (censoring bounds),True,False
pongcnn,quiet-owl-18,8388608,24.03133588,0.7108592988039628,0.7108592988039628,mean final point fraction (censoring bounds),False,True
pongcnn,quiet-owl-19,2097152,9.1243419755,0.23277899613668368,0.3809034606782885,mean final point fraction (censoring bounds),False,True
pongcnn,quiet-owl-19,4194304,18.137335809,0.2742631903644795,0.47172304928896774,mean final point fraction (censoring bounds),False,True
pongcnn,quiet-owl-19,6291456,27.166008093499997,0.38668017615781736,0.6182428630676002,mean final point fraction (censoring bounds),False,True
pongcnn,quiet-owl-19,8388608,36.166580064499996,0.3861901026268426,0.6163736954749458,mean final point fraction (censoring bounds),False,True
pongcnn,quiet-owl-20,2097152,10.570543272999998,0.2556539476611659,0.33022834722049,mean final point fraction (censoring bounds),False,True
pongcnn,quiet-owl-20,4194304,20.909894475999998,0.3081504990193143,0.4528816949262412,mean final point fraction (censoring bounds),False,True
pongcnn,quiet-owl-20,6291456,31.2404020165,0.4780904018847284,0.5684866827064008,mean final point fraction (censoring bounds),False,True
pongcnn,quiet-owl-20,8388608,41.5185859365,0.44651683967065753,0.5572970042057201,mean final point fraction (censoring bounds),False,True
pongcnn,quiet-owl-21,2097152,10.855876710499999,0.4204198690390438,0.4446525718843958,mean final point fraction (censoring bounds),False,True
pongcnn,quiet-owl-21,4194304,21.523236585,0.41410576072078076,0.45246824626996024,mean final point fraction (censoring bounds),False,True
pongcnn,quiet-owl-21,6291456,32.204147301999996,0.47199205758722423,0.5244421912499064,mean final point fraction (censoring bounds),False,True
pongcnn,quiet-owl-21,8388608,42.8941669125,0.6734016887694916,0.6734016887694916,mean final point fraction (censoring bounds),False,True
pongcnn,quiet-owl-22,2097152,5.241367542500001,0.3280012338788372,0.3280012338788372,mean final point fraction (censoring bounds),False,True
pongcnn,quiet-owl-22,4194304,10.300346164,0.35197329021439694,0.5571109996263278,mean final point fraction (censoring bounds),False,True
pongcnn,quiet-owl-22,6291456,15.3549079895,0.35645415190869734,0.7048539192429973,mean final point fraction (censoring bounds),False,False
pongcnn,quiet-owl-22,8388608,20.4188524065,0.3569460842188115,0.6986166228759928,mean final point fraction (censoring bounds),False,True
pongcnn,quiet-owl-23,2097152,5.4676174154999995,0.33512330795166545,0.5794306156193384,mean final point fraction (censoring bounds),False,False
pongcnn,quiet-owl-23,4194304,10.738437637,0.3197497092134282,0.6144428890425644,mean final point fraction (censoring bounds),False,False
pongcnn,quiet-owl-23,6291456,16.0388530465,0.3144578750012946,0.65207521486433,mean final point fraction (censoring bounds),False,True
pongcnn,quiet-owl-23,8388608,21.334998414,0.3160779768712431,0.6586557510652798,mean final point fraction (censoring bounds),False,True
pongcnn,quiet-owl-24,2097152,7.381274564,0.0,0.0,mean final point fraction (censoring bounds),False,True
pongcnn,quiet-owl-24,4194304,14.59727211,0.0342748111048214,0.10306356173947004,mean final point fraction (censoring bounds),False,True
pongcnn,quiet-owl-24,6291456,21.8225301975,0.21330497971995646,0.3697331961287906,mean final point fraction (censoring bounds),False,True
pongcnn,quiet-owl-24,8388608,29.043719379000002,0.2130807408362078,0.3781065504324355,mean final point fraction (censoring bounds),False,True
pongcnn,quiet-owl-25,2097152,10.828907335,0.5471799157109016,0.5478322105705136,mean final point fraction (censoring bounds),False,True
pongcnn,quiet-owl-25,4194304,21.382665638,0.7974591161527048,0.7974591161527048,mean final point fraction (censoring bounds),True,False
pongcnn,quiet-owl-25,6291456,32.1844807135,0.8557654466745376,0.8557654466745376,mean final point fraction (censoring bounds),True,False
pongcnn,quiet-owl-25,8388608,43.066297904500004,0.8565525383707202,0.8565525383707202,mean final point fraction (censoring bounds),True,False
pongcnn,quiet-owl-26,2097152,5.3195156865,0.5295227617759257,0.5356974902340855,mean final point fraction (censoring bounds),False,False
pongcnn,quiet-owl-26,4194304,10.490721646,0.5635217030078691,0.5635217030078691,mean final point fraction (censoring bounds),False,True
pongcnn,quiet-owl-26,6291456,15.621913251,0.5979920795042357,0.6140525967129762,mean final point fraction (censoring bounds),False,True
pongcnn,quiet-owl-26,8388608,20.753163797,0.5979790216209621,0.6164284149194152,mean final point fraction (censoring bounds),False,True
pongcnn,quiet-owl-27,2097152,6.53428006,0.13425258898846673,0.1670881361646062,mean final point fraction (censoring bounds),False,True
pongcnn,quiet-owl-27,4194304,12.8782486765,0.13325084092439982,0.21592050522979328,mean final point fraction (censoring bounds),False,True
pongcnn,quiet-owl-27,6291456,19.2734109335,0.25789403235404423,0.4012917775638227,mean final point fraction (censoring bounds),False,True
pongcnn,quiet-owl-27,8388608,25.6183373485,0.25726221636540236,0.40072612712090994,mean final point fraction (censoring bounds),False,True
pongcnn,quiet-owl-28,2097152,5.549762263,0.33512330795166545,0.5794306156193384,mean final point fraction (censoring bounds),False,False
pongcnn,quiet-owl-28,4194304,10.9038852375,0.3197497092134282,0.6144428890425644,mean final point fraction (censoring bounds),False,False
pongcnn,quiet-owl-28,6291456,16.2440935495,0.3144578750012946,0.65207521486433,mean final point fraction (censoring bounds),False,True
pongcnn,quiet-owl-28,8388608,21.589063091,0.3160779768712431,0.6586557510652798,mean final point fraction (censoring bounds),False,True
pongcnn,quiet-owl-29,2097152,11.0858055315,0.47892855933967093,0.523227156775582,mean final point fraction (censoring bounds),False,True
pongcnn,quiet-owl-29,4194304,21.9888755335,0.6210649010745531,0.7342806719410485,mean final point fraction (censoring bounds),False,True
pongcnn,quiet-owl-29,6291456,32.880938078,0.6252260278305465,0.7559916993798612,mean final point fraction (censoring bounds),False,True
pongcnn,quiet-owl-29,8388608,43.820135682499995,0.6288056802819426,0.7957623792173939,mean final point fraction (censoring bounds),False,True
pongcnn,quiet-owl-30,2097152,10.120251995499999,0.23955175888063954,0.23955175888063954,mean final point fraction (censoring bounds),False,True
pongcnn,quiet-owl-30,4194304,20.036554437,0.36302215003866295,0.521183254942297,mean final point fraction (censoring bounds),False,True
pongcnn,quiet-owl-30,6291456,29.959856983999998,0.3624123623079725,0.6076090515575484,mean final point fraction (censoring bounds),False,True
pongcnn,quiet-owl-30,8388608,39.833947334,0.33426859274127807,0.5833575939579274,mean final point fraction (censoring bounds),False,True
pongcnn,quiet-owl-31,2097152,6.9353685810000005,0.038334831556626814,0.19009875380833743,mean final point fraction (censoring bounds),False,True
pongcnn,quiet-owl-31,4194304,13.689652985999999,0.3144837080054405,0.6399663974184151,mean final point fraction (censoring bounds),False,True
pongcnn,quiet-owl-31,6291456,20.4613094915,0.31477364751155024,0.6382549362947207,mean final point fraction (censoring bounds),False,True
pongcnn,quiet-owl-31,8388608,27.2335331845,0.31165615863279644,0.6537627488838197,mean final point fraction (censoring bounds),False,True
pongcnn,quiet-owl-32,2097152,7.8561232965,0.11128067429349177,0.11128067429349177,mean final point fraction (censoring bounds),False,True
pongcnn,quiet-owl-32,4194304,15.482060716,0.3110272053384765,0.3110272053384765,mean final point fraction (censoring bounds),False,True
pongcnn,quiet-owl-32,6291456,23.139724723,0.31974780548200155,0.31974780548200155,mean final point fraction (censoring bounds),False,True
pongcnn,quiet-owl-32,8388608,30.783944024500002,0.32090384641076974,0.32090384641076974,mean final point fraction (censoring bounds),False,True
pongcnn,quiet-owl-33,2097152,7.377073061,0.3911191577841967,0.4358117161446226,mean final point fraction (censoring bounds),False,True
pongcnn,quiet-owl-33,4194304,14.5366530535,0.42754402918336504,0.4880117701324425,mean final point fraction (censoring bounds),False,True
pongcnn,quiet-owl-33,6291456,21.740074134,0.4545200144041348,0.5593271015603228,mean final point fraction (censoring bounds),False,True
pongcnn,quiet-owl-33,8388608,28.9563630505,0.4967623394126263,0.5849551788413577,mean final point fraction (censoring bounds),False,True
pongcnn,quiet-owl-34,2097152,9.012752155000001,0.3787841628674729,0.3787841628674729,mean final point fraction (censoring bounds),False,True
pongcnn,quiet-owl-34,4194304,17.811942058,0.413365123469168,0.4853605819697106,mean final point fraction (censoring bounds),False,True
pongcnn,quiet-owl-34,6291456,26.5898668875,0.5661178413154698,0.6418459971858785,mean final point fraction (censoring bounds),False,True
pongcnn,quiet-owl-34,8388608,35.381429572,0.5701495474222746,0.651817759298618,mean final point fraction (censoring bounds),False,True
pongcnn,quiet-owl-35,2097152,10.074872475,0.17375232343342928,0.2473623823408789,mean final point fraction (censoring bounds),False,True
pongcnn,quiet-owl-35,4194304,19.9626757685,0.24936862516768757,0.4654236942044258,mean final point fraction (censoring bounds),False,True
pongcnn,quiet-owl-35,6291456,29.8639554015,0.3517530486851142,0.7134029956518005,mean final point fraction (censoring bounds),False,True
pongcnn,quiet-owl-35,8388608,39.7690036365,0.36613849540082627,0.7421019588850577,mean final point fraction (censoring bounds),False,True
pongcnn,quiet-owl-36,2097152,11.220559574,0.3549141898944271,0.48061351326704954,mean final point fraction (censoring bounds),False,True
pongcnn,quiet-owl-36,4194304,22.2333004955,0.3898527883473618,0.5570048591234741,mean final point fraction (censoring bounds),False,True
pongcnn,quiet-owl-36,6291456,33.2266299445,0.39036431634679486,0.5578849213114526,mean final point fraction (censoring bounds),False,True
pongcnn,quiet-owl-36,8388608,44.242321449,0.3904627028088177,0.5577112151466739,mean final point fraction (censoring bounds),False,True
pongcnn,quiet-owl-37,2097152,11.062991234,0.12503306022299857,0.14898178179192373,mean final point fraction (censoring bounds),False,True
pongcnn,quiet-owl-37,4194304,21.8857782475,0.21701095727790762,0.40526011414919016,mean final point fraction (censoring bounds),False,True
pongcnn,quiet-owl-37,6291456,32.772444834,0.32911665282999675,0.5261035305499032,mean final point fraction (censoring bounds),False,True
pongcnn,quiet-owl-37,8388608,43.641982146000004,0.38954057712108126,0.5862593932241176,mean final point fraction (censoring bounds),False,True
pongcnn,quiet-owl-38,2097152,6.539650051500001,0.13425258898846673,0.1670881361646062,mean final point fraction (censoring bounds),False,True
pongcnn,quiet-owl-38,4194304,12.9089676695,0.13325084092439982,0.21592050522979328,mean final point fraction (censoring bounds),False,True
pongcnn,quiet-owl-38,6291456,19.241415912,0.25789403235404423,0.4012917775638227,mean final point fraction (censoring bounds),False,True
pongcnn,quiet-owl-38,8388608,25.597453249,0.25726221636540236,0.40072612712090994,mean final point fraction (censoring bounds),False,True
pongcnn,quiet-owl-39,2097152,7.850260538000001,0.03576177019348901,0.28391372676098897,mean final point fraction (censoring bounds),False,True
pongcnn,quiet-owl-39,4194304,15.514174277999999,0.07447206437251594,0.40471690865024207,mean final point fraction (censoring bounds),False,True
pongcnn,quiet-owl-39,6291456,23.1592059615,0.19735104579542934,0.5521658407667941,mean final point fraction (censoring bounds),False,True
pongcnn,quiet-owl-39,8388608,30.8285319775,0.19968311282804643,0.5260243553608883,mean final point fraction (censoring bounds),False,True
pongcnn,quiet-owl-4,2097152,12.9662060325,0.1780056031699869,0.1890516752558536,mean final point fraction (censoring bounds),False,True
pongcnn,quiet-owl-4,4194304,25.49424451,0.36881530618800723,0.5714798790323873,mean final point fraction (censoring bounds),False,True
pongcnn,quiet-owl-4,6291456,38.1488875175,0.40372326505507183,0.7546090290745168,mean final point fraction (censoring bounds),False,True
pongcnn,quiet-owl-4,8388608,50.881235441499996,0.4579821588803735,0.8179247795631233,mean final point fraction (censoring bounds),False,True
pongcnn,quiet-owl-40,2097152,6.939261590499999,0.2599020654070049,0.2599020654070049,mean final point fraction (censoring bounds),False,True
pongcnn,quiet-owl-40,4194304,13.676717951499999,0.2844438170525127,0.4464780969577379,mean final point fraction (censoring bounds),False,True
pongcnn,quiet-owl-40,6291456,20.422416445,0.32074144771464663,0.587196209469003,mean final point fraction (censoring bounds),False,True
pongcnn,quiet-owl-40,8388608,27.2030412605,0.3210408107223751,0.5924267269505294,mean final point fraction (censoring bounds),False,True
pongcnn,quiet-owl-41,2097152,7.341271862999999,0.3911191577841967,0.4358117161446226,mean final point fraction (censoring bounds),False,True
pongcnn,quiet-owl-41,4194304,14.4921987355,0.42754402918336504,0.4880117701324425,mean final point fraction (censoring bounds),False,True
pongcnn,quiet-owl-41,6291456,21.645720869,0.4545200144041348,0.5593271015603228,mean final point fraction (censoring bounds),False,True
pongcnn,quiet-owl-41,8388608,28.826171535999997,0.4967623394126263,0.5849551788413577,mean final point fraction (censoring bounds),False,True
pongcnn,quiet-owl-42,2097152,7.3549219315,0.3911191577841967,0.4358117161446226,mean final point fraction (censoring bounds),False,True
pongcnn,quiet-owl-42,4194304,14.514038163,0.42754402918336504,0.4880117701324425,mean final point fraction (censoring bounds),False,True
pongcnn,quiet-owl-42,6291456,21.6707416475,0.4545200144041348,0.5593271015603228,mean final point fraction (censoring bounds),False,True
pongcnn,quiet-owl-42,8388608,28.844370167999998,0.4967623394126263,0.5849551788413577,mean final point fraction (censoring bounds),False,True
pongcnn,quiet-owl-43,2097152,7.370612111,0.3911191577841967,0.4358117161446226,mean final point fraction (censoring bounds),False,True
pongcnn,quiet-owl-43,4194304,14.5314970265,0.42754402918336504,0.4880117701324425,mean final point fraction (censoring bounds),False,True
pongcnn,quiet-owl-43,6291456,21.713942814,0.4545200144041348,0.5593271015603228,mean final point fraction (censoring bounds),False,True
pongcnn,quiet-owl-43,8388608,28.883866492499997,0.4967623394126263,0.5849551788413577,mean final point fraction (censoring bounds),False,True
pongcnn,quiet-owl-44,2097152,7.393497883,0.5297396258956947,0.5308482733458055,mean final point fraction (censoring bounds),True,False
pongcnn,quiet-owl-44,4194304,14.6091460355,0.7019221703269564,0.792112328094618,mean final point fraction (censoring bounds),True,False
pongcnn,quiet-owl-44,6291456,21.791280075,0.7222836418237885,0.8130032771689317,mean final point fraction (censoring bounds),False,False
pongcnn,quiet-owl-44,8388608,29.0093655425,0.7235780990101233,0.8145438241640243,mean final point fraction (censoring bounds),False,False
pongcnn,quiet-owl-45,2097152,7.4466222865,0.5297396258956947,0.5308482733458055,mean final point fraction (censoring bounds),False,False
pongcnn,quiet-owl-45,4194304,14.675839609,0.7019221703269564,0.792112328094618,mean final point fraction (censoring bounds),False,False
pongcnn,quiet-owl-45,6291456,21.9381940345,0.7222836418237885,0.8130032771689317,mean final point fraction (censoring bounds),False,False
pongcnn,quiet-owl-45,8388608,29.1779633075,0.7235780990101233,0.8145438241640243,mean final point fraction (censoring bounds),False,False
pongcnn,quiet-owl-5,2097152,7.4957717420000005,0.0,0.0,mean final point fraction (censoring bounds),False,True
pongcnn,quiet-owl-5,4194304,14.8791193585,0.0,0.0,mean final point fraction (censoring bounds),False,True
pongcnn,quiet-owl-5,6291456,22.2897621095,0.0,0.0,mean final point fraction (censoring bounds),False,True
pongcnn,quiet-owl-5,8388608,29.667170692,0.0,0.0,mean final point fraction (censoring bounds),False,True
pongcnn,quiet-owl-6,2097152,5.265605324,0.5295227617759257,0.5356974902340855,mean final point fraction (censoring bounds),False,False
pongcnn,quiet-owl-6,4194304,10.2736063155,0.5635217030078691,0.5635217030078691,mean final point fraction (censoring bounds),False,True
pongcnn,quiet-owl-6,6291456,15.268795043499999,0.5979920795042357,0.6140525967129762,mean final point fraction (censoring bounds),False,True
pongcnn,quiet-owl-6,8388608,20.317528592000002,0.5979790216209621,0.6164284149194152,mean final point fraction (censoring bounds),False,True
pongcnn,quiet-owl-7,2097152,6.639171803,0.27711125501639333,0.27711125501639333,mean final point fraction (censoring bounds),False,True
pongcnn,quiet-owl-7,4194304,13.0671611585,0.31492309599859275,0.3593707589961945,mean final point fraction (censoring bounds),False,True
pongcnn,quiet-owl-7,6291456,19.447194118,0.3967519559306272,0.501844664215367,mean final point fraction (censoring bounds),False,True
pongcnn,quiet-owl-7,8388608,25.8472569315,0.4233303933441018,0.552180870550582,mean final point fraction (censoring bounds),False,True
pongcnn,quiet-owl-8,2097152,6.604102173499999,0.2641990253473149,0.2641990253473149,mean final point fraction (censoring bounds),False,True
pongcnn,quiet-owl-8,4194304,13.0352163095,0.29637096727017676,0.29637096727017676,mean final point fraction (censoring bounds),False,True
pongcnn,quiet-owl-8,6291456,19.3347973365,0.5874903402925102,0.5969950968154618,mean final point fraction (censoring bounds),False,True
pongcnn,quiet-owl-8,8388608,25.6558821975,0.5967413268256145,0.6057583473419348,mean final point fraction (censoring bounds),False,True
pongcnn,quiet-owl-9,2097152,8.605066822000001,0.35288104694877837,0.35288104694877837,mean final point fraction (censoring bounds),False,True
pongcnn,quiet-owl-9,4194304,16.9924744695,0.5737264640265991,0.5858125642224554,mean final point fraction (censoring bounds),False,True
pongcnn,quiet-owl-9,6291456,25.3224182345,0.5893319654624729,0.6033050105491251,mean final point fraction (censoring bounds),False,True
pongcnn,quiet-owl-9,8388608,33.722793541,0.5946194238301317,0.6103175267714952,mean final point fraction (censoring bounds),False,True
pongcnn,swift-fox-3,2097152,4.9716020919999995,0.0,0.0,mean final point fraction (censoring bounds),True,False
pongcnn,swift-fox-3,4194304,9.728406666,0.0,0.0,mean final point fraction (censoring bounds),False,True
pongcnn,swift-fox-3,6291456,14.467711997,0.0,0.0,mean final point fraction (censoring bounds),False,True
pongcnn,swift-fox-3,8388608,19.18704605,0.0,0.0,mean final point fraction (censoring bounds),False,True
snakecnn,happy-cat-1,2097152,4.463557484,3.2702020202020203,3.2702020202020203,mean ending length,True,False
snakecnn,happy-cat-1,4194304,8.689010483499999,4.222222222222222,4.222222222222222,mean ending length,True,False
snakecnn,happy-cat-1,6291456,12.950798068000001,5.621212121212121,5.621212121212121,mean ending length,True,False
snakecnn,happy-cat-1,8388608,17.195027849,5.775252525252525,5.775252525252525,mean ending length,False,True
snakecnn,mystic-tree-2,2097152,6.251748505,2.755050505050505,2.755050505050505,mean ending length,False,True
snakecnn,mystic-tree-2,4194304,12.2293450145,3.356060606060606,3.356060606060606,mean ending length,False,True
snakecnn,mystic-tree-2,6291456,18.146021799499998,3.6590909090909096,3.6590909090909096,mean ending length,False,True
snakecnn,mystic-tree-2,8388608,24.178838307,3.686868686868687,3.686868686868687,mean ending length,False,True
snakecnn,nature-cnn,2097152,5.1238732205,3.3636363636363633,3.3636363636363633,mean ending length,False,True
snakecnn,nature-cnn,4194304,10.002628636499999,5.151515151515151,5.151515151515151,mean ending length,True,False
snakecnn,nature-cnn,6291456,14.9030580255,6.984848484848484,6.984848484848484,mean ending length,True,False
snakecnn,nature-cnn,8388608,19.8112548185,7.18939393939394,7.18939393939394,mean ending length,True,False
snakecnn,quality-reference,2097152,4.870163739500001,3.343434343434344,3.343434343434344,mean ending length,False,True
snakecnn,quality-reference,4194304,9.5009021125,4.497474747474747,4.497474747474747,mean ending length,False,True
snakecnn,quality-reference,6291456,14.1409334075,5.805555555555556,5.805555555555556,mean ending length,False,True
snakecnn,quality-reference,8388608,18.7905285365,6.146464646464647,6.146464646464647,mean ending length,False,True
snakecnn,quiet-owl-10,2097152,7.702599358,3.598484848484848,3.598484848484848,mean ending length,False,True
snakecnn,quiet-owl-10,4194304,15.003262578000001,5.23989898989899,5.23989898989899,mean ending length,False,True
snakecnn,quiet-owl-10,6291456,22.3256476705,6.128787878787879,6.128787878787879,mean ending length,False,True
snakecnn,quiet-owl-10,8388608,29.602009488,6.838383838383838,6.838383838383838,mean ending length,False,True
snakecnn,quiet-owl-11,2097152,4.545126973,3.265151515151515,3.265151515151515,mean ending length,False,True
snakecnn,quiet-owl-11,4194304,8.8282326715,4.17929292929293,4.17929292929293,mean ending length,False,True
snakecnn,quiet-owl-11,6291456,13.0139084835,5.328282828282828,5.328282828282828,mean ending length,False,True
snakecnn,quiet-owl-11,8388608,17.1963216735,5.507575757575758,5.507575757575758,mean ending length,False,True
snakecnn,quiet-owl-12,2097152,4.6244848215,3.3459595959595956,3.3459595959595956,mean ending length,True,False
snakecnn,quiet-owl-12,4194304,9.0025366225,4.5227272727272725,4.5227272727272725,mean ending length,True,False
snakecnn,quiet-owl-12,6291456,13.432918498,5.67929292929293,5.67929292929293,mean ending length,False,True
snakecnn,quiet-owl-12,8388608,17.8418295835,5.525252525252526,5.525252525252526,mean ending length,False,True
snakecnn,quiet-owl-13,2097152,8.137423407,3.257575757575758,3.257575757575758,mean ending length,False,True
snakecnn,quiet-owl-13,4194304,16.073814739,4.194444444444445,4.194444444444445,mean ending length,False,True
snakecnn,quiet-owl-13,6291456,24.044719146,5.095959595959596,5.095959595959596,mean ending length,False,True
snakecnn,quiet-owl-13,8388608,32.189211547,5.3560606060606055,5.3560606060606055,mean ending length,False,True
snakecnn,quiet-owl-14,2097152,5.642312978,3.1818181818181817,3.1818181818181817,mean ending length,False,True
snakecnn,quiet-owl-14,4194304,11.0769287655,3.8106060606060606,3.8106060606060606,mean ending length,False,True
snakecnn,quiet-owl-14,6291456,16.5145077105,4.194444444444445,4.194444444444445,mean ending length,False,True
snakecnn,quiet-owl-14,8388608,21.955952576,4.171717171717172,4.171717171717172,mean ending length,False,True
snakecnn,quiet-owl-15,2097152,7.671445162,2.5959595959595956,2.5959595959595956,mean ending length,False,True
snakecnn,quiet-owl-15,4194304,15.120107037499999,3.4116161616161613,3.4116161616161613,mean ending length,False,True
snakecnn,quiet-owl-15,6291456,22.57645376,3.8686868686868685,3.8686868686868685,mean ending length,False,True
snakecnn,quiet-owl-15,8388608,30.0264824725,3.9545454545454546,3.9545454545454546,mean ending length,False,True
snakecnn,quiet-owl-16,2097152,10.5911832705,3.5,3.5,mean ending length,False,True
snakecnn,quiet-owl-16,4194304,20.963629374,5.0353535353535355,5.0353535353535355,mean ending length,False,True
snakecnn,quiet-owl-16,6291456,31.258149785999997,6.840909090909091,6.840909090909091,mean ending length,False,True
snakecnn,quiet-owl-16,8388608,41.6257240825,7.3560606060606055,7.3560606060606055,mean ending length,False,True
snakecnn,quiet-owl-17,2097152,4.488321432999999,3.2702020202020203,3.2702020202020203,mean ending length,False,True
snakecnn,quiet-owl-17,4194304,8.778472672,4.222222222222222,4.222222222222222,mean ending length,False,True
snakecnn,quiet-owl-17,6291456,13.071976871,5.621212121212121,5.621212121212121,mean ending length,False,True
snakecnn,quiet-owl-17,8388608,17.353418066499998,5.775252525252525,5.775252525252525,mean ending length,False,True
snakecnn,quiet-owl-18,2097152,5.484261557,2.8535353535353534,2.8535353535353534,mean ending length,False,True
snakecnn,quiet-owl-18,4194304,10.779011685499999,3.5606060606060606,3.5606060606060606,mean ending length,False,True
snakecnn,quiet-owl-18,6291456,16.0645711435,3.9090909090909087,3.9090909090909087,mean ending length,False,True
snakecnn,quiet-owl-18,8388608,21.343695957999998,3.9469696969696972,3.9469696969696972,mean ending length,False,True
snakecnn,quiet-owl-19,2097152,8.244663554999999,3.505050505050505,3.505050505050505,mean ending length,False,True
snakecnn,quiet-owl-19,4194304,16.292829169999997,4.777777777777778,4.777777777777778,mean ending length,False,True
snakecnn,quiet-owl-19,6291456,24.5269944995,5.987373737373737,5.987373737373737,mean ending length,False,True
snakecnn,quiet-owl-19,8388608,32.782746216,5.987373737373737,5.987373737373737,mean ending length,False,True
snakecnn,quiet-owl-20,2097152,9.8117365455,3.3737373737373737,3.3737373737373737,mean ending length,False,True
snakecnn,quiet-owl-20,4194304,19.425323827,4.41919191919192,4.41919191919192,mean ending length,False,True
snakecnn,quiet-owl-20,6291456,28.887694864,6.090909090909091,6.090909090909091,mean ending length,False,True
snakecnn,quiet-owl-20,8388608,38.471040716000005,5.671717171717172,5.671717171717172,mean ending length,False,True
snakecnn,quiet-owl-21,2097152,10.031154166499999,3.4444444444444446,3.4444444444444446,mean ending length,False,True
snakecnn,quiet-owl-21,4194304,19.728665763499997,4.502525252525253,4.502525252525253,mean ending length,False,True
snakecnn,quiet-owl-21,6291456,29.5335860015,5.722222222222222,5.722222222222222,mean ending length,False,True
snakecnn,quiet-owl-21,8388608,39.344727517,6.156565656565657,6.156565656565657,mean ending length,False,True
snakecnn,quiet-owl-22,2097152,4.6510916765,3.3383838383838387,3.3383838383838387,mean ending length,False,True
snakecnn,quiet-owl-22,4194304,9.209358291000001,4.366161616161616,4.366161616161616,mean ending length,False,True
snakecnn,quiet-owl-22,6291456,13.716686371,5.416666666666667,5.416666666666667,mean ending length,False,True
snakecnn,quiet-owl-22,8388608,18.1684881625,5.666666666666667,5.666666666666667,mean ending length,False,True
snakecnn,quiet-owl-23,2097152,4.953555981,3.419191919191919,3.419191919191919,mean ending length,False,True
snakecnn,quiet-owl-23,4194304,9.748024875,4.691919191919192,4.691919191919192,mean ending length,False,True
snakecnn,quiet-owl-23,6291456,14.44267312,6.012626262626263,6.012626262626263,mean ending length,False,True
snakecnn,quiet-owl-23,8388608,19.237892167,6.123737373737374,6.123737373737374,mean ending length,False,True
snakecnn,quiet-owl-24,2097152,6.639736876500001,3.335858585858586,3.335858585858586,mean ending length,False,True
snakecnn,quiet-owl-24,4194304,13.081185764499999,4.222222222222222,4.222222222222222,mean ending length,False,True
snakecnn,quiet-owl-24,6291456,19.526506254,5.295454545454546,5.295454545454546,mean ending length,False,True
snakecnn,quiet-owl-24,8388608,25.977817745499998,5.391414141414142,5.391414141414142,mean ending length,False,True
snakecnn,quiet-owl-25,2097152,10.492426007,3.494949494949495,3.494949494949495,mean ending length,False,True
snakecnn,quiet-owl-25,4194304,20.813259254000002,4.820707070707071,4.820707070707071,mean ending length,False,True
snakecnn,quiet-owl-25,6291456,31.177289428999998,5.987373737373737,5.987373737373737,mean ending length,False,True
snakecnn,quiet-owl-25,8388608,41.527590785499996,6.391414141414142,6.391414141414142,mean ending length,False,True
snakecnn,quiet-owl-26,2097152,4.6735838864999995,3.2702020202020203,3.2702020202020203,mean ending length,False,True
snakecnn,quiet-owl-26,4194304,9.153853188500001,4.222222222222222,4.222222222222222,mean ending length,False,True
snakecnn,quiet-owl-26,6291456,13.653375771,5.621212121212121,5.621212121212121,mean ending length,False,True
snakecnn,quiet-owl-26,8388608,18.153572824,5.775252525252525,5.775252525252525,mean ending length,False,True
snakecnn,quiet-owl-27,2097152,5.8387404085,3.5252525252525255,3.5252525252525255,mean ending length,False,True
snakecnn,quiet-owl-27,4194304,11.4969889695,5.565656565656567,5.565656565656567,mean ending length,False,True
snakecnn,quiet-owl-27,6291456,17.138232087,7.111111111111111,7.111111111111111,mean ending length,True,False
snakecnn,quiet-owl-27,8388608,22.7478288835,7.851010101010101,7.851010101010101,mean ending length,False,True
snakecnn,quiet-owl-28,2097152,4.8906452595,3.419191919191919,3.419191919191919,mean ending length,True,False
snakecnn,quiet-owl-28,4194304,9.5754914315,4.691919191919192,4.691919191919192,mean ending length,True,False
snakecnn,quiet-owl-28,6291456,14.274397434,6.012626262626263,6.012626262626263,mean ending length,False,True
snakecnn,quiet-owl-28,8388608,18.970135566,6.123737373737374,6.123737373737374,mean ending length,False,True
snakecnn,quiet-owl-29,2097152,10.4992948595,3.527777777777778,3.527777777777778,mean ending length,False,True
snakecnn,quiet-owl-29,4194304,20.787338957,5.244949494949495,5.244949494949495,mean ending length,False,True
snakecnn,quiet-owl-29,6291456,31.053237593,7.090909090909091,7.090909090909091,mean ending length,False,True
snakecnn,quiet-owl-29,8388608,41.380856613,8.015151515151516,8.015151515151516,mean ending length,False,True
snakecnn,quiet-owl-30,2097152,9.3964148555,3.6843434343434343,3.6843434343434343,mean ending length,False,True
snakecnn,quiet-owl-30,4194304,18.646043124000002,6.242424242424242,6.242424242424242,mean ending length,False,True
snakecnn,quiet-owl-30,6291456,27.9176326115,8.974747474747474,8.974747474747474,mean ending length,True,False
snakecnn,quiet-owl-30,8388608,37.1619081035,9.252525252525253,9.252525252525253,mean ending length,True,False
snakecnn,quiet-owl-31,2097152,6.2766177795,2.941919191919192,2.941919191919192,mean ending length,False,True
snakecnn,quiet-owl-31,4194304,12.367204673500002,4.555555555555555,4.555555555555555,mean ending length,False,True
snakecnn,quiet-owl-31,6291456,18.4699638225,5.742424242424242,5.742424242424242,mean ending length,False,True
snakecnn,quiet-owl-31,8388608,24.581518931,5.777777777777778,5.777777777777778,mean ending length,False,True
snakecnn,quiet-owl-32,2097152,7.193938069,3.3686868686868685,3.3686868686868685,mean ending length,False,True
snakecnn,quiet-owl-32,4194304,14.1603866795,4.335858585858586,4.335858585858586,mean ending length,False,True
snakecnn,quiet-owl-32,6291456,21.139741131,5.53030303030303,5.53030303030303,mean ending length,False,True
snakecnn,quiet-owl-32,8388608,28.117586143,5.545454545454546,5.545454545454546,mean ending length,False,True
snakecnn,quiet-owl-33,2097152,6.6670513465,3.6313131313131315,3.6313131313131315,mean ending length,True,False
snakecnn,quiet-owl-33,4194304,13.1301720675,5.525252525252525,5.525252525252525,mean ending length,False,True
snakecnn,quiet-owl-33,6291456,19.6460978135,6.818181818181819,6.818181818181819,mean ending length,False,True
snakecnn,quiet-owl-33,8388608,26.13587678,7.348484848484849,7.348484848484849,mean ending length,False,True
snakecnn,quiet-owl-34,2097152,8.380404498,3.522727272727273,3.522727272727273,mean ending length,False,True
snakecnn,quiet-owl-34,4194304,16.6055555305,5.881313131313131,5.881313131313131,mean ending length,False,True
snakecnn,quiet-owl-34,6291456,24.874629469,7.666666666666667,7.666666666666667,mean ending length,False,True
snakecnn,quiet-owl-34,8388608,33.1120390755,7.883838383838384,7.883838383838384,mean ending length,False,True
snakecnn,quiet-owl-35,2097152,9.4058323525,3.553030303030303,3.553030303030303,mean ending length,False,True
snakecnn,quiet-owl-35,4194304,18.6087430435,5.222222222222222,5.222222222222222,mean ending length,False,True
snakecnn,quiet-owl-35,6291456,27.868107332999998,7.065656565656565,7.065656565656565,mean ending length,False,True
snakecnn,quiet-owl-35,8388608,37.07803325650001,7.598484848484849,7.598484848484849,mean ending length,False,True
snakecnn,quiet-owl-36,2097152,10.576146451,3.7878787878787876,3.7878787878787876,mean ending length,False,True
snakecnn,quiet-owl-36,4194304,20.949844159,6.936868686868688,6.936868686868688,mean ending length,False,True
snakecnn,quiet-owl-36,6291456,31.341219108,8.984848484848484,8.984848484848484,mean ending length,True,False
snakecnn,quiet-owl-36,8388608,41.772007192000004,9.734848484848484,9.734848484848484,mean ending length,True,False
snakecnn,quiet-owl-37,2097152,10.3750668275,3.5530303030303028,3.5530303030303028,mean ending length,False,True
snakecnn,quiet-owl-37,4194304,20.5351476965,5.358585858585858,5.358585858585858,mean ending length,False,True
snakecnn,quiet-owl-37,6291456,30.734431370499998,7.040404040404041,7.040404040404041,mean ending length,False,True
snakecnn,quiet-owl-37,8388608,40.9232884865,7.270202020202021,7.270202020202021,mean ending length,False,True
snakecnn,quiet-owl-38,2097152,5.815030176,3.5252525252525255,3.5252525252525255,mean ending length,True,False
snakecnn,quiet-owl-38,4194304,11.4883365315,5.565656565656567,5.565656565656567,mean ending length,True,False
snakecnn,quiet-owl-38,6291456,17.144132725,7.111111111111111,7.111111111111111,mean ending length,False,True
snakecnn,quiet-owl-38,8388608,22.856756096,7.851010101010101,7.851010101010101,mean ending length,False,True
snakecnn,quiet-owl-39,2097152,7.2293608425,3.4924242424242427,3.4924242424242427,mean ending length,False,True
snakecnn,quiet-owl-39,4194304,14.320729796,6.012626262626263,6.012626262626263,mean ending length,False,True
snakecnn,quiet-owl-39,6291456,21.403322080000002,8.356060606060607,8.356060606060607,mean ending length,True,False
snakecnn,quiet-owl-39,8388608,28.4756931685,8.378787878787879,8.378787878787879,mean ending length,False,True
snakecnn,quiet-owl-4,2097152,13.289306054499999,3.593434343434344,3.593434343434344,mean ending length,False,True
snakecnn,quiet-owl-4,4194304,26.401027355,5.126262626262626,5.126262626262626,mean ending length,False,True
snakecnn,quiet-owl-4,6291456,39.207436531499994,6.454545454545454,6.454545454545454,mean ending length,False,True
snakecnn,quiet-owl-4,8388608,52.016941988499994,6.790404040404041,6.790404040404041,mean ending length,False,True
snakecnn,quiet-owl-40,2097152,6.321829821,3.388888888888889,3.388888888888889,mean ending length,False,True
snakecnn,quiet-owl-40,4194304,12.4543316675,4.898989898989899,4.898989898989899,mean ending length,False,True
snakecnn,quiet-owl-40,6291456,18.581756991,6.166666666666667,6.166666666666667,mean ending length,False,True
snakecnn,quiet-owl-40,8388608,24.684550281,6.396464646464646,6.396464646464646,mean ending length,False,True
snakecnn,quiet-owl-41,2097152,6.7472455545,3.6313131313131315,3.6313131313131315,mean ending length,False,True
snakecnn,quiet-owl-41,4194304,13.2880998475,5.525252525252525,5.525252525252525,mean ending length,False,True
snakecnn,quiet-owl-41,6291456,19.8801172465,6.818181818181819,6.818181818181819,mean ending length,False,True
snakecnn,quiet-owl-41,8388608,26.4538755025,7.348484848484849,7.348484848484849,mean ending length,False,True
snakecnn,quiet-owl-42,2097152,6.7616808955,3.6313131313131315,3.6313131313131315,mean ending length,False,True
snakecnn,quiet-owl-42,4194304,13.296207139,5.525252525252525,5.525252525252525,mean ending length,False,True
snakecnn,quiet-owl-42,6291456,19.8277242655,6.818181818181819,6.818181818181819,mean ending length,False,True
snakecnn,quiet-owl-42,8388608,26.3644030945,7.348484848484849,7.348484848484849,mean ending length,False,True
snakecnn,quiet-owl-43,2097152,6.691589871,3.6313131313131315,3.6313131313131315,mean ending length,False,True
snakecnn,quiet-owl-43,4194304,13.185833578499999,5.525252525252525,5.525252525252525,mean ending length,False,True
snakecnn,quiet-owl-43,6291456,19.692765975,6.818181818181819,6.818181818181819,mean ending length,False,True
snakecnn,quiet-owl-43,8388608,26.2210489525,7.348484848484849,7.348484848484849,mean ending length,False,True
snakecnn,quiet-owl-44,2097152,6.789001467,3.7045454545454546,3.7045454545454546,mean ending length,True,False
snakecnn,quiet-owl-44,4194304,13.3599268645,6.015151515151516,6.015151515151516,mean ending length,True,False
snakecnn,quiet-owl-44,6291456,19.950657017,7.611111111111111,7.611111111111111,mean ending length,True,False
snakecnn,quiet-owl-44,8388608,26.56755798,7.772727272727273,7.772727272727273,mean ending length,False,True
snakecnn,quiet-owl-45,2097152,6.825791316,3.7045454545454546,3.7045454545454546,mean ending length,False,True
snakecnn,quiet-owl-45,4194304,13.4589714865,6.015151515151516,6.015151515151516,mean ending length,False,True
snakecnn,quiet-owl-45,6291456,20.0840542585,7.611111111111111,7.611111111111111,mean ending length,False,True
snakecnn,quiet-owl-45,8388608,26.740082843499998,7.772727272727273,7.772727272727273,mean ending length,False,True
snakecnn,quiet-owl-5,2097152,6.931904015000001,2.308080808080808,2.308080808080808,mean ending length,False,True
snakecnn,quiet-owl-5,4194304,13.4996970145,2.4924242424242427,2.4924242424242427,mean ending length,False,True
snakecnn,quiet-owl-5,6291456,20.0193206575,2.6616161616161613,2.6616161616161613,mean ending length,False,True
snakecnn,quiet-owl-5,8388608,26.585914825499998,2.686868686868687,2.686868686868687,mean ending length,False,True
snakecnn,quiet-owl-6,2097152,4.5849114029999996,3.2702020202020203,3.2702020202020203,mean ending length,False,True
snakecnn,quiet-owl-6,4194304,8.991054752,4.222222222222222,4.222222222222222,mean ending length,False,True
snakecnn,quiet-owl-6,6291456,13.376922477499999,5.621212121212121,5.621212121212121,mean ending length,False,True
snakecnn,quiet-owl-6,8388608,17.867851707,5.775252525252525,5.775252525252525,mean ending length,False,True
snakecnn,quiet-owl-7,2097152,5.624702343,3.20959595959596,3.20959595959596,mean ending length,False,True
snakecnn,quiet-owl-7,4194304,11.076023459,4.083333333333333,4.083333333333333,mean ending length,False,True
snakecnn,quiet-owl-7,6291456,16.4826754295,4.972222222222222,4.972222222222222,mean ending length,False,True
snakecnn,quiet-owl-7,8388608,21.863685491,5.194444444444444,5.194444444444444,mean ending length,False,True
snakecnn,quiet-owl-8,2097152,6.097320006,3.28030303030303,3.28030303030303,mean ending length,False,True
snakecnn,quiet-owl-8,4194304,11.921010348,4.16919191919192,4.16919191919192,mean ending length,False,True
snakecnn,quiet-owl-8,6291456,17.7149673415,4.664141414141414,4.664141414141414,mean ending length,False,True
snakecnn,quiet-owl-8,8388608,23.523313199500002,5.123737373737374,5.123737373737374,mean ending length,False,True
snakecnn,quiet-owl-9,2097152,7.6971286425,3.257575757575758,3.257575757575758,mean ending length,False,True
snakecnn,quiet-owl-9,4194304,15.157700103,4.194444444444445,4.194444444444445,mean ending length,False,True
snakecnn,quiet-owl-9,6291456,22.625780505,5.095959595959596,5.095959595959596,mean ending length,False,True
snakecnn,quiet-owl-9,8388608,30.111394413,5.3560606060606055,5.3560606060606055,mean ending length,False,True
snakecnn,swift-fox-3,2097152,4.3749295725,2.255050505050505,2.255050505050505,mean ending length,True,False
snakecnn,swift-fox-3,4194304,8.466772924,2.78030303030303,2.78030303030303,mean ending length,False,True
snakecnn,swift-fox-3,6291456,12.5572964865,2.946969696969697,2.946969696969697,mean ending length,False,True
snakecnn,swift-fox-3,8388608,16.6533261925,3.0656565656565657,3.0656565656565657,mean ending length,False,True
