view,axis,frontier_family,variant,family,seed,steps,wins,low,high,seconds,params,native_sps,min_wins,max_wins,process_seconds,games
mean,seconds,Combined,flex_quality,Ours quality,mean,1024000,0.0005046,0.0001658,0.0008434,12.307328033447266,160736,92382.46337257982,0.0,0.000855,,
mean,seconds,Combined,flex_fast,Ours fast,mean,1024000,0.000674,0.0001652,0.0011903999999999999,12.432269620895386,261856,90687.4906939437,0.0,0.001704,,
mean,seconds,Combined,flex_quality,Ours quality,mean,2048000,0.0018241999999999998,0.001095,0.0025534,24.20583257675171,160736,92382.46337257982,0.000896,0.002737,,
mean,seconds,Combined,flex_small,Ours small,mean,2048000,0.002016,0.0010696,0.0029623999999999996,24.287870025634767,109768,93134.392761847,0.000887,0.003707,,
mean,seconds,Combined,flex_fast,Ours fast,mean,2048000,0.0037274,0.002557,0.0048724,24.443582201004027,261856,90687.4906939437,0.001797,0.005639,,
mean,seconds,Combined,flex_quality,Ours quality,mean,3072000,0.079622,0.052111,0.10569600000000001,35.832331037521364,160736,92382.46337257982,0.032929,0.122633,,
mean,seconds,Combined,flex_quality,Ours quality,mean,4096000,0.2959144,0.23292379999999996,0.358905,47.13723168373108,160736,92382.46337257982,0.183918,0.387532,,
mean,seconds,Combined,flex_quality,Ours quality,mean,5120000,0.5282754,0.40740360000000003,0.6491472,58.178127241134646,160736,92382.46337257982,0.384481,0.706239,,
mean,seconds,Combined,flex_small,Ours small,mean,5120000,0.555466,0.4576316,0.6154034,58.253753137588504,109768,93134.392761847,0.36241,0.625363,,
mean,seconds,Combined,flex_small,Ours small,mean,6144000,0.6706614,0.5648420000000001,0.751586,68.89305119514465,109768,93134.392761847,0.466915,0.772066,,
mean,seconds,Combined,flex_quality,Ours quality,mean,6144000,0.6887466,0.5925738,0.7876042,69.0270143032074,160736,92382.46337257982,0.538955,0.849955,,
mean,seconds,Combined,flex_small,Ours small,mean,7168000,0.7365248000000001,0.5993688,0.843394,79.48034873008729,109768,93134.392761847,0.497164,0.857778,,
mean,seconds,Combined,flex_quality,Ours quality,mean,7168000,0.7388114,0.6599678,0.8210192,79.79110708236695,160736,92382.46337257982,0.599445,0.8726,,
mean,seconds,Combined,flex_small,Ours small,mean,8192000,0.7572108,0.6181382,0.8641204,90.12444443702698,109768,93134.392761847,0.517824,0.877939,,
mean,seconds,Combined,flex_quality,Ours quality,mean,8192000,0.7727487999999999,0.7141632,0.8421839999999999,90.55440564155579,160736,92382.46337257982,0.681564,0.890612,,
mean,seconds,Combined,flex_quality,Ours quality,mean,9216000,0.7817406,0.7102578,0.8496472,101.31690139770508,160736,92382.46337257982,0.673792,0.894962,,
mean,seconds,Combined,flex_quality,Ours quality,mean,10240000,0.7883473999999999,0.7133294,0.8602634,112.06739153862,160736,92382.46337257982,0.6723,0.899485,,
mean,seconds,Combined,flex_quality,Ours quality,mean,11264000,0.7931623999999999,0.7132242000000002,0.8729314,122.83228435516358,160736,92382.46337257982,0.665103,0.906518,,
mean,seconds,Combined,flex_quality,Ours quality,mean,12288000,0.7963736000000001,0.715624,0.8771232,133.5835777759552,160736,92382.46337257982,0.668539,0.905579,,
mean,seconds,Combined,flex_quality,Ours quality,mean,13312000,0.7966390000000001,0.7151248,0.8781532000000001,144.35406622886657,160736,92382.46337257982,0.667291,0.908154,,
mean,seconds,Combined,impala_cnn,IMPALA,mean,4096000,0.8665162000000001,0.8254699999999999,0.9157269999999998,379.7503795146942,270496,10810.59219368824,0.800885,0.95566,,
mean,seconds,Combined,impala_cnn,IMPALA,mean,5120000,0.93442,0.9118449999999999,0.957905,474.18564162254336,270496,10810.59219368824,0.90283,0.975993,,
mean,seconds,Combined,impala_cnn,IMPALA,mean,6144000,0.959236,0.9468197999999999,0.9716522000000001,568.6945133209229,270496,10810.59219368824,0.941016,0.979779,,
mean,seconds,Combined,impala_cnn,IMPALA,mean,7168000,0.9675944,0.9556254,0.9811078,663.3521911144256,270496,10810.59219368824,0.948276,0.989031,,
mean,seconds,Combined,impala_cnn,IMPALA,mean,8192000,0.9696294,0.9612572,0.9821449999999998,757.9578758716583,270496,10810.59219368824,0.958829,0.993642,,
mean,seconds,Combined,impala_cnn,IMPALA,mean,9216000,0.9733632,0.9661226,0.9835654,852.5691575527192,270496,10810.59219368824,0.96598,0.991781,,
mean,seconds,Combined,impala_cnn,IMPALA,mean,10240000,0.9734304,0.9669744,0.9827204,947.6548421382904,270496,10810.59219368824,0.966038,0.990917,,
mean,seconds,Combined,impala_cnn,IMPALA,mean,11264000,0.9755962,0.9680703999999999,0.985276,1042.422993373871,270496,10810.59219368824,0.965849,0.993648,,
mean,seconds,Ours,flex_quality,Ours quality,mean,1024000,0.0005046,0.0001658,0.0008434,12.307328033447266,160736,92382.46337257982,0.0,0.000855,,
mean,seconds,Ours,flex_fast,Ours fast,mean,1024000,0.000674,0.0001652,0.0011903999999999999,12.432269620895386,261856,90687.4906939437,0.0,0.001704,,
mean,seconds,Ours,flex_quality,Ours quality,mean,2048000,0.0018241999999999998,0.001095,0.0025534,24.20583257675171,160736,92382.46337257982,0.000896,0.002737,,
mean,seconds,Ours,flex_small,Ours small,mean,2048000,0.002016,0.0010696,0.0029623999999999996,24.287870025634767,109768,93134.392761847,0.000887,0.003707,,
mean,seconds,Ours,flex_fast,Ours fast,mean,2048000,0.0037274,0.002557,0.0048724,24.443582201004027,261856,90687.4906939437,0.001797,0.005639,,
mean,seconds,Ours,flex_quality,Ours quality,mean,3072000,0.079622,0.052111,0.10569600000000001,35.832331037521364,160736,92382.46337257982,0.032929,0.122633,,
mean,seconds,Ours,flex_quality,Ours quality,mean,4096000,0.2959144,0.23292379999999996,0.358905,47.13723168373108,160736,92382.46337257982,0.183918,0.387532,,
mean,seconds,Ours,flex_quality,Ours quality,mean,5120000,0.5282754,0.40740360000000003,0.6491472,58.178127241134646,160736,92382.46337257982,0.384481,0.706239,,
mean,seconds,Ours,flex_small,Ours small,mean,5120000,0.555466,0.4576316,0.6154034,58.253753137588504,109768,93134.392761847,0.36241,0.625363,,
mean,seconds,Ours,flex_small,Ours small,mean,6144000,0.6706614,0.5648420000000001,0.751586,68.89305119514465,109768,93134.392761847,0.466915,0.772066,,
mean,seconds,Ours,flex_quality,Ours quality,mean,6144000,0.6887466,0.5925738,0.7876042,69.0270143032074,160736,92382.46337257982,0.538955,0.849955,,
mean,seconds,Ours,flex_small,Ours small,mean,7168000,0.7365248000000001,0.5993688,0.843394,79.48034873008729,109768,93134.392761847,0.497164,0.857778,,
mean,seconds,Ours,flex_quality,Ours quality,mean,7168000,0.7388114,0.6599678,0.8210192,79.79110708236695,160736,92382.46337257982,0.599445,0.8726,,
mean,seconds,Ours,flex_small,Ours small,mean,8192000,0.7572108,0.6181382,0.8641204,90.12444443702698,109768,93134.392761847,0.517824,0.877939,,
mean,seconds,Ours,flex_quality,Ours quality,mean,8192000,0.7727487999999999,0.7141632,0.8421839999999999,90.55440564155579,160736,92382.46337257982,0.681564,0.890612,,
mean,seconds,Ours,flex_quality,Ours quality,mean,9216000,0.7817406,0.7102578,0.8496472,101.31690139770508,160736,92382.46337257982,0.673792,0.894962,,
mean,seconds,Ours,flex_quality,Ours quality,mean,10240000,0.7883473999999999,0.7133294,0.8602634,112.06739153862,160736,92382.46337257982,0.6723,0.899485,,
mean,seconds,Ours,flex_quality,Ours quality,mean,11264000,0.7931623999999999,0.7132242000000002,0.8729314,122.83228435516358,160736,92382.46337257982,0.665103,0.906518,,
mean,seconds,Ours,flex_quality,Ours quality,mean,12288000,0.7963736000000001,0.715624,0.8771232,133.5835777759552,160736,92382.46337257982,0.668539,0.905579,,
mean,seconds,Ours,flex_quality,Ours quality,mean,13312000,0.7966390000000001,0.7151248,0.8781532000000001,144.35406622886657,160736,92382.46337257982,0.667291,0.908154,,
mean,seconds,Ours quality,flex_quality,Ours quality,mean,1024000,0.0005046,0.0001658,0.0008434,12.307328033447266,160736,92382.46337257982,0.0,0.000855,,
mean,seconds,Ours quality,flex_quality,Ours quality,mean,2048000,0.0018241999999999998,0.001095,0.0025534,24.20583257675171,160736,92382.46337257982,0.000896,0.002737,,
mean,seconds,Ours quality,flex_quality,Ours quality,mean,3072000,0.079622,0.052111,0.10569600000000001,35.832331037521364,160736,92382.46337257982,0.032929,0.122633,,
mean,seconds,Ours quality,flex_quality,Ours quality,mean,4096000,0.2959144,0.23292379999999996,0.358905,47.13723168373108,160736,92382.46337257982,0.183918,0.387532,,
mean,seconds,Ours quality,flex_quality,Ours quality,mean,5120000,0.5282754,0.40740360000000003,0.6491472,58.178127241134646,160736,92382.46337257982,0.384481,0.706239,,
mean,seconds,Ours quality,flex_quality,Ours quality,mean,6144000,0.6887466,0.5925738,0.7876042,69.0270143032074,160736,92382.46337257982,0.538955,0.849955,,
mean,seconds,Ours quality,flex_quality,Ours quality,mean,7168000,0.7388114,0.6599678,0.8210192,79.79110708236695,160736,92382.46337257982,0.599445,0.8726,,
mean,seconds,Ours quality,flex_quality,Ours quality,mean,8192000,0.7727487999999999,0.7141632,0.8421839999999999,90.55440564155579,160736,92382.46337257982,0.681564,0.890612,,
mean,seconds,Ours quality,flex_quality,Ours quality,mean,9216000,0.7817406,0.7102578,0.8496472,101.31690139770508,160736,92382.46337257982,0.673792,0.894962,,
mean,seconds,Ours quality,flex_quality,Ours quality,mean,10240000,0.7883473999999999,0.7133294,0.8602634,112.06739153862,160736,92382.46337257982,0.6723,0.899485,,
mean,seconds,Ours quality,flex_quality,Ours quality,mean,11264000,0.7931623999999999,0.7132242000000002,0.8729314,122.83228435516358,160736,92382.46337257982,0.665103,0.906518,,
mean,seconds,Ours quality,flex_quality,Ours quality,mean,12288000,0.7963736000000001,0.715624,0.8771232,133.5835777759552,160736,92382.46337257982,0.668539,0.905579,,
mean,seconds,Ours quality,flex_quality,Ours quality,mean,13312000,0.7966390000000001,0.7151248,0.8781532000000001,144.35406622886657,160736,92382.46337257982,0.667291,0.908154,,
mean,seconds,Ours fast,flex_fast,Ours fast,mean,1024000,0.000674,0.0001652,0.0011903999999999999,12.432269620895386,261856,90687.4906939437,0.0,0.001704,,
mean,seconds,Ours fast,flex_fast,Ours fast,mean,2048000,0.0037274,0.002557,0.0048724,24.443582201004027,261856,90687.4906939437,0.001797,0.005639,,
mean,seconds,Ours fast,flex_fast,Ours fast,mean,3072000,0.06968,0.053394800000000006,0.0859652,36.20768356323242,261856,90687.4906939437,0.049223,0.09254,,
mean,seconds,Ours fast,flex_fast,Ours fast,mean,4096000,0.24253080000000002,0.21037,0.2679452,47.66218771934509,261856,90687.4906939437,0.186547,0.275618,,
mean,seconds,Ours fast,flex_fast,Ours fast,mean,5120000,0.459821,0.3910912,0.5285508,58.85589160919189,261856,90687.4906939437,0.370093,0.545538,,
mean,seconds,Ours fast,flex_fast,Ours fast,mean,6144000,0.5894994,0.5075301999999999,0.6714686000000001,69.90718932151795,261856,90687.4906939437,0.461957,0.687199,,
mean,seconds,Ours fast,flex_fast,Ours fast,mean,7168000,0.6550846,0.5755077999999999,0.7346614,80.96568737030029,261856,90687.4906939437,0.533507,0.748305,,
mean,seconds,Ours fast,flex_fast,Ours fast,mean,8192000,0.681766,0.6040300000000001,0.7554320000000001,91.98658714294433,261856,90687.4906939437,0.554275,0.760338,,
mean,seconds,Ours fast,flex_fast,Ours fast,mean,9216000,0.706113,0.6244732,0.7877528,103.05708608627319,261856,90687.4906939437,0.591436,0.815281,,
mean,seconds,Ours fast,flex_fast,Ours fast,mean,10240000,0.7120110000000001,0.6378288000000001,0.7851136,114.12438645362855,261856,90687.4906939437,0.590297,0.806723,,
mean,seconds,Ours fast,flex_fast,Ours fast,mean,11264000,0.7184102,0.6431918,0.7860267999999999,125.07968368530274,261856,90687.4906939437,0.58871,0.803512,,
mean,seconds,Ours small,flex_small,Ours small,mean,1024000,0.0003418,0.0,0.0010253999999999999,12.33420114517212,109768,93134.392761847,0.0,0.001709,,
mean,seconds,Ours small,flex_small,Ours small,mean,2048000,0.002016,0.0010696,0.0029623999999999996,24.287870025634767,109768,93134.392761847,0.000887,0.003707,,
mean,seconds,Ours small,flex_small,Ours small,mean,3072000,0.06797899999999998,0.0377518,0.09990759999999999,35.98875045776367,109768,93134.392761847,0.019541,0.123134,,
mean,seconds,Ours small,flex_small,Ours small,mean,4096000,0.29551420000000006,0.2130024,0.3600428,47.33845276832581,109768,93134.392761847,0.144424,0.3974,,
mean,seconds,Ours small,flex_small,Ours small,mean,5120000,0.555466,0.4576316,0.6154034,58.253753137588504,109768,93134.392761847,0.36241,0.625363,,
mean,seconds,Ours small,flex_small,Ours small,mean,6144000,0.6706614,0.5648420000000001,0.751586,68.89305119514465,109768,93134.392761847,0.466915,0.772066,,
mean,seconds,Ours small,flex_small,Ours small,mean,7168000,0.7365248000000001,0.5993688,0.843394,79.48034873008729,109768,93134.392761847,0.497164,0.857778,,
mean,seconds,Ours small,flex_small,Ours small,mean,8192000,0.7572108,0.6181382,0.8641204,90.12444443702698,109768,93134.392761847,0.517824,0.877939,,
mean,seconds,Ours small,flex_small,Ours small,mean,9216000,0.7726368000000001,0.6420166,0.8797594,100.73894171714782,109768,93134.392761847,0.550752,0.891324,,
mean,seconds,Ours small,flex_small,Ours small,mean,10240000,0.7751798000000001,0.6518908000000001,0.8802543999999999,111.36143898963928,109768,93134.392761847,0.567517,0.890991,,
mean,seconds,Ours small,flex_small,Ours small,mean,11264000,0.7769577999999999,0.6580824,0.8763833999999999,121.96393513679504,109768,93134.392761847,0.581527,0.890764,,
mean,seconds,Ours small,flex_small,Ours small,mean,12288000,0.7805598,0.6630756,0.8810762000000001,132.57203049659728,109768,93134.392761847,0.587571,0.89194,,
mean,seconds,Nature,nature_cnn,Nature,mean,1024000,0.0003346,0.0,0.0006694,12.91606945991516,138528,84066.28170851825,0.0,0.000837,,
mean,seconds,Nature,nature_cnn,Nature,mean,2048000,0.0019592,0.0008934000000000001,0.002837,25.449784421920775,138528,84066.28170851825,0.0,0.003481,,
mean,seconds,Nature,nature_cnn,Nature,mean,3072000,0.064802,0.0400254,0.0955062,38.045091199874875,138528,84066.28170851825,0.034512,0.121557,,
mean,seconds,Nature,nature_cnn,Nature,mean,4096000,0.246554,0.19963899999999998,0.297068,50.46920342445374,138528,84066.28170851825,0.185257,0.326087,,
mean,seconds,Nature,nature_cnn,Nature,mean,5120000,0.4209918,0.35447380000000006,0.48750980000000005,62.76371145248413,138528,84066.28170851825,0.327039,0.531308,,
mean,seconds,Nature,nature_cnn,Nature,mean,6144000,0.5631752000000001,0.46233959999999996,0.6640108,74.91262092590333,138528,84066.28170851825,0.404869,0.69434,,
mean,seconds,Nature,nature_cnn,Nature,mean,7168000,0.6428976,0.5336087999999999,0.7486013999999999,86.97832670211793,138528,84066.28170851825,0.450135,0.808456,,
mean,seconds,Nature,nature_cnn,Nature,mean,8192000,0.6804386,0.5835402000000001,0.7622548,98.98163208961486,138528,84066.28170851825,0.504562,0.824042,,
mean,seconds,Nature,nature_cnn,Nature,mean,9216000,0.7119804000000001,0.612638,0.8061603999999999,110.96253638267517,138528,84066.28170851825,0.540241,0.876414,,
mean,seconds,Nature,nature_cnn,Nature,mean,10240000,0.7231392000000001,0.6354612000000001,0.8087025999999999,122.88664145469666,138528,84066.28170851825,0.566176,0.867596,,
mean,seconds,Nature,nature_cnn,Nature,mean,11264000,0.7360331999999999,0.6689217999999999,0.8088344,134.79954776763915,138528,84066.28170851825,0.619705,0.865789,,
mean,seconds,IMPALA,impala_cnn,IMPALA,mean,1024000,0.0018254,0.0017031999999999998,0.001924,96.00392775535583,270496,10810.59219368824,0.001594,0.001951,,
mean,seconds,IMPALA,impala_cnn,IMPALA,mean,2048000,0.4143228,0.30787760000000003,0.5176144,190.8839075565338,270496,10810.59219368824,0.236258,0.594356,,
mean,seconds,IMPALA,impala_cnn,IMPALA,mean,3072000,0.6639796,0.6042224,0.7237368,285.34795250892637,270496,10810.59219368824,0.588566,0.751558,,
mean,seconds,IMPALA,impala_cnn,IMPALA,mean,4096000,0.8665162000000001,0.8254699999999999,0.9157269999999998,379.7503795146942,270496,10810.59219368824,0.800885,0.95566,,
mean,seconds,IMPALA,impala_cnn,IMPALA,mean,5120000,0.93442,0.9118449999999999,0.957905,474.18564162254336,270496,10810.59219368824,0.90283,0.975993,,
mean,seconds,IMPALA,impala_cnn,IMPALA,mean,6144000,0.959236,0.9468197999999999,0.9716522000000001,568.6945133209229,270496,10810.59219368824,0.941016,0.979779,,
mean,seconds,IMPALA,impala_cnn,IMPALA,mean,7168000,0.9675944,0.9556254,0.9811078,663.3521911144256,270496,10810.59219368824,0.948276,0.989031,,
mean,seconds,IMPALA,impala_cnn,IMPALA,mean,8192000,0.9696294,0.9612572,0.9821449999999998,757.9578758716583,270496,10810.59219368824,0.958829,0.993642,,
mean,seconds,IMPALA,impala_cnn,IMPALA,mean,9216000,0.9733632,0.9661226,0.9835654,852.5691575527192,270496,10810.59219368824,0.96598,0.991781,,
mean,seconds,IMPALA,impala_cnn,IMPALA,mean,10240000,0.9734304,0.9669744,0.9827204,947.6548421382904,270496,10810.59219368824,0.966038,0.990917,,
mean,seconds,IMPALA,impala_cnn,IMPALA,mean,11264000,0.9755962,0.9680703999999999,0.985276,1042.422993373871,270496,10810.59219368824,0.965849,0.993648,,
mean,seconds,Impoola,impoola_cnn,Impoola,mean,1024000,0.0010306,0.0001692,0.001892,95.6757465839386,151712,10830.116281463566,0.0,0.002515,,
mean,seconds,Impoola,impoola_cnn,Impoola,mean,2048000,0.20466440000000002,0.05396460000000001,0.38830339999999997,190.58301410675048,151712,10830.116281463566,0.01619,0.562558,,
mean,seconds,Impoola,impoola_cnn,Impoola,mean,3072000,0.5832409999999999,0.3319286,0.752307,285.07907462120056,151712,10830.116281463566,0.083962,0.808658,,
mean,seconds,Impoola,impoola_cnn,Impoola,mean,4096000,0.6706376,0.4805504,0.8216015999999999,379.49673385620116,151712,10830.116281463566,0.325972,0.914552,,
mean,seconds,Impoola,impoola_cnn,Impoola,mean,5120000,0.6979328,0.5377232000000001,0.841348,473.93518924713135,151712,10830.116281463566,0.401246,0.936387,,
mean,seconds,Impoola,impoola_cnn,Impoola,mean,6144000,0.7161504000000001,0.5617838,0.8563704000000001,568.3272432804108,151712,10830.116281463566,0.445415,0.942275,,
mean,seconds,Impoola,impoola_cnn,Impoola,mean,7168000,0.7751742,0.7009632,0.8703417999999999,662.6760914325714,151712,10830.116281463566,0.663818,0.952259,,
mean,seconds,Impoola,impoola_cnn,Impoola,mean,8192000,0.7828754,0.7211939999999999,0.8752592,757.5595133781433,151712,10830.116281463566,0.69619,0.958298,,
mean,seconds,Impoola,impoola_cnn,Impoola,mean,9216000,0.7944950000000001,0.7370907999999999,0.8786465999999999,851.8441987991333,151712,10830.116281463566,0.712251,0.952991,,
mean,seconds,Impoola,impoola_cnn,Impoola,mean,11264000,0.7964217999999998,0.741898,0.8816531999999999,1040.487497997284,151712,10830.116281463566,0.72238,0.96,,
mean,seconds,Impoola,impoola_cnn,Impoola,mean,12288000,0.8003788000000001,0.7457527999999999,0.8833549999999999,1135.2396612644195,151712,10830.116281463566,0.725564,0.959009,,
mean,seconds,Impoola,impoola_cnn,Impoola,mean,13312000,0.8009426000000002,0.7484660000000001,0.883052,1229.5379915714263,151712,10830.116281463566,0.730516,0.958227,,
mean,steps,Combined,impala_cnn,IMPALA,mean,1024000,0.0018254,0.0017031999999999998,0.001924,96.00392775535583,270496,10810.59219368824,0.001594,0.001951,,
mean,steps,Combined,impala_cnn,IMPALA,mean,2048000,0.4143228,0.30787760000000003,0.5176144,190.8839075565338,270496,10810.59219368824,0.236258,0.594356,,
mean,steps,Combined,impala_cnn,IMPALA,mean,3072000,0.6639796,0.6042224,0.7237368,285.34795250892637,270496,10810.59219368824,0.588566,0.751558,,
mean,steps,Combined,impala_cnn,IMPALA,mean,4096000,0.8665162000000001,0.8254699999999999,0.9157269999999998,379.7503795146942,270496,10810.59219368824,0.800885,0.95566,,
mean,steps,Combined,impala_cnn,IMPALA,mean,5120000,0.93442,0.9118449999999999,0.957905,474.18564162254336,270496,10810.59219368824,0.90283,0.975993,,
mean,steps,Combined,impala_cnn,IMPALA,mean,6144000,0.959236,0.9468197999999999,0.9716522000000001,568.6945133209229,270496,10810.59219368824,0.941016,0.979779,,
mean,steps,Combined,impala_cnn,IMPALA,mean,7168000,0.9675944,0.9556254,0.9811078,663.3521911144256,270496,10810.59219368824,0.948276,0.989031,,
mean,steps,Combined,impala_cnn,IMPALA,mean,8192000,0.9696294,0.9612572,0.9821449999999998,757.9578758716583,270496,10810.59219368824,0.958829,0.993642,,
mean,steps,Combined,impala_cnn,IMPALA,mean,9216000,0.9733632,0.9661226,0.9835654,852.5691575527192,270496,10810.59219368824,0.96598,0.991781,,
mean,steps,Combined,impala_cnn,IMPALA,mean,10240000,0.9734304,0.9669744,0.9827204,947.6548421382904,270496,10810.59219368824,0.966038,0.990917,,
mean,steps,Combined,impala_cnn,IMPALA,mean,11264000,0.9755962,0.9680703999999999,0.985276,1042.422993373871,270496,10810.59219368824,0.965849,0.993648,,
mean,steps,Ours,flex_fast,Ours fast,mean,1024000,0.000674,0.0001652,0.0011903999999999999,12.432269620895386,261856,90687.4906939437,0.0,0.001704,,
mean,steps,Ours,flex_fast,Ours fast,mean,2048000,0.0037274,0.002557,0.0048724,24.443582201004027,261856,90687.4906939437,0.001797,0.005639,,
mean,steps,Ours,flex_quality,Ours quality,mean,3072000,0.079622,0.052111,0.10569600000000001,35.832331037521364,160736,92382.46337257982,0.032929,0.122633,,
mean,steps,Ours,flex_quality,Ours quality,mean,4096000,0.2959144,0.23292379999999996,0.358905,47.13723168373108,160736,92382.46337257982,0.183918,0.387532,,
mean,steps,Ours,flex_small,Ours small,mean,5120000,0.555466,0.4576316,0.6154034,58.253753137588504,109768,93134.392761847,0.36241,0.625363,,
mean,steps,Ours,flex_quality,Ours quality,mean,6144000,0.6887466,0.5925738,0.7876042,69.0270143032074,160736,92382.46337257982,0.538955,0.849955,,
mean,steps,Ours,flex_quality,Ours quality,mean,7168000,0.7388114,0.6599678,0.8210192,79.79110708236695,160736,92382.46337257982,0.599445,0.8726,,
mean,steps,Ours,flex_quality,Ours quality,mean,8192000,0.7727487999999999,0.7141632,0.8421839999999999,90.55440564155579,160736,92382.46337257982,0.681564,0.890612,,
mean,steps,Ours,flex_quality,Ours quality,mean,9216000,0.7817406,0.7102578,0.8496472,101.31690139770508,160736,92382.46337257982,0.673792,0.894962,,
mean,steps,Ours,flex_quality,Ours quality,mean,10240000,0.7883473999999999,0.7133294,0.8602634,112.06739153862,160736,92382.46337257982,0.6723,0.899485,,
mean,steps,Ours,flex_quality,Ours quality,mean,11264000,0.7931623999999999,0.7132242000000002,0.8729314,122.83228435516358,160736,92382.46337257982,0.665103,0.906518,,
mean,steps,Ours,flex_quality,Ours quality,mean,12288000,0.7963736000000001,0.715624,0.8771232,133.5835777759552,160736,92382.46337257982,0.668539,0.905579,,
mean,steps,Ours,flex_quality,Ours quality,mean,13312000,0.7966390000000001,0.7151248,0.8781532000000001,144.35406622886657,160736,92382.46337257982,0.667291,0.908154,,
mean,steps,Ours quality,flex_quality,Ours quality,mean,1024000,0.0005046,0.0001658,0.0008434,12.307328033447266,160736,92382.46337257982,0.0,0.000855,,
mean,steps,Ours quality,flex_quality,Ours quality,mean,2048000,0.0018241999999999998,0.001095,0.0025534,24.20583257675171,160736,92382.46337257982,0.000896,0.002737,,
mean,steps,Ours quality,flex_quality,Ours quality,mean,3072000,0.079622,0.052111,0.10569600000000001,35.832331037521364,160736,92382.46337257982,0.032929,0.122633,,
mean,steps,Ours quality,flex_quality,Ours quality,mean,4096000,0.2959144,0.23292379999999996,0.358905,47.13723168373108,160736,92382.46337257982,0.183918,0.387532,,
mean,steps,Ours quality,flex_quality,Ours quality,mean,5120000,0.5282754,0.40740360000000003,0.6491472,58.178127241134646,160736,92382.46337257982,0.384481,0.706239,,
mean,steps,Ours quality,flex_quality,Ours quality,mean,6144000,0.6887466,0.5925738,0.7876042,69.0270143032074,160736,92382.46337257982,0.538955,0.849955,,
mean,steps,Ours quality,flex_quality,Ours quality,mean,7168000,0.7388114,0.6599678,0.8210192,79.79110708236695,160736,92382.46337257982,0.599445,0.8726,,
mean,steps,Ours quality,flex_quality,Ours quality,mean,8192000,0.7727487999999999,0.7141632,0.8421839999999999,90.55440564155579,160736,92382.46337257982,0.681564,0.890612,,
mean,steps,Ours quality,flex_quality,Ours quality,mean,9216000,0.7817406,0.7102578,0.8496472,101.31690139770508,160736,92382.46337257982,0.673792,0.894962,,
mean,steps,Ours quality,flex_quality,Ours quality,mean,10240000,0.7883473999999999,0.7133294,0.8602634,112.06739153862,160736,92382.46337257982,0.6723,0.899485,,
mean,steps,Ours quality,flex_quality,Ours quality,mean,11264000,0.7931623999999999,0.7132242000000002,0.8729314,122.83228435516358,160736,92382.46337257982,0.665103,0.906518,,
mean,steps,Ours quality,flex_quality,Ours quality,mean,12288000,0.7963736000000001,0.715624,0.8771232,133.5835777759552,160736,92382.46337257982,0.668539,0.905579,,
mean,steps,Ours quality,flex_quality,Ours quality,mean,13312000,0.7966390000000001,0.7151248,0.8781532000000001,144.35406622886657,160736,92382.46337257982,0.667291,0.908154,,
mean,steps,Ours fast,flex_fast,Ours fast,mean,1024000,0.000674,0.0001652,0.0011903999999999999,12.432269620895386,261856,90687.4906939437,0.0,0.001704,,
mean,steps,Ours fast,flex_fast,Ours fast,mean,2048000,0.0037274,0.002557,0.0048724,24.443582201004027,261856,90687.4906939437,0.001797,0.005639,,
mean,steps,Ours fast,flex_fast,Ours fast,mean,3072000,0.06968,0.053394800000000006,0.0859652,36.20768356323242,261856,90687.4906939437,0.049223,0.09254,,
mean,steps,Ours fast,flex_fast,Ours fast,mean,4096000,0.24253080000000002,0.21037,0.2679452,47.66218771934509,261856,90687.4906939437,0.186547,0.275618,,
mean,steps,Ours fast,flex_fast,Ours fast,mean,5120000,0.459821,0.3910912,0.5285508,58.85589160919189,261856,90687.4906939437,0.370093,0.545538,,
mean,steps,Ours fast,flex_fast,Ours fast,mean,6144000,0.5894994,0.5075301999999999,0.6714686000000001,69.90718932151795,261856,90687.4906939437,0.461957,0.687199,,
mean,steps,Ours fast,flex_fast,Ours fast,mean,7168000,0.6550846,0.5755077999999999,0.7346614,80.96568737030029,261856,90687.4906939437,0.533507,0.748305,,
mean,steps,Ours fast,flex_fast,Ours fast,mean,8192000,0.681766,0.6040300000000001,0.7554320000000001,91.98658714294433,261856,90687.4906939437,0.554275,0.760338,,
mean,steps,Ours fast,flex_fast,Ours fast,mean,9216000,0.706113,0.6244732,0.7877528,103.05708608627319,261856,90687.4906939437,0.591436,0.815281,,
mean,steps,Ours fast,flex_fast,Ours fast,mean,10240000,0.7120110000000001,0.6378288000000001,0.7851136,114.12438645362855,261856,90687.4906939437,0.590297,0.806723,,
mean,steps,Ours fast,flex_fast,Ours fast,mean,11264000,0.7184102,0.6431918,0.7860267999999999,125.07968368530274,261856,90687.4906939437,0.58871,0.803512,,
mean,steps,Ours small,flex_small,Ours small,mean,1024000,0.0003418,0.0,0.0010253999999999999,12.33420114517212,109768,93134.392761847,0.0,0.001709,,
mean,steps,Ours small,flex_small,Ours small,mean,2048000,0.002016,0.0010696,0.0029623999999999996,24.287870025634767,109768,93134.392761847,0.000887,0.003707,,
mean,steps,Ours small,flex_small,Ours small,mean,3072000,0.06797899999999998,0.0377518,0.09990759999999999,35.98875045776367,109768,93134.392761847,0.019541,0.123134,,
mean,steps,Ours small,flex_small,Ours small,mean,4096000,0.29551420000000006,0.2130024,0.3600428,47.33845276832581,109768,93134.392761847,0.144424,0.3974,,
mean,steps,Ours small,flex_small,Ours small,mean,5120000,0.555466,0.4576316,0.6154034,58.253753137588504,109768,93134.392761847,0.36241,0.625363,,
mean,steps,Ours small,flex_small,Ours small,mean,6144000,0.6706614,0.5648420000000001,0.751586,68.89305119514465,109768,93134.392761847,0.466915,0.772066,,
mean,steps,Ours small,flex_small,Ours small,mean,7168000,0.7365248000000001,0.5993688,0.843394,79.48034873008729,109768,93134.392761847,0.497164,0.857778,,
mean,steps,Ours small,flex_small,Ours small,mean,8192000,0.7572108,0.6181382,0.8641204,90.12444443702698,109768,93134.392761847,0.517824,0.877939,,
mean,steps,Ours small,flex_small,Ours small,mean,9216000,0.7726368000000001,0.6420166,0.8797594,100.73894171714782,109768,93134.392761847,0.550752,0.891324,,
mean,steps,Ours small,flex_small,Ours small,mean,10240000,0.7751798000000001,0.6518908000000001,0.8802543999999999,111.36143898963928,109768,93134.392761847,0.567517,0.890991,,
mean,steps,Ours small,flex_small,Ours small,mean,11264000,0.7769577999999999,0.6580824,0.8763833999999999,121.96393513679504,109768,93134.392761847,0.581527,0.890764,,
mean,steps,Ours small,flex_small,Ours small,mean,12288000,0.7805598,0.6630756,0.8810762000000001,132.57203049659728,109768,93134.392761847,0.587571,0.89194,,
mean,steps,Nature,nature_cnn,Nature,mean,1024000,0.0003346,0.0,0.0006694,12.91606945991516,138528,84066.28170851825,0.0,0.000837,,
mean,steps,Nature,nature_cnn,Nature,mean,2048000,0.0019592,0.0008934000000000001,0.002837,25.449784421920775,138528,84066.28170851825,0.0,0.003481,,
mean,steps,Nature,nature_cnn,Nature,mean,3072000,0.064802,0.0400254,0.0955062,38.045091199874875,138528,84066.28170851825,0.034512,0.121557,,
mean,steps,Nature,nature_cnn,Nature,mean,4096000,0.246554,0.19963899999999998,0.297068,50.46920342445374,138528,84066.28170851825,0.185257,0.326087,,
mean,steps,Nature,nature_cnn,Nature,mean,5120000,0.4209918,0.35447380000000006,0.48750980000000005,62.76371145248413,138528,84066.28170851825,0.327039,0.531308,,
mean,steps,Nature,nature_cnn,Nature,mean,6144000,0.5631752000000001,0.46233959999999996,0.6640108,74.91262092590333,138528,84066.28170851825,0.404869,0.69434,,
mean,steps,Nature,nature_cnn,Nature,mean,7168000,0.6428976,0.5336087999999999,0.7486013999999999,86.97832670211793,138528,84066.28170851825,0.450135,0.808456,,
mean,steps,Nature,nature_cnn,Nature,mean,8192000,0.6804386,0.5835402000000001,0.7622548,98.98163208961486,138528,84066.28170851825,0.504562,0.824042,,
mean,steps,Nature,nature_cnn,Nature,mean,9216000,0.7119804000000001,0.612638,0.8061603999999999,110.96253638267517,138528,84066.28170851825,0.540241,0.876414,,
mean,steps,Nature,nature_cnn,Nature,mean,10240000,0.7231392000000001,0.6354612000000001,0.8087025999999999,122.88664145469666,138528,84066.28170851825,0.566176,0.867596,,
mean,steps,Nature,nature_cnn,Nature,mean,11264000,0.7360331999999999,0.6689217999999999,0.8088344,134.79954776763915,138528,84066.28170851825,0.619705,0.865789,,
mean,steps,IMPALA,impala_cnn,IMPALA,mean,1024000,0.0018254,0.0017031999999999998,0.001924,96.00392775535583,270496,10810.59219368824,0.001594,0.001951,,
mean,steps,IMPALA,impala_cnn,IMPALA,mean,2048000,0.4143228,0.30787760000000003,0.5176144,190.8839075565338,270496,10810.59219368824,0.236258,0.594356,,
mean,steps,IMPALA,impala_cnn,IMPALA,mean,3072000,0.6639796,0.6042224,0.7237368,285.34795250892637,270496,10810.59219368824,0.588566,0.751558,,
mean,steps,IMPALA,impala_cnn,IMPALA,mean,4096000,0.8665162000000001,0.8254699999999999,0.9157269999999998,379.7503795146942,270496,10810.59219368824,0.800885,0.95566,,
mean,steps,IMPALA,impala_cnn,IMPALA,mean,5120000,0.93442,0.9118449999999999,0.957905,474.18564162254336,270496,10810.59219368824,0.90283,0.975993,,
mean,steps,IMPALA,impala_cnn,IMPALA,mean,6144000,0.959236,0.9468197999999999,0.9716522000000001,568.6945133209229,270496,10810.59219368824,0.941016,0.979779,,
mean,steps,IMPALA,impala_cnn,IMPALA,mean,7168000,0.9675944,0.9556254,0.9811078,663.3521911144256,270496,10810.59219368824,0.948276,0.989031,,
mean,steps,IMPALA,impala_cnn,IMPALA,mean,8192000,0.9696294,0.9612572,0.9821449999999998,757.9578758716583,270496,10810.59219368824,0.958829,0.993642,,
mean,steps,IMPALA,impala_cnn,IMPALA,mean,9216000,0.9733632,0.9661226,0.9835654,852.5691575527192,270496,10810.59219368824,0.96598,0.991781,,
mean,steps,IMPALA,impala_cnn,IMPALA,mean,10240000,0.9734304,0.9669744,0.9827204,947.6548421382904,270496,10810.59219368824,0.966038,0.990917,,
mean,steps,IMPALA,impala_cnn,IMPALA,mean,11264000,0.9755962,0.9680703999999999,0.985276,1042.422993373871,270496,10810.59219368824,0.965849,0.993648,,
mean,steps,Impoola,impoola_cnn,Impoola,mean,1024000,0.0010306,0.0001692,0.001892,95.6757465839386,151712,10830.116281463566,0.0,0.002515,,
mean,steps,Impoola,impoola_cnn,Impoola,mean,2048000,0.20466440000000002,0.05396460000000001,0.38830339999999997,190.58301410675048,151712,10830.116281463566,0.01619,0.562558,,
mean,steps,Impoola,impoola_cnn,Impoola,mean,3072000,0.5832409999999999,0.3319286,0.752307,285.07907462120056,151712,10830.116281463566,0.083962,0.808658,,
mean,steps,Impoola,impoola_cnn,Impoola,mean,4096000,0.6706376,0.4805504,0.8216015999999999,379.49673385620116,151712,10830.116281463566,0.325972,0.914552,,
mean,steps,Impoola,impoola_cnn,Impoola,mean,5120000,0.6979328,0.5377232000000001,0.841348,473.93518924713135,151712,10830.116281463566,0.401246,0.936387,,
mean,steps,Impoola,impoola_cnn,Impoola,mean,6144000,0.7161504000000001,0.5617838,0.8563704000000001,568.3272432804108,151712,10830.116281463566,0.445415,0.942275,,
mean,steps,Impoola,impoola_cnn,Impoola,mean,7168000,0.7751742,0.7009632,0.8703417999999999,662.6760914325714,151712,10830.116281463566,0.663818,0.952259,,
mean,steps,Impoola,impoola_cnn,Impoola,mean,8192000,0.7828754,0.7211939999999999,0.8752592,757.5595133781433,151712,10830.116281463566,0.69619,0.958298,,
mean,steps,Impoola,impoola_cnn,Impoola,mean,9216000,0.7944950000000001,0.7370907999999999,0.8786465999999999,851.8441987991333,151712,10830.116281463566,0.712251,0.952991,,
mean,steps,Impoola,impoola_cnn,Impoola,mean,11264000,0.7964217999999998,0.741898,0.8816531999999999,1040.487497997284,151712,10830.116281463566,0.72238,0.96,,
mean,steps,Impoola,impoola_cnn,Impoola,mean,12288000,0.8003788000000001,0.7457527999999999,0.8833549999999999,1135.2396612644195,151712,10830.116281463566,0.725564,0.959009,,
mean,steps,Impoola,impoola_cnn,Impoola,mean,13312000,0.8009426000000002,0.7484660000000001,0.883052,1229.5379915714263,151712,10830.116281463566,0.730516,0.958227,,
173,seconds,Combined,flex_quality,Ours quality,173,1024000,0.000829,,,12.30122709274292,160736,91513.13874389254,,,145.820446926984,1207
173,seconds,Combined,flex_fast,Ours fast,173,1024000,0.00084,,,12.471571683883667,261856,89593.53578110332,,,148.89351115300087,1190
173,seconds,Combined,flex_quality,Ours quality,173,2048000,0.002737,,,24.129345417022705,160736,91513.13874389254,,,145.820446926984,1096
173,seconds,Combined,flex_small,Ours small,173,2048000,0.003707,,,24.205688953399658,109768,91246.6164983006,,,146.22616860596463,1079
173,seconds,Combined,flex_fast,Ours fast,173,2048000,0.00463,,,24.38766622543335,261856,89593.53578110332,,,148.89351115300087,1080
173,seconds,Combined,flex_quality,Ours quality,173,3072000,0.122633,,,35.741424560546875,160736,91513.13874389254,,,145.820446926984,1109
173,seconds,Combined,flex_small,Ours small,173,3072000,0.123134,,,35.89382243156433,109768,91246.6164983006,,,146.22616860596463,1072
173,seconds,Combined,flex_quality,Ours quality,173,4096000,0.290939,,,47.177523374557495,160736,91513.13874389254,,,145.820446926984,1203
173,seconds,Combined,flex_small,Ours small,173,4096000,0.304007,,,47.353936195373535,109768,91246.6164983006,,,146.22616860596463,1148
173,seconds,Combined,flex_quality,Ours quality,173,5120000,0.384481,,,58.50960898399353,160736,91513.13874389254,,,145.820446926984,1147
173,seconds,Combined,flex_small,Ours small,173,5120000,0.618147,,,58.6180522441864,109768,91246.6164983006,,,146.22616860596463,1058
173,seconds,Combined,flex_small,Ours small,173,6144000,0.772066,,,69.64616394042969,109768,91246.6164983006,,,146.22616860596463,1031
173,seconds,Combined,flex_small,Ours small,173,7168000,0.82233,,,80.57427763938904,109768,91246.6164983006,,,146.22616860596463,1030
173,seconds,Combined,flex_small,Ours small,173,8192000,0.855826,,,91.51038551330566,109768,91246.6164983006,,,146.22616860596463,1193
173,seconds,Combined,flex_small,Ours small,173,9216000,0.863281,,,102.45448637008667,109768,91246.6164983006,,,146.22616860596463,1024
173,seconds,Combined,flex_small,Ours small,173,11264000,0.866861,,,124.30671405792236,109768,91246.6164983006,,,146.22616860596463,1029
173,seconds,Combined,flex_small,Ours small,173,12288000,0.870623,,,135.21482586860657,109768,91246.6164983006,,,146.22616860596463,1028
173,seconds,Combined,flex_small,Ours small,173,13312000,0.870874,,,146.13093996047974,109768,91246.6164983006,,,146.22616860596463,1030
173,seconds,Combined,impala_cnn,IMPALA,173,5120000,0.90283,,,473.33098006248474,270496,10845.866608771668,,,1227.8000016899896,1060
173,seconds,Combined,impala_cnn,IMPALA,173,6144000,0.941016,,,567.7079041004181,270496,10845.866608771668,,,1227.8000016899896,1102
173,seconds,Combined,impala_cnn,IMPALA,173,7168000,0.948276,,,661.7808470726013,270496,10845.866608771668,,,1227.8000016899896,1102
173,seconds,Combined,impala_cnn,IMPALA,173,8192000,0.958829,,,755.8298034667969,270496,10845.866608771668,,,1227.8000016899896,1093
173,seconds,Combined,impala_cnn,IMPALA,173,9216000,0.96598,,,850.2587525844574,270496,10845.866608771668,,,1227.8000016899896,1117
173,seconds,Combined,impala_cnn,IMPALA,173,10240000,0.967972,,,944.7197091579437,270496,10845.866608771668,,,1227.8000016899896,1124
173,seconds,Ours,flex_quality,Ours quality,173,1024000,0.000829,,,12.30122709274292,160736,91513.13874389254,,,145.820446926984,1207
173,seconds,Ours,flex_fast,Ours fast,173,1024000,0.00084,,,12.471571683883667,261856,89593.53578110332,,,148.89351115300087,1190
173,seconds,Ours,flex_quality,Ours quality,173,2048000,0.002737,,,24.129345417022705,160736,91513.13874389254,,,145.820446926984,1096
173,seconds,Ours,flex_small,Ours small,173,2048000,0.003707,,,24.205688953399658,109768,91246.6164983006,,,146.22616860596463,1079
173,seconds,Ours,flex_fast,Ours fast,173,2048000,0.00463,,,24.38766622543335,261856,89593.53578110332,,,148.89351115300087,1080
173,seconds,Ours,flex_quality,Ours quality,173,3072000,0.122633,,,35.741424560546875,160736,91513.13874389254,,,145.820446926984,1109
173,seconds,Ours,flex_small,Ours small,173,3072000,0.123134,,,35.89382243156433,109768,91246.6164983006,,,146.22616860596463,1072
173,seconds,Ours,flex_quality,Ours quality,173,4096000,0.290939,,,47.177523374557495,160736,91513.13874389254,,,145.820446926984,1203
173,seconds,Ours,flex_small,Ours small,173,4096000,0.304007,,,47.353936195373535,109768,91246.6164983006,,,146.22616860596463,1148
173,seconds,Ours,flex_quality,Ours quality,173,5120000,0.384481,,,58.50960898399353,160736,91513.13874389254,,,145.820446926984,1147
173,seconds,Ours,flex_small,Ours small,173,5120000,0.618147,,,58.6180522441864,109768,91246.6164983006,,,146.22616860596463,1058
173,seconds,Ours,flex_small,Ours small,173,6144000,0.772066,,,69.64616394042969,109768,91246.6164983006,,,146.22616860596463,1031
173,seconds,Ours,flex_small,Ours small,173,7168000,0.82233,,,80.57427763938904,109768,91246.6164983006,,,146.22616860596463,1030
173,seconds,Ours,flex_small,Ours small,173,8192000,0.855826,,,91.51038551330566,109768,91246.6164983006,,,146.22616860596463,1193
173,seconds,Ours,flex_small,Ours small,173,9216000,0.863281,,,102.45448637008667,109768,91246.6164983006,,,146.22616860596463,1024
173,seconds,Ours,flex_small,Ours small,173,11264000,0.866861,,,124.30671405792236,109768,91246.6164983006,,,146.22616860596463,1029
173,seconds,Ours,flex_small,Ours small,173,12288000,0.870623,,,135.21482586860657,109768,91246.6164983006,,,146.22616860596463,1028
173,seconds,Ours,flex_small,Ours small,173,13312000,0.870874,,,146.13093996047974,109768,91246.6164983006,,,146.22616860596463,1030
173,seconds,Ours quality,flex_quality,Ours quality,173,1024000,0.000829,,,12.30122709274292,160736,91513.13874389254,,,145.820446926984,1207
173,seconds,Ours quality,flex_quality,Ours quality,173,2048000,0.002737,,,24.129345417022705,160736,91513.13874389254,,,145.820446926984,1096
173,seconds,Ours quality,flex_quality,Ours quality,173,3072000,0.122633,,,35.741424560546875,160736,91513.13874389254,,,145.820446926984,1109
173,seconds,Ours quality,flex_quality,Ours quality,173,4096000,0.290939,,,47.177523374557495,160736,91513.13874389254,,,145.820446926984,1203
173,seconds,Ours quality,flex_quality,Ours quality,173,5120000,0.384481,,,58.50960898399353,160736,91513.13874389254,,,145.820446926984,1147
173,seconds,Ours quality,flex_quality,Ours quality,173,6144000,0.538955,,,69.64169144630432,160736,91513.13874389254,,,145.820446926984,1091
173,seconds,Ours quality,flex_quality,Ours quality,173,7168000,0.599445,,,80.57378554344177,160736,91513.13874389254,,,145.820446926984,1081
173,seconds,Ours quality,flex_quality,Ours quality,173,8192000,0.681564,,,91.46188521385193,160736,91513.13874389254,,,145.820446926984,1074
173,seconds,Ours fast,flex_fast,Ours fast,173,1024000,0.00084,,,12.471571683883667,261856,89593.53578110332,,,148.89351115300087,1190
173,seconds,Ours fast,flex_fast,Ours fast,173,2048000,0.00463,,,24.38766622543335,261856,89593.53578110332,,,148.89351115300087,1080
173,seconds,Ours fast,flex_fast,Ours fast,173,3072000,0.090009,,,36.09176278114319,261856,89593.53578110332,,,148.89351115300087,1111
173,seconds,Ours fast,flex_fast,Ours fast,173,4096000,0.226252,,,47.54786038398743,261856,89593.53578110332,,,148.89351115300087,1158
173,seconds,Ours fast,flex_fast,Ours fast,173,5120000,0.374107,,,58.89595103263855,261856,89593.53578110332,,,148.89351115300087,1120
173,seconds,Ours fast,flex_fast,Ours fast,173,6144000,0.461957,,,70.24803876876831,261856,89593.53578110332,,,148.89351115300087,1104
173,seconds,Ours fast,flex_fast,Ours fast,173,7168000,0.547032,,,81.58413529396057,261856,89593.53578110332,,,148.89351115300087,1095
173,seconds,Ours fast,flex_fast,Ours fast,173,8192000,0.554275,,,92.82024216651917,261856,89593.53578110332,,,148.89351115300087,1041
173,seconds,Ours fast,flex_fast,Ours fast,173,9216000,0.598657,,,104.2523365020752,261856,89593.53578110332,,,148.89351115300087,1191
173,seconds,Ours fast,flex_fast,Ours fast,173,10240000,0.634583,,,115.81643390655518,261856,89593.53578110332,,,148.89351115300087,1174
173,seconds,Ours fast,flex_fast,Ours fast,173,11264000,0.663274,,,126.83252191543579,261856,89593.53578110332,,,148.89351115300087,1179
173,seconds,Ours small,flex_small,Ours small,173,1024000,0.0,,,12.341568946838379,109768,91246.6164983006,,,146.22616860596463,1200
173,seconds,Ours small,flex_small,Ours small,173,2048000,0.003707,,,24.205688953399658,109768,91246.6164983006,,,146.22616860596463,1079
173,seconds,Ours small,flex_small,Ours small,173,3072000,0.123134,,,35.89382243156433,109768,91246.6164983006,,,146.22616860596463,1072
173,seconds,Ours small,flex_small,Ours small,173,4096000,0.304007,,,47.353936195373535,109768,91246.6164983006,,,146.22616860596463,1148
173,seconds,Ours small,flex_small,Ours small,173,5120000,0.618147,,,58.6180522441864,109768,91246.6164983006,,,146.22616860596463,1058
173,seconds,Ours small,flex_small,Ours small,173,6144000,0.772066,,,69.64616394042969,109768,91246.6164983006,,,146.22616860596463,1031
173,seconds,Ours small,flex_small,Ours small,173,7168000,0.82233,,,80.57427763938904,109768,91246.6164983006,,,146.22616860596463,1030
173,seconds,Ours small,flex_small,Ours small,173,8192000,0.855826,,,91.51038551330566,109768,91246.6164983006,,,146.22616860596463,1193
173,seconds,Ours small,flex_small,Ours small,173,9216000,0.863281,,,102.45448637008667,109768,91246.6164983006,,,146.22616860596463,1024
173,seconds,Ours small,flex_small,Ours small,173,11264000,0.866861,,,124.30671405792236,109768,91246.6164983006,,,146.22616860596463,1029
173,seconds,Ours small,flex_small,Ours small,173,12288000,0.870623,,,135.21482586860657,109768,91246.6164983006,,,146.22616860596463,1028
173,seconds,Ours small,flex_small,Ours small,173,13312000,0.870874,,,146.13093996047974,109768,91246.6164983006,,,146.22616860596463,1030
173,seconds,Nature,nature_cnn,Nature,173,1024000,0.0,,,12.92183542251587,138528,83564.18776072336,,,159.65167176903924,1199
173,seconds,Nature,nature_cnn,Nature,173,2048000,0.001848,,,25.449939012527466,138528,83564.18776072336,,,159.65167176903924,1082
173,seconds,Nature,nature_cnn,Nature,173,3072000,0.121557,,,37.934040546417236,138528,83564.18776072336,,,159.65167176903924,1053
173,seconds,Nature,nature_cnn,Nature,173,4096000,0.214347,,,50.35413980484009,138528,83564.18776072336,,,159.65167176903924,1157
173,seconds,Nature,nature_cnn,Nature,173,5120000,0.327039,,,62.64624762535095,138528,83564.18776072336,,,159.65167176903924,1165
173,seconds,Nature,nature_cnn,Nature,173,6144000,0.404869,,,74.850350856781,138528,83564.18776072336,,,159.65167176903924,1109
173,seconds,Nature,nature_cnn,Nature,173,7168000,0.450135,,,86.97445273399353,138528,83564.18776072336,,,159.65167176903924,1113
173,seconds,Nature,nature_cnn,Nature,173,8192000,0.504562,,,99.16655111312866,138528,83564.18776072336,,,159.65167176903924,1096
173,seconds,Nature,nature_cnn,Nature,173,9216000,0.540241,,,111.32264733314514,138528,83564.18776072336,,,159.65167176903924,1081
173,seconds,Nature,nature_cnn,Nature,173,10240000,0.566176,,,123.43874454498291,138528,83564.18776072336,,,159.65167176903924,1088
173,seconds,Nature,nature_cnn,Nature,173,11264000,0.619705,,,135.4708480834961,138528,83564.18776072336,,,159.65167176903924,1086
173,seconds,IMPALA,impala_cnn,IMPALA,173,1024000,0.001783,,,95.94784450531006,270496,10845.866608771668,,,1227.8000016899896,1122
173,seconds,IMPALA,impala_cnn,IMPALA,173,2048000,0.435996,,,191.21263647079468,270496,10845.866608771668,,,1227.8000016899896,1039
173,seconds,IMPALA,impala_cnn,IMPALA,173,3072000,0.662162,,,285.30142188072205,270496,10845.866608771668,,,1227.8000016899896,1036
173,seconds,IMPALA,impala_cnn,IMPALA,173,4096000,0.838649,,,379.1981906890869,270496,10845.866608771668,,,1227.8000016899896,1066
173,seconds,IMPALA,impala_cnn,IMPALA,173,5120000,0.90283,,,473.33098006248474,270496,10845.866608771668,,,1227.8000016899896,1060
173,seconds,IMPALA,impala_cnn,IMPALA,173,6144000,0.941016,,,567.7079041004181,270496,10845.866608771668,,,1227.8000016899896,1102
173,seconds,IMPALA,impala_cnn,IMPALA,173,7168000,0.948276,,,661.7808470726013,270496,10845.866608771668,,,1227.8000016899896,1102
173,seconds,IMPALA,impala_cnn,IMPALA,173,8192000,0.958829,,,755.8298034667969,270496,10845.866608771668,,,1227.8000016899896,1093
173,seconds,IMPALA,impala_cnn,IMPALA,173,9216000,0.96598,,,850.2587525844574,270496,10845.866608771668,,,1227.8000016899896,1117
173,seconds,IMPALA,impala_cnn,IMPALA,173,10240000,0.967972,,,944.7197091579437,270496,10845.866608771668,,,1227.8000016899896,1124
173,seconds,Impoola,impoola_cnn,Impoola,173,1024000,0.002515,,,95.55529427528381,151712,10838.020369554322,,,1228.7136936939787,1193
173,seconds,Impoola,impoola_cnn,Impoola,173,2048000,0.190731,,,190.72025728225708,151712,10838.020369554322,,,1228.7136936939787,1122
173,seconds,Impoola,impoola_cnn,Impoola,173,3072000,0.599099,,,285.43720531463623,151712,10838.020369554322,,,1228.7136936939787,1110
173,seconds,Impoola,impoola_cnn,Impoola,173,4096000,0.651934,,,380.0261514186859,151712,10838.020369554322,,,1228.7136936939787,1086
173,seconds,Impoola,impoola_cnn,Impoola,173,5120000,0.65514,,,474.5471136569977,151712,10838.020369554322,,,1228.7136936939787,1070
173,seconds,Impoola,impoola_cnn,Impoola,173,6144000,0.71869,,,569.2320694923401,151712,10838.020369554322,,,1228.7136936939787,1038
173,seconds,Impoola,impoola_cnn,Impoola,173,7168000,0.746432,,,663.5970227718353,151712,10838.020369554322,,,1228.7136936939787,1191
173,seconds,Impoola,impoola_cnn,Impoola,173,9216000,0.772973,,,851.9669280052185,151712,10838.020369554322,,,1228.7136936939787,1110
173,seconds,Impoola,impoola_cnn,Impoola,173,10240000,0.780773,,,946.2478721141815,151712,10838.020369554322,,,1228.7136936939787,1113
173,seconds,Impoola,impoola_cnn,Impoola,173,12288000,0.788235,,,1134.3897726535797,151712,10838.020369554322,,,1228.7136936939787,1105
173,steps,Combined,impoola_cnn,Impoola,173,1024000,0.002515,,,95.55529427528381,151712,10838.020369554322,,,1228.7136936939787,1193
173,steps,Combined,impala_cnn,IMPALA,173,2048000,0.435996,,,191.21263647079468,270496,10845.866608771668,,,1227.8000016899896,1039
173,steps,Combined,impala_cnn,IMPALA,173,3072000,0.662162,,,285.30142188072205,270496,10845.866608771668,,,1227.8000016899896,1036
173,steps,Combined,impala_cnn,IMPALA,173,4096000,0.838649,,,379.1981906890869,270496,10845.866608771668,,,1227.8000016899896,1066
173,steps,Combined,impala_cnn,IMPALA,173,5120000,0.90283,,,473.33098006248474,270496,10845.866608771668,,,1227.8000016899896,1060
173,steps,Combined,impala_cnn,IMPALA,173,6144000,0.941016,,,567.7079041004181,270496,10845.866608771668,,,1227.8000016899896,1102
173,steps,Combined,impala_cnn,IMPALA,173,7168000,0.948276,,,661.7808470726013,270496,10845.866608771668,,,1227.8000016899896,1102
173,steps,Combined,impala_cnn,IMPALA,173,8192000,0.958829,,,755.8298034667969,270496,10845.866608771668,,,1227.8000016899896,1093
173,steps,Combined,impala_cnn,IMPALA,173,9216000,0.96598,,,850.2587525844574,270496,10845.866608771668,,,1227.8000016899896,1117
173,steps,Combined,impala_cnn,IMPALA,173,10240000,0.967972,,,944.7197091579437,270496,10845.866608771668,,,1227.8000016899896,1124
173,steps,Ours,flex_fast,Ours fast,173,1024000,0.00084,,,12.471571683883667,261856,89593.53578110332,,,148.89351115300087,1190
173,steps,Ours,flex_fast,Ours fast,173,2048000,0.00463,,,24.38766622543335,261856,89593.53578110332,,,148.89351115300087,1080
173,steps,Ours,flex_small,Ours small,173,3072000,0.123134,,,35.89382243156433,109768,91246.6164983006,,,146.22616860596463,1072
173,steps,Ours,flex_small,Ours small,173,4096000,0.304007,,,47.353936195373535,109768,91246.6164983006,,,146.22616860596463,1148
173,steps,Ours,flex_small,Ours small,173,5120000,0.618147,,,58.6180522441864,109768,91246.6164983006,,,146.22616860596463,1058
173,steps,Ours,flex_small,Ours small,173,6144000,0.772066,,,69.64616394042969,109768,91246.6164983006,,,146.22616860596463,1031
173,steps,Ours,flex_small,Ours small,173,7168000,0.82233,,,80.57427763938904,109768,91246.6164983006,,,146.22616860596463,1030
173,steps,Ours,flex_small,Ours small,173,8192000,0.855826,,,91.51038551330566,109768,91246.6164983006,,,146.22616860596463,1193
173,steps,Ours,flex_small,Ours small,173,9216000,0.863281,,,102.45448637008667,109768,91246.6164983006,,,146.22616860596463,1024
173,steps,Ours,flex_small,Ours small,173,11264000,0.866861,,,124.30671405792236,109768,91246.6164983006,,,146.22616860596463,1029
173,steps,Ours,flex_small,Ours small,173,12288000,0.870623,,,135.21482586860657,109768,91246.6164983006,,,146.22616860596463,1028
173,steps,Ours,flex_small,Ours small,173,13312000,0.870874,,,146.13093996047974,109768,91246.6164983006,,,146.22616860596463,1030
173,steps,Ours quality,flex_quality,Ours quality,173,1024000,0.000829,,,12.30122709274292,160736,91513.13874389254,,,145.820446926984,1207
173,steps,Ours quality,flex_quality,Ours quality,173,2048000,0.002737,,,24.129345417022705,160736,91513.13874389254,,,145.820446926984,1096
173,steps,Ours quality,flex_quality,Ours quality,173,3072000,0.122633,,,35.741424560546875,160736,91513.13874389254,,,145.820446926984,1109
173,steps,Ours quality,flex_quality,Ours quality,173,4096000,0.290939,,,47.177523374557495,160736,91513.13874389254,,,145.820446926984,1203
173,steps,Ours quality,flex_quality,Ours quality,173,5120000,0.384481,,,58.50960898399353,160736,91513.13874389254,,,145.820446926984,1147
173,steps,Ours quality,flex_quality,Ours quality,173,6144000,0.538955,,,69.64169144630432,160736,91513.13874389254,,,145.820446926984,1091
173,steps,Ours quality,flex_quality,Ours quality,173,7168000,0.599445,,,80.57378554344177,160736,91513.13874389254,,,145.820446926984,1081
173,steps,Ours quality,flex_quality,Ours quality,173,8192000,0.681564,,,91.46188521385193,160736,91513.13874389254,,,145.820446926984,1074
173,steps,Ours fast,flex_fast,Ours fast,173,1024000,0.00084,,,12.471571683883667,261856,89593.53578110332,,,148.89351115300087,1190
173,steps,Ours fast,flex_fast,Ours fast,173,2048000,0.00463,,,24.38766622543335,261856,89593.53578110332,,,148.89351115300087,1080
173,steps,Ours fast,flex_fast,Ours fast,173,3072000,0.090009,,,36.09176278114319,261856,89593.53578110332,,,148.89351115300087,1111
173,steps,Ours fast,flex_fast,Ours fast,173,4096000,0.226252,,,47.54786038398743,261856,89593.53578110332,,,148.89351115300087,1158
173,steps,Ours fast,flex_fast,Ours fast,173,5120000,0.374107,,,58.89595103263855,261856,89593.53578110332,,,148.89351115300087,1120
173,steps,Ours fast,flex_fast,Ours fast,173,6144000,0.461957,,,70.24803876876831,261856,89593.53578110332,,,148.89351115300087,1104
173,steps,Ours fast,flex_fast,Ours fast,173,7168000,0.547032,,,81.58413529396057,261856,89593.53578110332,,,148.89351115300087,1095
173,steps,Ours fast,flex_fast,Ours fast,173,8192000,0.554275,,,92.82024216651917,261856,89593.53578110332,,,148.89351115300087,1041
173,steps,Ours fast,flex_fast,Ours fast,173,9216000,0.598657,,,104.2523365020752,261856,89593.53578110332,,,148.89351115300087,1191
173,steps,Ours fast,flex_fast,Ours fast,173,10240000,0.634583,,,115.81643390655518,261856,89593.53578110332,,,148.89351115300087,1174
173,steps,Ours fast,flex_fast,Ours fast,173,11264000,0.663274,,,126.83252191543579,261856,89593.53578110332,,,148.89351115300087,1179
173,steps,Ours small,flex_small,Ours small,173,1024000,0.0,,,12.341568946838379,109768,91246.6164983006,,,146.22616860596463,1200
173,steps,Ours small,flex_small,Ours small,173,2048000,0.003707,,,24.205688953399658,109768,91246.6164983006,,,146.22616860596463,1079
173,steps,Ours small,flex_small,Ours small,173,3072000,0.123134,,,35.89382243156433,109768,91246.6164983006,,,146.22616860596463,1072
173,steps,Ours small,flex_small,Ours small,173,4096000,0.304007,,,47.353936195373535,109768,91246.6164983006,,,146.22616860596463,1148
173,steps,Ours small,flex_small,Ours small,173,5120000,0.618147,,,58.6180522441864,109768,91246.6164983006,,,146.22616860596463,1058
173,steps,Ours small,flex_small,Ours small,173,6144000,0.772066,,,69.64616394042969,109768,91246.6164983006,,,146.22616860596463,1031
173,steps,Ours small,flex_small,Ours small,173,7168000,0.82233,,,80.57427763938904,109768,91246.6164983006,,,146.22616860596463,1030
173,steps,Ours small,flex_small,Ours small,173,8192000,0.855826,,,91.51038551330566,109768,91246.6164983006,,,146.22616860596463,1193
173,steps,Ours small,flex_small,Ours small,173,9216000,0.863281,,,102.45448637008667,109768,91246.6164983006,,,146.22616860596463,1024
173,steps,Ours small,flex_small,Ours small,173,11264000,0.866861,,,124.30671405792236,109768,91246.6164983006,,,146.22616860596463,1029
173,steps,Ours small,flex_small,Ours small,173,12288000,0.870623,,,135.21482586860657,109768,91246.6164983006,,,146.22616860596463,1028
173,steps,Ours small,flex_small,Ours small,173,13312000,0.870874,,,146.13093996047974,109768,91246.6164983006,,,146.22616860596463,1030
173,steps,Nature,nature_cnn,Nature,173,1024000,0.0,,,12.92183542251587,138528,83564.18776072336,,,159.65167176903924,1199
173,steps,Nature,nature_cnn,Nature,173,2048000,0.001848,,,25.449939012527466,138528,83564.18776072336,,,159.65167176903924,1082
173,steps,Nature,nature_cnn,Nature,173,3072000,0.121557,,,37.934040546417236,138528,83564.18776072336,,,159.65167176903924,1053
173,steps,Nature,nature_cnn,Nature,173,4096000,0.214347,,,50.35413980484009,138528,83564.18776072336,,,159.65167176903924,1157
173,steps,Nature,nature_cnn,Nature,173,5120000,0.327039,,,62.64624762535095,138528,83564.18776072336,,,159.65167176903924,1165
173,steps,Nature,nature_cnn,Nature,173,6144000,0.404869,,,74.850350856781,138528,83564.18776072336,,,159.65167176903924,1109
173,steps,Nature,nature_cnn,Nature,173,7168000,0.450135,,,86.97445273399353,138528,83564.18776072336,,,159.65167176903924,1113
173,steps,Nature,nature_cnn,Nature,173,8192000,0.504562,,,99.16655111312866,138528,83564.18776072336,,,159.65167176903924,1096
173,steps,Nature,nature_cnn,Nature,173,9216000,0.540241,,,111.32264733314514,138528,83564.18776072336,,,159.65167176903924,1081
173,steps,Nature,nature_cnn,Nature,173,10240000,0.566176,,,123.43874454498291,138528,83564.18776072336,,,159.65167176903924,1088
173,steps,Nature,nature_cnn,Nature,173,11264000,0.619705,,,135.4708480834961,138528,83564.18776072336,,,159.65167176903924,1086
173,steps,IMPALA,impala_cnn,IMPALA,173,1024000,0.001783,,,95.94784450531006,270496,10845.866608771668,,,1227.8000016899896,1122
173,steps,IMPALA,impala_cnn,IMPALA,173,2048000,0.435996,,,191.21263647079468,270496,10845.866608771668,,,1227.8000016899896,1039
173,steps,IMPALA,impala_cnn,IMPALA,173,3072000,0.662162,,,285.30142188072205,270496,10845.866608771668,,,1227.8000016899896,1036
173,steps,IMPALA,impala_cnn,IMPALA,173,4096000,0.838649,,,379.1981906890869,270496,10845.866608771668,,,1227.8000016899896,1066
173,steps,IMPALA,impala_cnn,IMPALA,173,5120000,0.90283,,,473.33098006248474,270496,10845.866608771668,,,1227.8000016899896,1060
173,steps,IMPALA,impala_cnn,IMPALA,173,6144000,0.941016,,,567.7079041004181,270496,10845.866608771668,,,1227.8000016899896,1102
173,steps,IMPALA,impala_cnn,IMPALA,173,7168000,0.948276,,,661.7808470726013,270496,10845.866608771668,,,1227.8000016899896,1102
173,steps,IMPALA,impala_cnn,IMPALA,173,8192000,0.958829,,,755.8298034667969,270496,10845.866608771668,,,1227.8000016899896,1093
173,steps,IMPALA,impala_cnn,IMPALA,173,9216000,0.96598,,,850.2587525844574,270496,10845.866608771668,,,1227.8000016899896,1117
173,steps,IMPALA,impala_cnn,IMPALA,173,10240000,0.967972,,,944.7197091579437,270496,10845.866608771668,,,1227.8000016899896,1124
173,steps,Impoola,impoola_cnn,Impoola,173,1024000,0.002515,,,95.55529427528381,151712,10838.020369554322,,,1228.7136936939787,1193
173,steps,Impoola,impoola_cnn,Impoola,173,2048000,0.190731,,,190.72025728225708,151712,10838.020369554322,,,1228.7136936939787,1122
173,steps,Impoola,impoola_cnn,Impoola,173,3072000,0.599099,,,285.43720531463623,151712,10838.020369554322,,,1228.7136936939787,1110
173,steps,Impoola,impoola_cnn,Impoola,173,4096000,0.651934,,,380.0261514186859,151712,10838.020369554322,,,1228.7136936939787,1086
173,steps,Impoola,impoola_cnn,Impoola,173,5120000,0.65514,,,474.5471136569977,151712,10838.020369554322,,,1228.7136936939787,1070
173,steps,Impoola,impoola_cnn,Impoola,173,6144000,0.71869,,,569.2320694923401,151712,10838.020369554322,,,1228.7136936939787,1038
173,steps,Impoola,impoola_cnn,Impoola,173,7168000,0.746432,,,663.5970227718353,151712,10838.020369554322,,,1228.7136936939787,1191
173,steps,Impoola,impoola_cnn,Impoola,173,9216000,0.772973,,,851.9669280052185,151712,10838.020369554322,,,1228.7136936939787,1110
173,steps,Impoola,impoola_cnn,Impoola,173,10240000,0.780773,,,946.2478721141815,151712,10838.020369554322,,,1228.7136936939787,1113
173,steps,Impoola,impoola_cnn,Impoola,173,12288000,0.788235,,,1134.3897726535797,151712,10838.020369554322,,,1228.7136936939787,1105
174,seconds,Combined,flex_small,Ours small,174,1024000,0.0,,,12.213506937026978,109768,93662.3592031483,,,142.4661535039777,1183
174,seconds,Combined,nature_cnn,Nature,174,1024000,0.000836,,,12.938596725463867,138528,84179.84844731766,,,158.50135249097366,1196
174,seconds,Combined,flex_small,Ours small,174,2048000,0.002799,,,24.045621395111084,109768,93662.3592031483,,,142.4661535039777,1072
174,seconds,Combined,flex_fast,Ours fast,174,2048000,0.005639,,,24.377455711364746,261856,90844.17138447109,,,146.83063472801587,1064
174,seconds,Combined,flex_quality,Ours quality,174,3072000,0.079801,,,35.5815110206604,160736,93999.95091123061,,,141.96460335096344,1203
174,seconds,Combined,flex_small,Ours small,174,3072000,0.08787,,,35.62572622299194,109768,93662.3592031483,,,142.4661535039777,1047
174,seconds,Combined,flex_fast,Ours fast,174,3072000,0.09254,,,36.13757371902466,261856,90844.17138447109,,,146.83063472801587,1059
174,seconds,Combined,flex_quality,Ours quality,174,4096000,0.364261,,,46.60961103439331,160736,93999.95091123061,,,141.96460335096344,1164
174,seconds,Combined,flex_quality,Ours quality,174,5120000,0.682226,,,57.18971371650696,160736,93999.95091123061,,,141.96460335096344,1114
174,seconds,Combined,flex_quality,Ours quality,174,6144000,0.849955,,,67.67380166053772,160736,93999.95091123061,,,141.96460335096344,1113
174,seconds,Combined,flex_quality,Ours quality,174,7168000,0.8726,,,78.20990204811096,160736,93999.95091123061,,,141.96460335096344,1146
174,seconds,Combined,flex_quality,Ours quality,174,8192000,0.890612,,,88.79399633407593,160736,93999.95091123061,,,141.96460335096344,1161
174,seconds,Combined,flex_quality,Ours quality,174,9216000,0.894962,,,99.40209937095642,160736,93999.95091123061,,,141.96460335096344,1171
174,seconds,Combined,flex_quality,Ours quality,174,10240000,0.899485,,,110.01419639587402,160736,93999.95091123061,,,141.96460335096344,1164
174,seconds,Combined,flex_quality,Ours quality,174,11264000,0.906518,,,120.66229319572449,160736,93999.95091123061,,,141.96460335096344,1166
174,seconds,Combined,flex_quality,Ours quality,174,13312000,0.908154,,,141.84648871421814,160736,93999.95091123061,,,141.96460335096344,1165
174,seconds,Combined,impoola_cnn,Impoola,174,4096000,0.914552,,,380.2780714035034,151712,10771.239667417483,,,1236.615512266988,1182
174,seconds,Combined,impala_cnn,IMPALA,174,5120000,0.950629,,,473.2997782230377,270496,10824.181712452293,,,1230.242735835025,1033
174,seconds,Combined,impala_cnn,IMPALA,174,6144000,0.968601,,,567.7487268447876,270496,10824.181712452293,,,1230.242735835025,1051
174,seconds,Combined,impala_cnn,IMPALA,174,7168000,0.979127,,,662.261684179306,270496,10824.181712452293,,,1230.242735835025,1054
174,seconds,Combined,impala_cnn,IMPALA,174,12288000,0.981516,,,1135.434453010559,270496,10824.181712452293,,,1230.242735835025,1082
174,seconds,Ours,flex_small,Ours small,174,1024000,0.0,,,12.213506937026978,109768,93662.3592031483,,,142.4661535039777,1183
174,seconds,Ours,flex_small,Ours small,174,2048000,0.002799,,,24.045621395111084,109768,93662.3592031483,,,142.4661535039777,1072
174,seconds,Ours,flex_fast,Ours fast,174,2048000,0.005639,,,24.377455711364746,261856,90844.17138447109,,,146.83063472801587,1064
174,seconds,Ours,flex_quality,Ours quality,174,3072000,0.079801,,,35.5815110206604,160736,93999.95091123061,,,141.96460335096344,1203
174,seconds,Ours,flex_small,Ours small,174,3072000,0.08787,,,35.62572622299194,109768,93662.3592031483,,,142.4661535039777,1047
174,seconds,Ours,flex_fast,Ours fast,174,3072000,0.09254,,,36.13757371902466,261856,90844.17138447109,,,146.83063472801587,1059
174,seconds,Ours,flex_quality,Ours quality,174,4096000,0.364261,,,46.60961103439331,160736,93999.95091123061,,,141.96460335096344,1164
174,seconds,Ours,flex_quality,Ours quality,174,5120000,0.682226,,,57.18971371650696,160736,93999.95091123061,,,141.96460335096344,1114
174,seconds,Ours,flex_quality,Ours quality,174,6144000,0.849955,,,67.67380166053772,160736,93999.95091123061,,,141.96460335096344,1113
174,seconds,Ours,flex_quality,Ours quality,174,7168000,0.8726,,,78.20990204811096,160736,93999.95091123061,,,141.96460335096344,1146
174,seconds,Ours,flex_quality,Ours quality,174,8192000,0.890612,,,88.79399633407593,160736,93999.95091123061,,,141.96460335096344,1161
174,seconds,Ours,flex_quality,Ours quality,174,9216000,0.894962,,,99.40209937095642,160736,93999.95091123061,,,141.96460335096344,1171
174,seconds,Ours,flex_quality,Ours quality,174,10240000,0.899485,,,110.01419639587402,160736,93999.95091123061,,,141.96460335096344,1164
174,seconds,Ours,flex_quality,Ours quality,174,11264000,0.906518,,,120.66229319572449,160736,93999.95091123061,,,141.96460335096344,1166
174,seconds,Ours,flex_quality,Ours quality,174,13312000,0.908154,,,141.84648871421814,160736,93999.95091123061,,,141.96460335096344,1165
174,seconds,Ours quality,flex_quality,Ours quality,174,1024000,0.0,,,12.237291812896729,160736,93999.95091123061,,,141.96460335096344,1186
174,seconds,Ours quality,flex_quality,Ours quality,174,2048000,0.001873,,,24.113406896591187,160736,93999.95091123061,,,141.96460335096344,1068
174,seconds,Ours quality,flex_quality,Ours quality,174,3072000,0.079801,,,35.5815110206604,160736,93999.95091123061,,,141.96460335096344,1203
174,seconds,Ours quality,flex_quality,Ours quality,174,4096000,0.364261,,,46.60961103439331,160736,93999.95091123061,,,141.96460335096344,1164
174,seconds,Ours quality,flex_quality,Ours quality,174,5120000,0.682226,,,57.18971371650696,160736,93999.95091123061,,,141.96460335096344,1114
174,seconds,Ours quality,flex_quality,Ours quality,174,6144000,0.849955,,,67.67380166053772,160736,93999.95091123061,,,141.96460335096344,1113
174,seconds,Ours quality,flex_quality,Ours quality,174,7168000,0.8726,,,78.20990204811096,160736,93999.95091123061,,,141.96460335096344,1146
174,seconds,Ours quality,flex_quality,Ours quality,174,8192000,0.890612,,,88.79399633407593,160736,93999.95091123061,,,141.96460335096344,1161
174,seconds,Ours quality,flex_quality,Ours quality,174,9216000,0.894962,,,99.40209937095642,160736,93999.95091123061,,,141.96460335096344,1171
174,seconds,Ours quality,flex_quality,Ours quality,174,10240000,0.899485,,,110.01419639587402,160736,93999.95091123061,,,141.96460335096344,1164
174,seconds,Ours quality,flex_quality,Ours quality,174,11264000,0.906518,,,120.66229319572449,160736,93999.95091123061,,,141.96460335096344,1166
174,seconds,Ours quality,flex_quality,Ours quality,174,13312000,0.908154,,,141.84648871421814,160736,93999.95091123061,,,141.96460335096344,1165
174,seconds,Ours fast,flex_fast,Ours fast,174,1024000,0.0,,,12.369335412979126,261856,90844.17138447109,,,146.83063472801587,1212
174,seconds,Ours fast,flex_fast,Ours fast,174,2048000,0.005639,,,24.377455711364746,261856,90844.17138447109,,,146.83063472801587,1064
174,seconds,Ours fast,flex_fast,Ours fast,174,3072000,0.09254,,,36.13757371902466,261856,90844.17138447109,,,146.83063472801587,1059
174,seconds,Ours fast,flex_fast,Ours fast,174,4096000,0.264253,,,47.63769054412842,261856,90844.17138447109,,,146.83063472801587,1105
174,seconds,Ours fast,flex_fast,Ours fast,174,5120000,0.370093,,,58.95381784439087,261856,90844.17138447109,,,146.83063472801587,1070
174,seconds,Ours fast,flex_fast,Ours fast,174,6144000,0.494027,,,70.1619303226471,261856,90844.17138447109,,,146.83063472801587,1172
174,seconds,Ours fast,flex_fast,Ours fast,174,7168000,0.533507,,,81.19804215431213,261856,90844.17138447109,,,146.83063472801587,1149
174,seconds,Ours fast,flex_fast,Ours fast,174,8192000,0.597529,,,92.13415241241455,261856,90844.17138447109,,,146.83063472801587,1133
174,seconds,Ours small,flex_small,Ours small,174,1024000,0.0,,,12.213506937026978,109768,93662.3592031483,,,142.4661535039777,1183
174,seconds,Ours small,flex_small,Ours small,174,2048000,0.002799,,,24.045621395111084,109768,93662.3592031483,,,142.4661535039777,1072
174,seconds,Ours small,flex_small,Ours small,174,3072000,0.08787,,,35.62572622299194,109768,93662.3592031483,,,142.4661535039777,1047
174,seconds,Ours small,flex_small,Ours small,174,4096000,0.345389,,,46.86182928085327,109768,93662.3592031483,,,142.4661535039777,1106
174,seconds,Ours small,flex_small,Ours small,174,5120000,0.582781,,,57.64993405342102,109768,93662.3592031483,,,142.4661535039777,1208
174,seconds,Ours small,flex_small,Ours small,174,6144000,0.651399,,,68.29403591156006,109768,93662.3592031483,,,142.4661535039777,1179
174,seconds,Ours small,flex_small,Ours small,174,7168000,0.66581,,,78.93012857437134,109768,93662.3592031483,,,142.4661535039777,1167
174,seconds,Ours small,flex_small,Ours small,174,8192000,0.681393,,,89.51022434234619,109768,93662.3592031483,,,142.4661535039777,1177
174,seconds,Nature,nature_cnn,Nature,174,1024000,0.000836,,,12.938596725463867,138528,84179.84844731766,,,158.50135249097366,1196
174,seconds,Nature,nature_cnn,Nature,174,2048000,0.001791,,,25.490723371505737,138528,84179.84844731766,,,158.50135249097366,1117
174,seconds,Nature,nature_cnn,Nature,174,3072000,0.041301,,,37.97885298728943,138528,84179.84844731766,,,158.50135249097366,1138
174,seconds,Nature,nature_cnn,Nature,174,4096000,0.326087,,,50.39098262786865,138528,84179.84844731766,,,158.50135249097366,1196
174,seconds,Nature,nature_cnn,Nature,174,5120000,0.470844,,,62.71910500526428,138528,84179.84844731766,,,158.50135249097366,1149
174,seconds,Nature,nature_cnn,Nature,174,6144000,0.688162,,,74.94323205947876,138528,84179.84844731766,,,158.50135249097366,1039
174,seconds,Nature,nature_cnn,Nature,174,7168000,0.808456,,,86.999351978302,138528,84179.84844731766,,,158.50135249097366,1159
174,seconds,Nature,nature_cnn,Nature,174,8192000,0.824042,,,98.93947052955627,138528,84179.84844731766,,,158.50135249097366,1148
174,seconds,Nature,nature_cnn,Nature,174,9216000,0.876414,,,110.82759022712708,138528,84179.84844731766,,,158.50135249097366,1149
174,seconds,IMPALA,impala_cnn,IMPALA,174,1024000,0.001919,,,96.28033304214478,270496,10824.181712452293,,,1230.242735835025,1042
174,seconds,IMPALA,impala_cnn,IMPALA,174,2048000,0.336051,,,190.9369237422943,270496,10824.181712452293,,,1230.242735835025,1104
174,seconds,IMPALA,impala_cnn,IMPALA,174,3072000,0.588566,,,284.86586904525757,270496,10824.181712452293,,,1230.242735835025,1067
174,seconds,IMPALA,impala_cnn,IMPALA,174,4096000,0.848282,,,378.82278180122375,270496,10824.181712452293,,,1230.242735835025,1048
174,seconds,IMPALA,impala_cnn,IMPALA,174,5120000,0.950629,,,473.2997782230377,270496,10824.181712452293,,,1230.242735835025,1033
174,seconds,IMPALA,impala_cnn,IMPALA,174,6144000,0.968601,,,567.7487268447876,270496,10824.181712452293,,,1230.242735835025,1051
174,seconds,IMPALA,impala_cnn,IMPALA,174,7168000,0.979127,,,662.261684179306,270496,10824.181712452293,,,1230.242735835025,1054
174,seconds,IMPALA,impala_cnn,IMPALA,174,12288000,0.981516,,,1135.434453010559,270496,10824.181712452293,,,1230.242735835025,1082
174,seconds,Impoola,impoola_cnn,Impoola,174,1024000,0.0,,,96.16746377944946,151712,10771.239667417483,,,1236.615512266988,1197
174,seconds,Impoola,impoola_cnn,Impoola,174,2048000,0.023356,,,191.2643404006958,151712,10771.239667417483,,,1236.615512266988,1156
174,seconds,Impoola,impoola_cnn,Impoola,174,3072000,0.808658,,,285.71721291542053,151712,10771.239667417483,,,1236.615512266988,1155
174,seconds,Impoola,impoola_cnn,Impoola,174,4096000,0.914552,,,380.2780714035034,151712,10771.239667417483,,,1236.615512266988,1182
174,seconds,Impoola,impoola_cnn,Impoola,174,5120000,0.936387,,,475.32295060157776,151712,10771.239667417483,,,1236.615512266988,1179
174,seconds,Impoola,impoola_cnn,Impoola,174,6144000,0.942275,,,570.0478219985962,151712,10771.239667417483,,,1236.615512266988,1178
174,seconds,Impoola,impoola_cnn,Impoola,174,7168000,0.952259,,,664.6526916027069,151712,10771.239667417483,,,1236.615512266988,1173
174,seconds,Impoola,impoola_cnn,Impoola,174,8192000,0.958298,,,762.0103862285614,151712,10771.239667417483,,,1236.615512266988,1175
174,seconds,Impoola,impoola_cnn,Impoola,174,11264000,0.96,,,1046.6401870250702,151712,10771.239667417483,,,1236.615512266988,1175
174,steps,Combined,impala_cnn,IMPALA,174,1024000,0.001919,,,96.28033304214478,270496,10824.181712452293,,,1230.242735835025,1042
174,steps,Combined,impala_cnn,IMPALA,174,2048000,0.336051,,,190.9369237422943,270496,10824.181712452293,,,1230.242735835025,1104
174,steps,Combined,impoola_cnn,Impoola,174,3072000,0.808658,,,285.71721291542053,151712,10771.239667417483,,,1236.615512266988,1155
174,steps,Combined,impoola_cnn,Impoola,174,4096000,0.914552,,,380.2780714035034,151712,10771.239667417483,,,1236.615512266988,1182
174,steps,Combined,impala_cnn,IMPALA,174,5120000,0.950629,,,473.2997782230377,270496,10824.181712452293,,,1230.242735835025,1033
174,steps,Combined,impala_cnn,IMPALA,174,6144000,0.968601,,,567.7487268447876,270496,10824.181712452293,,,1230.242735835025,1051
174,steps,Combined,impala_cnn,IMPALA,174,7168000,0.979127,,,662.261684179306,270496,10824.181712452293,,,1230.242735835025,1054
174,steps,Combined,impala_cnn,IMPALA,174,12288000,0.981516,,,1135.434453010559,270496,10824.181712452293,,,1230.242735835025,1082
174,steps,Ours,flex_fast,Ours fast,174,1024000,0.0,,,12.369335412979126,261856,90844.17138447109,,,146.83063472801587,1212
174,steps,Ours,flex_small,Ours small,174,1024000,0.0,,,12.213506937026978,109768,93662.3592031483,,,142.4661535039777,1183
174,steps,Ours,flex_quality,Ours quality,174,1024000,0.0,,,12.237291812896729,160736,93999.95091123061,,,141.96460335096344,1186
174,steps,Ours,flex_fast,Ours fast,174,2048000,0.005639,,,24.377455711364746,261856,90844.17138447109,,,146.83063472801587,1064
174,steps,Ours,flex_fast,Ours fast,174,3072000,0.09254,,,36.13757371902466,261856,90844.17138447109,,,146.83063472801587,1059
174,steps,Ours,flex_quality,Ours quality,174,4096000,0.364261,,,46.60961103439331,160736,93999.95091123061,,,141.96460335096344,1164
174,steps,Ours,flex_quality,Ours quality,174,5120000,0.682226,,,57.18971371650696,160736,93999.95091123061,,,141.96460335096344,1114
174,steps,Ours,flex_quality,Ours quality,174,6144000,0.849955,,,67.67380166053772,160736,93999.95091123061,,,141.96460335096344,1113
174,steps,Ours,flex_quality,Ours quality,174,7168000,0.8726,,,78.20990204811096,160736,93999.95091123061,,,141.96460335096344,1146
174,steps,Ours,flex_quality,Ours quality,174,8192000,0.890612,,,88.79399633407593,160736,93999.95091123061,,,141.96460335096344,1161
174,steps,Ours,flex_quality,Ours quality,174,9216000,0.894962,,,99.40209937095642,160736,93999.95091123061,,,141.96460335096344,1171
174,steps,Ours,flex_quality,Ours quality,174,10240000,0.899485,,,110.01419639587402,160736,93999.95091123061,,,141.96460335096344,1164
174,steps,Ours,flex_quality,Ours quality,174,11264000,0.906518,,,120.66229319572449,160736,93999.95091123061,,,141.96460335096344,1166
174,steps,Ours,flex_quality,Ours quality,174,13312000,0.908154,,,141.84648871421814,160736,93999.95091123061,,,141.96460335096344,1165
174,steps,Ours quality,flex_quality,Ours quality,174,1024000,0.0,,,12.237291812896729,160736,93999.95091123061,,,141.96460335096344,1186
174,steps,Ours quality,flex_quality,Ours quality,174,2048000,0.001873,,,24.113406896591187,160736,93999.95091123061,,,141.96460335096344,1068
174,steps,Ours quality,flex_quality,Ours quality,174,3072000,0.079801,,,35.5815110206604,160736,93999.95091123061,,,141.96460335096344,1203
174,steps,Ours quality,flex_quality,Ours quality,174,4096000,0.364261,,,46.60961103439331,160736,93999.95091123061,,,141.96460335096344,1164
174,steps,Ours quality,flex_quality,Ours quality,174,5120000,0.682226,,,57.18971371650696,160736,93999.95091123061,,,141.96460335096344,1114
174,steps,Ours quality,flex_quality,Ours quality,174,6144000,0.849955,,,67.67380166053772,160736,93999.95091123061,,,141.96460335096344,1113
174,steps,Ours quality,flex_quality,Ours quality,174,7168000,0.8726,,,78.20990204811096,160736,93999.95091123061,,,141.96460335096344,1146
174,steps,Ours quality,flex_quality,Ours quality,174,8192000,0.890612,,,88.79399633407593,160736,93999.95091123061,,,141.96460335096344,1161
174,steps,Ours quality,flex_quality,Ours quality,174,9216000,0.894962,,,99.40209937095642,160736,93999.95091123061,,,141.96460335096344,1171
174,steps,Ours quality,flex_quality,Ours quality,174,10240000,0.899485,,,110.01419639587402,160736,93999.95091123061,,,141.96460335096344,1164
174,steps,Ours quality,flex_quality,Ours quality,174,11264000,0.906518,,,120.66229319572449,160736,93999.95091123061,,,141.96460335096344,1166
174,steps,Ours quality,flex_quality,Ours quality,174,13312000,0.908154,,,141.84648871421814,160736,93999.95091123061,,,141.96460335096344,1165
174,steps,Ours fast,flex_fast,Ours fast,174,1024000,0.0,,,12.369335412979126,261856,90844.17138447109,,,146.83063472801587,1212
174,steps,Ours fast,flex_fast,Ours fast,174,2048000,0.005639,,,24.377455711364746,261856,90844.17138447109,,,146.83063472801587,1064
174,steps,Ours fast,flex_fast,Ours fast,174,3072000,0.09254,,,36.13757371902466,261856,90844.17138447109,,,146.83063472801587,1059
174,steps,Ours fast,flex_fast,Ours fast,174,4096000,0.264253,,,47.63769054412842,261856,90844.17138447109,,,146.83063472801587,1105
174,steps,Ours fast,flex_fast,Ours fast,174,5120000,0.370093,,,58.95381784439087,261856,90844.17138447109,,,146.83063472801587,1070
174,steps,Ours fast,flex_fast,Ours fast,174,6144000,0.494027,,,70.1619303226471,261856,90844.17138447109,,,146.83063472801587,1172
174,steps,Ours fast,flex_fast,Ours fast,174,7168000,0.533507,,,81.19804215431213,261856,90844.17138447109,,,146.83063472801587,1149
174,steps,Ours fast,flex_fast,Ours fast,174,8192000,0.597529,,,92.13415241241455,261856,90844.17138447109,,,146.83063472801587,1133
174,steps,Ours small,flex_small,Ours small,174,1024000,0.0,,,12.213506937026978,109768,93662.3592031483,,,142.4661535039777,1183
174,steps,Ours small,flex_small,Ours small,174,2048000,0.002799,,,24.045621395111084,109768,93662.3592031483,,,142.4661535039777,1072
174,steps,Ours small,flex_small,Ours small,174,3072000,0.08787,,,35.62572622299194,109768,93662.3592031483,,,142.4661535039777,1047
174,steps,Ours small,flex_small,Ours small,174,4096000,0.345389,,,46.86182928085327,109768,93662.3592031483,,,142.4661535039777,1106
174,steps,Ours small,flex_small,Ours small,174,5120000,0.582781,,,57.64993405342102,109768,93662.3592031483,,,142.4661535039777,1208
174,steps,Ours small,flex_small,Ours small,174,6144000,0.651399,,,68.29403591156006,109768,93662.3592031483,,,142.4661535039777,1179
174,steps,Ours small,flex_small,Ours small,174,7168000,0.66581,,,78.93012857437134,109768,93662.3592031483,,,142.4661535039777,1167
174,steps,Ours small,flex_small,Ours small,174,8192000,0.681393,,,89.51022434234619,109768,93662.3592031483,,,142.4661535039777,1177
174,steps,Nature,nature_cnn,Nature,174,1024000,0.000836,,,12.938596725463867,138528,84179.84844731766,,,158.50135249097366,1196
174,steps,Nature,nature_cnn,Nature,174,2048000,0.001791,,,25.490723371505737,138528,84179.84844731766,,,158.50135249097366,1117
174,steps,Nature,nature_cnn,Nature,174,3072000,0.041301,,,37.97885298728943,138528,84179.84844731766,,,158.50135249097366,1138
174,steps,Nature,nature_cnn,Nature,174,4096000,0.326087,,,50.39098262786865,138528,84179.84844731766,,,158.50135249097366,1196
174,steps,Nature,nature_cnn,Nature,174,5120000,0.470844,,,62.71910500526428,138528,84179.84844731766,,,158.50135249097366,1149
174,steps,Nature,nature_cnn,Nature,174,6144000,0.688162,,,74.94323205947876,138528,84179.84844731766,,,158.50135249097366,1039
174,steps,Nature,nature_cnn,Nature,174,7168000,0.808456,,,86.999351978302,138528,84179.84844731766,,,158.50135249097366,1159
174,steps,Nature,nature_cnn,Nature,174,8192000,0.824042,,,98.93947052955627,138528,84179.84844731766,,,158.50135249097366,1148
174,steps,Nature,nature_cnn,Nature,174,9216000,0.876414,,,110.82759022712708,138528,84179.84844731766,,,158.50135249097366,1149
174,steps,IMPALA,impala_cnn,IMPALA,174,1024000,0.001919,,,96.28033304214478,270496,10824.181712452293,,,1230.242735835025,1042
174,steps,IMPALA,impala_cnn,IMPALA,174,2048000,0.336051,,,190.9369237422943,270496,10824.181712452293,,,1230.242735835025,1104
174,steps,IMPALA,impala_cnn,IMPALA,174,3072000,0.588566,,,284.86586904525757,270496,10824.181712452293,,,1230.242735835025,1067
174,steps,IMPALA,impala_cnn,IMPALA,174,4096000,0.848282,,,378.82278180122375,270496,10824.181712452293,,,1230.242735835025,1048
174,steps,IMPALA,impala_cnn,IMPALA,174,5120000,0.950629,,,473.2997782230377,270496,10824.181712452293,,,1230.242735835025,1033
174,steps,IMPALA,impala_cnn,IMPALA,174,6144000,0.968601,,,567.7487268447876,270496,10824.181712452293,,,1230.242735835025,1051
174,steps,IMPALA,impala_cnn,IMPALA,174,7168000,0.979127,,,662.261684179306,270496,10824.181712452293,,,1230.242735835025,1054
174,steps,IMPALA,impala_cnn,IMPALA,174,12288000,0.981516,,,1135.434453010559,270496,10824.181712452293,,,1230.242735835025,1082
174,steps,Impoola,impoola_cnn,Impoola,174,1024000,0.0,,,96.16746377944946,151712,10771.239667417483,,,1236.615512266988,1197
174,steps,Impoola,impoola_cnn,Impoola,174,2048000,0.023356,,,191.2643404006958,151712,10771.239667417483,,,1236.615512266988,1156
174,steps,Impoola,impoola_cnn,Impoola,174,3072000,0.808658,,,285.71721291542053,151712,10771.239667417483,,,1236.615512266988,1155
174,steps,Impoola,impoola_cnn,Impoola,174,4096000,0.914552,,,380.2780714035034,151712,10771.239667417483,,,1236.615512266988,1182
174,steps,Impoola,impoola_cnn,Impoola,174,5120000,0.936387,,,475.32295060157776,151712,10771.239667417483,,,1236.615512266988,1179
174,steps,Impoola,impoola_cnn,Impoola,174,6144000,0.942275,,,570.0478219985962,151712,10771.239667417483,,,1236.615512266988,1178
174,steps,Impoola,impoola_cnn,Impoola,174,7168000,0.952259,,,664.6526916027069,151712,10771.239667417483,,,1236.615512266988,1173
174,steps,Impoola,impoola_cnn,Impoola,174,8192000,0.958298,,,762.0103862285614,151712,10771.239667417483,,,1236.615512266988,1175
174,steps,Impoola,impoola_cnn,Impoola,174,11264000,0.96,,,1046.6401870250702,151712,10771.239667417483,,,1236.615512266988,1175
175,seconds,Combined,flex_quality,Ours quality,175,1024000,0.000855,,,12.302806615829468,160736,92786.60157851793,,,143.82147392601473,1169
175,seconds,Combined,flex_small,Ours small,175,1024000,0.001709,,,12.326377391815186,109768,93359.67503770314,,,142.93014947604388,1170
175,seconds,Combined,flex_quality,Ours quality,175,2048000,0.00271,,,24.182905912399292,160736,92786.60157851793,,,143.82147392601473,1107
175,seconds,Combined,flex_fast,Ours fast,175,2048000,0.003824,,,24.44895577430725,261856,91121.67653920334,,,146.4267731839791,1046
175,seconds,Combined,flex_quality,Ours quality,175,3072000,0.08078,,,35.79100251197815,160736,92786.60157851793,,,143.82147392601473,1077
175,seconds,Combined,flex_quality,Ours quality,175,4096000,0.387532,,,46.88310718536377,160736,92786.60157851793,,,143.82147392601473,1187
175,seconds,Combined,flex_small,Ours small,175,4096000,0.3974,,,47.4183304309845,109768,93359.67503770314,,,142.93014947604388,1077
175,seconds,Combined,flex_quality,Ours quality,175,5120000,0.706239,,,57.66720104217529,160736,92786.60157851793,,,143.82147392601473,1154
175,seconds,Combined,flex_small,Ours small,175,6144000,0.712056,,,68.31851768493652,109768,93359.67503770314,,,142.93014947604388,1153
175,seconds,Combined,flex_quality,Ours quality,175,6144000,0.77901,,,68.43529224395752,160736,92786.60157851793,,,143.82147392601473,1172
175,seconds,Combined,flex_small,Ours small,175,7168000,0.839542,,,78.57861638069153,109768,93359.67503770314,,,142.93014947604388,1047
175,seconds,Combined,flex_small,Ours small,175,8192000,0.853072,,,89.39071917533875,109768,93359.67503770314,,,142.93014947604388,1123
175,seconds,Combined,flex_small,Ours small,175,9216000,0.876434,,,100.17482113838196,109768,93359.67503770314,,,142.93014947604388,1133
175,seconds,Combined,flex_small,Ours small,175,10240000,0.879401,,,110.93091535568237,109768,93359.67503770314,,,142.93014947604388,1136
175,seconds,Combined,impala_cnn,IMPALA,175,4096000,0.889105,,,380.2381010055542,270496,10774.634646526929,,,1235.912925791985,1028
175,seconds,Combined,impala_cnn,IMPALA,175,5120000,0.931731,,,474.88697028160095,270496,10774.634646526929,,,1235.912925791985,1040
175,seconds,Combined,impala_cnn,IMPALA,175,6144000,0.945283,,,569.4558308124542,270496,10774.634646526929,,,1235.912925791985,1060
175,seconds,Combined,impala_cnn,IMPALA,175,7168000,0.960037,,,664.18869805336,270496,10774.634646526929,,,1235.912925791985,1076
175,seconds,Combined,impala_cnn,IMPALA,175,8192000,0.961754,,,759.209584236145,270496,10774.634646526929,,,1235.912925791985,1072
175,seconds,Combined,impala_cnn,IMPALA,175,9216000,0.966449,,,853.9504489898682,270496,10774.634646526929,,,1235.912925791985,1073
175,seconds,Combined,impala_cnn,IMPALA,175,10240000,0.967412,,,951.115339756012,270496,10774.634646526929,,,1235.912925791985,1074
175,seconds,Combined,impala_cnn,IMPALA,175,11264000,0.973048,,,1046.3082194328308,270496,10774.634646526929,,,1235.912925791985,1076
175,seconds,Combined,impala_cnn,IMPALA,175,12288000,0.973929,,,1141.1250870227814,270496,10774.634646526929,,,1235.912925791985,1074
175,seconds,Ours,flex_quality,Ours quality,175,1024000,0.000855,,,12.302806615829468,160736,92786.60157851793,,,143.82147392601473,1169
175,seconds,Ours,flex_small,Ours small,175,1024000,0.001709,,,12.326377391815186,109768,93359.67503770314,,,142.93014947604388,1170
175,seconds,Ours,flex_quality,Ours quality,175,2048000,0.00271,,,24.182905912399292,160736,92786.60157851793,,,143.82147392601473,1107
175,seconds,Ours,flex_fast,Ours fast,175,2048000,0.003824,,,24.44895577430725,261856,91121.67653920334,,,146.4267731839791,1046
175,seconds,Ours,flex_quality,Ours quality,175,3072000,0.08078,,,35.79100251197815,160736,92786.60157851793,,,143.82147392601473,1077
175,seconds,Ours,flex_quality,Ours quality,175,4096000,0.387532,,,46.88310718536377,160736,92786.60157851793,,,143.82147392601473,1187
175,seconds,Ours,flex_small,Ours small,175,4096000,0.3974,,,47.4183304309845,109768,93359.67503770314,,,142.93014947604388,1077
175,seconds,Ours,flex_quality,Ours quality,175,5120000,0.706239,,,57.66720104217529,160736,92786.60157851793,,,143.82147392601473,1154
175,seconds,Ours,flex_small,Ours small,175,6144000,0.712056,,,68.31851768493652,109768,93359.67503770314,,,142.93014947604388,1153
175,seconds,Ours,flex_quality,Ours quality,175,6144000,0.77901,,,68.43529224395752,160736,92786.60157851793,,,143.82147392601473,1172
175,seconds,Ours,flex_small,Ours small,175,7168000,0.839542,,,78.57861638069153,109768,93359.67503770314,,,142.93014947604388,1047
175,seconds,Ours,flex_small,Ours small,175,8192000,0.853072,,,89.39071917533875,109768,93359.67503770314,,,142.93014947604388,1123
175,seconds,Ours,flex_small,Ours small,175,9216000,0.876434,,,100.17482113838196,109768,93359.67503770314,,,142.93014947604388,1133
175,seconds,Ours,flex_small,Ours small,175,10240000,0.879401,,,110.93091535568237,109768,93359.67503770314,,,142.93014947604388,1136
175,seconds,Ours quality,flex_quality,Ours quality,175,1024000,0.000855,,,12.302806615829468,160736,92786.60157851793,,,143.82147392601473,1169
175,seconds,Ours quality,flex_quality,Ours quality,175,2048000,0.00271,,,24.182905912399292,160736,92786.60157851793,,,143.82147392601473,1107
175,seconds,Ours quality,flex_quality,Ours quality,175,3072000,0.08078,,,35.79100251197815,160736,92786.60157851793,,,143.82147392601473,1077
175,seconds,Ours quality,flex_quality,Ours quality,175,4096000,0.387532,,,46.88310718536377,160736,92786.60157851793,,,143.82147392601473,1187
175,seconds,Ours quality,flex_quality,Ours quality,175,5120000,0.706239,,,57.66720104217529,160736,92786.60157851793,,,143.82147392601473,1154
175,seconds,Ours quality,flex_quality,Ours quality,175,6144000,0.77901,,,68.43529224395752,160736,92786.60157851793,,,143.82147392601473,1172
175,seconds,Ours quality,flex_quality,Ours quality,175,7168000,0.808124,,,79.15138220787048,160736,92786.60157851793,,,143.82147392601473,1157
175,seconds,Ours quality,flex_quality,Ours quality,175,8192000,0.811482,,,89.91148042678833,160736,92786.60157851793,,,143.82147392601473,1167
175,seconds,Ours quality,flex_quality,Ours quality,175,9216000,0.824138,,,100.67557668685913,160736,92786.60157851793,,,143.82147392601473,1160
175,seconds,Ours fast,flex_fast,Ours fast,175,1024000,0.001704,,,12.440832376480103,261856,91121.67653920334,,,146.4267731839791,1174
175,seconds,Ours fast,flex_fast,Ours fast,175,2048000,0.003824,,,24.44895577430725,261856,91121.67653920334,,,146.4267731839791,1046
175,seconds,Ours fast,flex_fast,Ours fast,175,3072000,0.064728,,,36.18905472755432,261856,91121.67653920334,,,146.4267731839791,1066
175,seconds,Ours fast,flex_fast,Ours fast,175,4096000,0.275618,,,47.4491651058197,261856,91121.67653920334,,,146.4267731839791,1132
175,seconds,Ours fast,flex_fast,Ours fast,175,5120000,0.542311,,,58.329262018203735,261856,91121.67653920334,,,146.4267731839791,1099
175,seconds,Ours fast,flex_fast,Ours fast,175,6144000,0.625683,,,69.12536668777466,261856,91121.67653920334,,,146.4267731839791,1098
175,seconds,Ours fast,flex_fast,Ours fast,175,7168000,0.748305,,,80.13346314430237,261856,91121.67653920334,,,146.4267731839791,1180
175,seconds,Ours fast,flex_fast,Ours fast,175,8192000,0.759796,,,91.15356230735779,261856,91121.67653920334,,,146.4267731839791,1174
175,seconds,Ours fast,flex_fast,Ours fast,175,9216000,0.783011,,,102.1696605682373,261856,91121.67653920334,,,146.4267731839791,1189
175,seconds,Ours fast,flex_fast,Ours fast,175,10240000,0.78367,,,113.19776701927185,261856,91121.67653920334,,,146.4267731839791,1188
175,seconds,Ours fast,flex_fast,Ours fast,175,11264000,0.786555,,,124.2058675289154,261856,91121.67653920334,,,146.4267731839791,1190
175,seconds,Ours small,flex_small,Ours small,175,1024000,0.001709,,,12.326377391815186,109768,93359.67503770314,,,142.93014947604388,1170
175,seconds,Ours small,flex_small,Ours small,175,2048000,0.0018,,,24.330286979675293,109768,93359.67503770314,,,142.93014947604388,1111
175,seconds,Ours small,flex_small,Ours small,175,3072000,0.067084,,,36.12623381614685,109768,93359.67503770314,,,142.93014947604388,1118
175,seconds,Ours small,flex_small,Ours small,175,4096000,0.3974,,,47.4183304309845,109768,93359.67503770314,,,142.93014947604388,1077
175,seconds,Ours small,flex_small,Ours small,175,5120000,0.625363,,,58.00642466545105,109768,93359.67503770314,,,142.93014947604388,1033
175,seconds,Ours small,flex_small,Ours small,175,6144000,0.712056,,,68.31851768493652,109768,93359.67503770314,,,142.93014947604388,1153
175,seconds,Ours small,flex_small,Ours small,175,7168000,0.839542,,,78.57861638069153,109768,93359.67503770314,,,142.93014947604388,1047
175,seconds,Ours small,flex_small,Ours small,175,8192000,0.853072,,,89.39071917533875,109768,93359.67503770314,,,142.93014947604388,1123
175,seconds,Ours small,flex_small,Ours small,175,9216000,0.876434,,,100.17482113838196,109768,93359.67503770314,,,142.93014947604388,1133
175,seconds,Ours small,flex_small,Ours small,175,10240000,0.879401,,,110.93091535568237,109768,93359.67503770314,,,142.93014947604388,1136
175,seconds,Nature,nature_cnn,Nature,175,1024000,0.000837,,,12.940474510192871,138528,84295.74185457111,,,158.26528156502172,1195
175,seconds,Nature,nature_cnn,Nature,175,2048000,0.002676,,,25.504581689834595,138528,84295.74185457111,,,158.26528156502172,1121
175,seconds,Nature,nature_cnn,Nature,175,3072000,0.048501,,,38.536696672439575,138528,84295.74185457111,,,158.26528156502172,1134
175,seconds,Nature,nature_cnn,Nature,175,4096000,0.206667,,,50.96080303192139,138528,84295.74185457111,,,158.26528156502172,1200
175,seconds,Nature,nature_cnn,Nature,175,5120000,0.531308,,,63.18091869354248,138528,84295.74185457111,,,158.26528156502172,1086
175,seconds,Nature,nature_cnn,Nature,175,6144000,0.69434,,,75.06502318382263,138528,84295.74185457111,,,158.26528156502172,1060
175,seconds,Nature,nature_cnn,Nature,175,7168000,0.734153,,,86.92512631416321,138528,84295.74185457111,,,158.26528156502172,1057
175,seconds,Nature,nature_cnn,Nature,175,8192000,0.736098,,,98.78522849082947,138528,84295.74185457111,,,158.26528156502172,1061
175,seconds,Nature,nature_cnn,Nature,175,9216000,0.749057,,,110.70533013343811,138528,84295.74185457111,,,158.26528156502172,1060
175,seconds,IMPALA,impala_cnn,IMPALA,175,1024000,0.00188,,,96.01948285102844,270496,10774.634646526929,,,1235.912925791985,1064
175,seconds,IMPALA,impala_cnn,IMPALA,175,2048000,0.468953,,,190.80036234855652,270496,10774.634646526929,,,1235.912925791985,1079
175,seconds,IMPALA,impala_cnn,IMPALA,175,3072000,0.751558,,,285.2492265701294,270496,10774.634646526929,,,1235.912925791985,1123
175,seconds,IMPALA,impala_cnn,IMPALA,175,4096000,0.889105,,,380.2381010055542,270496,10774.634646526929,,,1235.912925791985,1028
175,seconds,IMPALA,impala_cnn,IMPALA,175,5120000,0.931731,,,474.88697028160095,270496,10774.634646526929,,,1235.912925791985,1040
175,seconds,IMPALA,impala_cnn,IMPALA,175,6144000,0.945283,,,569.4558308124542,270496,10774.634646526929,,,1235.912925791985,1060
175,seconds,IMPALA,impala_cnn,IMPALA,175,7168000,0.960037,,,664.18869805336,270496,10774.634646526929,,,1235.912925791985,1076
175,seconds,IMPALA,impala_cnn,IMPALA,175,8192000,0.961754,,,759.209584236145,270496,10774.634646526929,,,1235.912925791985,1072
175,seconds,IMPALA,impala_cnn,IMPALA,175,9216000,0.966449,,,853.9504489898682,270496,10774.634646526929,,,1235.912925791985,1073
175,seconds,IMPALA,impala_cnn,IMPALA,175,10240000,0.967412,,,951.115339756012,270496,10774.634646526929,,,1235.912925791985,1074
175,seconds,IMPALA,impala_cnn,IMPALA,175,11264000,0.973048,,,1046.3082194328308,270496,10774.634646526929,,,1235.912925791985,1076
175,seconds,IMPALA,impala_cnn,IMPALA,175,12288000,0.973929,,,1141.1250870227814,270496,10774.634646526929,,,1235.912925791985,1074
175,seconds,Impoola,impoola_cnn,Impoola,175,1024000,0.001792,,,95.78259181976318,151712,10877.818782549755,,,1224.2284576540114,1116
175,seconds,Impoola,impoola_cnn,Impoola,175,2048000,0.01619,,,190.25946021080017,151712,10877.818782549755,,,1224.2284576540114,1050
175,seconds,Impoola,impoola_cnn,Impoola,175,3072000,0.083962,,,284.0083227157593,151712,10877.818782549755,,,1224.2284576540114,1060
175,seconds,Impoola,impoola_cnn,Impoola,175,4096000,0.325972,,,377.9211826324463,151712,10877.818782549755,,,1224.2284576540114,1132
175,seconds,Impoola,impoola_cnn,Impoola,175,5120000,0.401246,,,471.829993724823,151712,10877.818782549755,,,1224.2284576540114,1124
175,seconds,Impoola,impoola_cnn,Impoola,175,6144000,0.445415,,,565.450808763504,151712,10877.818782549755,,,1224.2284576540114,1145
175,seconds,Impoola,impoola_cnn,Impoola,175,7168000,0.663818,,,659.0556221008301,151712,10877.818782549755,,,1224.2284576540114,1053
175,seconds,Impoola,impoola_cnn,Impoola,175,8192000,0.69619,,,753.1204464435577,151712,10877.818782549755,,,1224.2284576540114,1050
175,seconds,Impoola,impoola_cnn,Impoola,175,9216000,0.712251,,,846.8692545890808,151712,10877.818782549755,,,1224.2284576540114,1053
175,seconds,Impoola,impoola_cnn,Impoola,175,11264000,0.72238,,,1034.090884923935,151712,10877.818782549755,,,1224.2284576540114,1059
175,seconds,Impoola,impoola_cnn,Impoola,175,12288000,0.725564,,,1130.4317169189453,151712,10877.818782549755,,,1224.2284576540114,1064
175,seconds,Impoola,impoola_cnn,Impoola,175,13312000,0.730516,,,1224.0965292453766,151712,10877.818782549755,,,1224.2284576540114,1065
175,steps,Combined,impala_cnn,IMPALA,175,1024000,0.00188,,,96.01948285102844,270496,10774.634646526929,,,1235.912925791985,1064
175,steps,Combined,impala_cnn,IMPALA,175,2048000,0.468953,,,190.80036234855652,270496,10774.634646526929,,,1235.912925791985,1079
175,steps,Combined,impala_cnn,IMPALA,175,3072000,0.751558,,,285.2492265701294,270496,10774.634646526929,,,1235.912925791985,1123
175,steps,Combined,impala_cnn,IMPALA,175,4096000,0.889105,,,380.2381010055542,270496,10774.634646526929,,,1235.912925791985,1028
175,steps,Combined,impala_cnn,IMPALA,175,5120000,0.931731,,,474.88697028160095,270496,10774.634646526929,,,1235.912925791985,1040
175,steps,Combined,impala_cnn,IMPALA,175,6144000,0.945283,,,569.4558308124542,270496,10774.634646526929,,,1235.912925791985,1060
175,steps,Combined,impala_cnn,IMPALA,175,7168000,0.960037,,,664.18869805336,270496,10774.634646526929,,,1235.912925791985,1076
175,steps,Combined,impala_cnn,IMPALA,175,8192000,0.961754,,,759.209584236145,270496,10774.634646526929,,,1235.912925791985,1072
175,steps,Combined,impala_cnn,IMPALA,175,9216000,0.966449,,,853.9504489898682,270496,10774.634646526929,,,1235.912925791985,1073
175,steps,Combined,impala_cnn,IMPALA,175,10240000,0.967412,,,951.115339756012,270496,10774.634646526929,,,1235.912925791985,1074
175,steps,Combined,impala_cnn,IMPALA,175,11264000,0.973048,,,1046.3082194328308,270496,10774.634646526929,,,1235.912925791985,1076
175,steps,Combined,impala_cnn,IMPALA,175,12288000,0.973929,,,1141.1250870227814,270496,10774.634646526929,,,1235.912925791985,1074
175,steps,Ours,flex_small,Ours small,175,1024000,0.001709,,,12.326377391815186,109768,93359.67503770314,,,142.93014947604388,1170
175,steps,Ours,flex_fast,Ours fast,175,2048000,0.003824,,,24.44895577430725,261856,91121.67653920334,,,146.4267731839791,1046
175,steps,Ours,flex_quality,Ours quality,175,3072000,0.08078,,,35.79100251197815,160736,92786.60157851793,,,143.82147392601473,1077
175,steps,Ours,flex_small,Ours small,175,4096000,0.3974,,,47.4183304309845,109768,93359.67503770314,,,142.93014947604388,1077
175,steps,Ours,flex_quality,Ours quality,175,5120000,0.706239,,,57.66720104217529,160736,92786.60157851793,,,143.82147392601473,1154
175,steps,Ours,flex_quality,Ours quality,175,6144000,0.77901,,,68.43529224395752,160736,92786.60157851793,,,143.82147392601473,1172
175,steps,Ours,flex_small,Ours small,175,7168000,0.839542,,,78.57861638069153,109768,93359.67503770314,,,142.93014947604388,1047
175,steps,Ours,flex_small,Ours small,175,8192000,0.853072,,,89.39071917533875,109768,93359.67503770314,,,142.93014947604388,1123
175,steps,Ours,flex_small,Ours small,175,9216000,0.876434,,,100.17482113838196,109768,93359.67503770314,,,142.93014947604388,1133
175,steps,Ours,flex_small,Ours small,175,10240000,0.879401,,,110.93091535568237,109768,93359.67503770314,,,142.93014947604388,1136
175,steps,Ours quality,flex_quality,Ours quality,175,1024000,0.000855,,,12.302806615829468,160736,92786.60157851793,,,143.82147392601473,1169
175,steps,Ours quality,flex_quality,Ours quality,175,2048000,0.00271,,,24.182905912399292,160736,92786.60157851793,,,143.82147392601473,1107
175,steps,Ours quality,flex_quality,Ours quality,175,3072000,0.08078,,,35.79100251197815,160736,92786.60157851793,,,143.82147392601473,1077
175,steps,Ours quality,flex_quality,Ours quality,175,4096000,0.387532,,,46.88310718536377,160736,92786.60157851793,,,143.82147392601473,1187
175,steps,Ours quality,flex_quality,Ours quality,175,5120000,0.706239,,,57.66720104217529,160736,92786.60157851793,,,143.82147392601473,1154
175,steps,Ours quality,flex_quality,Ours quality,175,6144000,0.77901,,,68.43529224395752,160736,92786.60157851793,,,143.82147392601473,1172
175,steps,Ours quality,flex_quality,Ours quality,175,7168000,0.808124,,,79.15138220787048,160736,92786.60157851793,,,143.82147392601473,1157
175,steps,Ours quality,flex_quality,Ours quality,175,8192000,0.811482,,,89.91148042678833,160736,92786.60157851793,,,143.82147392601473,1167
175,steps,Ours quality,flex_quality,Ours quality,175,9216000,0.824138,,,100.67557668685913,160736,92786.60157851793,,,143.82147392601473,1160
175,steps,Ours fast,flex_fast,Ours fast,175,1024000,0.001704,,,12.440832376480103,261856,91121.67653920334,,,146.4267731839791,1174
175,steps,Ours fast,flex_fast,Ours fast,175,2048000,0.003824,,,24.44895577430725,261856,91121.67653920334,,,146.4267731839791,1046
175,steps,Ours fast,flex_fast,Ours fast,175,3072000,0.064728,,,36.18905472755432,261856,91121.67653920334,,,146.4267731839791,1066
175,steps,Ours fast,flex_fast,Ours fast,175,4096000,0.275618,,,47.4491651058197,261856,91121.67653920334,,,146.4267731839791,1132
175,steps,Ours fast,flex_fast,Ours fast,175,5120000,0.542311,,,58.329262018203735,261856,91121.67653920334,,,146.4267731839791,1099
175,steps,Ours fast,flex_fast,Ours fast,175,6144000,0.625683,,,69.12536668777466,261856,91121.67653920334,,,146.4267731839791,1098
175,steps,Ours fast,flex_fast,Ours fast,175,7168000,0.748305,,,80.13346314430237,261856,91121.67653920334,,,146.4267731839791,1180
175,steps,Ours fast,flex_fast,Ours fast,175,8192000,0.759796,,,91.15356230735779,261856,91121.67653920334,,,146.4267731839791,1174
175,steps,Ours fast,flex_fast,Ours fast,175,9216000,0.783011,,,102.1696605682373,261856,91121.67653920334,,,146.4267731839791,1189
175,steps,Ours fast,flex_fast,Ours fast,175,10240000,0.78367,,,113.19776701927185,261856,91121.67653920334,,,146.4267731839791,1188
175,steps,Ours fast,flex_fast,Ours fast,175,11264000,0.786555,,,124.2058675289154,261856,91121.67653920334,,,146.4267731839791,1190
175,steps,Ours small,flex_small,Ours small,175,1024000,0.001709,,,12.326377391815186,109768,93359.67503770314,,,142.93014947604388,1170
175,steps,Ours small,flex_small,Ours small,175,2048000,0.0018,,,24.330286979675293,109768,93359.67503770314,,,142.93014947604388,1111
175,steps,Ours small,flex_small,Ours small,175,3072000,0.067084,,,36.12623381614685,109768,93359.67503770314,,,142.93014947604388,1118
175,steps,Ours small,flex_small,Ours small,175,4096000,0.3974,,,47.4183304309845,109768,93359.67503770314,,,142.93014947604388,1077
175,steps,Ours small,flex_small,Ours small,175,5120000,0.625363,,,58.00642466545105,109768,93359.67503770314,,,142.93014947604388,1033
175,steps,Ours small,flex_small,Ours small,175,6144000,0.712056,,,68.31851768493652,109768,93359.67503770314,,,142.93014947604388,1153
175,steps,Ours small,flex_small,Ours small,175,7168000,0.839542,,,78.57861638069153,109768,93359.67503770314,,,142.93014947604388,1047
175,steps,Ours small,flex_small,Ours small,175,8192000,0.853072,,,89.39071917533875,109768,93359.67503770314,,,142.93014947604388,1123
175,steps,Ours small,flex_small,Ours small,175,9216000,0.876434,,,100.17482113838196,109768,93359.67503770314,,,142.93014947604388,1133
175,steps,Ours small,flex_small,Ours small,175,10240000,0.879401,,,110.93091535568237,109768,93359.67503770314,,,142.93014947604388,1136
175,steps,Nature,nature_cnn,Nature,175,1024000,0.000837,,,12.940474510192871,138528,84295.74185457111,,,158.26528156502172,1195
175,steps,Nature,nature_cnn,Nature,175,2048000,0.002676,,,25.504581689834595,138528,84295.74185457111,,,158.26528156502172,1121
175,steps,Nature,nature_cnn,Nature,175,3072000,0.048501,,,38.536696672439575,138528,84295.74185457111,,,158.26528156502172,1134
175,steps,Nature,nature_cnn,Nature,175,4096000,0.206667,,,50.96080303192139,138528,84295.74185457111,,,158.26528156502172,1200
175,steps,Nature,nature_cnn,Nature,175,5120000,0.531308,,,63.18091869354248,138528,84295.74185457111,,,158.26528156502172,1086
175,steps,Nature,nature_cnn,Nature,175,6144000,0.69434,,,75.06502318382263,138528,84295.74185457111,,,158.26528156502172,1060
175,steps,Nature,nature_cnn,Nature,175,7168000,0.734153,,,86.92512631416321,138528,84295.74185457111,,,158.26528156502172,1057
175,steps,Nature,nature_cnn,Nature,175,8192000,0.736098,,,98.78522849082947,138528,84295.74185457111,,,158.26528156502172,1061
175,steps,Nature,nature_cnn,Nature,175,9216000,0.749057,,,110.70533013343811,138528,84295.74185457111,,,158.26528156502172,1060
175,steps,IMPALA,impala_cnn,IMPALA,175,1024000,0.00188,,,96.01948285102844,270496,10774.634646526929,,,1235.912925791985,1064
175,steps,IMPALA,impala_cnn,IMPALA,175,2048000,0.468953,,,190.80036234855652,270496,10774.634646526929,,,1235.912925791985,1079
175,steps,IMPALA,impala_cnn,IMPALA,175,3072000,0.751558,,,285.2492265701294,270496,10774.634646526929,,,1235.912925791985,1123
175,steps,IMPALA,impala_cnn,IMPALA,175,4096000,0.889105,,,380.2381010055542,270496,10774.634646526929,,,1235.912925791985,1028
175,steps,IMPALA,impala_cnn,IMPALA,175,5120000,0.931731,,,474.88697028160095,270496,10774.634646526929,,,1235.912925791985,1040
175,steps,IMPALA,impala_cnn,IMPALA,175,6144000,0.945283,,,569.4558308124542,270496,10774.634646526929,,,1235.912925791985,1060
175,steps,IMPALA,impala_cnn,IMPALA,175,7168000,0.960037,,,664.18869805336,270496,10774.634646526929,,,1235.912925791985,1076
175,steps,IMPALA,impala_cnn,IMPALA,175,8192000,0.961754,,,759.209584236145,270496,10774.634646526929,,,1235.912925791985,1072
175,steps,IMPALA,impala_cnn,IMPALA,175,9216000,0.966449,,,853.9504489898682,270496,10774.634646526929,,,1235.912925791985,1073
175,steps,IMPALA,impala_cnn,IMPALA,175,10240000,0.967412,,,951.115339756012,270496,10774.634646526929,,,1235.912925791985,1074
175,steps,IMPALA,impala_cnn,IMPALA,175,11264000,0.973048,,,1046.3082194328308,270496,10774.634646526929,,,1235.912925791985,1076
175,steps,IMPALA,impala_cnn,IMPALA,175,12288000,0.973929,,,1141.1250870227814,270496,10774.634646526929,,,1235.912925791985,1074
175,steps,Impoola,impoola_cnn,Impoola,175,1024000,0.001792,,,95.78259181976318,151712,10877.818782549755,,,1224.2284576540114,1116
175,steps,Impoola,impoola_cnn,Impoola,175,2048000,0.01619,,,190.25946021080017,151712,10877.818782549755,,,1224.2284576540114,1050
175,steps,Impoola,impoola_cnn,Impoola,175,3072000,0.083962,,,284.0083227157593,151712,10877.818782549755,,,1224.2284576540114,1060
175,steps,Impoola,impoola_cnn,Impoola,175,4096000,0.325972,,,377.9211826324463,151712,10877.818782549755,,,1224.2284576540114,1132
175,steps,Impoola,impoola_cnn,Impoola,175,5120000,0.401246,,,471.829993724823,151712,10877.818782549755,,,1224.2284576540114,1124
175,steps,Impoola,impoola_cnn,Impoola,175,6144000,0.445415,,,565.450808763504,151712,10877.818782549755,,,1224.2284576540114,1145
175,steps,Impoola,impoola_cnn,Impoola,175,7168000,0.663818,,,659.0556221008301,151712,10877.818782549755,,,1224.2284576540114,1053
175,steps,Impoola,impoola_cnn,Impoola,175,8192000,0.69619,,,753.1204464435577,151712,10877.818782549755,,,1224.2284576540114,1050
175,steps,Impoola,impoola_cnn,Impoola,175,9216000,0.712251,,,846.8692545890808,151712,10877.818782549755,,,1224.2284576540114,1053
175,steps,Impoola,impoola_cnn,Impoola,175,11264000,0.72238,,,1034.090884923935,151712,10877.818782549755,,,1224.2284576540114,1059
175,steps,Impoola,impoola_cnn,Impoola,175,12288000,0.725564,,,1130.4317169189453,151712,10877.818782549755,,,1224.2284576540114,1064
175,steps,Impoola,impoola_cnn,Impoola,175,13312000,0.730516,,,1224.0965292453766,151712,10877.818782549755,,,1224.2284576540114,1065
176,seconds,Combined,flex_quality,Ours quality,176,1024000,0.0,,,12.387853384017944,160736,92321.67268521142,,,144.56935173098464,1218
176,seconds,Combined,flex_fast,Ours fast,176,1024000,0.000826,,,12.414648056030273,261856,91196.73812974356,,,146.33397345402045,1211
176,seconds,Combined,flex_quality,Ours quality,176,2048000,0.000905,,,24.335949659347534,160736,92321.67268521142,,,144.56935173098464,1105
176,seconds,Combined,flex_fast,Ours fast,176,2048000,0.001797,,,24.474752187728882,261856,91196.73812974356,,,146.33397345402045,1113
176,seconds,Combined,flex_quality,Ours quality,176,3072000,0.032929,,,36.10006046295166,160736,92321.67268521142,,,144.56935173098464,1154
176,seconds,Combined,flex_fast,Ours fast,176,3072000,0.049223,,,36.28285527229309,261856,91196.73812974356,,,146.33397345402045,1158
176,seconds,Combined,nature_cnn,Nature,176,3072000,0.078139,,,37.97512459754944,138528,84406.55253865513,,,158.05124808102846,1139
176,seconds,Combined,flex_quality,Ours quality,176,4096000,0.183918,,,47.62416386604309,160736,92321.67268521142,,,144.56935173098464,1169
176,seconds,Combined,flex_small,Ours small,176,4096000,0.286351,,,47.70429444313049,109768,93293.06456650213,,,143.01665236899862,1121
176,seconds,Combined,flex_small,Ours small,176,5120000,0.588629,,,58.75239300727844,109768,93293.06456650213,,,143.01665236899862,1196
176,seconds,Combined,flex_small,Ours small,176,6144000,0.750871,,,69.46448612213135,109768,93293.06456650213,,,143.01665236899862,1148
176,seconds,Combined,flex_small,Ours small,176,7168000,0.857778,,,80.12858200073242,109768,93293.06456650213,,,143.01665236899862,1125
176,seconds,Combined,flex_small,Ours small,176,8192000,0.877939,,,90.61667156219482,109768,93293.06456650213,,,143.01665236899862,1106
176,seconds,Combined,flex_small,Ours small,176,9216000,0.891324,,,101.02876305580139,109768,93293.06456650213,,,143.01665236899862,1095
176,seconds,Combined,flex_small,Ours small,176,12288000,0.89194,,,132.43303084373474,109768,93293.06456650213,,,143.01665236899862,1129
176,seconds,Combined,flex_small,Ours small,176,13312000,0.89254,,,142.92112064361572,109768,93293.06456650213,,,143.01665236899862,1126
176,seconds,Combined,impala_cnn,IMPALA,176,4096000,0.95566,,,380.81006240844727,270496,10791.704994680817,,,1233.9772249470116,1060
176,seconds,Combined,impala_cnn,IMPALA,176,5120000,0.975993,,,475.4229009151459,270496,10791.704994680817,,,1233.9772249470116,1083
176,seconds,Combined,impala_cnn,IMPALA,176,6144000,0.979779,,,570.1877241134644,270496,10791.704994680817,,,1233.9772249470116,1088
176,seconds,Combined,impala_cnn,IMPALA,176,7168000,0.989031,,,665.2805526256561,270496,10791.704994680817,,,1233.9772249470116,1094
176,seconds,Combined,impala_cnn,IMPALA,176,8192000,0.993642,,,759.9453752040863,270496,10791.704994680817,,,1233.9772249470116,1101
176,seconds,Combined,impala_cnn,IMPALA,176,11264000,0.993648,,,1044.463851928711,270496,10791.704994680817,,,1233.9772249470116,1102
176,seconds,Ours,flex_quality,Ours quality,176,1024000,0.0,,,12.387853384017944,160736,92321.67268521142,,,144.56935173098464,1218
176,seconds,Ours,flex_fast,Ours fast,176,1024000,0.000826,,,12.414648056030273,261856,91196.73812974356,,,146.33397345402045,1211
176,seconds,Ours,flex_quality,Ours quality,176,2048000,0.000905,,,24.335949659347534,160736,92321.67268521142,,,144.56935173098464,1105
176,seconds,Ours,flex_fast,Ours fast,176,2048000,0.001797,,,24.474752187728882,261856,91196.73812974356,,,146.33397345402045,1113
176,seconds,Ours,flex_quality,Ours quality,176,3072000,0.032929,,,36.10006046295166,160736,92321.67268521142,,,144.56935173098464,1154
176,seconds,Ours,flex_fast,Ours fast,176,3072000,0.049223,,,36.28285527229309,261856,91196.73812974356,,,146.33397345402045,1158
176,seconds,Ours,flex_quality,Ours quality,176,4096000,0.183918,,,47.62416386604309,160736,92321.67268521142,,,144.56935173098464,1169
176,seconds,Ours,flex_small,Ours small,176,4096000,0.286351,,,47.70429444313049,109768,93293.06456650213,,,143.01665236899862,1121
176,seconds,Ours,flex_small,Ours small,176,5120000,0.588629,,,58.75239300727844,109768,93293.06456650213,,,143.01665236899862,1196
176,seconds,Ours,flex_small,Ours small,176,6144000,0.750871,,,69.46448612213135,109768,93293.06456650213,,,143.01665236899862,1148
176,seconds,Ours,flex_small,Ours small,176,7168000,0.857778,,,80.12858200073242,109768,93293.06456650213,,,143.01665236899862,1125
176,seconds,Ours,flex_small,Ours small,176,8192000,0.877939,,,90.61667156219482,109768,93293.06456650213,,,143.01665236899862,1106
176,seconds,Ours,flex_small,Ours small,176,9216000,0.891324,,,101.02876305580139,109768,93293.06456650213,,,143.01665236899862,1095
176,seconds,Ours,flex_small,Ours small,176,12288000,0.89194,,,132.43303084373474,109768,93293.06456650213,,,143.01665236899862,1129
176,seconds,Ours,flex_small,Ours small,176,13312000,0.89254,,,142.92112064361572,109768,93293.06456650213,,,143.01665236899862,1126
176,seconds,Ours quality,flex_quality,Ours quality,176,1024000,0.0,,,12.387853384017944,160736,92321.67268521142,,,144.56935173098464,1218
176,seconds,Ours quality,flex_quality,Ours quality,176,2048000,0.000905,,,24.335949659347534,160736,92321.67268521142,,,144.56935173098464,1105
176,seconds,Ours quality,flex_quality,Ours quality,176,3072000,0.032929,,,36.10006046295166,160736,92321.67268521142,,,144.56935173098464,1154
176,seconds,Ours quality,flex_quality,Ours quality,176,4096000,0.183918,,,47.62416386604309,160736,92321.67268521142,,,144.56935173098464,1169
176,seconds,Ours quality,flex_quality,Ours quality,176,5120000,0.399625,,,58.88825559616089,160736,92321.67268521142,,,144.56935173098464,1066
176,seconds,Ours quality,flex_quality,Ours quality,176,6144000,0.609146,,,69.82034659385681,160736,92321.67268521142,,,144.56935173098464,1159
176,seconds,Ours quality,flex_quality,Ours quality,176,7168000,0.69338,,,80.54043960571289,160736,92321.67268521142,,,144.56935173098464,1148
176,seconds,Ours quality,flex_quality,Ours quality,176,8192000,0.752484,,,91.1765296459198,160736,92321.67268521142,,,144.56935173098464,1107
176,seconds,Ours quality,flex_quality,Ours quality,176,9216000,0.810036,,,101.80862784385681,160736,92321.67268521142,,,144.56935173098464,1116
176,seconds,Ours quality,flex_quality,Ours quality,176,10240000,0.841071,,,112.4407114982605,160736,92321.67268521142,,,144.56935173098464,1120
176,seconds,Ours quality,flex_quality,Ours quality,176,11264000,0.864121,,,123.10480380058289,160736,92321.67268521142,,,144.56935173098464,1126
176,seconds,Ours quality,flex_quality,Ours quality,176,12288000,0.875766,,,133.76889157295227,160736,92321.67268521142,,,144.56935173098464,1143
176,seconds,Ours fast,flex_fast,Ours fast,176,1024000,0.000826,,,12.414648056030273,261856,91196.73812974356,,,146.33397345402045,1211
176,seconds,Ours fast,flex_fast,Ours fast,176,2048000,0.001797,,,24.474752187728882,261856,91196.73812974356,,,146.33397345402045,1113
176,seconds,Ours fast,flex_fast,Ours fast,176,3072000,0.049223,,,36.28285527229309,261856,91196.73812974356,,,146.33397345402045,1158
176,seconds,Ours fast,flex_fast,Ours fast,176,4096000,0.259984,,,47.81495714187622,261856,91196.73812974356,,,146.33397345402045,1227
176,seconds,Ours fast,flex_fast,Ours fast,176,5120000,0.545538,,,59.0190544128418,261856,91196.73812974356,,,146.33397345402045,1087
176,seconds,Ours fast,flex_fast,Ours fast,176,6144000,0.687199,,,69.8951416015625,261856,91196.73812974356,,,146.33397345402045,1039
176,seconds,Ours fast,flex_fast,Ours fast,176,7168000,0.716461,,,80.76323223114014,261856,91196.73812974356,,,146.33397345402045,1051
176,seconds,Ours fast,flex_fast,Ours fast,176,8192000,0.736892,,,91.70332407951355,261856,91196.73812974356,,,146.33397345402045,1049
176,seconds,Ours fast,flex_fast,Ours fast,176,9216000,0.74218,,,102.65941882133484,261856,91196.73812974356,,,146.33397345402045,1055
176,seconds,Ours fast,flex_fast,Ours fast,176,10240000,0.744782,,,113.52751445770264,261856,91196.73812974356,,,146.33397345402045,1054
176,seconds,Ours fast,flex_fast,Ours fast,176,11264000,0.75,,,124.40361022949219,261856,91196.73812974356,,,146.33397345402045,1052
176,seconds,Ours small,flex_small,Ours small,176,1024000,0.0,,,12.395989179611206,109768,93293.06456650213,,,143.01665236899862,1189
176,seconds,Ours small,flex_small,Ours small,176,2048000,0.000887,,,24.484098434448242,109768,93293.06456650213,,,143.01665236899862,1127
176,seconds,Ours small,flex_small,Ours small,176,3072000,0.019541,,,36.248199462890625,109768,93293.06456650213,,,143.01665236899862,1177
176,seconds,Ours small,flex_small,Ours small,176,4096000,0.286351,,,47.70429444313049,109768,93293.06456650213,,,143.01665236899862,1121
176,seconds,Ours small,flex_small,Ours small,176,5120000,0.588629,,,58.75239300727844,109768,93293.06456650213,,,143.01665236899862,1196
176,seconds,Ours small,flex_small,Ours small,176,6144000,0.750871,,,69.46448612213135,109768,93293.06456650213,,,143.01665236899862,1148
176,seconds,Ours small,flex_small,Ours small,176,7168000,0.857778,,,80.12858200073242,109768,93293.06456650213,,,143.01665236899862,1125
176,seconds,Ours small,flex_small,Ours small,176,8192000,0.877939,,,90.61667156219482,109768,93293.06456650213,,,143.01665236899862,1106
176,seconds,Ours small,flex_small,Ours small,176,9216000,0.891324,,,101.02876305580139,109768,93293.06456650213,,,143.01665236899862,1095
176,seconds,Ours small,flex_small,Ours small,176,12288000,0.89194,,,132.43303084373474,109768,93293.06456650213,,,143.01665236899862,1129
176,seconds,Ours small,flex_small,Ours small,176,13312000,0.89254,,,142.92112064361572,109768,93293.06456650213,,,143.01665236899862,1126
176,seconds,Nature,nature_cnn,Nature,176,1024000,0.0,,,12.934911251068115,138528,84406.55253865513,,,158.05124808102846,1204
176,seconds,Nature,nature_cnn,Nature,176,3072000,0.078139,,,37.97512459754944,138528,84406.55253865513,,,158.05124808102846,1139
176,seconds,Nature,nature_cnn,Nature,176,4096000,0.185257,,,50.38323378562927,138528,84406.55253865513,,,158.05124808102846,1031
176,seconds,Nature,nature_cnn,Nature,176,5120000,0.342523,,,62.70732641220093,138528,84406.55253865513,,,158.05124808102846,1197
176,seconds,Nature,nature_cnn,Nature,176,6144000,0.473455,,,74.93943095207214,138528,84406.55253865513,,,158.05124808102846,1149
176,seconds,Nature,nature_cnn,Nature,176,7168000,0.583486,,,87.04354095458984,138528,84406.55253865513,,,158.05124808102846,1090
176,seconds,Nature,nature_cnn,Nature,176,8192000,0.667917,,,98.97564005851746,138528,84406.55253865513,,,158.05124808102846,1066
176,seconds,Nature,nature_cnn,Nature,176,9216000,0.69341,,,110.8517439365387,138528,84406.55253865513,,,158.05124808102846,1047
176,seconds,Nature,nature_cnn,Nature,176,10240000,0.701336,,,122.61584687232971,138528,84406.55253865513,,,158.05124808102846,1048
176,seconds,IMPALA,impala_cnn,IMPALA,176,1024000,0.001951,,,95.8796169757843,270496,10791.704994680817,,,1233.9772249470116,1025
176,seconds,IMPALA,impala_cnn,IMPALA,176,2048000,0.236258,,,191.05644536018372,270496,10791.704994680817,,,1233.9772249470116,1037
176,seconds,IMPALA,impala_cnn,IMPALA,176,3072000,0.590909,,,286.19326853752136,270496,10791.704994680817,,,1233.9772249470116,1034
176,seconds,IMPALA,impala_cnn,IMPALA,176,4096000,0.95566,,,380.81006240844727,270496,10791.704994680817,,,1233.9772249470116,1060
176,seconds,IMPALA,impala_cnn,IMPALA,176,5120000,0.975993,,,475.4229009151459,270496,10791.704994680817,,,1233.9772249470116,1083
176,seconds,IMPALA,impala_cnn,IMPALA,176,6144000,0.979779,,,570.1877241134644,270496,10791.704994680817,,,1233.9772249470116,1088
176,seconds,IMPALA,impala_cnn,IMPALA,176,7168000,0.989031,,,665.2805526256561,270496,10791.704994680817,,,1233.9772249470116,1094
176,seconds,IMPALA,impala_cnn,IMPALA,176,8192000,0.993642,,,759.9453752040863,270496,10791.704994680817,,,1233.9772249470116,1101
176,seconds,IMPALA,impala_cnn,IMPALA,176,11264000,0.993648,,,1044.463851928711,270496,10791.704994680817,,,1233.9772249470116,1102
176,seconds,Impoola,impoola_cnn,Impoola,176,1024000,0.000846,,,95.50140881538391,151712,10821.156928412844,,,1230.6212378719938,1182
176,seconds,Impoola,impoola_cnn,Impoola,176,2048000,0.230487,,,190.59822964668274,151712,10821.156928412844,,,1230.6212378719938,1089
176,seconds,Impoola,impoola_cnn,Impoola,176,3072000,0.704753,,,285.5270481109619,151712,10821.156928412844,,,1230.6212378719938,1094
176,seconds,Impoola,impoola_cnn,Impoola,176,4096000,0.712418,,,380.21187806129456,151712,10821.156928412844,,,1230.6212378719938,1071
176,seconds,Impoola,impoola_cnn,Impoola,176,5120000,0.754452,,,474.5967016220093,151712,10821.156928412844,,,1230.6212378719938,1067
176,seconds,Impoola,impoola_cnn,Impoola,176,7168000,0.765896,,,663.818338394165,151712,10821.156928412844,,,1230.6212378719938,1038
176,seconds,Impoola,impoola_cnn,Impoola,176,9216000,0.775728,,,852.5839853286743,151712,10821.156928412844,,,1230.6212378719938,1030
176,steps,Combined,impala_cnn,IMPALA,176,1024000,0.001951,,,95.8796169757843,270496,10791.704994680817,,,1233.9772249470116,1025
176,steps,Combined,impala_cnn,IMPALA,176,2048000,0.236258,,,191.05644536018372,270496,10791.704994680817,,,1233.9772249470116,1037
176,steps,Combined,impoola_cnn,Impoola,176,3072000,0.704753,,,285.5270481109619,151712,10821.156928412844,,,1230.6212378719938,1094
176,steps,Combined,impala_cnn,IMPALA,176,4096000,0.95566,,,380.81006240844727,270496,10791.704994680817,,,1233.9772249470116,1060
176,steps,Combined,impala_cnn,IMPALA,176,5120000,0.975993,,,475.4229009151459,270496,10791.704994680817,,,1233.9772249470116,1083
176,steps,Combined,impala_cnn,IMPALA,176,6144000,0.979779,,,570.1877241134644,270496,10791.704994680817,,,1233.9772249470116,1088
176,steps,Combined,impala_cnn,IMPALA,176,7168000,0.989031,,,665.2805526256561,270496,10791.704994680817,,,1233.9772249470116,1094
176,steps,Combined,impala_cnn,IMPALA,176,8192000,0.993642,,,759.9453752040863,270496,10791.704994680817,,,1233.9772249470116,1101
176,steps,Combined,impala_cnn,IMPALA,176,11264000,0.993648,,,1044.463851928711,270496,10791.704994680817,,,1233.9772249470116,1102
176,steps,Ours,flex_fast,Ours fast,176,1024000,0.000826,,,12.414648056030273,261856,91196.73812974356,,,146.33397345402045,1211
176,steps,Ours,flex_fast,Ours fast,176,2048000,0.001797,,,24.474752187728882,261856,91196.73812974356,,,146.33397345402045,1113
176,steps,Ours,flex_fast,Ours fast,176,3072000,0.049223,,,36.28285527229309,261856,91196.73812974356,,,146.33397345402045,1158
176,steps,Ours,flex_small,Ours small,176,4096000,0.286351,,,47.70429444313049,109768,93293.06456650213,,,143.01665236899862,1121
176,steps,Ours,flex_small,Ours small,176,5120000,0.588629,,,58.75239300727844,109768,93293.06456650213,,,143.01665236899862,1196
176,steps,Ours,flex_small,Ours small,176,6144000,0.750871,,,69.46448612213135,109768,93293.06456650213,,,143.01665236899862,1148
176,steps,Ours,flex_small,Ours small,176,7168000,0.857778,,,80.12858200073242,109768,93293.06456650213,,,143.01665236899862,1125
176,steps,Ours,flex_small,Ours small,176,8192000,0.877939,,,90.61667156219482,109768,93293.06456650213,,,143.01665236899862,1106
176,steps,Ours,flex_small,Ours small,176,9216000,0.891324,,,101.02876305580139,109768,93293.06456650213,,,143.01665236899862,1095
176,steps,Ours,flex_small,Ours small,176,12288000,0.89194,,,132.43303084373474,109768,93293.06456650213,,,143.01665236899862,1129
176,steps,Ours,flex_small,Ours small,176,13312000,0.89254,,,142.92112064361572,109768,93293.06456650213,,,143.01665236899862,1126
176,steps,Ours quality,flex_quality,Ours quality,176,1024000,0.0,,,12.387853384017944,160736,92321.67268521142,,,144.56935173098464,1218
176,steps,Ours quality,flex_quality,Ours quality,176,2048000,0.000905,,,24.335949659347534,160736,92321.67268521142,,,144.56935173098464,1105
176,steps,Ours quality,flex_quality,Ours quality,176,3072000,0.032929,,,36.10006046295166,160736,92321.67268521142,,,144.56935173098464,1154
176,steps,Ours quality,flex_quality,Ours quality,176,4096000,0.183918,,,47.62416386604309,160736,92321.67268521142,,,144.56935173098464,1169
176,steps,Ours quality,flex_quality,Ours quality,176,5120000,0.399625,,,58.88825559616089,160736,92321.67268521142,,,144.56935173098464,1066
176,steps,Ours quality,flex_quality,Ours quality,176,6144000,0.609146,,,69.82034659385681,160736,92321.67268521142,,,144.56935173098464,1159
176,steps,Ours quality,flex_quality,Ours quality,176,7168000,0.69338,,,80.54043960571289,160736,92321.67268521142,,,144.56935173098464,1148
176,steps,Ours quality,flex_quality,Ours quality,176,8192000,0.752484,,,91.1765296459198,160736,92321.67268521142,,,144.56935173098464,1107
176,steps,Ours quality,flex_quality,Ours quality,176,9216000,0.810036,,,101.80862784385681,160736,92321.67268521142,,,144.56935173098464,1116
176,steps,Ours quality,flex_quality,Ours quality,176,10240000,0.841071,,,112.4407114982605,160736,92321.67268521142,,,144.56935173098464,1120
176,steps,Ours quality,flex_quality,Ours quality,176,11264000,0.864121,,,123.10480380058289,160736,92321.67268521142,,,144.56935173098464,1126
176,steps,Ours quality,flex_quality,Ours quality,176,12288000,0.875766,,,133.76889157295227,160736,92321.67268521142,,,144.56935173098464,1143
176,steps,Ours fast,flex_fast,Ours fast,176,1024000,0.000826,,,12.414648056030273,261856,91196.73812974356,,,146.33397345402045,1211
176,steps,Ours fast,flex_fast,Ours fast,176,2048000,0.001797,,,24.474752187728882,261856,91196.73812974356,,,146.33397345402045,1113
176,steps,Ours fast,flex_fast,Ours fast,176,3072000,0.049223,,,36.28285527229309,261856,91196.73812974356,,,146.33397345402045,1158
176,steps,Ours fast,flex_fast,Ours fast,176,4096000,0.259984,,,47.81495714187622,261856,91196.73812974356,,,146.33397345402045,1227
176,steps,Ours fast,flex_fast,Ours fast,176,5120000,0.545538,,,59.0190544128418,261856,91196.73812974356,,,146.33397345402045,1087
176,steps,Ours fast,flex_fast,Ours fast,176,6144000,0.687199,,,69.8951416015625,261856,91196.73812974356,,,146.33397345402045,1039
176,steps,Ours fast,flex_fast,Ours fast,176,7168000,0.716461,,,80.76323223114014,261856,91196.73812974356,,,146.33397345402045,1051
176,steps,Ours fast,flex_fast,Ours fast,176,8192000,0.736892,,,91.70332407951355,261856,91196.73812974356,,,146.33397345402045,1049
176,steps,Ours fast,flex_fast,Ours fast,176,9216000,0.74218,,,102.65941882133484,261856,91196.73812974356,,,146.33397345402045,1055
176,steps,Ours fast,flex_fast,Ours fast,176,10240000,0.744782,,,113.52751445770264,261856,91196.73812974356,,,146.33397345402045,1054
176,steps,Ours fast,flex_fast,Ours fast,176,11264000,0.75,,,124.40361022949219,261856,91196.73812974356,,,146.33397345402045,1052
176,steps,Ours small,flex_small,Ours small,176,1024000,0.0,,,12.395989179611206,109768,93293.06456650213,,,143.01665236899862,1189
176,steps,Ours small,flex_small,Ours small,176,2048000,0.000887,,,24.484098434448242,109768,93293.06456650213,,,143.01665236899862,1127
176,steps,Ours small,flex_small,Ours small,176,3072000,0.019541,,,36.248199462890625,109768,93293.06456650213,,,143.01665236899862,1177
176,steps,Ours small,flex_small,Ours small,176,4096000,0.286351,,,47.70429444313049,109768,93293.06456650213,,,143.01665236899862,1121
176,steps,Ours small,flex_small,Ours small,176,5120000,0.588629,,,58.75239300727844,109768,93293.06456650213,,,143.01665236899862,1196
176,steps,Ours small,flex_small,Ours small,176,6144000,0.750871,,,69.46448612213135,109768,93293.06456650213,,,143.01665236899862,1148
176,steps,Ours small,flex_small,Ours small,176,7168000,0.857778,,,80.12858200073242,109768,93293.06456650213,,,143.01665236899862,1125
176,steps,Ours small,flex_small,Ours small,176,8192000,0.877939,,,90.61667156219482,109768,93293.06456650213,,,143.01665236899862,1106
176,steps,Ours small,flex_small,Ours small,176,9216000,0.891324,,,101.02876305580139,109768,93293.06456650213,,,143.01665236899862,1095
176,steps,Ours small,flex_small,Ours small,176,12288000,0.89194,,,132.43303084373474,109768,93293.06456650213,,,143.01665236899862,1129
176,steps,Ours small,flex_small,Ours small,176,13312000,0.89254,,,142.92112064361572,109768,93293.06456650213,,,143.01665236899862,1126
176,steps,Nature,nature_cnn,Nature,176,1024000,0.0,,,12.934911251068115,138528,84406.55253865513,,,158.05124808102846,1204
176,steps,Nature,nature_cnn,Nature,176,3072000,0.078139,,,37.97512459754944,138528,84406.55253865513,,,158.05124808102846,1139
176,steps,Nature,nature_cnn,Nature,176,4096000,0.185257,,,50.38323378562927,138528,84406.55253865513,,,158.05124808102846,1031
176,steps,Nature,nature_cnn,Nature,176,5120000,0.342523,,,62.70732641220093,138528,84406.55253865513,,,158.05124808102846,1197
176,steps,Nature,nature_cnn,Nature,176,6144000,0.473455,,,74.93943095207214,138528,84406.55253865513,,,158.05124808102846,1149
176,steps,Nature,nature_cnn,Nature,176,7168000,0.583486,,,87.04354095458984,138528,84406.55253865513,,,158.05124808102846,1090
176,steps,Nature,nature_cnn,Nature,176,8192000,0.667917,,,98.97564005851746,138528,84406.55253865513,,,158.05124808102846,1066
176,steps,Nature,nature_cnn,Nature,176,9216000,0.69341,,,110.8517439365387,138528,84406.55253865513,,,158.05124808102846,1047
176,steps,Nature,nature_cnn,Nature,176,10240000,0.701336,,,122.61584687232971,138528,84406.55253865513,,,158.05124808102846,1048
176,steps,IMPALA,impala_cnn,IMPALA,176,1024000,0.001951,,,95.8796169757843,270496,10791.704994680817,,,1233.9772249470116,1025
176,steps,IMPALA,impala_cnn,IMPALA,176,2048000,0.236258,,,191.05644536018372,270496,10791.704994680817,,,1233.9772249470116,1037
176,steps,IMPALA,impala_cnn,IMPALA,176,3072000,0.590909,,,286.19326853752136,270496,10791.704994680817,,,1233.9772249470116,1034
176,steps,IMPALA,impala_cnn,IMPALA,176,4096000,0.95566,,,380.81006240844727,270496,10791.704994680817,,,1233.9772249470116,1060
176,steps,IMPALA,impala_cnn,IMPALA,176,5120000,0.975993,,,475.4229009151459,270496,10791.704994680817,,,1233.9772249470116,1083
176,steps,IMPALA,impala_cnn,IMPALA,176,6144000,0.979779,,,570.1877241134644,270496,10791.704994680817,,,1233.9772249470116,1088
176,steps,IMPALA,impala_cnn,IMPALA,176,7168000,0.989031,,,665.2805526256561,270496,10791.704994680817,,,1233.9772249470116,1094
176,steps,IMPALA,impala_cnn,IMPALA,176,8192000,0.993642,,,759.9453752040863,270496,10791.704994680817,,,1233.9772249470116,1101
176,steps,IMPALA,impala_cnn,IMPALA,176,11264000,0.993648,,,1044.463851928711,270496,10791.704994680817,,,1233.9772249470116,1102
176,steps,Impoola,impoola_cnn,Impoola,176,1024000,0.000846,,,95.50140881538391,151712,10821.156928412844,,,1230.6212378719938,1182
176,steps,Impoola,impoola_cnn,Impoola,176,2048000,0.230487,,,190.59822964668274,151712,10821.156928412844,,,1230.6212378719938,1089
176,steps,Impoola,impoola_cnn,Impoola,176,3072000,0.704753,,,285.5270481109619,151712,10821.156928412844,,,1230.6212378719938,1094
176,steps,Impoola,impoola_cnn,Impoola,176,4096000,0.712418,,,380.21187806129456,151712,10821.156928412844,,,1230.6212378719938,1071
176,steps,Impoola,impoola_cnn,Impoola,176,5120000,0.754452,,,474.5967016220093,151712,10821.156928412844,,,1230.6212378719938,1067
176,steps,Impoola,impoola_cnn,Impoola,176,7168000,0.765896,,,663.818338394165,151712,10821.156928412844,,,1230.6212378719938,1038
176,steps,Impoola,impoola_cnn,Impoola,176,9216000,0.775728,,,852.5839853286743,151712,10821.156928412844,,,1230.6212378719938,1030
177,seconds,Combined,flex_quality,Ours quality,177,1024000,0.000839,,,12.307461261749268,160736,91290.9529440466,,,146.16824695299147,1192
177,seconds,Combined,flex_quality,Ours quality,177,2048000,0.000896,,,24.267554998397827,160736,91290.9529440466,,,146.16824695299147,1116
177,seconds,Combined,flex_fast,Ours fast,177,2048000,0.002747,,,24.529081106185913,261856,90681.33163519723,,,147.12291403400013,1092
177,seconds,Combined,nature_cnn,Nature,177,2048000,0.003481,,,25.33664894104004,138528,83885.07794132405,,,159.05554275697796,1149
177,seconds,Combined,flex_quality,Ours quality,177,3072000,0.081967,,,35.94765663146973,160736,91290.9529440466,,,146.16824695299147,1098
177,seconds,Combined,flex_small,Ours small,177,4096000,0.144424,,,47.35387349128723,109768,94110.24850358088,,,141.76127432304202,1094
177,seconds,Combined,flex_quality,Ours quality,177,4096000,0.252922,,,47.39175295829773,160736,91290.9529440466,,,146.16824695299147,1198
177,seconds,Combined,nature_cnn,Nature,177,4096000,0.300412,,,50.25685787200928,138528,83885.07794132405,,,159.05554275697796,1215
177,seconds,Combined,flex_small,Ours small,177,5120000,0.36241,,,58.24196171760559,109768,94110.24850358088,,,141.76127432304202,1112
177,seconds,Combined,flex_quality,Ours quality,177,5120000,0.468806,,,58.63585686683655,160736,91290.9529440466,,,146.16824695299147,1122
177,seconds,Combined,flex_quality,Ours quality,177,6144000,0.666667,,,69.56393957138062,160736,91290.9529440466,,,146.16824695299147,1086
177,seconds,Combined,flex_fast,Ours fast,177,6144000,0.678631,,,70.10546922683716,261856,90681.33163519723,,,147.12291403400013,1198
177,seconds,Combined,flex_quality,Ours quality,177,7168000,0.720508,,,80.48002600669861,160736,91290.9529440466,,,146.16824695299147,1102
177,seconds,Combined,flex_fast,Ours fast,177,7168000,0.730118,,,81.14956402778625,261856,90681.33163519723,,,147.12291403400013,1182
177,seconds,Combined,flex_fast,Ours fast,177,8192000,0.760338,,,92.12165474891663,261856,90681.33163519723,,,147.12291403400013,1185
177,seconds,Combined,flex_fast,Ours fast,177,9216000,0.815281,,,103.1337525844574,261856,90681.33163519723,,,147.12291403400013,1191
177,seconds,Combined,flex_fast,Ours fast,177,12288000,0.815372,,,136.08603286743164,261856,90681.33163519723,,,147.12291403400013,1197
177,seconds,Combined,flex_fast,Ours fast,177,13312000,0.81803,,,147.03812432289124,261856,90681.33163519723,,,147.12291403400013,1198
177,seconds,Combined,impala_cnn,IMPALA,177,5120000,0.910917,,,473.9875786304474,270496,10816.573006009492,,,1231.1168329119682,1145
177,seconds,Combined,impala_cnn,IMPALA,177,6144000,0.961501,,,568.37238073349,270496,10816.573006009492,,,1231.1168329119682,1039
177,seconds,Combined,impala_cnn,IMPALA,177,8192000,0.965877,,,757.837982416153,270496,10816.573006009492,,,1231.1168329119682,1055
177,seconds,Combined,impala_cnn,IMPALA,177,9216000,0.966102,,,852.3267958164215,270496,10816.573006009492,,,1231.1168329119682,1062
177,seconds,Combined,impala_cnn,IMPALA,177,11264000,0.967803,,,1041.8043916225433,270496,10816.573006009492,,,1231.1168329119682,1056
177,seconds,Combined,impala_cnn,IMPALA,177,13312000,0.96872,,,1230.9779596328735,270496,10816.573006009492,,,1231.1168329119682,1055
177,seconds,Ours,flex_quality,Ours quality,177,1024000,0.000839,,,12.307461261749268,160736,91290.9529440466,,,146.16824695299147,1192
177,seconds,Ours,flex_quality,Ours quality,177,2048000,0.000896,,,24.267554998397827,160736,91290.9529440466,,,146.16824695299147,1116
177,seconds,Ours,flex_fast,Ours fast,177,2048000,0.002747,,,24.529081106185913,261856,90681.33163519723,,,147.12291403400013,1092
177,seconds,Ours,flex_quality,Ours quality,177,3072000,0.081967,,,35.94765663146973,160736,91290.9529440466,,,146.16824695299147,1098
177,seconds,Ours,flex_small,Ours small,177,4096000,0.144424,,,47.35387349128723,109768,94110.24850358088,,,141.76127432304202,1094
177,seconds,Ours,flex_quality,Ours quality,177,4096000,0.252922,,,47.39175295829773,160736,91290.9529440466,,,146.16824695299147,1198
177,seconds,Ours,flex_small,Ours small,177,5120000,0.36241,,,58.24196171760559,109768,94110.24850358088,,,141.76127432304202,1112
177,seconds,Ours,flex_quality,Ours quality,177,5120000,0.468806,,,58.63585686683655,160736,91290.9529440466,,,146.16824695299147,1122
177,seconds,Ours,flex_quality,Ours quality,177,6144000,0.666667,,,69.56393957138062,160736,91290.9529440466,,,146.16824695299147,1086
177,seconds,Ours,flex_fast,Ours fast,177,6144000,0.678631,,,70.10546922683716,261856,90681.33163519723,,,147.12291403400013,1198
177,seconds,Ours,flex_quality,Ours quality,177,7168000,0.720508,,,80.48002600669861,160736,91290.9529440466,,,146.16824695299147,1102
177,seconds,Ours,flex_fast,Ours fast,177,7168000,0.730118,,,81.14956402778625,261856,90681.33163519723,,,147.12291403400013,1182
177,seconds,Ours,flex_fast,Ours fast,177,8192000,0.760338,,,92.12165474891663,261856,90681.33163519723,,,147.12291403400013,1185
177,seconds,Ours,flex_fast,Ours fast,177,9216000,0.815281,,,103.1337525844574,261856,90681.33163519723,,,147.12291403400013,1191
177,seconds,Ours,flex_fast,Ours fast,177,12288000,0.815372,,,136.08603286743164,261856,90681.33163519723,,,147.12291403400013,1197
177,seconds,Ours,flex_fast,Ours fast,177,13312000,0.81803,,,147.03812432289124,261856,90681.33163519723,,,147.12291403400013,1198
177,seconds,Ours quality,flex_quality,Ours quality,177,1024000,0.000839,,,12.307461261749268,160736,91290.9529440466,,,146.16824695299147,1192
177,seconds,Ours quality,flex_quality,Ours quality,177,2048000,0.000896,,,24.267554998397827,160736,91290.9529440466,,,146.16824695299147,1116
177,seconds,Ours quality,flex_quality,Ours quality,177,3072000,0.081967,,,35.94765663146973,160736,91290.9529440466,,,146.16824695299147,1098
177,seconds,Ours quality,flex_quality,Ours quality,177,4096000,0.252922,,,47.39175295829773,160736,91290.9529440466,,,146.16824695299147,1198
177,seconds,Ours quality,flex_quality,Ours quality,177,5120000,0.468806,,,58.63585686683655,160736,91290.9529440466,,,146.16824695299147,1122
177,seconds,Ours quality,flex_quality,Ours quality,177,6144000,0.666667,,,69.56393957138062,160736,91290.9529440466,,,146.16824695299147,1086
177,seconds,Ours quality,flex_quality,Ours quality,177,7168000,0.720508,,,80.48002600669861,160736,91290.9529440466,,,146.16824695299147,1102
177,seconds,Ours quality,flex_quality,Ours quality,177,8192000,0.727602,,,91.42813658714294,160736,91290.9529440466,,,146.16824695299147,1105
177,seconds,Ours fast,flex_fast,Ours fast,177,1024000,0.0,,,12.46496057510376,261856,90681.33163519723,,,147.12291403400013,1174
177,seconds,Ours fast,flex_fast,Ours fast,177,2048000,0.002747,,,24.529081106185913,261856,90681.33163519723,,,147.12291403400013,1092
177,seconds,Ours fast,flex_fast,Ours fast,177,3072000,0.0519,,,36.33717131614685,261856,90681.33163519723,,,147.12291403400013,1079
177,seconds,Ours fast,flex_fast,Ours fast,177,4096000,0.186547,,,47.861265420913696,261856,90681.33163519723,,,147.12291403400013,1115
177,seconds,Ours fast,flex_fast,Ours fast,177,5120000,0.467056,,,59.08137273788452,261856,90681.33163519723,,,147.12291403400013,1199
177,seconds,Ours fast,flex_fast,Ours fast,177,6144000,0.678631,,,70.10546922683716,261856,90681.33163519723,,,147.12291403400013,1198
177,seconds,Ours fast,flex_fast,Ours fast,177,7168000,0.730118,,,81.14956402778625,261856,90681.33163519723,,,147.12291403400013,1182
177,seconds,Ours fast,flex_fast,Ours fast,177,8192000,0.760338,,,92.12165474891663,261856,90681.33163519723,,,147.12291403400013,1185
177,seconds,Ours fast,flex_fast,Ours fast,177,9216000,0.815281,,,103.1337525844574,261856,90681.33163519723,,,147.12291403400013,1191
177,seconds,Ours fast,flex_fast,Ours fast,177,12288000,0.815372,,,136.08603286743164,261856,90681.33163519723,,,147.12291403400013,1197
177,seconds,Ours fast,flex_fast,Ours fast,177,13312000,0.81803,,,147.03812432289124,261856,90681.33163519723,,,147.12291403400013,1198
177,seconds,Ours small,flex_small,Ours small,177,1024000,0.0,,,12.393563270568848,109768,94110.24850358088,,,141.76127432304202,1213
177,seconds,Ours small,flex_small,Ours small,177,2048000,0.000887,,,24.37365436553955,109768,94110.24850358088,,,141.76127432304202,1127
177,seconds,Ours small,flex_small,Ours small,177,3072000,0.042266,,,36.04977035522461,109768,94110.24850358088,,,141.76127432304202,1112
177,seconds,Ours small,flex_small,Ours small,177,4096000,0.144424,,,47.35387349128723,109768,94110.24850358088,,,141.76127432304202,1094
177,seconds,Ours small,flex_small,Ours small,177,5120000,0.36241,,,58.24196171760559,109768,94110.24850358088,,,141.76127432304202,1112
177,seconds,Ours small,flex_small,Ours small,177,6144000,0.466915,,,68.74205231666565,109768,94110.24850358088,,,141.76127432304202,1073
177,seconds,Ours small,flex_small,Ours small,177,7168000,0.497164,,,79.19013905525208,109768,94110.24850358088,,,141.76127432304202,1058
177,seconds,Ours small,flex_small,Ours small,177,8192000,0.517824,,,89.59422159194946,109768,94110.24850358088,,,141.76127432304202,1066
177,seconds,Ours small,flex_small,Ours small,177,9216000,0.550752,,,99.994313955307,109768,94110.24850358088,,,141.76127432304202,1064
177,seconds,Ours small,flex_small,Ours small,177,10240000,0.567517,,,110.40240406990051,109768,94110.24850358088,,,141.76127432304202,1059
177,seconds,Ours small,flex_small,Ours small,177,11264000,0.581527,,,120.82249426841736,109768,94110.24850358088,,,141.76127432304202,1061
177,seconds,Ours small,flex_small,Ours small,177,12288000,0.587571,,,131.2465808391571,109768,94110.24850358088,,,141.76127432304202,1062
177,seconds,Nature,nature_cnn,Nature,177,1024000,0.0,,,12.844529390335083,138528,83885.07794132405,,,159.05554275697796,1177
177,seconds,Nature,nature_cnn,Nature,177,2048000,0.003481,,,25.33664894104004,138528,83885.07794132405,,,159.05554275697796,1149
177,seconds,Nature,nature_cnn,Nature,177,3072000,0.034512,,,37.80074119567871,138528,83885.07794132405,,,159.05554275697796,1188
177,seconds,Nature,nature_cnn,Nature,177,4096000,0.300412,,,50.25685787200928,138528,83885.07794132405,,,159.05554275697796,1215
177,seconds,Nature,nature_cnn,Nature,177,5120000,0.433245,,,62.56495952606201,138528,83885.07794132405,,,159.05554275697796,1131
177,seconds,Nature,nature_cnn,Nature,177,6144000,0.55505,,,74.76506757736206,138528,83885.07794132405,,,159.05554275697796,1099
177,seconds,Nature,nature_cnn,Nature,177,7168000,0.638258,,,86.94916152954102,138528,83885.07794132405,,,159.05554275697796,1056
177,seconds,Nature,nature_cnn,Nature,177,8192000,0.669574,,,99.04127025604248,138528,83885.07794132405,,,159.05554275697796,1032
177,seconds,Nature,nature_cnn,Nature,177,9216000,0.70078,,,111.10537028312683,138528,83885.07794132405,,,159.05554275697796,1026
177,seconds,Nature,nature_cnn,Nature,177,10240000,0.739389,,,123.10947251319885,138528,83885.07794132405,,,159.05554275697796,1178
177,seconds,Nature,nature_cnn,Nature,177,11264000,0.751938,,,135.06958103179932,138528,83885.07794132405,,,159.05554275697796,1161
177,seconds,Nature,nature_cnn,Nature,177,12288000,0.759067,,,146.9896821975708,138528,83885.07794132405,,,159.05554275697796,1158
177,seconds,IMPALA,impala_cnn,IMPALA,177,1024000,0.001594,,,95.8923614025116,270496,10816.573006009492,,,1231.1168329119682,1255
177,seconds,IMPALA,impala_cnn,IMPALA,177,2048000,0.594356,,,190.41316986083984,270496,10816.573006009492,,,1231.1168329119682,1134
177,seconds,IMPALA,impala_cnn,IMPALA,177,3072000,0.726703,,,285.1299765110016,270496,10816.573006009492,,,1231.1168329119682,1116
177,seconds,IMPALA,impala_cnn,IMPALA,177,4096000,0.800885,,,379.68276166915894,270496,10816.573006009492,,,1231.1168329119682,1130
177,seconds,IMPALA,impala_cnn,IMPALA,177,5120000,0.910917,,,473.9875786304474,270496,10816.573006009492,,,1231.1168329119682,1145
177,seconds,IMPALA,impala_cnn,IMPALA,177,6144000,0.961501,,,568.37238073349,270496,10816.573006009492,,,1231.1168329119682,1039
177,seconds,IMPALA,impala_cnn,IMPALA,177,8192000,0.965877,,,757.837982416153,270496,10816.573006009492,,,1231.1168329119682,1055
177,seconds,IMPALA,impala_cnn,IMPALA,177,9216000,0.966102,,,852.3267958164215,270496,10816.573006009492,,,1231.1168329119682,1062
177,seconds,IMPALA,impala_cnn,IMPALA,177,11264000,0.967803,,,1041.8043916225433,270496,10816.573006009492,,,1231.1168329119682,1056
177,seconds,IMPALA,impala_cnn,IMPALA,177,13312000,0.96872,,,1230.9779596328735,270496,10816.573006009492,,,1231.1168329119682,1055
177,seconds,Impoola,impoola_cnn,Impoola,177,1024000,0.0,,,95.37197422981262,151712,10842.345659383425,,,1228.198373591993,1087
177,seconds,Impoola,impoola_cnn,Impoola,177,2048000,0.562558,,,190.07278299331665,151712,10842.345659383425,,,1228.198373591993,1079
177,seconds,Impoola,impoola_cnn,Impoola,177,3072000,0.719733,,,284.70558404922485,151712,10842.345659383425,,,1228.198373591993,1049
177,seconds,Impoola,impoola_cnn,Impoola,177,4096000,0.748312,,,379.0463857650757,151712,10842.345659383425,,,1228.198373591993,1037
177,seconds,Impoola,impoola_cnn,Impoola,177,8192000,0.758913,,,756.4775876998901,151712,10842.345659383425,,,1228.198373591993,1178
177,seconds,Impoola,impoola_cnn,Impoola,177,12288000,0.759212,,,1133.7933583259583,151712,10842.345659383425,,,1228.198373591993,1167
177,steps,Combined,impala_cnn,IMPALA,177,1024000,0.001594,,,95.8923614025116,270496,10816.573006009492,,,1231.1168329119682,1255
177,steps,Combined,impala_cnn,IMPALA,177,2048000,0.594356,,,190.41316986083984,270496,10816.573006009492,,,1231.1168329119682,1134
177,steps,Combined,impala_cnn,IMPALA,177,3072000,0.726703,,,285.1299765110016,270496,10816.573006009492,,,1231.1168329119682,1116
177,steps,Combined,impala_cnn,IMPALA,177,4096000,0.800885,,,379.68276166915894,270496,10816.573006009492,,,1231.1168329119682,1130
177,steps,Combined,impala_cnn,IMPALA,177,5120000,0.910917,,,473.9875786304474,270496,10816.573006009492,,,1231.1168329119682,1145
177,steps,Combined,impala_cnn,IMPALA,177,6144000,0.961501,,,568.37238073349,270496,10816.573006009492,,,1231.1168329119682,1039
177,steps,Combined,impala_cnn,IMPALA,177,8192000,0.965877,,,757.837982416153,270496,10816.573006009492,,,1231.1168329119682,1055
177,steps,Combined,impala_cnn,IMPALA,177,9216000,0.966102,,,852.3267958164215,270496,10816.573006009492,,,1231.1168329119682,1062
177,steps,Combined,impala_cnn,IMPALA,177,11264000,0.967803,,,1041.8043916225433,270496,10816.573006009492,,,1231.1168329119682,1056
177,steps,Combined,impala_cnn,IMPALA,177,13312000,0.96872,,,1230.9779596328735,270496,10816.573006009492,,,1231.1168329119682,1055
177,steps,Ours,flex_quality,Ours quality,177,1024000,0.000839,,,12.307461261749268,160736,91290.9529440466,,,146.16824695299147,1192
177,steps,Ours,flex_fast,Ours fast,177,2048000,0.002747,,,24.529081106185913,261856,90681.33163519723,,,147.12291403400013,1092
177,steps,Ours,flex_quality,Ours quality,177,3072000,0.081967,,,35.94765663146973,160736,91290.9529440466,,,146.16824695299147,1098
177,steps,Ours,flex_quality,Ours quality,177,4096000,0.252922,,,47.39175295829773,160736,91290.9529440466,,,146.16824695299147,1198
177,steps,Ours,flex_quality,Ours quality,177,5120000,0.468806,,,58.63585686683655,160736,91290.9529440466,,,146.16824695299147,1122
177,steps,Ours,flex_fast,Ours fast,177,6144000,0.678631,,,70.10546922683716,261856,90681.33163519723,,,147.12291403400013,1198
177,steps,Ours,flex_fast,Ours fast,177,7168000,0.730118,,,81.14956402778625,261856,90681.33163519723,,,147.12291403400013,1182
177,steps,Ours,flex_fast,Ours fast,177,8192000,0.760338,,,92.12165474891663,261856,90681.33163519723,,,147.12291403400013,1185
177,steps,Ours,flex_fast,Ours fast,177,9216000,0.815281,,,103.1337525844574,261856,90681.33163519723,,,147.12291403400013,1191
177,steps,Ours,flex_fast,Ours fast,177,12288000,0.815372,,,136.08603286743164,261856,90681.33163519723,,,147.12291403400013,1197
177,steps,Ours,flex_fast,Ours fast,177,13312000,0.81803,,,147.03812432289124,261856,90681.33163519723,,,147.12291403400013,1198
177,steps,Ours quality,flex_quality,Ours quality,177,1024000,0.000839,,,12.307461261749268,160736,91290.9529440466,,,146.16824695299147,1192
177,steps,Ours quality,flex_quality,Ours quality,177,2048000,0.000896,,,24.267554998397827,160736,91290.9529440466,,,146.16824695299147,1116
177,steps,Ours quality,flex_quality,Ours quality,177,3072000,0.081967,,,35.94765663146973,160736,91290.9529440466,,,146.16824695299147,1098
177,steps,Ours quality,flex_quality,Ours quality,177,4096000,0.252922,,,47.39175295829773,160736,91290.9529440466,,,146.16824695299147,1198
177,steps,Ours quality,flex_quality,Ours quality,177,5120000,0.468806,,,58.63585686683655,160736,91290.9529440466,,,146.16824695299147,1122
177,steps,Ours quality,flex_quality,Ours quality,177,6144000,0.666667,,,69.56393957138062,160736,91290.9529440466,,,146.16824695299147,1086
177,steps,Ours quality,flex_quality,Ours quality,177,7168000,0.720508,,,80.48002600669861,160736,91290.9529440466,,,146.16824695299147,1102
177,steps,Ours quality,flex_quality,Ours quality,177,8192000,0.727602,,,91.42813658714294,160736,91290.9529440466,,,146.16824695299147,1105
177,steps,Ours fast,flex_fast,Ours fast,177,1024000,0.0,,,12.46496057510376,261856,90681.33163519723,,,147.12291403400013,1174
177,steps,Ours fast,flex_fast,Ours fast,177,2048000,0.002747,,,24.529081106185913,261856,90681.33163519723,,,147.12291403400013,1092
177,steps,Ours fast,flex_fast,Ours fast,177,3072000,0.0519,,,36.33717131614685,261856,90681.33163519723,,,147.12291403400013,1079
177,steps,Ours fast,flex_fast,Ours fast,177,4096000,0.186547,,,47.861265420913696,261856,90681.33163519723,,,147.12291403400013,1115
177,steps,Ours fast,flex_fast,Ours fast,177,5120000,0.467056,,,59.08137273788452,261856,90681.33163519723,,,147.12291403400013,1199
177,steps,Ours fast,flex_fast,Ours fast,177,6144000,0.678631,,,70.10546922683716,261856,90681.33163519723,,,147.12291403400013,1198
177,steps,Ours fast,flex_fast,Ours fast,177,7168000,0.730118,,,81.14956402778625,261856,90681.33163519723,,,147.12291403400013,1182
177,steps,Ours fast,flex_fast,Ours fast,177,8192000,0.760338,,,92.12165474891663,261856,90681.33163519723,,,147.12291403400013,1185
177,steps,Ours fast,flex_fast,Ours fast,177,9216000,0.815281,,,103.1337525844574,261856,90681.33163519723,,,147.12291403400013,1191
177,steps,Ours fast,flex_fast,Ours fast,177,12288000,0.815372,,,136.08603286743164,261856,90681.33163519723,,,147.12291403400013,1197
177,steps,Ours fast,flex_fast,Ours fast,177,13312000,0.81803,,,147.03812432289124,261856,90681.33163519723,,,147.12291403400013,1198
177,steps,Ours small,flex_small,Ours small,177,1024000,0.0,,,12.393563270568848,109768,94110.24850358088,,,141.76127432304202,1213
177,steps,Ours small,flex_small,Ours small,177,2048000,0.000887,,,24.37365436553955,109768,94110.24850358088,,,141.76127432304202,1127
177,steps,Ours small,flex_small,Ours small,177,3072000,0.042266,,,36.04977035522461,109768,94110.24850358088,,,141.76127432304202,1112
177,steps,Ours small,flex_small,Ours small,177,4096000,0.144424,,,47.35387349128723,109768,94110.24850358088,,,141.76127432304202,1094
177,steps,Ours small,flex_small,Ours small,177,5120000,0.36241,,,58.24196171760559,109768,94110.24850358088,,,141.76127432304202,1112
177,steps,Ours small,flex_small,Ours small,177,6144000,0.466915,,,68.74205231666565,109768,94110.24850358088,,,141.76127432304202,1073
177,steps,Ours small,flex_small,Ours small,177,7168000,0.497164,,,79.19013905525208,109768,94110.24850358088,,,141.76127432304202,1058
177,steps,Ours small,flex_small,Ours small,177,8192000,0.517824,,,89.59422159194946,109768,94110.24850358088,,,141.76127432304202,1066
177,steps,Ours small,flex_small,Ours small,177,9216000,0.550752,,,99.994313955307,109768,94110.24850358088,,,141.76127432304202,1064
177,steps,Ours small,flex_small,Ours small,177,10240000,0.567517,,,110.40240406990051,109768,94110.24850358088,,,141.76127432304202,1059
177,steps,Ours small,flex_small,Ours small,177,11264000,0.581527,,,120.82249426841736,109768,94110.24850358088,,,141.76127432304202,1061
177,steps,Ours small,flex_small,Ours small,177,12288000,0.587571,,,131.2465808391571,109768,94110.24850358088,,,141.76127432304202,1062
177,steps,Nature,nature_cnn,Nature,177,1024000,0.0,,,12.844529390335083,138528,83885.07794132405,,,159.05554275697796,1177
177,steps,Nature,nature_cnn,Nature,177,2048000,0.003481,,,25.33664894104004,138528,83885.07794132405,,,159.05554275697796,1149
177,steps,Nature,nature_cnn,Nature,177,3072000,0.034512,,,37.80074119567871,138528,83885.07794132405,,,159.05554275697796,1188
177,steps,Nature,nature_cnn,Nature,177,4096000,0.300412,,,50.25685787200928,138528,83885.07794132405,,,159.05554275697796,1215
177,steps,Nature,nature_cnn,Nature,177,5120000,0.433245,,,62.56495952606201,138528,83885.07794132405,,,159.05554275697796,1131
177,steps,Nature,nature_cnn,Nature,177,6144000,0.55505,,,74.76506757736206,138528,83885.07794132405,,,159.05554275697796,1099
177,steps,Nature,nature_cnn,Nature,177,7168000,0.638258,,,86.94916152954102,138528,83885.07794132405,,,159.05554275697796,1056
177,steps,Nature,nature_cnn,Nature,177,8192000,0.669574,,,99.04127025604248,138528,83885.07794132405,,,159.05554275697796,1032
177,steps,Nature,nature_cnn,Nature,177,9216000,0.70078,,,111.10537028312683,138528,83885.07794132405,,,159.05554275697796,1026
177,steps,Nature,nature_cnn,Nature,177,10240000,0.739389,,,123.10947251319885,138528,83885.07794132405,,,159.05554275697796,1178
177,steps,Nature,nature_cnn,Nature,177,11264000,0.751938,,,135.06958103179932,138528,83885.07794132405,,,159.05554275697796,1161
177,steps,Nature,nature_cnn,Nature,177,12288000,0.759067,,,146.9896821975708,138528,83885.07794132405,,,159.05554275697796,1158
177,steps,IMPALA,impala_cnn,IMPALA,177,1024000,0.001594,,,95.8923614025116,270496,10816.573006009492,,,1231.1168329119682,1255
177,steps,IMPALA,impala_cnn,IMPALA,177,2048000,0.594356,,,190.41316986083984,270496,10816.573006009492,,,1231.1168329119682,1134
177,steps,IMPALA,impala_cnn,IMPALA,177,3072000,0.726703,,,285.1299765110016,270496,10816.573006009492,,,1231.1168329119682,1116
177,steps,IMPALA,impala_cnn,IMPALA,177,4096000,0.800885,,,379.68276166915894,270496,10816.573006009492,,,1231.1168329119682,1130
177,steps,IMPALA,impala_cnn,IMPALA,177,5120000,0.910917,,,473.9875786304474,270496,10816.573006009492,,,1231.1168329119682,1145
177,steps,IMPALA,impala_cnn,IMPALA,177,6144000,0.961501,,,568.37238073349,270496,10816.573006009492,,,1231.1168329119682,1039
177,steps,IMPALA,impala_cnn,IMPALA,177,8192000,0.965877,,,757.837982416153,270496,10816.573006009492,,,1231.1168329119682,1055
177,steps,IMPALA,impala_cnn,IMPALA,177,9216000,0.966102,,,852.3267958164215,270496,10816.573006009492,,,1231.1168329119682,1062
177,steps,IMPALA,impala_cnn,IMPALA,177,11264000,0.967803,,,1041.8043916225433,270496,10816.573006009492,,,1231.1168329119682,1056
177,steps,IMPALA,impala_cnn,IMPALA,177,13312000,0.96872,,,1230.9779596328735,270496,10816.573006009492,,,1231.1168329119682,1055
177,steps,Impoola,impoola_cnn,Impoola,177,1024000,0.0,,,95.37197422981262,151712,10842.345659383425,,,1228.198373591993,1087
177,steps,Impoola,impoola_cnn,Impoola,177,2048000,0.562558,,,190.07278299331665,151712,10842.345659383425,,,1228.198373591993,1079
177,steps,Impoola,impoola_cnn,Impoola,177,3072000,0.719733,,,284.70558404922485,151712,10842.345659383425,,,1228.198373591993,1049
177,steps,Impoola,impoola_cnn,Impoola,177,4096000,0.748312,,,379.0463857650757,151712,10842.345659383425,,,1228.198373591993,1037
177,steps,Impoola,impoola_cnn,Impoola,177,8192000,0.758913,,,756.4775876998901,151712,10842.345659383425,,,1228.198373591993,1178
177,steps,Impoola,impoola_cnn,Impoola,177,12288000,0.759212,,,1133.7933583259583,151712,10842.345659383425,,,1228.198373591993,1167
