candidate,environment,seed,parameters,train_seconds,process_sps,native_avg_sps,native_metrics_ini
happy-cat-1,connect4cnn,64173,80296,73.570174994,180942.88889601876,,/home/keith/Git/ml/cnn-5090-learning/build/learning-feedback/5090-20261008T173307Z/prepared/execution/search/execution/trial-0000/panel/jobs/connect4cnn/happy-cat-1-s64173/metrics/connect4cnn/happy-cat-1.ini
happy-cat-1,pongcnn,64173,79784,20.0914654,417520.96390141855,,/home/keith/Git/ml/cnn-5090-learning/build/learning-feedback/5090-20261008T173307Z/prepared/execution/search/execution/trial-0000/panel/jobs/pongcnn/happy-cat-1-s64173/metrics/pongcnn/happy-cat-1.ini
happy-cat-1,flappycnn,64173,79656,37.765987152,527536.6937931324,,/home/keith/Git/ml/cnn-5090-learning/build/learning-feedback/5090-20261008T173307Z/prepared/execution/search/execution/trial-0000/panel/jobs/flappycnn/happy-cat-1-s64173/metrics/flappycnn/happy-cat-1.ini
happy-cat-1,breakoutcnn,64173,79784,43.47286449,385923.86760847655,,/home/keith/Git/ml/cnn-5090-learning/build/learning-feedback/5090-20261008T173307Z/prepared/execution/search/execution/trial-0000/panel/jobs/breakoutcnn/happy-cat-1-s64173/metrics/breakoutcnn/happy-cat-1.ini
happy-cat-1,snakecnn,64173,79912,17.288997328,485199.2189514901,,/home/keith/Git/ml/cnn-5090-learning/build/learning-feedback/5090-20261008T173307Z/prepared/execution/search/execution/trial-0000/panel/jobs/snakecnn/happy-cat-1-s64173/metrics/snakecnn/happy-cat-1.ini
happy-cat-1,mazecnn,64173,80040,102.004130628,328951.6982637697,,/home/keith/Git/ml/cnn-5090-learning/build/learning-feedback/5090-20261008T173307Z/prepared/execution/search/execution/trial-0000/panel/jobs/mazecnn/happy-cat-1-s64173/metrics/mazecnn/happy-cat-1.ini
happy-cat-1,connect4cnn,64174,80296,72.463954174,183705.1283184921,,/home/keith/Git/ml/cnn-5090-learning/build/learning-feedback/5090-20261008T173307Z/prepared/execution/search/execution/trial-0000/panel/jobs/connect4cnn/happy-cat-1-s64174/metrics/connect4cnn/happy-cat-1.ini
happy-cat-1,pongcnn,64174,79784,19.892754948,421691.61696949287,,/home/keith/Git/ml/cnn-5090-learning/build/learning-feedback/5090-20261008T173307Z/prepared/execution/search/execution/trial-0000/panel/jobs/pongcnn/happy-cat-1-s64174/metrics/pongcnn/happy-cat-1.ini
happy-cat-1,flappycnn,64174,79656,38.870473771,512546.9814793938,,/home/keith/Git/ml/cnn-5090-learning/build/learning-feedback/5090-20261008T173307Z/prepared/execution/search/execution/trial-0000/panel/jobs/flappycnn/happy-cat-1-s64174/metrics/flappycnn/happy-cat-1.ini
happy-cat-1,breakoutcnn,64174,79784,44.27867738,378900.56778385193,,/home/keith/Git/ml/cnn-5090-learning/build/learning-feedback/5090-20261008T173307Z/prepared/execution/search/execution/trial-0000/panel/jobs/breakoutcnn/happy-cat-1-s64174/metrics/breakoutcnn/happy-cat-1.ini
happy-cat-1,snakecnn,64174,79912,17.388232062,482430.1843965119,,/home/keith/Git/ml/cnn-5090-learning/build/learning-feedback/5090-20261008T173307Z/prepared/execution/search/execution/trial-0000/panel/jobs/snakecnn/happy-cat-1-s64174/metrics/snakecnn/happy-cat-1.ini
happy-cat-1,mazecnn,64174,80040,105.214189604,318915.4630786068,,/home/keith/Git/ml/cnn-5090-learning/build/learning-feedback/5090-20261008T173307Z/prepared/execution/search/execution/trial-0000/panel/jobs/mazecnn/happy-cat-1-s64174/metrics/mazecnn/happy-cat-1.ini
mystic-tree-2,connect4cnn,64173,71296,87.047361366,152928.2426382606,,/home/keith/Git/ml/cnn-5090-learning/build/learning-feedback/5090-20261008T173307Z/prepared/execution/search/execution/trial-0001/panel/jobs/connect4cnn/mystic-tree-2-s64173/metrics/connect4cnn/mystic-tree-2.ini
mystic-tree-2,pongcnn,64173,70784,26.501395225,316534.5797373957,,/home/keith/Git/ml/cnn-5090-learning/build/learning-feedback/5090-20261008T173307Z/prepared/execution/search/execution/trial-0001/panel/jobs/pongcnn/mystic-tree-2-s64173/metrics/pongcnn/mystic-tree-2.ini
mystic-tree-2,flappycnn,64173,70656,53.341444014,373498.4001327565,,/home/keith/Git/ml/cnn-5090-learning/build/learning-feedback/5090-20261008T173307Z/prepared/execution/search/execution/trial-0001/panel/jobs/flappycnn/mystic-tree-2-s64173/metrics/flappycnn/mystic-tree-2.ini
mystic-tree-2,breakoutcnn,64173,70784,57.896609453,289778.9034368171,,/home/keith/Git/ml/cnn-5090-learning/build/learning-feedback/5090-20261008T173307Z/prepared/execution/search/execution/trial-0001/panel/jobs/breakoutcnn/mystic-tree-2-s64173/metrics/breakoutcnn/mystic-tree-2.ini
mystic-tree-2,snakecnn,64173,70912,24.450409613,343086.6039781957,,/home/keith/Git/ml/cnn-5090-learning/build/learning-feedback/5090-20261008T173307Z/prepared/execution/search/execution/trial-0001/panel/jobs/snakecnn/mystic-tree-2-s64173/metrics/snakecnn/mystic-tree-2.ini
mystic-tree-2,mazecnn,64173,71040,149.076877882,225081.39744219495,,/home/keith/Git/ml/cnn-5090-learning/build/learning-feedback/5090-20261008T173307Z/prepared/execution/search/execution/trial-0001/panel/jobs/mazecnn/mystic-tree-2-s64173/metrics/mazecnn/mystic-tree-2.ini
mystic-tree-2,connect4cnn,64174,71296,83.825900311,158805.33284595265,,/home/keith/Git/ml/cnn-5090-learning/build/learning-feedback/5090-20261008T173307Z/prepared/execution/search/execution/trial-0001/panel/jobs/connect4cnn/mystic-tree-2-s64174/metrics/connect4cnn/mystic-tree-2.ini
mystic-tree-2,pongcnn,64174,70784,26.852242235,312398.7906330609,,/home/keith/Git/ml/cnn-5090-learning/build/learning-feedback/5090-20261008T173307Z/prepared/execution/search/execution/trial-0001/panel/jobs/pongcnn/mystic-tree-2-s64174/metrics/pongcnn/mystic-tree-2.ini
mystic-tree-2,flappycnn,64174,70656,54.993082407,362280.9111253606,,/home/keith/Git/ml/cnn-5090-learning/build/learning-feedback/5090-20261008T173307Z/prepared/execution/search/execution/trial-0001/panel/jobs/flappycnn/mystic-tree-2-s64174/metrics/flappycnn/mystic-tree-2.ini
mystic-tree-2,breakoutcnn,64174,70784,56.693162855,295930.1466899963,,/home/keith/Git/ml/cnn-5090-learning/build/learning-feedback/5090-20261008T173307Z/prepared/execution/search/execution/trial-0001/panel/jobs/breakoutcnn/mystic-tree-2-s64174/metrics/breakoutcnn/mystic-tree-2.ini
mystic-tree-2,snakecnn,64174,70912,24.197155519,346677.4428677424,,/home/keith/Git/ml/cnn-5090-learning/build/learning-feedback/5090-20261008T173307Z/prepared/execution/search/execution/trial-0001/panel/jobs/snakecnn/mystic-tree-2-s64174/metrics/snakecnn/mystic-tree-2.ini
mystic-tree-2,mazecnn,64174,71040,149.829085224,223951.39067848466,,/home/keith/Git/ml/cnn-5090-learning/build/learning-feedback/5090-20261008T173307Z/prepared/execution/search/execution/trial-0001/panel/jobs/mazecnn/mystic-tree-2-s64174/metrics/mazecnn/mystic-tree-2.ini
swift-fox-3,connect4cnn,64173,61808,75.369030211,176624.2707745115,,/home/keith/Git/ml/cnn-5090-learning/build/learning-feedback/5090-20261008T173307Z/prepared/execution/search/execution/trial-0002/panel/jobs/connect4cnn/swift-fox-3-s64173/metrics/connect4cnn/swift-fox-3.ini
swift-fox-3,pongcnn,64173,61296,19.390828858,432606.9845404852,,/home/keith/Git/ml/cnn-5090-learning/build/learning-feedback/5090-20261008T173307Z/prepared/execution/search/execution/trial-0002/panel/jobs/pongcnn/swift-fox-3-s64173/metrics/pongcnn/swift-fox-3.ini
swift-fox-3,flappycnn,64173,61168,37.263162644,534655.2086932947,,/home/keith/Git/ml/cnn-5090-learning/build/learning-feedback/5090-20261008T173307Z/prepared/execution/search/execution/trial-0002/panel/jobs/flappycnn/swift-fox-3-s64173/metrics/flappycnn/swift-fox-3.ini
swift-fox-3,breakoutcnn,64173,61296,43.322177887,387266.2183272753,,/home/keith/Git/ml/cnn-5090-learning/build/learning-feedback/5090-20261008T173307Z/prepared/execution/search/execution/trial-0002/panel/jobs/breakoutcnn/swift-fox-3-s64173/metrics/breakoutcnn/swift-fox-3.ini
swift-fox-3,snakecnn,64173,61424,16.737802943,501177.3665018707,,/home/keith/Git/ml/cnn-5090-learning/build/learning-feedback/5090-20261008T173307Z/prepared/execution/search/execution/trial-0002/panel/jobs/snakecnn/swift-fox-3-s64173/metrics/snakecnn/swift-fox-3.ini
swift-fox-3,mazecnn,64173,61552,91.046384013,368542.170716071,,/home/keith/Git/ml/cnn-5090-learning/build/learning-feedback/5090-20261008T173307Z/prepared/execution/search/execution/trial-0002/panel/jobs/mazecnn/swift-fox-3-s64173/metrics/mazecnn/swift-fox-3.ini
swift-fox-3,connect4cnn,64174,61808,75.915182872,175353.59194807263,,/home/keith/Git/ml/cnn-5090-learning/build/learning-feedback/5090-20261008T173307Z/prepared/execution/search/execution/trial-0002/panel/jobs/connect4cnn/swift-fox-3-s64174/metrics/connect4cnn/swift-fox-3.ini
swift-fox-3,pongcnn,64174,61296,19.240192235,435993.9805975645,,/home/keith/Git/ml/cnn-5090-learning/build/learning-feedback/5090-20261008T173307Z/prepared/execution/search/execution/trial-0002/panel/jobs/pongcnn/swift-fox-3-s64174/metrics/pongcnn/swift-fox-3.ini
swift-fox-3,flappycnn,64174,61168,37.619775927,529586.9927205269,,/home/keith/Git/ml/cnn-5090-learning/build/learning-feedback/5090-20261008T173307Z/prepared/execution/search/execution/trial-0002/panel/jobs/flappycnn/swift-fox-3-s64174/metrics/flappycnn/swift-fox-3.ini
swift-fox-3,breakoutcnn,64174,61296,44.231060504,379308.4725717297,,/home/keith/Git/ml/cnn-5090-learning/build/learning-feedback/5090-20261008T173307Z/prepared/execution/search/execution/trial-0002/panel/jobs/breakoutcnn/swift-fox-3-s64174/metrics/breakoutcnn/swift-fox-3.ini
swift-fox-3,snakecnn,64174,61424,16.835097456,498280.9289892358,,/home/keith/Git/ml/cnn-5090-learning/build/learning-feedback/5090-20261008T173307Z/prepared/execution/search/execution/trial-0002/panel/jobs/snakecnn/swift-fox-3-s64174/metrics/snakecnn/swift-fox-3.ini
swift-fox-3,mazecnn,64174,61552,89.33938913,375583.8530659091,,/home/keith/Git/ml/cnn-5090-learning/build/learning-feedback/5090-20261008T173307Z/prepared/execution/search/execution/trial-0002/panel/jobs/mazecnn/swift-fox-3-s64174/metrics/mazecnn/swift-fox-3.ini
quiet-owl-4,connect4cnn,64173,81440,117.078330011,113701.65596613208,,/home/keith/Git/ml/cnn-5090-learning/build/learning-feedback/5090-20261008T173307Z/prepared/execution/search/execution/trial-0003/panel/jobs/connect4cnn/quiet-owl-4-s64173/metrics/connect4cnn/quiet-owl-4.ini
quiet-owl-4,pongcnn,64173,80928,49.086967074,170892.77460051535,,/home/keith/Git/ml/cnn-5090-learning/build/learning-feedback/5090-20261008T173307Z/prepared/execution/search/execution/trial-0003/panel/jobs/pongcnn/quiet-owl-4-s64173/metrics/pongcnn/quiet-owl-4.ini
quiet-owl-4,flappycnn,64173,80800,113.139052313,176092.5479991032,,/home/keith/Git/ml/cnn-5090-learning/build/learning-feedback/5090-20261008T173307Z/prepared/execution/search/execution/trial-0003/panel/jobs/flappycnn/quiet-owl-4-s64173/metrics/flappycnn/quiet-owl-4.ini
quiet-owl-4,breakoutcnn,64173,80928,112.900076682,148602.34371014242,,/home/keith/Git/ml/cnn-5090-learning/build/learning-feedback/5090-20261008T173307Z/prepared/execution/search/execution/trial-0003/panel/jobs/breakoutcnn/quiet-owl-4-s64173/metrics/breakoutcnn/quiet-owl-4.ini
quiet-owl-4,snakecnn,64173,81056,52.535541613,159674.91230592408,,/home/keith/Git/ml/cnn-5090-learning/build/learning-feedback/5090-20261008T173307Z/prepared/execution/search/execution/trial-0003/panel/jobs/snakecnn/quiet-owl-4-s64173/metrics/snakecnn/quiet-owl-4.ini
quiet-owl-4,mazecnn,64173,81184,408.303691955,82180.08472893776,,/home/keith/Git/ml/cnn-5090-learning/build/learning-feedback/5090-20261008T173307Z/prepared/execution/search/execution/trial-0003/panel/jobs/mazecnn/quiet-owl-4-s64173/metrics/mazecnn/quiet-owl-4.ini
quiet-owl-4,connect4cnn,64174,81440,127.100440706,104736.06484805512,,/home/keith/Git/ml/cnn-5090-learning/build/learning-feedback/5090-20261008T173307Z/prepared/execution/search/execution/trial-0003/panel/jobs/connect4cnn/quiet-owl-4-s64174/metrics/connect4cnn/quiet-owl-4.ini
quiet-owl-4,pongcnn,64174,80928,53.03489406,158171.48593734743,,/home/keith/Git/ml/cnn-5090-learning/build/learning-feedback/5090-20261008T173307Z/prepared/execution/search/execution/trial-0003/panel/jobs/pongcnn/quiet-owl-4-s64174/metrics/pongcnn/quiet-owl-4.ini
quiet-owl-4,flappycnn,64174,80800,119.062913058,167331.23260888795,,/home/keith/Git/ml/cnn-5090-learning/build/learning-feedback/5090-20261008T173307Z/prepared/execution/search/execution/trial-0003/panel/jobs/flappycnn/quiet-owl-4-s64174/metrics/flappycnn/quiet-owl-4.ini
quiet-owl-4,breakoutcnn,64174,80928,112.003455852,149791.94947492698,,/home/keith/Git/ml/cnn-5090-learning/build/learning-feedback/5090-20261008T173307Z/prepared/execution/search/execution/trial-0003/panel/jobs/breakoutcnn/quiet-owl-4-s64174/metrics/breakoutcnn/quiet-owl-4.ini
quiet-owl-4,snakecnn,64174,81056,51.834370532,161834.85810484155,,/home/keith/Git/ml/cnn-5090-learning/build/learning-feedback/5090-20261008T173307Z/prepared/execution/search/execution/trial-0003/panel/jobs/snakecnn/quiet-owl-4-s64174/metrics/snakecnn/quiet-owl-4.ini
quiet-owl-4,mazecnn,64174,81184,406.372595942,82570.60720892975,,/home/keith/Git/ml/cnn-5090-learning/build/learning-feedback/5090-20261008T173307Z/prepared/execution/search/execution/trial-0003/panel/jobs/mazecnn/quiet-owl-4-s64174/metrics/mazecnn/quiet-owl-4.ini
quiet-owl-5,connect4cnn,64173,55088,92.761557063,143507.72476748115,,/home/keith/Git/ml/cnn-5090-learning/build/learning-feedback/5090-20261008T173307Z/prepared/execution/search/execution/trial-0004/panel/jobs/connect4cnn/quiet-owl-5-s64173/metrics/connect4cnn/quiet-owl-5.ini
quiet-owl-5,pongcnn,64173,54576,30.403939265,275905.30052323465,,/home/keith/Git/ml/cnn-5090-learning/build/learning-feedback/5090-20261008T173307Z/prepared/execution/search/execution/trial-0004/panel/jobs/pongcnn/quiet-owl-5-s64173/metrics/pongcnn/quiet-owl-5.ini
quiet-owl-5,flappycnn,64173,54448,61.609010449,323377.1140747705,,/home/keith/Git/ml/cnn-5090-learning/build/learning-feedback/5090-20261008T173307Z/prepared/execution/search/execution/trial-0004/panel/jobs/flappycnn/quiet-owl-5-s64173/metrics/flappycnn/quiet-owl-5.ini
quiet-owl-5,breakoutcnn,64173,54576,64.469129334,260236.42902141632,,/home/keith/Git/ml/cnn-5090-learning/build/learning-feedback/5090-20261008T173307Z/prepared/execution/search/execution/trial-0004/panel/jobs/breakoutcnn/quiet-owl-5-s64173/metrics/breakoutcnn/quiet-owl-5.ini
quiet-owl-5,snakecnn,64173,54704,26.550991542,315943.3042916827,,/home/keith/Git/ml/cnn-5090-learning/build/learning-feedback/5090-20261008T173307Z/prepared/execution/search/execution/trial-0004/panel/jobs/snakecnn/quiet-owl-5-s64173/metrics/snakecnn/quiet-owl-5.ini
quiet-owl-5,mazecnn,64173,54832,183.424312073,182933.39427461426,,/home/keith/Git/ml/cnn-5090-learning/build/learning-feedback/5090-20261008T173307Z/prepared/execution/search/execution/trial-0004/panel/jobs/mazecnn/quiet-owl-5-s64173/metrics/mazecnn/quiet-owl-5.ini
quiet-owl-5,connect4cnn,64174,55088,88.337688371,150694.45720712497,,/home/keith/Git/ml/cnn-5090-learning/build/learning-feedback/5090-20261008T173307Z/prepared/execution/search/execution/trial-0004/panel/jobs/connect4cnn/quiet-owl-5-s64174/metrics/connect4cnn/quiet-owl-5.ini
quiet-owl-5,pongcnn,64174,54576,29.310905409,286194.0933910644,,/home/keith/Git/ml/cnn-5090-learning/build/learning-feedback/5090-20261008T173307Z/prepared/execution/search/execution/trial-0004/panel/jobs/pongcnn/quiet-owl-5-s64174/metrics/pongcnn/quiet-owl-5.ini
quiet-owl-5,flappycnn,64174,54448,59.948490368,332334.37368816044,,/home/keith/Git/ml/cnn-5090-learning/build/learning-feedback/5090-20261008T173307Z/prepared/execution/search/execution/trial-0004/panel/jobs/flappycnn/quiet-owl-5-s64174/metrics/flappycnn/quiet-owl-5.ini
quiet-owl-5,breakoutcnn,64174,54576,60.113611065,279091.8013868612,,/home/keith/Git/ml/cnn-5090-learning/build/learning-feedback/5090-20261008T173307Z/prepared/execution/search/execution/trial-0004/panel/jobs/breakoutcnn/quiet-owl-5-s64174/metrics/breakoutcnn/quiet-owl-5.ini
quiet-owl-5,snakecnn,64174,54704,26.954568777,311212.8437075163,,/home/keith/Git/ml/cnn-5090-learning/build/learning-feedback/5090-20261008T173307Z/prepared/execution/search/execution/trial-0004/panel/jobs/snakecnn/quiet-owl-5-s64174/metrics/snakecnn/quiet-owl-5.ini
quiet-owl-5,mazecnn,64174,54832,180.767267201,185622.27841111255,,/home/keith/Git/ml/cnn-5090-learning/build/learning-feedback/5090-20261008T173307Z/prepared/execution/search/execution/trial-0004/panel/jobs/mazecnn/quiet-owl-5-s64174/metrics/mazecnn/quiet-owl-5.ini
quiet-owl-6,connect4cnn,64173,80296,76.367649399,174314.64900076282,,/home/keith/Git/ml/cnn-5090-learning/build/learning-feedback/5090-20261008T173307Z/prepared/execution/search/execution/trial-0005/panel/jobs/connect4cnn/quiet-owl-6-s64173/metrics/connect4cnn/quiet-owl-6.ini
quiet-owl-6,pongcnn,64173,79784,21.442745375,391209.6074125023,,/home/keith/Git/ml/cnn-5090-learning/build/learning-feedback/5090-20261008T173307Z/prepared/execution/search/execution/trial-0005/panel/jobs/pongcnn/quiet-owl-6-s64173/metrics/pongcnn/quiet-owl-6.ini
quiet-owl-6,flappycnn,64173,79656,40.62606274,490398.1005371725,,/home/keith/Git/ml/cnn-5090-learning/build/learning-feedback/5090-20261008T173307Z/prepared/execution/search/execution/trial-0005/panel/jobs/flappycnn/quiet-owl-6-s64173/metrics/flappycnn/quiet-owl-6.ini
quiet-owl-6,breakoutcnn,64173,79784,46.238435219,362841.34444727085,,/home/keith/Git/ml/cnn-5090-learning/build/learning-feedback/5090-20261008T173307Z/prepared/execution/search/execution/trial-0005/panel/jobs/breakoutcnn/quiet-owl-6-s64173/metrics/breakoutcnn/quiet-owl-6.ini
quiet-owl-6,snakecnn,64173,79912,18.690378708,448819.5841858166,,/home/keith/Git/ml/cnn-5090-learning/build/learning-feedback/5090-20261008T173307Z/prepared/execution/search/execution/trial-0005/panel/jobs/snakecnn/quiet-owl-6-s64173/metrics/snakecnn/quiet-owl-6.ini
quiet-owl-6,mazecnn,64173,80040,102.755805127,326545.3660601339,,/home/keith/Git/ml/cnn-5090-learning/build/learning-feedback/5090-20261008T173307Z/prepared/execution/search/execution/trial-0005/panel/jobs/mazecnn/quiet-owl-6-s64173/metrics/mazecnn/quiet-owl-6.ini
quiet-owl-6,connect4cnn,64174,80296,71.013749005,187456.65714765625,,/home/keith/Git/ml/cnn-5090-learning/build/learning-feedback/5090-20261008T173307Z/prepared/execution/search/execution/trial-0005/panel/jobs/connect4cnn/quiet-owl-6-s64174/metrics/connect4cnn/quiet-owl-6.ini
quiet-owl-6,pongcnn,64174,79784,19.491375475,430375.3734957999,,/home/keith/Git/ml/cnn-5090-learning/build/learning-feedback/5090-20261008T173307Z/prepared/execution/search/execution/trial-0005/panel/jobs/pongcnn/quiet-owl-6-s64174/metrics/pongcnn/quiet-owl-6.ini
quiet-owl-6,flappycnn,64174,79656,36.915581907,539689.2848713885,,/home/keith/Git/ml/cnn-5090-learning/build/learning-feedback/5090-20261008T173307Z/prepared/execution/search/execution/trial-0005/panel/jobs/flappycnn/quiet-owl-6-s64174/metrics/flappycnn/quiet-owl-6.ini
quiet-owl-6,breakoutcnn,64174,79784,42.269831919,396907.56358221424,,/home/keith/Git/ml/cnn-5090-learning/build/learning-feedback/5090-20261008T173307Z/prepared/execution/search/execution/trial-0005/panel/jobs/breakoutcnn/quiet-owl-6-s64174/metrics/breakoutcnn/quiet-owl-6.ini
quiet-owl-6,snakecnn,64174,79912,17.337917661,483830.19022344175,,/home/keith/Git/ml/cnn-5090-learning/build/learning-feedback/5090-20261008T173307Z/prepared/execution/search/execution/trial-0005/panel/jobs/snakecnn/quiet-owl-6-s64174/metrics/snakecnn/quiet-owl-6.ini
quiet-owl-6,mazecnn,64174,80040,106.370524529,315448.5901858272,,/home/keith/Git/ml/cnn-5090-learning/build/learning-feedback/5090-20261008T173307Z/prepared/execution/search/execution/trial-0005/panel/jobs/mazecnn/quiet-owl-6-s64174/metrics/mazecnn/quiet-owl-6.ini
quiet-owl-7,connect4cnn,64173,66568,83.485743699,159452.37366507945,,/home/keith/Git/ml/cnn-5090-learning/build/learning-feedback/5090-20261008T173307Z/prepared/execution/search/execution/trial-0006/panel/jobs/connect4cnn/quiet-owl-7-s64173/metrics/connect4cnn/quiet-owl-7.ini
quiet-owl-7,pongcnn,64173,66056,25.948904403,323274.0723739449,,/home/keith/Git/ml/cnn-5090-learning/build/learning-feedback/5090-20261008T173307Z/prepared/execution/search/execution/trial-0006/panel/jobs/pongcnn/quiet-owl-7-s64173/metrics/pongcnn/quiet-owl-7.ini
quiet-owl-7,flappycnn,64173,65928,50.534732192,394242.59585081844,,/home/keith/Git/ml/cnn-5090-learning/build/learning-feedback/5090-20261008T173307Z/prepared/execution/search/execution/trial-0006/panel/jobs/flappycnn/quiet-owl-7-s64173/metrics/flappycnn/quiet-owl-7.ini
quiet-owl-7,breakoutcnn,64173,66056,54.938252492,305383.13905130245,,/home/keith/Git/ml/cnn-5090-learning/build/learning-feedback/5090-20261008T173307Z/prepared/execution/search/execution/trial-0006/panel/jobs/breakoutcnn/quiet-owl-7-s64173/metrics/breakoutcnn/quiet-owl-7.ini
quiet-owl-7,snakecnn,64173,66184,22.144712839,378808.61499483814,,/home/keith/Git/ml/cnn-5090-learning/build/learning-feedback/5090-20261008T173307Z/prepared/execution/search/execution/trial-0006/panel/jobs/snakecnn/quiet-owl-7-s64173/metrics/snakecnn/quiet-owl-7.ini
quiet-owl-7,mazecnn,64173,66312,147.734216626,227127.01746641067,,/home/keith/Git/ml/cnn-5090-learning/build/learning-feedback/5090-20261008T173307Z/prepared/execution/search/execution/trial-0006/panel/jobs/mazecnn/quiet-owl-7-s64173/metrics/mazecnn/quiet-owl-7.ini
quiet-owl-7,connect4cnn,64174,66568,84.286262956,157937.95493044067,,/home/keith/Git/ml/cnn-5090-learning/build/learning-feedback/5090-20261008T173307Z/prepared/execution/search/execution/trial-0006/panel/jobs/connect4cnn/quiet-owl-7-s64174/metrics/connect4cnn/quiet-owl-7.ini
quiet-owl-7,pongcnn,64174,66056,26.002496429,322607.7935595589,,/home/keith/Git/ml/cnn-5090-learning/build/learning-feedback/5090-20261008T173307Z/prepared/execution/search/execution/trial-0006/panel/jobs/pongcnn/quiet-owl-7-s64174/metrics/pongcnn/quiet-owl-7.ini
quiet-owl-7,flappycnn,64174,65928,51.337281322,388079.45194912865,,/home/keith/Git/ml/cnn-5090-learning/build/learning-feedback/5090-20261008T173307Z/prepared/execution/search/execution/trial-0006/panel/jobs/flappycnn/quiet-owl-7-s64174/metrics/flappycnn/quiet-owl-7.ini
quiet-owl-7,breakoutcnn,64174,66056,52.290235392,320847.9723647751,,/home/keith/Git/ml/cnn-5090-learning/build/learning-feedback/5090-20261008T173307Z/prepared/execution/search/execution/trial-0006/panel/jobs/breakoutcnn/quiet-owl-7-s64174/metrics/breakoutcnn/quiet-owl-7.ini
quiet-owl-7,snakecnn,64174,66184,21.894118932,383144.35150616546,,/home/keith/Git/ml/cnn-5090-learning/build/learning-feedback/5090-20261008T173307Z/prepared/execution/search/execution/trial-0006/panel/jobs/snakecnn/quiet-owl-7-s64174/metrics/snakecnn/quiet-owl-7.ini
quiet-owl-7,mazecnn,64174,66312,144.775017233,231769.49062971072,,/home/keith/Git/ml/cnn-5090-learning/build/learning-feedback/5090-20261008T173307Z/prepared/execution/search/execution/trial-0006/panel/jobs/mazecnn/quiet-owl-7-s64174/metrics/mazecnn/quiet-owl-7.ini
quiet-owl-8,connect4cnn,64173,65560,82.689180293,160988.41411694244,,/home/keith/Git/ml/cnn-5090-learning/build/learning-feedback/5090-20261008T173307Z/prepared/execution/search/execution/trial-0007/panel/jobs/connect4cnn/quiet-owl-8-s64173/metrics/connect4cnn/quiet-owl-8.ini
quiet-owl-8,pongcnn,64173,65048,26.451503585,317131.6130685657,,/home/keith/Git/ml/cnn-5090-learning/build/learning-feedback/5090-20261008T173307Z/prepared/execution/search/execution/trial-0007/panel/jobs/pongcnn/quiet-owl-8-s64173/metrics/pongcnn/quiet-owl-8.ini
quiet-owl-8,flappycnn,64173,64920,54.155019594,367887.301110077,,/home/keith/Git/ml/cnn-5090-learning/build/learning-feedback/5090-20261008T173307Z/prepared/execution/search/execution/trial-0007/panel/jobs/flappycnn/quiet-owl-8-s64173/metrics/flappycnn/quiet-owl-8.ini
quiet-owl-8,breakoutcnn,64173,65048,59.446332329,282224.577071435,,/home/keith/Git/ml/cnn-5090-learning/build/learning-feedback/5090-20261008T173307Z/prepared/execution/search/execution/trial-0007/panel/jobs/breakoutcnn/quiet-owl-8-s64173/metrics/breakoutcnn/quiet-owl-8.ini
quiet-owl-8,snakecnn,64173,65176,25.053802124,334823.7508415631,,/home/keith/Git/ml/cnn-5090-learning/build/learning-feedback/5090-20261008T173307Z/prepared/execution/search/execution/trial-0007/panel/jobs/snakecnn/quiet-owl-8-s64173/metrics/snakecnn/quiet-owl-8.ini
quiet-owl-8,mazecnn,64173,65304,145.428309678,230728.33669245365,,/home/keith/Git/ml/cnn-5090-learning/build/learning-feedback/5090-20261008T173307Z/prepared/execution/search/execution/trial-0007/panel/jobs/mazecnn/quiet-owl-8-s64173/metrics/mazecnn/quiet-owl-8.ini
quiet-owl-8,connect4cnn,64174,65560,79.327246674,167811.1942382981,,/home/keith/Git/ml/cnn-5090-learning/build/learning-feedback/5090-20261008T173307Z/prepared/execution/search/execution/trial-0007/panel/jobs/connect4cnn/quiet-owl-8-s64174/metrics/connect4cnn/quiet-owl-8.ini
quiet-owl-8,pongcnn,64174,65048,25.149332594,333551.9131033048,,/home/keith/Git/ml/cnn-5090-learning/build/learning-feedback/5090-20261008T173307Z/prepared/execution/search/execution/trial-0007/panel/jobs/pongcnn/quiet-owl-8-s64174/metrics/pongcnn/quiet-owl-8.ini
quiet-owl-8,flappycnn,64174,64920,49.28233634,404261.353653186,,/home/keith/Git/ml/cnn-5090-learning/build/learning-feedback/5090-20261008T173307Z/prepared/execution/search/execution/trial-0007/panel/jobs/flappycnn/quiet-owl-8-s64174/metrics/flappycnn/quiet-owl-8.ini
quiet-owl-8,breakoutcnn,64174,65048,53.940797854,311030.17877878645,,/home/keith/Git/ml/cnn-5090-learning/build/learning-feedback/5090-20261008T173307Z/prepared/execution/search/execution/trial-0007/panel/jobs/breakoutcnn/quiet-owl-8-s64174/metrics/breakoutcnn/quiet-owl-8.ini
quiet-owl-8,snakecnn,64174,65176,22.244512361,377109.0983638398,,/home/keith/Git/ml/cnn-5090-learning/build/learning-feedback/5090-20261008T173307Z/prepared/execution/search/execution/trial-0007/panel/jobs/snakecnn/quiet-owl-8-s64174/metrics/snakecnn/quiet-owl-8.ini
quiet-owl-8,mazecnn,64174,65304,141.721838983,236762.60653112867,,/home/keith/Git/ml/cnn-5090-learning/build/learning-feedback/5090-20261008T173307Z/prepared/execution/search/execution/trial-0007/panel/jobs/mazecnn/quiet-owl-8-s64174/metrics/mazecnn/quiet-owl-8.ini
quiet-owl-9,connect4cnn,64173,74696,95.501799877,139390.04308971114,,/home/keith/Git/ml/cnn-5090-learning/build/learning-feedback/5090-20261008T173307Z/prepared/execution/search/execution/trial-0008/panel/jobs/connect4cnn/quiet-owl-9-s64173/metrics/connect4cnn/quiet-owl-9.ini
quiet-owl-9,pongcnn,64173,74184,34.01277957,246631.0635605604,,/home/keith/Git/ml/cnn-5090-learning/build/learning-feedback/5090-20261008T173307Z/prepared/execution/search/execution/trial-0008/panel/jobs/pongcnn/quiet-owl-9-s64173/metrics/pongcnn/quiet-owl-9.ini
quiet-owl-9,flappycnn,64173,74056,72.062328002,276468.2262200447,,/home/keith/Git/ml/cnn-5090-learning/build/learning-feedback/5090-20261008T173307Z/prepared/execution/search/execution/trial-0008/panel/jobs/flappycnn/quiet-owl-9-s64173/metrics/flappycnn/quiet-owl-9.ini
quiet-owl-9,breakoutcnn,64173,74184,70.917072967,236575.13343517407,,/home/keith/Git/ml/cnn-5090-learning/build/learning-feedback/5090-20261008T173307Z/prepared/execution/search/execution/trial-0008/panel/jobs/breakoutcnn/quiet-owl-9-s64173/metrics/breakoutcnn/quiet-owl-9.ini
quiet-owl-9,snakecnn,64173,74312,30.306801778,276789.61513152375,,/home/keith/Git/ml/cnn-5090-learning/build/learning-feedback/5090-20261008T173307Z/prepared/execution/search/execution/trial-0008/panel/jobs/snakecnn/quiet-owl-9-s64173/metrics/snakecnn/quiet-owl-9.ini
quiet-owl-9,mazecnn,64173,74440,227.58150836,147439.1845005346,,/home/keith/Git/ml/cnn-5090-learning/build/learning-feedback/5090-20261008T173307Z/prepared/execution/search/execution/trial-0008/panel/jobs/mazecnn/quiet-owl-9-s64173/metrics/mazecnn/quiet-owl-9.ini
quiet-owl-9,connect4cnn,64174,74696,93.898889228,141769.51516089344,,/home/keith/Git/ml/cnn-5090-learning/build/learning-feedback/5090-20261008T173307Z/prepared/execution/search/execution/trial-0008/panel/jobs/connect4cnn/quiet-owl-9-s64174/metrics/connect4cnn/quiet-owl-9.ini
quiet-owl-9,pongcnn,64174,74184,33.717017117,248794.48768825087,,/home/keith/Git/ml/cnn-5090-learning/build/learning-feedback/5090-20261008T173307Z/prepared/execution/search/execution/trial-0008/panel/jobs/pongcnn/quiet-owl-9-s64174/metrics/pongcnn/quiet-owl-9.ini
quiet-owl-9,flappycnn,64174,74056,69.412135861,287023.92964677425,,/home/keith/Git/ml/cnn-5090-learning/build/learning-feedback/5090-20261008T173307Z/prepared/execution/search/execution/trial-0008/panel/jobs/flappycnn/quiet-owl-9-s64174/metrics/flappycnn/quiet-owl-9.ini
quiet-owl-9,breakoutcnn,64174,74184,69.112615126,242751.86186216897,,/home/keith/Git/ml/cnn-5090-learning/build/learning-feedback/5090-20261008T173307Z/prepared/execution/search/execution/trial-0008/panel/jobs/breakoutcnn/quiet-owl-9-s64174/metrics/breakoutcnn/quiet-owl-9.ini
quiet-owl-9,snakecnn,64174,74312,30.155806841,278175.5449035044,,/home/keith/Git/ml/cnn-5090-learning/build/learning-feedback/5090-20261008T173307Z/prepared/execution/search/execution/trial-0008/panel/jobs/snakecnn/quiet-owl-9-s64174/metrics/snakecnn/quiet-owl-9.ini
quiet-owl-9,mazecnn,64174,74440,221.919041402,151201.2299080596,,/home/keith/Git/ml/cnn-5090-learning/build/learning-feedback/5090-20261008T173307Z/prepared/execution/search/execution/trial-0008/panel/jobs/mazecnn/quiet-owl-9-s64174/metrics/mazecnn/quiet-owl-9.ini
quiet-owl-10,connect4cnn,64173,81912,90.499713179,147094.38883712376,,/home/keith/Git/ml/cnn-5090-learning/build/learning-feedback/5090-20261008T173307Z/prepared/execution/search/execution/trial-0009/panel/jobs/connect4cnn/quiet-owl-10-s64173/metrics/connect4cnn/quiet-owl-10.ini
quiet-owl-10,pongcnn,64173,81400,32.458918367,258437.69361484464,,/home/keith/Git/ml/cnn-5090-learning/build/learning-feedback/5090-20261008T173307Z/prepared/execution/search/execution/trial-0009/panel/jobs/pongcnn/quiet-owl-10-s64173/metrics/pongcnn/quiet-owl-10.ini
quiet-owl-10,flappycnn,64173,81272,68.176414547,292226.3385714625,,/home/keith/Git/ml/cnn-5090-learning/build/learning-feedback/5090-20261008T173307Z/prepared/execution/search/execution/trial-0009/panel/jobs/flappycnn/quiet-owl-10-s64173/metrics/flappycnn/quiet-owl-10.ini
quiet-owl-10,breakoutcnn,64173,81400,69.473262928,241491.6946881767,,/home/keith/Git/ml/cnn-5090-learning/build/learning-feedback/5090-20261008T173307Z/prepared/execution/search/execution/trial-0009/panel/jobs/breakoutcnn/quiet-owl-10-s64173/metrics/breakoutcnn/quiet-owl-10.ini
quiet-owl-10,snakecnn,64173,81528,28.603116201,293276.01723712625,,/home/keith/Git/ml/cnn-5090-learning/build/learning-feedback/5090-20261008T173307Z/prepared/execution/search/execution/trial-0009/panel/jobs/snakecnn/quiet-owl-10-s64173/metrics/snakecnn/quiet-owl-10.ini
quiet-owl-10,mazecnn,64173,81656,198.815009914,168772.12648337972,,/home/keith/Git/ml/cnn-5090-learning/build/learning-feedback/5090-20261008T173307Z/prepared/execution/search/execution/trial-0009/panel/jobs/mazecnn/quiet-owl-10-s64173/metrics/mazecnn/quiet-owl-10.ini
quiet-owl-10,connect4cnn,64174,81912,87.975575965,151314.72404677424,,/home/keith/Git/ml/cnn-5090-learning/build/learning-feedback/5090-20261008T173307Z/prepared/execution/search/execution/trial-0009/panel/jobs/connect4cnn/quiet-owl-10-s64174/metrics/connect4cnn/quiet-owl-10.ini
quiet-owl-10,pongcnn,64174,81400,30.805277059,272310.74675724114,,/home/keith/Git/ml/cnn-5090-learning/build/learning-feedback/5090-20261008T173307Z/prepared/execution/search/execution/trial-0009/panel/jobs/pongcnn/quiet-owl-10-s64174/metrics/pongcnn/quiet-owl-10.ini
quiet-owl-10,flappycnn,64174,81272,68.16113201,292291.8591944318,,/home/keith/Git/ml/cnn-5090-learning/build/learning-feedback/5090-20261008T173307Z/prepared/execution/search/execution/trial-0009/panel/jobs/flappycnn/quiet-owl-10-s64174/metrics/flappycnn/quiet-owl-10.ini
quiet-owl-10,breakoutcnn,64174,81400,69.219130448,242378.31205642884,,/home/keith/Git/ml/cnn-5090-learning/build/learning-feedback/5090-20261008T173307Z/prepared/execution/search/execution/trial-0009/panel/jobs/breakoutcnn/quiet-owl-10-s64174/metrics/breakoutcnn/quiet-owl-10.ini
quiet-owl-10,snakecnn,64174,81528,30.916518358,271330.9404009702,,/home/keith/Git/ml/cnn-5090-learning/build/learning-feedback/5090-20261008T173307Z/prepared/execution/search/execution/trial-0009/panel/jobs/snakecnn/quiet-owl-10-s64174/metrics/snakecnn/quiet-owl-10.ini
quiet-owl-10,mazecnn,64174,81656,207.919846442,161381.57359288033,,/home/keith/Git/ml/cnn-5090-learning/build/learning-feedback/5090-20261008T173307Z/prepared/execution/search/execution/trial-0009/panel/jobs/mazecnn/quiet-owl-10-s64174/metrics/mazecnn/quiet-owl-10.ini
quiet-owl-11,connect4cnn,64173,65560,78.791643549,168951.92688449702,,/home/keith/Git/ml/cnn-5090-learning/build/learning-feedback/5090-20261008T173307Z/prepared/execution/search/execution/trial-0010/panel/jobs/connect4cnn/quiet-owl-11-s64173/metrics/connect4cnn/quiet-owl-11.ini
quiet-owl-11,pongcnn,64173,65048,20.290640478,413422.53385718877,,/home/keith/Git/ml/cnn-5090-learning/build/learning-feedback/5090-20261008T173307Z/prepared/execution/search/execution/trial-0010/panel/jobs/pongcnn/quiet-owl-11-s64173/metrics/pongcnn/quiet-owl-11.ini
quiet-owl-11,flappycnn,64173,64920,38.423540981,518508.79672572773,,/home/keith/Git/ml/cnn-5090-learning/build/learning-feedback/5090-20261008T173307Z/prepared/execution/search/execution/trial-0010/panel/jobs/flappycnn/quiet-owl-11-s64173/metrics/flappycnn/quiet-owl-11.ini
quiet-owl-11,breakoutcnn,64173,65048,44.181791403,379731.4564945596,,/home/keith/Git/ml/cnn-5090-learning/build/learning-feedback/5090-20261008T173307Z/prepared/execution/search/execution/trial-0010/panel/jobs/breakoutcnn/quiet-owl-11-s64173/metrics/breakoutcnn/quiet-owl-11.ini
quiet-owl-11,snakecnn,64173,65176,17.23724319,486656.0103338659,,/home/keith/Git/ml/cnn-5090-learning/build/learning-feedback/5090-20261008T173307Z/prepared/execution/search/execution/trial-0010/panel/jobs/snakecnn/quiet-owl-11-s64173/metrics/snakecnn/quiet-owl-11.ini
quiet-owl-11,mazecnn,64173,65304,104.129996484,322235.985143395,,/home/keith/Git/ml/cnn-5090-learning/build/learning-feedback/5090-20261008T173307Z/prepared/execution/search/execution/trial-0010/panel/jobs/mazecnn/quiet-owl-11-s64173/metrics/mazecnn/quiet-owl-11.ini
quiet-owl-11,connect4cnn,64174,65560,78.08898932,170472.17688333633,,/home/keith/Git/ml/cnn-5090-learning/build/learning-feedback/5090-20261008T173307Z/prepared/execution/search/execution/trial-0010/panel/jobs/connect4cnn/quiet-owl-11-s64174/metrics/connect4cnn/quiet-owl-11.ini
quiet-owl-11,pongcnn,64174,65048,21.593665031,388475.41572758777,,/home/keith/Git/ml/cnn-5090-learning/build/learning-feedback/5090-20261008T173307Z/prepared/execution/search/execution/trial-0010/panel/jobs/pongcnn/quiet-owl-11-s64174/metrics/pongcnn/quiet-owl-11.ini
quiet-owl-11,flappycnn,64174,64920,37.919361071,525402.9455479588,,/home/keith/Git/ml/cnn-5090-learning/build/learning-feedback/5090-20261008T173307Z/prepared/execution/search/execution/trial-0010/panel/jobs/flappycnn/quiet-owl-11-s64174/metrics/flappycnn/quiet-owl-11.ini
quiet-owl-11,breakoutcnn,64174,65048,43.875706811,382380.52944126737,,/home/keith/Git/ml/cnn-5090-learning/build/learning-feedback/5090-20261008T173307Z/prepared/execution/search/execution/trial-0010/panel/jobs/breakoutcnn/quiet-owl-11-s64174/metrics/breakoutcnn/quiet-owl-11.ini
quiet-owl-11,snakecnn,64174,65176,17.38892563,482410.94237171684,,/home/keith/Git/ml/cnn-5090-learning/build/learning-feedback/5090-20261008T173307Z/prepared/execution/search/execution/trial-0010/panel/jobs/snakecnn/quiet-owl-11-s64174/metrics/snakecnn/quiet-owl-11.ini
quiet-owl-11,mazecnn,64174,65304,102.014375281,328918.6637429662,,/home/keith/Git/ml/cnn-5090-learning/build/learning-feedback/5090-20261008T173307Z/prepared/execution/search/execution/trial-0010/panel/jobs/mazecnn/quiet-owl-11-s64174/metrics/mazecnn/quiet-owl-11.ini
quiet-owl-12,connect4cnn,64173,80176,75.028755896,177425.30635123726,,/home/keith/Git/ml/cnn-5090-learning/build/learning-feedback/5090-20261008T173307Z/prepared/execution/search/execution/trial-0011/panel/jobs/connect4cnn/quiet-owl-12-s64173/metrics/connect4cnn/quiet-owl-12.ini
quiet-owl-12,pongcnn,64173,79664,20.492102227,409358.0984066794,,/home/keith/Git/ml/cnn-5090-learning/build/learning-feedback/5090-20261008T173307Z/prepared/execution/search/execution/trial-0011/panel/jobs/pongcnn/quiet-owl-12-s64173/metrics/pongcnn/quiet-owl-12.ini
quiet-owl-12,flappycnn,64173,79536,38.923375163,511850.3705438798,,/home/keith/Git/ml/cnn-5090-learning/build/learning-feedback/5090-20261008T173307Z/prepared/execution/search/execution/trial-0011/panel/jobs/flappycnn/quiet-owl-12-s64173/metrics/flappycnn/quiet-owl-12.ini
quiet-owl-12,breakoutcnn,64173,79664,44.022409926,381106.259929928,,/home/keith/Git/ml/cnn-5090-learning/build/learning-feedback/5090-20261008T173307Z/prepared/execution/search/execution/trial-0011/panel/jobs/breakoutcnn/quiet-owl-12-s64173/metrics/breakoutcnn/quiet-owl-12.ini
quiet-owl-12,snakecnn,64173,79792,17.739857345,472867.838611134,,/home/keith/Git/ml/cnn-5090-learning/build/learning-feedback/5090-20261008T173307Z/prepared/execution/search/execution/trial-0011/panel/jobs/snakecnn/quiet-owl-12-s64173/metrics/snakecnn/quiet-owl-12.ini
quiet-owl-12,mazecnn,64173,79920,103.418618706,324452.5252787319,,/home/keith/Git/ml/cnn-5090-learning/build/learning-feedback/5090-20261008T173307Z/prepared/execution/search/execution/trial-0011/panel/jobs/mazecnn/quiet-owl-12-s64173/metrics/mazecnn/quiet-owl-12.ini
quiet-owl-12,connect4cnn,64174,80176,74.333739283,179084.2237778348,,/home/keith/Git/ml/cnn-5090-learning/build/learning-feedback/5090-20261008T173307Z/prepared/execution/search/execution/trial-0011/panel/jobs/connect4cnn/quiet-owl-12-s64174/metrics/connect4cnn/quiet-owl-12.ini
quiet-owl-12,pongcnn,64174,79664,20.694756537,405349.44129456516,,/home/keith/Git/ml/cnn-5090-learning/build/learning-feedback/5090-20261008T173307Z/prepared/execution/search/execution/trial-0011/panel/jobs/pongcnn/quiet-owl-12-s64174/metrics/pongcnn/quiet-owl-12.ini
quiet-owl-12,flappycnn,64174,79536,39.622934913,502813.43478833075,,/home/keith/Git/ml/cnn-5090-learning/build/learning-feedback/5090-20261008T173307Z/prepared/execution/search/execution/trial-0011/panel/jobs/flappycnn/quiet-owl-12-s64174/metrics/flappycnn/quiet-owl-12.ini
quiet-owl-12,breakoutcnn,64174,79664,45.188827821,371269.11249960214,,/home/keith/Git/ml/cnn-5090-learning/build/learning-feedback/5090-20261008T173307Z/prepared/execution/search/execution/trial-0011/panel/jobs/breakoutcnn/quiet-owl-12-s64174/metrics/breakoutcnn/quiet-owl-12.ini
quiet-owl-12,snakecnn,64174,79792,18.290715643,458626.56025765656,,/home/keith/Git/ml/cnn-5090-learning/build/learning-feedback/5090-20261008T173307Z/prepared/execution/search/execution/trial-0011/panel/jobs/snakecnn/quiet-owl-12-s64174/metrics/snakecnn/quiet-owl-12.ini
quiet-owl-12,mazecnn,64174,79920,107.169151025,313097.8614561624,,/home/keith/Git/ml/cnn-5090-learning/build/learning-feedback/5090-20261008T173307Z/prepared/execution/search/execution/trial-0011/panel/jobs/mazecnn/quiet-owl-12-s64174/metrics/mazecnn/quiet-owl-12.ini
quiet-owl-13,connect4cnn,64173,74696,98.250812478,135489.9737137622,,/home/keith/Git/ml/cnn-5090/build/learning-continuation/5090-20261009-overnight-v2/search/execution/trial-0012/panel/jobs/connect4cnn/quiet-owl-13-s64173/metrics/connect4cnn/quiet-owl-13.ini
quiet-owl-13,pongcnn,64173,74184,35.062201862,239249.32133516332,,/home/keith/Git/ml/cnn-5090/build/learning-continuation/5090-20261009-overnight-v2/search/execution/trial-0012/panel/jobs/pongcnn/quiet-owl-13-s64173/metrics/pongcnn/quiet-owl-13.ini
quiet-owl-13,flappycnn,64173,74056,74.82564592,266258.2294485056,,/home/keith/Git/ml/cnn-5090/build/learning-continuation/5090-20261009-overnight-v2/search/execution/trial-0012/panel/jobs/flappycnn/quiet-owl-13-s64173/metrics/flappycnn/quiet-owl-13.ini
quiet-owl-13,breakoutcnn,64173,74184,74.32171489,225737.74064324473,,/home/keith/Git/ml/cnn-5090/build/learning-continuation/5090-20261009-overnight-v2/search/execution/trial-0012/panel/jobs/breakoutcnn/quiet-owl-13-s64173/metrics/breakoutcnn/quiet-owl-13.ini
quiet-owl-13,snakecnn,64173,74312,33.161327851,252963.57364492677,,/home/keith/Git/ml/cnn-5090/build/learning-continuation/5090-20261009-overnight-v2/search/execution/trial-0012/panel/jobs/snakecnn/quiet-owl-13-s64173/metrics/snakecnn/quiet-owl-13.ini
quiet-owl-13,mazecnn,64173,74440,244.145845847,137436.0144592741,,/home/keith/Git/ml/cnn-5090/build/learning-continuation/5090-20261009-overnight-v2/search/execution/trial-0012/panel/jobs/mazecnn/quiet-owl-13-s64173/metrics/mazecnn/quiet-owl-13.ini
quiet-owl-13,connect4cnn,64174,74696,96.753299384,137587.03925089497,,/home/keith/Git/ml/cnn-5090/build/learning-continuation/5090-20261009-overnight-v2/search/execution/trial-0012/panel/jobs/connect4cnn/quiet-owl-13-s64174/metrics/connect4cnn/quiet-owl-13.ini
quiet-owl-13,pongcnn,64174,74184,35.165876742,238543.97436311186,,/home/keith/Git/ml/cnn-5090/build/learning-continuation/5090-20261009-overnight-v2/search/execution/trial-0012/panel/jobs/pongcnn/quiet-owl-13-s64174/metrics/pongcnn/quiet-owl-13.ini
quiet-owl-13,flappycnn,64174,74056,74.07195215,268967.4488348151,,/home/keith/Git/ml/cnn-5090/build/learning-continuation/5090-20261009-overnight-v2/search/execution/trial-0012/panel/jobs/flappycnn/quiet-owl-13-s64174/metrics/flappycnn/quiet-owl-13.ini
quiet-owl-13,breakoutcnn,64174,74184,71.361732999,235101.0169586983,,/home/keith/Git/ml/cnn-5090/build/learning-continuation/5090-20261009-overnight-v2/search/execution/trial-0012/panel/jobs/breakoutcnn/quiet-owl-13-s64174/metrics/breakoutcnn/quiet-owl-13.ini
quiet-owl-13,snakecnn,64174,74312,31.406774894,267095.49224051565,,/home/keith/Git/ml/cnn-5090/build/learning-continuation/5090-20261009-overnight-v2/search/execution/trial-0012/panel/jobs/snakecnn/quiet-owl-13-s64174/metrics/snakecnn/quiet-owl-13.ini
quiet-owl-13,mazecnn,64174,74440,235.895857686,142242.56555053274,,/home/keith/Git/ml/cnn-5090/build/learning-continuation/5090-20261009-overnight-v2/search/execution/trial-0012/panel/jobs/mazecnn/quiet-owl-13-s64174/metrics/mazecnn/quiet-owl-13.ini
quiet-owl-14,connect4cnn,64173,61736,79.221870987,168034.4055770211,,/home/keith/Git/ml/cnn-5090/build/learning-continuation/5090-20261009-overnight-v2/search/execution/trial-0013/panel/jobs/connect4cnn/quiet-owl-14-s64173/metrics/connect4cnn/quiet-owl-14.ini
quiet-owl-14,pongcnn,64173,61224,24.798164058,338275.3650786416,,/home/keith/Git/ml/cnn-5090/build/learning-continuation/5090-20261009-overnight-v2/search/execution/trial-0013/panel/jobs/pongcnn/quiet-owl-14-s64173/metrics/pongcnn/quiet-owl-14.ini
quiet-owl-14,flappycnn,64173,61096,49.232359282,404671.7299466104,,/home/keith/Git/ml/cnn-5090/build/learning-continuation/5090-20261009-overnight-v2/search/execution/trial-0013/panel/jobs/flappycnn/quiet-owl-14-s64173/metrics/flappycnn/quiet-owl-14.ini
quiet-owl-14,breakoutcnn,64173,61224,52.586545234,319040.08763733425,,/home/keith/Git/ml/cnn-5090/build/learning-continuation/5090-20261009-overnight-v2/search/execution/trial-0013/panel/jobs/breakoutcnn/quiet-owl-14-s64173/metrics/breakoutcnn/quiet-owl-14.ini
quiet-owl-14,snakecnn,64173,61352,21.895348292,383122.83906737313,,/home/keith/Git/ml/cnn-5090/build/learning-continuation/5090-20261009-overnight-v2/search/execution/trial-0013/panel/jobs/snakecnn/quiet-owl-14-s64173/metrics/snakecnn/quiet-owl-14.ini
quiet-owl-14,mazecnn,64173,61480,148.371891253,226150.86804267953,,/home/keith/Git/ml/cnn-5090/build/learning-continuation/5090-20261009-overnight-v2/search/execution/trial-0013/panel/jobs/mazecnn/quiet-owl-14-s64173/metrics/mazecnn/quiet-owl-14.ini
quiet-owl-14,connect4cnn,64174,61736,81.72592985,162885.87997019896,,/home/keith/Git/ml/cnn-5090/build/learning-continuation/5090-20261009-overnight-v2/search/execution/trial-0013/panel/jobs/connect4cnn/quiet-owl-14-s64174/metrics/connect4cnn/quiet-owl-14.ini
quiet-owl-14,pongcnn,64174,61224,24.998154989,335569.0851461342,,/home/keith/Git/ml/cnn-5090/build/learning-continuation/5090-20261009-overnight-v2/search/execution/trial-0013/panel/jobs/pongcnn/quiet-owl-14-s64174/metrics/pongcnn/quiet-owl-14.ini
quiet-owl-14,flappycnn,64174,61096,50.030341798,398217.2274664818,,/home/keith/Git/ml/cnn-5090/build/learning-continuation/5090-20261009-overnight-v2/search/execution/trial-0013/panel/jobs/flappycnn/quiet-owl-14-s64174/metrics/flappycnn/quiet-owl-14.ini
quiet-owl-14,breakoutcnn,64174,61224,54.042604206,310444.25498165266,,/home/keith/Git/ml/cnn-5090/build/learning-continuation/5090-20261009-overnight-v2/search/execution/trial-0013/panel/jobs/breakoutcnn/quiet-owl-14-s64174/metrics/breakoutcnn/quiet-owl-14.ini
quiet-owl-14,snakecnn,64174,61352,22.244814695,377103.9729940084,,/home/keith/Git/ml/cnn-5090/build/learning-continuation/5090-20261009-overnight-v2/search/execution/trial-0013/panel/jobs/snakecnn/quiet-owl-14-s64174/metrics/snakecnn/quiet-owl-14.ini
quiet-owl-14,mazecnn,64174,61480,148.87249543,225390.40474254245,,/home/keith/Git/ml/cnn-5090/build/learning-continuation/5090-20261009-overnight-v2/search/execution/trial-0013/panel/jobs/mazecnn/quiet-owl-14-s64174/metrics/mazecnn/quiet-owl-14.ini
quiet-owl-15,connect4cnn,64173,65208,92.542000313,143848.1981692152,,/home/keith/Git/ml/cnn-5090/build/learning-continuation/5090-20261009-overnight-v2/search/execution/trial-0014/panel/jobs/connect4cnn/quiet-owl-15-s64173/metrics/connect4cnn/quiet-owl-15.ini
quiet-owl-15,pongcnn,64173,64696,32.759652919,256065.22818606425,,/home/keith/Git/ml/cnn-5090/build/learning-continuation/5090-20261009-overnight-v2/search/execution/trial-0014/panel/jobs/pongcnn/quiet-owl-15-s64173/metrics/pongcnn/quiet-owl-15.ini
quiet-owl-15,flappycnn,64173,64568,68.657919712,290176.92472435744,,/home/keith/Git/ml/cnn-5090/build/learning-continuation/5090-20261009-overnight-v2/search/execution/trial-0014/panel/jobs/flappycnn/quiet-owl-15-s64173/metrics/flappycnn/quiet-owl-15.ini
quiet-owl-15,breakoutcnn,64173,64696,68.808568992,243824.5155476289,,/home/keith/Git/ml/cnn-5090/build/learning-continuation/5090-20261009-overnight-v2/search/execution/trial-0014/panel/jobs/breakoutcnn/quiet-owl-15-s64173/metrics/breakoutcnn/quiet-owl-15.ini
quiet-owl-15,snakecnn,64173,64824,30.156181558,278172.0883284251,,/home/keith/Git/ml/cnn-5090/build/learning-continuation/5090-20261009-overnight-v2/search/execution/trial-0014/panel/jobs/snakecnn/quiet-owl-15-s64173/metrics/snakecnn/quiet-owl-15.ini
quiet-owl-15,mazecnn,64173,64952,214.154434524,156683.33964029868,,/home/keith/Git/ml/cnn-5090/build/learning-continuation/5090-20261009-overnight-v2/search/execution/trial-0014/panel/jobs/mazecnn/quiet-owl-15-s64173/metrics/mazecnn/quiet-owl-15.ini
quiet-owl-15,connect4cnn,64174,65208,91.992151686,144707.99688910757,,/home/keith/Git/ml/cnn-5090/build/learning-continuation/5090-20261009-overnight-v2/search/execution/trial-0014/panel/jobs/connect4cnn/quiet-owl-15-s64174/metrics/connect4cnn/quiet-owl-15.ini
quiet-owl-15,pongcnn,64174,64696,32.808068255,255687.34906303306,,/home/keith/Git/ml/cnn-5090/build/learning-continuation/5090-20261009-overnight-v2/search/execution/trial-0014/panel/jobs/pongcnn/quiet-owl-15-s64174/metrics/pongcnn/quiet-owl-15.ini
quiet-owl-15,flappycnn,64174,64568,68.459457279,291018.14112849213,,/home/keith/Git/ml/cnn-5090/build/learning-continuation/5090-20261009-overnight-v2/search/execution/trial-0014/panel/jobs/flappycnn/quiet-owl-15-s64174/metrics/flappycnn/quiet-owl-15.ini
quiet-owl-15,breakoutcnn,64174,64696,69.060625274,242934.60902556148,,/home/keith/Git/ml/cnn-5090/build/learning-continuation/5090-20261009-overnight-v2/search/execution/trial-0014/panel/jobs/breakoutcnn/quiet-owl-15-s64174/metrics/breakoutcnn/quiet-owl-15.ini
quiet-owl-15,snakecnn,64174,64824,30.105227881,278642.89993613417,,/home/keith/Git/ml/cnn-5090/build/learning-continuation/5090-20261009-overnight-v2/search/execution/trial-0014/panel/jobs/snakecnn/quiet-owl-15-s64174/metrics/snakecnn/quiet-owl-15.ini
quiet-owl-15,mazecnn,64174,64952,213.408368602,157231.0974485634,,/home/keith/Git/ml/cnn-5090/build/learning-continuation/5090-20261009-overnight-v2/search/execution/trial-0014/panel/jobs/mazecnn/quiet-owl-15-s64174/metrics/mazecnn/quiet-owl-15.ini
quiet-owl-16,connect4cnn,64173,79584,109.417444921,121662.50098063739,,/home/keith/Git/ml/cnn-5090/build/learning-continuation/5090-20261009-overnight-v2/search/execution/trial-0015/panel/jobs/connect4cnn/quiet-owl-16-s64173/metrics/connect4cnn/quiet-owl-16.ini
quiet-owl-16,pongcnn,64173,79072,43.123437225,194525.49564246845,,/home/keith/Git/ml/cnn-5090/build/learning-continuation/5090-20261009-overnight-v2/search/execution/trial-0015/panel/jobs/pongcnn/quiet-owl-16-s64173/metrics/pongcnn/quiet-owl-16.ini
quiet-owl-16,flappycnn,64173,78944,96.906574196,205589.1890234869,,/home/keith/Git/ml/cnn-5090/build/learning-continuation/5090-20261009-overnight-v2/search/execution/trial-0015/panel/jobs/flappycnn/quiet-owl-16-s64173/metrics/flappycnn/quiet-owl-16.ini
quiet-owl-16,breakoutcnn,64173,79072,93.565983407,179308.92605511626,,/home/keith/Git/ml/cnn-5090/build/learning-continuation/5090-20261009-overnight-v2/search/execution/trial-0015/panel/jobs/breakoutcnn/quiet-owl-16-s64173/metrics/breakoutcnn/quiet-owl-16.ini
quiet-owl-16,snakecnn,64173,79200,43.572349433,192521.3606601345,,/home/keith/Git/ml/cnn-5090/build/learning-continuation/5090-20261009-overnight-v2/search/execution/trial-0015/panel/jobs/snakecnn/quiet-owl-16-s64173/metrics/snakecnn/quiet-owl-16.ini
quiet-owl-16,mazecnn,64173,79328,314.96395177,106534.1979976898,,/home/keith/Git/ml/cnn-5090/build/learning-continuation/5090-20261009-overnight-v2/search/execution/trial-0015/panel/jobs/mazecnn/quiet-owl-16-s64173/metrics/mazecnn/quiet-owl-16.ini
quiet-owl-16,connect4cnn,64174,79584,106.817832921,124623.38577721613,,/home/keith/Git/ml/cnn-5090/build/learning-continuation/5090-20261009-overnight-v2/search/execution/trial-0015/panel/jobs/connect4cnn/quiet-owl-16-s64174/metrics/connect4cnn/quiet-owl-16.ini
quiet-owl-16,pongcnn,64174,79072,42.119309656,199162.99836137088,,/home/keith/Git/ml/cnn-5090/build/learning-continuation/5090-20261009-overnight-v2/search/execution/trial-0015/panel/jobs/pongcnn/quiet-owl-16-s64174/metrics/pongcnn/quiet-owl-16.ini
quiet-owl-16,flappycnn,64174,78944,91.694777843,217274.5762480837,,/home/keith/Git/ml/cnn-5090/build/learning-continuation/5090-20261009-overnight-v2/search/execution/trial-0015/panel/jobs/flappycnn/quiet-owl-16-s64174/metrics/flappycnn/quiet-owl-16.ini
quiet-owl-16,breakoutcnn,64174,79072,89.527459411,187397.43214402697,,/home/keith/Git/ml/cnn-5090/build/learning-continuation/5090-20261009-overnight-v2/search/execution/trial-0015/panel/jobs/breakoutcnn/quiet-owl-16-s64174/metrics/breakoutcnn/quiet-owl-16.ini
quiet-owl-16,snakecnn,64174,79200,39.919078471,210140.32190382524,,/home/keith/Git/ml/cnn-5090/build/learning-continuation/5090-20261009-overnight-v2/search/execution/trial-0015/panel/jobs/snakecnn/quiet-owl-16-s64174/metrics/snakecnn/quiet-owl-16.ini
quiet-owl-16,mazecnn,64174,79328,307.595102804,109086.36611611117,,/home/keith/Git/ml/cnn-5090/build/learning-continuation/5090-20261009-overnight-v2/search/execution/trial-0015/panel/jobs/mazecnn/quiet-owl-16-s64174/metrics/mazecnn/quiet-owl-16.ini
quiet-owl-17,connect4cnn,64173,80296,73.263983261,181699.1024440554,,/home/keith/Git/ml/cnn-5090/build/learning-continuation/5090-20261009-overnight-v2/search/execution/trial-0016/panel/jobs/connect4cnn/quiet-owl-17-s64173/metrics/connect4cnn/quiet-owl-17.ini
quiet-owl-17,pongcnn,64173,79784,20.092362133,417502.3297147538,,/home/keith/Git/ml/cnn-5090/build/learning-continuation/5090-20261009-overnight-v2/search/execution/trial-0016/panel/jobs/pongcnn/quiet-owl-17-s64173/metrics/pongcnn/quiet-owl-17.ini
quiet-owl-17,flappycnn,64173,79656,38.418551967,518576.13001950237,,/home/keith/Git/ml/cnn-5090/build/learning-continuation/5090-20261009-overnight-v2/search/execution/trial-0016/panel/jobs/flappycnn/quiet-owl-17-s64173/metrics/flappycnn/quiet-owl-17.ini
quiet-owl-17,breakoutcnn,64173,79784,43.776126361,383250.3557223547,,/home/keith/Git/ml/cnn-5090/build/learning-continuation/5090-20261009-overnight-v2/search/execution/trial-0016/panel/jobs/breakoutcnn/quiet-owl-17-s64173/metrics/breakoutcnn/quiet-owl-17.ini
quiet-owl-17,snakecnn,64173,79912,17.437585849,481064.75705070514,,/home/keith/Git/ml/cnn-5090/build/learning-continuation/5090-20261009-overnight-v2/search/execution/trial-0016/panel/jobs/snakecnn/quiet-owl-17-s64173/metrics/snakecnn/quiet-owl-17.ini
quiet-owl-17,mazecnn,64173,80040,103.30963149,324794.8087323102,,/home/keith/Git/ml/cnn-5090/build/learning-continuation/5090-20261009-overnight-v2/search/execution/trial-0016/panel/jobs/mazecnn/quiet-owl-17-s64173/metrics/mazecnn/quiet-owl-17.ini
quiet-owl-17,connect4cnn,64174,80296,72.414262237,183831.19000000315,,/home/keith/Git/ml/cnn-5090/build/learning-continuation/5090-20261009-overnight-v2/search/execution/trial-0016/panel/jobs/connect4cnn/quiet-owl-17-s64174/metrics/connect4cnn/quiet-owl-17.ini
quiet-owl-17,pongcnn,64174,79784,20.092721255,417494.8675960219,,/home/keith/Git/ml/cnn-5090/build/learning-continuation/5090-20261009-overnight-v2/search/execution/trial-0016/panel/jobs/pongcnn/quiet-owl-17-s64174/metrics/pongcnn/quiet-owl-17.ini
quiet-owl-17,flappycnn,64174,79656,38.317920517,519938.02719959855,,/home/keith/Git/ml/cnn-5090/build/learning-continuation/5090-20261009-overnight-v2/search/execution/trial-0016/panel/jobs/flappycnn/quiet-owl-17-s64174/metrics/flappycnn/quiet-owl-17.ini
quiet-owl-17,breakoutcnn,64174,79784,43.674195966,384144.8166111844,,/home/keith/Git/ml/cnn-5090/build/learning-continuation/5090-20261009-overnight-v2/search/execution/trial-0016/panel/jobs/breakoutcnn/quiet-owl-17-s64174/metrics/breakoutcnn/quiet-owl-17.ini
quiet-owl-17,snakecnn,64174,79912,17.437306181,481072.47260132286,,/home/keith/Git/ml/cnn-5090/build/learning-continuation/5090-20261009-overnight-v2/search/execution/trial-0016/panel/jobs/snakecnn/quiet-owl-17-s64174/metrics/snakecnn/quiet-owl-17.ini
quiet-owl-17,mazecnn,64174,80040,103.556548226,324020.3789602121,,/home/keith/Git/ml/cnn-5090/build/learning-continuation/5090-20261009-overnight-v2/search/execution/trial-0016/panel/jobs/mazecnn/quiet-owl-17-s64174/metrics/mazecnn/quiet-owl-17.ini
quiet-owl-18,connect4cnn,64173,57312,78.827251015,168875.6087341783,,/home/keith/Git/ml/cnn-5090/build/learning-continuation/5090-20261009-overnight-v2/search/execution/trial-0017/panel/jobs/connect4cnn/quiet-owl-18-s64173/metrics/connect4cnn/quiet-owl-18.ini
quiet-owl-18,pongcnn,64173,56800,24.048268515,348823.7830830791,,/home/keith/Git/ml/cnn-5090/build/learning-continuation/5090-20261009-overnight-v2/search/execution/trial-0017/panel/jobs/pongcnn/quiet-owl-18-s64173/metrics/pongcnn/quiet-owl-18.ini
quiet-owl-18,flappycnn,64173,56672,47.780657069,416966.7229822582,,/home/keith/Git/ml/cnn-5090/build/learning-continuation/5090-20261009-overnight-v2/search/execution/trial-0017/panel/jobs/flappycnn/quiet-owl-18-s64173/metrics/flappycnn/quiet-owl-18.ini
quiet-owl-18,breakoutcnn,64173,56800,51.586509425,325224.8734602186,,/home/keith/Git/ml/cnn-5090/build/learning-continuation/5090-20261009-overnight-v2/search/execution/trial-0017/panel/jobs/breakoutcnn/quiet-owl-18-s64173/metrics/breakoutcnn/quiet-owl-18.ini
quiet-owl-18,snakecnn,64173,56928,21.492368031,390306.36307271966,,/home/keith/Git/ml/cnn-5090/build/learning-continuation/5090-20261009-overnight-v2/search/execution/trial-0017/panel/jobs/snakecnn/quiet-owl-18-s64173/metrics/snakecnn/quiet-owl-18.ini
quiet-owl-18,mazecnn,64173,57056,141.557063119,237038.2039629662,,/home/keith/Git/ml/cnn-5090/build/learning-continuation/5090-20261009-overnight-v2/search/execution/trial-0017/panel/jobs/mazecnn/quiet-owl-18-s64173/metrics/mazecnn/quiet-owl-18.ini
quiet-owl-18,connect4cnn,64174,57312,79.258024474,167957.75681195414,,/home/keith/Git/ml/cnn-5090/build/learning-continuation/5090-20261009-overnight-v2/search/execution/trial-0017/panel/jobs/connect4cnn/quiet-owl-18-s64174/metrics/connect4cnn/quiet-owl-18.ini
quiet-owl-18,pongcnn,64174,56800,24.196938619,346680.5504648869,,/home/keith/Git/ml/cnn-5090/build/learning-continuation/5090-20261009-overnight-v2/search/execution/trial-0017/panel/jobs/pongcnn/quiet-owl-18-s64174/metrics/pongcnn/quiet-owl-18.ini
quiet-owl-18,flappycnn,64174,56672,48.132942623,413914.938798692,,/home/keith/Git/ml/cnn-5090/build/learning-continuation/5090-20261009-overnight-v2/search/execution/trial-0017/panel/jobs/flappycnn/quiet-owl-18-s64174/metrics/flappycnn/quiet-owl-18.ini
quiet-owl-18,breakoutcnn,64174,56800,51.535467296,325546.9850236943,,/home/keith/Git/ml/cnn-5090/build/learning-continuation/5090-20261009-overnight-v2/search/execution/trial-0017/panel/jobs/breakoutcnn/quiet-owl-18-s64174/metrics/breakoutcnn/quiet-owl-18.ini
quiet-owl-18,snakecnn,64174,56928,21.393169808,392116.17891534104,,/home/keith/Git/ml/cnn-5090/build/learning-continuation/5090-20261009-overnight-v2/search/execution/trial-0017/panel/jobs/snakecnn/quiet-owl-18-s64174/metrics/snakecnn/quiet-owl-18.ini
quiet-owl-18,mazecnn,64174,57056,141.964758495,236357.47600825725,,/home/keith/Git/ml/cnn-5090/build/learning-continuation/5090-20261009-overnight-v2/search/execution/trial-0017/panel/jobs/mazecnn/quiet-owl-18-s64174/metrics/mazecnn/quiet-owl-18.ini
quiet-owl-19,connect4cnn,64173,77264,96.850030827,137449.62067981975,,/home/keith/Git/ml/cnn-5090/build/learning-continuation/5090-20261009-overnight-v2/search/execution/trial-0018/panel/jobs/connect4cnn/quiet-owl-19-s64173/metrics/connect4cnn/quiet-owl-19.ini
quiet-owl-19,pongcnn,64173,76752,35.106161423,238949.73588608167,,/home/keith/Git/ml/cnn-5090/build/learning-continuation/5090-20261009-overnight-v2/search/execution/trial-0018/panel/jobs/pongcnn/quiet-owl-19-s64173/metrics/pongcnn/quiet-owl-19.ini
quiet-owl-19,flappycnn,64173,76624,75.36995375,264335.36188815825,,/home/keith/Git/ml/cnn-5090/build/learning-continuation/5090-20261009-overnight-v2/search/execution/trial-0018/panel/jobs/flappycnn/quiet-owl-19-s64173/metrics/flappycnn/quiet-owl-19.ini
quiet-owl-19,breakoutcnn,64173,76752,73.514657807,228215.92999923462,,/home/keith/Git/ml/cnn-5090/build/learning-continuation/5090-20261009-overnight-v2/search/execution/trial-0018/panel/jobs/breakoutcnn/quiet-owl-19-s64173/metrics/breakoutcnn/quiet-owl-19.ini
quiet-owl-19,snakecnn,64173,76880,32.458689211,258439.51816628396,,/home/keith/Git/ml/cnn-5090/build/learning-continuation/5090-20261009-overnight-v2/search/execution/trial-0018/panel/jobs/snakecnn/quiet-owl-19-s64173/metrics/snakecnn/quiet-owl-19.ini
quiet-owl-19,mazecnn,64173,77008,242.659808668,138277.6661046007,,/home/keith/Git/ml/cnn-5090/build/learning-continuation/5090-20261009-overnight-v2/search/execution/trial-0018/panel/jobs/mazecnn/quiet-owl-19-s64173/metrics/mazecnn/quiet-owl-19.ini
quiet-owl-19,connect4cnn,64174,77264,97.903846637,135970.1427192862,,/home/keith/Git/ml/cnn-5090/build/learning-continuation/5090-20261009-overnight-v2/search/execution/trial-0018/panel/jobs/connect4cnn/quiet-owl-19-s64174/metrics/connect4cnn/quiet-owl-19.ini
quiet-owl-19,pongcnn,64174,76752,37.464721694,223906.85478769863,,/home/keith/Git/ml/cnn-5090/build/learning-continuation/5090-20261009-overnight-v2/search/execution/trial-0018/panel/jobs/pongcnn/quiet-owl-19-s64174/metrics/pongcnn/quiet-owl-19.ini
quiet-owl-19,flappycnn,64174,76624,78.128323357,255002.8356421267,,/home/keith/Git/ml/cnn-5090/build/learning-continuation/5090-20261009-overnight-v2/search/execution/trial-0018/panel/jobs/flappycnn/quiet-owl-19-s64174/metrics/flappycnn/quiet-owl-19.ini
quiet-owl-19,breakoutcnn,64174,76752,76.311924265,219850.51696166923,,/home/keith/Git/ml/cnn-5090/build/learning-continuation/5090-20261009-overnight-v2/search/execution/trial-0018/panel/jobs/breakoutcnn/quiet-owl-19-s64174/metrics/breakoutcnn/quiet-owl-19.ini
quiet-owl-19,snakecnn,64174,76880,33.312871763,251812.81456848385,,/home/keith/Git/ml/cnn-5090/build/learning-continuation/5090-20261009-overnight-v2/search/execution/trial-0018/panel/jobs/snakecnn/quiet-owl-19-s64174/metrics/snakecnn/quiet-owl-19.ini
quiet-owl-19,mazecnn,64174,77008,251.963823864,133171.62553506627,,/home/keith/Git/ml/cnn-5090/build/learning-continuation/5090-20261009-overnight-v2/search/execution/trial-0018/panel/jobs/mazecnn/quiet-owl-19-s64174/metrics/mazecnn/quiet-owl-19.ini
quiet-owl-20,connect4cnn,64173,67872,105.66158399,125987.13266744015,,/home/keith/Git/ml/cnn-5090/build/learning-continuation/5090-20261009-overnight-v2/search/execution/trial-0019/panel/jobs/connect4cnn/quiet-owl-20-s64173/metrics/connect4cnn/quiet-owl-20.ini
quiet-owl-20,pongcnn,64173,67360,41.220525126,203505.60732446503,,/home/keith/Git/ml/cnn-5090/build/learning-continuation/5090-20261009-overnight-v2/search/execution/trial-0019/panel/jobs/pongcnn/quiet-owl-20-s64173/metrics/pongcnn/quiet-owl-20.ini
quiet-owl-20,flappycnn,64173,67232,87.795759348,226923.76201258798,,/home/keith/Git/ml/cnn-5090/build/learning-continuation/5090-20261009-overnight-v2/search/execution/trial-0019/panel/jobs/flappycnn/quiet-owl-20-s64173/metrics/flappycnn/quiet-owl-20.ini
quiet-owl-20,breakoutcnn,64173,67360,85.24184811,196819.00817483343,,/home/keith/Git/ml/cnn-5090/build/learning-continuation/5090-20261009-overnight-v2/search/execution/trial-0019/panel/jobs/breakoutcnn/quiet-owl-20-s64173/metrics/breakoutcnn/quiet-owl-20.ini
quiet-owl-20,snakecnn,64173,67488,39.176325224,214124.42213597443,,/home/keith/Git/ml/cnn-5090/build/learning-continuation/5090-20261009-overnight-v2/search/execution/trial-0019/panel/jobs/snakecnn/quiet-owl-20-s64173/metrics/snakecnn/quiet-owl-20.ini
quiet-owl-20,mazecnn,64173,67616,289.553815212,115883.23219099273,,/home/keith/Git/ml/cnn-5090/build/learning-continuation/5090-20261009-overnight-v2/search/execution/trial-0019/panel/jobs/mazecnn/quiet-owl-20-s64173/metrics/mazecnn/quiet-owl-20.ini
quiet-owl-20,connect4cnn,64174,67872,105.169018106,126577.201534608,,/home/keith/Git/ml/cnn-5090/build/learning-continuation/5090-20261009-overnight-v2/search/execution/trial-0019/panel/jobs/connect4cnn/quiet-owl-20-s64174/metrics/connect4cnn/quiet-owl-20.ini
quiet-owl-20,pongcnn,64174,67360,42.071056429,199391.4275520224,,/home/keith/Git/ml/cnn-5090/build/learning-continuation/5090-20261009-overnight-v2/search/execution/trial-0019/panel/jobs/pongcnn/quiet-owl-20-s64174/metrics/pongcnn/quiet-owl-20.ini
quiet-owl-20,flappycnn,64174,67232,88.094606696,226153.9581957702,,/home/keith/Git/ml/cnn-5090/build/learning-continuation/5090-20261009-overnight-v2/search/execution/trial-0019/panel/jobs/flappycnn/quiet-owl-20-s64174/metrics/flappycnn/quiet-owl-20.ini
quiet-owl-20,breakoutcnn,64174,67360,85.089494327,197171.41502245798,,/home/keith/Git/ml/cnn-5090/build/learning-continuation/5090-20261009-overnight-v2/search/execution/trial-0019/panel/jobs/breakoutcnn/quiet-owl-20-s64174/metrics/breakoutcnn/quiet-owl-20.ini
quiet-owl-20,snakecnn,64174,67488,38.018233741,220646.96790354766,,/home/keith/Git/ml/cnn-5090/build/learning-continuation/5090-20261009-overnight-v2/search/execution/trial-0019/panel/jobs/snakecnn/quiet-owl-20-s64174/metrics/snakecnn/quiet-owl-20.ini
quiet-owl-20,mazecnn,64174,67616,279.055428483,120242.8928991221,,/home/keith/Git/ml/cnn-5090/build/learning-continuation/5090-20261009-overnight-v2/search/execution/trial-0019/panel/jobs/mazecnn/quiet-owl-20-s64174/metrics/mazecnn/quiet-owl-20.ini
quiet-owl-21,connect4cnn,64173,79568,106.554363316,124931.53340442413,,/home/keith/Git/ml/cnn-5090/build/learning-continuation/5090-20261009-overnight-v2/search/execution/trial-0020/panel/jobs/connect4cnn/quiet-owl-21-s64173/metrics/connect4cnn/quiet-owl-21.ini
quiet-owl-21,pongcnn,64173,79056,41.117166732,204017.17011963887,,/home/keith/Git/ml/cnn-5090/build/learning-continuation/5090-20261009-overnight-v2/search/execution/trial-0020/panel/jobs/pongcnn/quiet-owl-21-s64173/metrics/pongcnn/quiet-owl-21.ini
quiet-owl-21,flappycnn,64173,78928,90.745762482,219546.82461290513,,/home/keith/Git/ml/cnn-5090/build/learning-continuation/5090-20261009-overnight-v2/search/execution/trial-0020/panel/jobs/flappycnn/quiet-owl-21-s64173/metrics/flappycnn/quiet-owl-21.ini
quiet-owl-21,breakoutcnn,64173,79056,86.936750487,192981.86217011602,,/home/keith/Git/ml/cnn-5090/build/learning-continuation/5090-20261009-overnight-v2/search/execution/trial-0020/panel/jobs/breakoutcnn/quiet-owl-21-s64173/metrics/breakoutcnn/quiet-owl-21.ini
quiet-owl-21,snakecnn,64173,79184,39.469275611,212535.13955199404,,/home/keith/Git/ml/cnn-5090/build/learning-continuation/5090-20261009-overnight-v2/search/execution/trial-0020/panel/jobs/snakecnn/quiet-owl-21-s64173/metrics/snakecnn/quiet-owl-21.ini
quiet-owl-21,mazecnn,64173,79312,314.766885087,106600.89605908106,,/home/keith/Git/ml/cnn-5090/build/learning-continuation/5090-20261009-overnight-v2/search/execution/trial-0020/panel/jobs/mazecnn/quiet-owl-21-s64173/metrics/mazecnn/quiet-owl-21.ini
quiet-owl-21,connect4cnn,64174,79568,110.938577524,119994.32746575588,,/home/keith/Git/ml/cnn-5090/build/learning-continuation/5090-20261009-overnight-v2/search/execution/trial-0020/panel/jobs/connect4cnn/quiet-owl-21-s64174/metrics/connect4cnn/quiet-owl-21.ini
quiet-owl-21,pongcnn,64174,79056,44.890193748,186869.49865022,,/home/keith/Git/ml/cnn-5090/build/learning-continuation/5090-20261009-overnight-v2/search/execution/trial-0020/panel/jobs/pongcnn/quiet-owl-21-s64174/metrics/pongcnn/quiet-owl-21.ini
quiet-owl-21,flappycnn,64174,78928,92.001516764,216550.16896195136,,/home/keith/Git/ml/cnn-5090/build/learning-continuation/5090-20261009-overnight-v2/search/execution/trial-0020/panel/jobs/flappycnn/quiet-owl-21-s64174/metrics/flappycnn/quiet-owl-21.ini
quiet-owl-21,breakoutcnn,64174,79056,87.388133971,191985.05835549213,,/home/keith/Git/ml/cnn-5090/build/learning-continuation/5090-20261009-overnight-v2/search/execution/trial-0020/panel/jobs/breakoutcnn/quiet-owl-21-s64174/metrics/breakoutcnn/quiet-owl-21.ini
quiet-owl-21,snakecnn,64174,79184,39.46917005,212535.70798101946,,/home/keith/Git/ml/cnn-5090/build/learning-continuation/5090-20261009-overnight-v2/search/execution/trial-0020/panel/jobs/snakecnn/quiet-owl-21-s64174/metrics/snakecnn/quiet-owl-21.ini
quiet-owl-21,mazecnn,64174,79312,303.491761508,110561.26147633667,,/home/keith/Git/ml/cnn-5090/build/learning-continuation/5090-20261009-overnight-v2/search/execution/trial-0020/panel/jobs/mazecnn/quiet-owl-21-s64174/metrics/mazecnn/quiet-owl-21.ini
quiet-owl-22,connect4cnn,64173,109768,74.265293421,179249.27495453437,,/home/keith/Git/ml/cnn-5090/build/learning-continuation/5090-20261009-overnight-v2/search/execution/trial-0021/panel/jobs/connect4cnn/quiet-owl-22-s64173/metrics/connect4cnn/quiet-owl-22.ini
quiet-owl-22,pongcnn,64173,109256,20.543284583,408338.20736445184,,/home/keith/Git/ml/cnn-5090/build/learning-continuation/5090-20261009-overnight-v2/search/execution/trial-0021/panel/jobs/pongcnn/quiet-owl-22-s64173/metrics/pongcnn/quiet-owl-22.ini
quiet-owl-22,flappycnn,64173,109128,39.564968975,503550.0978804951,,/home/keith/Git/ml/cnn-5090/build/learning-continuation/5090-20261009-overnight-v2/search/execution/trial-0021/panel/jobs/flappycnn/quiet-owl-22-s64173/metrics/flappycnn/quiet-owl-22.ini
quiet-owl-22,breakoutcnn,64173,109256,44.425172975,377651.1125672212,,/home/keith/Git/ml/cnn-5090/build/learning-continuation/5090-20261009-overnight-v2/search/execution/trial-0021/panel/jobs/breakoutcnn/quiet-owl-22-s64173/metrics/breakoutcnn/quiet-owl-22.ini
quiet-owl-22,snakecnn,64173,109384,18.039722995,465007.58367104846,,/home/keith/Git/ml/cnn-5090/build/learning-continuation/5090-20261009-overnight-v2/search/execution/trial-0021/panel/jobs/snakecnn/quiet-owl-22-s64173/metrics/snakecnn/quiet-owl-22.ini
quiet-owl-22,mazecnn,64173,109512,107.416792069,312376.03873373964,,/home/keith/Git/ml/cnn-5090/build/learning-continuation/5090-20261009-overnight-v2/search/execution/trial-0021/panel/jobs/mazecnn/quiet-owl-22-s64173/metrics/mazecnn/quiet-owl-22.ini
quiet-owl-22,connect4cnn,64174,109768,73.617629159,180826.25251688866,,/home/keith/Git/ml/cnn-5090/build/learning-continuation/5090-20261009-overnight-v2/search/execution/trial-0021/panel/jobs/connect4cnn/quiet-owl-22-s64174/metrics/connect4cnn/quiet-owl-22.ini
quiet-owl-22,pongcnn,64174,109256,20.492155491,409357.0343873398,,/home/keith/Git/ml/cnn-5090/build/learning-continuation/5090-20261009-overnight-v2/search/execution/trial-0021/panel/jobs/pongcnn/quiet-owl-22-s64174/metrics/pongcnn/quiet-owl-22.ini
quiet-owl-22,flappycnn,64174,109128,39.32091441,506675.5007847235,,/home/keith/Git/ml/cnn-5090/build/learning-continuation/5090-20261009-overnight-v2/search/execution/trial-0021/panel/jobs/flappycnn/quiet-owl-22-s64174/metrics/flappycnn/quiet-owl-22.ini
quiet-owl-22,breakoutcnn,64174,109256,44.678103605,375513.16296518984,,/home/keith/Git/ml/cnn-5090/build/learning-continuation/5090-20261009-overnight-v2/search/execution/trial-0021/panel/jobs/breakoutcnn/quiet-owl-22-s64174/metrics/breakoutcnn/quiet-owl-22.ini
quiet-owl-22,snakecnn,64174,109384,18.540522146,452447.2360563906,,/home/keith/Git/ml/cnn-5090/build/learning-continuation/5090-20261009-overnight-v2/search/execution/trial-0021/panel/jobs/snakecnn/quiet-owl-22-s64174/metrics/snakecnn/quiet-owl-22.ini
quiet-owl-22,mazecnn,64174,109512,108.769645335,308490.7732911658,,/home/keith/Git/ml/cnn-5090/build/learning-continuation/5090-20261009-overnight-v2/search/execution/trial-0021/panel/jobs/mazecnn/quiet-owl-22-s64174/metrics/mazecnn/quiet-owl-22.ini
quiet-owl-23,connect4cnn,64173,160976,74.818731262,177923.35923719528,,/home/keith/Git/ml/cnn-5090/build/learning-continuation/5090-20261009-overnight-v2/search/execution/trial-0022/panel/jobs/connect4cnn/quiet-owl-23-s64173/metrics/connect4cnn/quiet-owl-23.ini
quiet-owl-23,pongcnn,64173,160464,21.494987912,390258.79122811207,,/home/keith/Git/ml/cnn-5090/build/learning-continuation/5090-20261009-overnight-v2/search/execution/trial-0022/panel/jobs/pongcnn/quiet-owl-23-s64173/metrics/pongcnn/quiet-owl-23.ini
quiet-owl-23,flappycnn,64173,160336,41.622465949,478658.42510176066,,/home/keith/Git/ml/cnn-5090/build/learning-continuation/5090-20261009-overnight-v2/search/execution/trial-0022/panel/jobs/flappycnn/quiet-owl-23-s64173/metrics/flappycnn/quiet-owl-23.ini
quiet-owl-23,breakoutcnn,64173,160464,46.531088154,360559.2876846952,,/home/keith/Git/ml/cnn-5090/build/learning-continuation/5090-20261009-overnight-v2/search/execution/trial-0022/panel/jobs/breakoutcnn/quiet-owl-23-s64173/metrics/breakoutcnn/quiet-owl-23.ini
quiet-owl-23,snakecnn,64173,160592,19.690354448,426026.2567722366,,/home/keith/Git/ml/cnn-5090/build/learning-continuation/5090-20261009-overnight-v2/search/execution/trial-0022/panel/jobs/snakecnn/quiet-owl-23-s64173/metrics/snakecnn/quiet-owl-23.ini
quiet-owl-23,mazecnn,64173,160720,114.032956649,294252.0564759403,,/home/keith/Git/ml/cnn-5090/build/learning-continuation/5090-20261009-overnight-v2/search/execution/trial-0022/panel/jobs/mazecnn/quiet-owl-23-s64173/metrics/mazecnn/quiet-owl-23.ini
quiet-owl-23,connect4cnn,64174,160976,74.969629635,177565.23628049533,,/home/keith/Git/ml/cnn-5090/build/learning-continuation/5090-20261009-overnight-v2/search/execution/trial-0022/panel/jobs/connect4cnn/quiet-owl-23-s64174/metrics/connect4cnn/quiet-owl-23.ini
quiet-owl-23,pongcnn,64174,160464,21.395227455,392078.46785660635,,/home/keith/Git/ml/cnn-5090/build/learning-continuation/5090-20261009-overnight-v2/search/execution/trial-0022/panel/jobs/pongcnn/quiet-owl-23-s64174/metrics/pongcnn/quiet-owl-23.ini
quiet-owl-23,flappycnn,64174,160336,41.372403536,481551.52462109545,,/home/keith/Git/ml/cnn-5090/build/learning-continuation/5090-20261009-overnight-v2/search/execution/trial-0022/panel/jobs/flappycnn/quiet-owl-23-s64174/metrics/flappycnn/quiet-owl-23.ini
quiet-owl-23,breakoutcnn,64174,160464,46.583463627,360153.8978367389,,/home/keith/Git/ml/cnn-5090/build/learning-continuation/5090-20261009-overnight-v2/search/execution/trial-0022/panel/jobs/breakoutcnn/quiet-owl-23-s64174/metrics/breakoutcnn/quiet-owl-23.ini
quiet-owl-23,snakecnn,64174,160592,18.990308341,441731.00559347053,,/home/keith/Git/ml/cnn-5090/build/learning-continuation/5090-20261009-overnight-v2/search/execution/trial-0022/panel/jobs/snakecnn/quiet-owl-23-s64174/metrics/snakecnn/quiet-owl-23.ini
quiet-owl-23,mazecnn,64174,160720,114.22982663,293744.92625893257,,/home/keith/Git/ml/cnn-5090/build/learning-continuation/5090-20261009-overnight-v2/search/execution/trial-0022/panel/jobs/mazecnn/quiet-owl-23-s64174/metrics/mazecnn/quiet-owl-23.ini
quiet-owl-24,connect4cnn,64173,68816,86.540350899,153824.1971717476,,/home/keith/Git/ml/cnn-5090/build/learning-continuation/5090-20261009-overnight-v2/search/execution/trial-0023/panel/jobs/connect4cnn/quiet-owl-24-s64173/metrics/connect4cnn/quiet-owl-24.ini
quiet-owl-24,pongcnn,64173,68304,29.314657846,286157.45897728874,,/home/keith/Git/ml/cnn-5090/build/learning-continuation/5090-20261009-overnight-v2/search/execution/trial-0023/panel/jobs/pongcnn/quiet-owl-24-s64173/metrics/pongcnn/quiet-owl-24.ini
quiet-owl-24,flappycnn,64173,68176,59.709637331,333663.7918190205,,/home/keith/Git/ml/cnn-5090/build/learning-continuation/5090-20261009-overnight-v2/search/execution/trial-0023/panel/jobs/flappycnn/quiet-owl-24-s64173/metrics/flappycnn/quiet-owl-24.ini
quiet-owl-24,breakoutcnn,64173,68304,60.006481699,279590.0630228016,,/home/keith/Git/ml/cnn-5090/build/learning-continuation/5090-20261009-overnight-v2/search/execution/trial-0023/panel/jobs/breakoutcnn/quiet-owl-24-s64173/metrics/breakoutcnn/quiet-owl-24.ini
quiet-owl-24,snakecnn,64173,68432,25.753345961,325728.8591821593,,/home/keith/Git/ml/cnn-5090/build/learning-continuation/5090-20261009-overnight-v2/search/execution/trial-0023/panel/jobs/snakecnn/quiet-owl-24-s64173/metrics/snakecnn/quiet-owl-24.ini
quiet-owl-24,mazecnn,64173,68560,171.715511765,195407.11060466495,,/home/keith/Git/ml/cnn-5090/build/learning-continuation/5090-20261009-overnight-v2/search/execution/trial-0023/panel/jobs/mazecnn/quiet-owl-24-s64173/metrics/mazecnn/quiet-owl-24.ini
quiet-owl-24,connect4cnn,64174,68816,85.340483583,155986.92954502755,,/home/keith/Git/ml/cnn-5090/build/learning-continuation/5090-20261009-overnight-v2/search/execution/trial-0023/panel/jobs/connect4cnn/quiet-owl-24-s64174/metrics/connect4cnn/quiet-owl-24.ini
quiet-owl-24,pongcnn,64174,68304,29.013236084,289130.3808962588,,/home/keith/Git/ml/cnn-5090/build/learning-continuation/5090-20261009-overnight-v2/search/execution/trial-0023/panel/jobs/pongcnn/quiet-owl-24-s64174/metrics/pongcnn/quiet-owl-24.ini
quiet-owl-24,flappycnn,64174,68176,59.244595474,336282.8936648467,,/home/keith/Git/ml/cnn-5090/build/learning-continuation/5090-20261009-overnight-v2/search/execution/trial-0023/panel/jobs/flappycnn/quiet-owl-24-s64174/metrics/flappycnn/quiet-owl-24.ini
quiet-owl-24,breakoutcnn,64174,68304,60.560730094,277031.27049424703,,/home/keith/Git/ml/cnn-5090/build/learning-continuation/5090-20261009-overnight-v2/search/execution/trial-0023/panel/jobs/breakoutcnn/quiet-owl-24-s64174/metrics/breakoutcnn/quiet-owl-24.ini
quiet-owl-24,snakecnn,64174,68432,26.398243187,317771.44943232543,,/home/keith/Git/ml/cnn-5090/build/learning-continuation/5090-20261009-overnight-v2/search/execution/trial-0023/panel/jobs/snakecnn/quiet-owl-24-s64174/metrics/snakecnn/quiet-owl-24.ini
quiet-owl-24,mazecnn,64174,68560,170.577515931,196710.7553235389,,/home/keith/Git/ml/cnn-5090/build/learning-continuation/5090-20261009-overnight-v2/search/execution/trial-0023/panel/jobs/mazecnn/quiet-owl-24-s64174/metrics/mazecnn/quiet-owl-24.ini
quiet-owl-25,connect4cnn,64173,76432,105.613234323,126044.80949127575,,/home/keith/Git/ml/cnn-5090/build/learning-continuation/5090-20261009-overnight-v2/search/execution/trial-0024/panel/jobs/connect4cnn/quiet-owl-25-s64173/metrics/connect4cnn/quiet-owl-25.ini
quiet-owl-25,pongcnn,64173,75920,42.627261943,196789.74481675637,,/home/keith/Git/ml/cnn-5090/build/learning-continuation/5090-20261009-overnight-v2/search/execution/trial-0024/panel/jobs/pongcnn/quiet-owl-25-s64173/metrics/pongcnn/quiet-owl-25.ini
quiet-owl-25,flappycnn,64173,75792,90.698778713,219660.55422909916,,/home/keith/Git/ml/cnn-5090/build/learning-continuation/5090-20261009-overnight-v2/search/execution/trial-0024/panel/jobs/flappycnn/quiet-owl-25-s64173/metrics/flappycnn/quiet-owl-25.ini
quiet-owl-25,breakoutcnn,64173,75920,92.511495648,181352.77007990636,,/home/keith/Git/ml/cnn-5090/build/learning-continuation/5090-20261009-overnight-v2/search/execution/trial-0024/panel/jobs/breakoutcnn/quiet-owl-25-s64173/metrics/breakoutcnn/quiet-owl-25.ini
quiet-owl-25,snakecnn,64173,76048,41.720429499,201067.15344819418,,/home/keith/Git/ml/cnn-5090/build/learning-continuation/5090-20261009-overnight-v2/search/execution/trial-0024/panel/jobs/snakecnn/quiet-owl-25-s64173/metrics/snakecnn/quiet-owl-25.ini
quiet-owl-25,mazecnn,64173,76176,314.150376781,106810.0963106322,,/home/keith/Git/ml/cnn-5090/build/learning-continuation/5090-20261009-overnight-v2/search/execution/trial-0024/panel/jobs/mazecnn/quiet-owl-25-s64173/metrics/mazecnn/quiet-owl-25.ini
quiet-owl-25,connect4cnn,64174,76432,110.431307576,120545.52546920211,,/home/keith/Git/ml/cnn-5090/build/learning-continuation/5090-20261009-overnight-v2/search/execution/trial-0024/panel/jobs/connect4cnn/quiet-owl-25-s64174/metrics/connect4cnn/quiet-owl-25.ini
quiet-owl-25,pongcnn,64174,75920,43.724796353,191850.13309786288,,/home/keith/Git/ml/cnn-5090/build/learning-continuation/5090-20261009-overnight-v2/search/execution/trial-0024/panel/jobs/pongcnn/quiet-owl-25-s64174/metrics/pongcnn/quiet-owl-25.ini
quiet-owl-25,flappycnn,64174,75792,92.838470394,214597.9346218051,,/home/keith/Git/ml/cnn-5090/build/learning-continuation/5090-20261009-overnight-v2/search/execution/trial-0024/panel/jobs/flappycnn/quiet-owl-25-s64174/metrics/flappycnn/quiet-owl-25.ini
quiet-owl-25,breakoutcnn,64174,75920,90.305612875,185782.64922716192,,/home/keith/Git/ml/cnn-5090/build/learning-continuation/5090-20261009-overnight-v2/search/execution/trial-0024/panel/jobs/breakoutcnn/quiet-owl-25-s64174/metrics/breakoutcnn/quiet-owl-25.ini
quiet-owl-25,snakecnn,64174,76048,41.531452243,201982.05328622658,,/home/keith/Git/ml/cnn-5090/build/learning-continuation/5090-20261009-overnight-v2/search/execution/trial-0024/panel/jobs/snakecnn/quiet-owl-25-s64174/metrics/snakecnn/quiet-owl-25.ini
quiet-owl-25,mazecnn,64174,76176,309.630238574,108369.3639049426,,/home/keith/Git/ml/cnn-5090/build/learning-continuation/5090-20261009-overnight-v2/search/execution/trial-0024/panel/jobs/mazecnn/quiet-owl-25-s64174/metrics/mazecnn/quiet-owl-25.ini
quiet-owl-26,connect4cnn,64173,80296,74.91927715,177684.57607175404,,/home/keith/Git/ml/cnn-5090/build/learning-continuation/5090-20261009-overnight-v2/search/execution/trial-0025/panel/jobs/connect4cnn/quiet-owl-26-s64173/metrics/connect4cnn/quiet-owl-26.ini
quiet-owl-26,pongcnn,64173,79784,20.945974427,400487.8373758935,,/home/keith/Git/ml/cnn-5090/build/learning-continuation/5090-20261009-overnight-v2/search/execution/trial-0025/panel/jobs/pongcnn/quiet-owl-26-s64173/metrics/pongcnn/quiet-owl-26.ini
quiet-owl-26,flappycnn,64173,79656,40.31912859,494131.31426013296,,/home/keith/Git/ml/cnn-5090/build/learning-continuation/5090-20261009-overnight-v2/search/execution/trial-0025/panel/jobs/flappycnn/quiet-owl-26-s64173/metrics/flappycnn/quiet-owl-26.ini
quiet-owl-26,breakoutcnn,64173,79784,45.119904089,371836.2514004146,,/home/keith/Git/ml/cnn-5090/build/learning-continuation/5090-20261009-overnight-v2/search/execution/trial-0025/panel/jobs/breakoutcnn/quiet-owl-26-s64173/metrics/breakoutcnn/quiet-owl-26.ini
quiet-owl-26,snakecnn,64173,79912,18.289008518,458669.36918663204,,/home/keith/Git/ml/cnn-5090/build/learning-continuation/5090-20261009-overnight-v2/search/execution/trial-0025/panel/jobs/snakecnn/quiet-owl-26-s64173/metrics/snakecnn/quiet-owl-26.ini
quiet-owl-26,mazecnn,64173,80040,107.425818467,312349.791501077,,/home/keith/Git/ml/cnn-5090/build/learning-continuation/5090-20261009-overnight-v2/search/execution/trial-0025/panel/jobs/mazecnn/quiet-owl-26-s64173/metrics/mazecnn/quiet-owl-26.ini
quiet-owl-26,connect4cnn,64174,80296,74.019944775,179843.41977645038,,/home/keith/Git/ml/cnn-5090/build/learning-continuation/5090-20261009-overnight-v2/search/execution/trial-0025/panel/jobs/connect4cnn/quiet-owl-26-s64174/metrics/connect4cnn/quiet-owl-26.ini
quiet-owl-26,pongcnn,64174,79784,20.795325943,403389.1088311469,,/home/keith/Git/ml/cnn-5090/build/learning-continuation/5090-20261009-overnight-v2/search/execution/trial-0025/panel/jobs/pongcnn/quiet-owl-26-s64174/metrics/pongcnn/quiet-owl-26.ini
quiet-owl-26,flappycnn,64174,79656,40.018834846,497839.18189190753,,/home/keith/Git/ml/cnn-5090/build/learning-continuation/5090-20261009-overnight-v2/search/execution/trial-0025/panel/jobs/flappycnn/quiet-owl-26-s64174/metrics/flappycnn/quiet-owl-26.ini
quiet-owl-26,breakoutcnn,64174,79784,45.332633889,370091.3571684394,,/home/keith/Git/ml/cnn-5090/build/learning-continuation/5090-20261009-overnight-v2/search/execution/trial-0025/panel/jobs/breakoutcnn/quiet-owl-26-s64174/metrics/breakoutcnn/quiet-owl-26.ini
quiet-owl-26,snakecnn,64174,79912,18.240674026,459884.76018172334,,/home/keith/Git/ml/cnn-5090/build/learning-continuation/5090-20261009-overnight-v2/search/execution/trial-0025/panel/jobs/snakecnn/quiet-owl-26-s64174/metrics/snakecnn/quiet-owl-26.ini
quiet-owl-26,mazecnn,64174,80040,109.219341901,307220.6022850315,,/home/keith/Git/ml/cnn-5090/build/learning-continuation/5090-20261009-overnight-v2/search/execution/trial-0025/panel/jobs/mazecnn/quiet-owl-26-s64174/metrics/mazecnn/quiet-owl-26.ini
quiet-owl-27,connect4cnn,64173,80880,80.983276108,164379.61811086774,,/home/keith/Git/ml/cnn-5090/build/learning-continuation/5090-20261009-overnight-v2/search/execution/trial-0026/panel/jobs/connect4cnn/quiet-owl-27-s64173/metrics/connect4cnn/quiet-owl-27.ini
quiet-owl-27,pongcnn,64173,80368,25.901328763,323867.86318017443,,/home/keith/Git/ml/cnn-5090/build/learning-continuation/5090-20261009-overnight-v2/search/execution/trial-0026/panel/jobs/pongcnn/quiet-owl-27-s64173/metrics/pongcnn/quiet-owl-27.ini
quiet-owl-27,flappycnn,64173,80240,51.338604398,388069.45053567016,,/home/keith/Git/ml/cnn-5090/build/learning-continuation/5090-20261009-overnight-v2/search/execution/trial-0026/panel/jobs/flappycnn/quiet-owl-27-s64173/metrics/flappycnn/quiet-owl-27.ini
quiet-owl-27,breakoutcnn,64173,80368,54.847111543,305890.6025861855,,/home/keith/Git/ml/cnn-5090/build/learning-continuation/5090-20261009-overnight-v2/search/execution/trial-0026/panel/jobs/breakoutcnn/quiet-owl-27-s64173/metrics/breakoutcnn/quiet-owl-27.ini
quiet-owl-27,snakecnn,64173,80496,22.896938041,366363.74632184824,,/home/keith/Git/ml/cnn-5090/build/learning-continuation/5090-20261009-overnight-v2/search/execution/trial-0026/panel/jobs/snakecnn/quiet-owl-27-s64173/metrics/snakecnn/quiet-owl-27.ini
quiet-owl-27,mazecnn,64173,80624,152.942852349,219391.95905299456,,/home/keith/Git/ml/cnn-5090/build/learning-continuation/5090-20261009-overnight-v2/search/execution/trial-0026/panel/jobs/mazecnn/quiet-owl-27-s64173/metrics/mazecnn/quiet-owl-27.ini
quiet-owl-27,connect4cnn,64174,80880,80.227633158,165927.86644700583,,/home/keith/Git/ml/cnn-5090/build/learning-continuation/5090-20261009-overnight-v2/search/execution/trial-0026/panel/jobs/connect4cnn/quiet-owl-27-s64174/metrics/connect4cnn/quiet-owl-27.ini
quiet-owl-27,pongcnn,64174,80368,25.549596452,328326.4381791575,,/home/keith/Git/ml/cnn-5090/build/learning-continuation/5090-20261009-overnight-v2/search/execution/trial-0026/panel/jobs/pongcnn/quiet-owl-27-s64174/metrics/pongcnn/quiet-owl-27.ini
quiet-owl-27,flappycnn,64174,80240,51.435984907,387334.74309906055,,/home/keith/Git/ml/cnn-5090/build/learning-continuation/5090-20261009-overnight-v2/search/execution/trial-0026/panel/jobs/flappycnn/quiet-owl-27-s64174/metrics/flappycnn/quiet-owl-27.ini
quiet-owl-27,breakoutcnn,64174,80368,54.190493128,309597.0350439805,,/home/keith/Git/ml/cnn-5090/build/learning-continuation/5090-20261009-overnight-v2/search/execution/trial-0026/panel/jobs/breakoutcnn/quiet-owl-27-s64174/metrics/breakoutcnn/quiet-owl-27.ini
quiet-owl-27,snakecnn,64174,80496,22.848454476,367141.15647565515,,/home/keith/Git/ml/cnn-5090/build/learning-continuation/5090-20261009-overnight-v2/search/execution/trial-0026/panel/jobs/snakecnn/quiet-owl-27-s64174/metrics/snakecnn/quiet-owl-27.ini
quiet-owl-27,mazecnn,64174,80624,151.931972938,220851.6834945124,,/home/keith/Git/ml/cnn-5090/build/learning-continuation/5090-20261009-overnight-v2/search/execution/trial-0026/panel/jobs/mazecnn/quiet-owl-27-s64174/metrics/mazecnn/quiet-owl-27.ini
quiet-owl-28,connect4cnn,64173,160976,75.724183077,175795.8879062943,,/home/keith/Git/ml/cnn-5090/build/learning-continuation/5090-20261009-overnight-v2/search/execution/trial-0027/panel/jobs/connect4cnn/quiet-owl-28-s64173/metrics/connect4cnn/quiet-owl-28.ini
quiet-owl-28,pongcnn,64173,160464,21.644250388,387567.49943397485,,/home/keith/Git/ml/cnn-5090/build/learning-continuation/5090-20261009-overnight-v2/search/execution/trial-0027/panel/jobs/pongcnn/quiet-owl-28-s64173/metrics/pongcnn/quiet-owl-28.ini
quiet-owl-28,flappycnn,64173,160336,42.174949829,472388.09010510653,,/home/keith/Git/ml/cnn-5090/build/learning-continuation/5090-20261009-overnight-v2/search/execution/trial-0027/panel/jobs/flappycnn/quiet-owl-28-s64173/metrics/flappycnn/quiet-owl-28.ini
quiet-owl-28,breakoutcnn,64173,160464,46.977981796,357129.3478049863,,/home/keith/Git/ml/cnn-5090/build/learning-continuation/5090-20261009-overnight-v2/search/execution/trial-0027/panel/jobs/breakoutcnn/quiet-owl-28-s64173/metrics/breakoutcnn/quiet-owl-28.ini
quiet-owl-28,snakecnn,64173,160592,19.089667945,439431.84471142985,,/home/keith/Git/ml/cnn-5090/build/learning-continuation/5090-20261009-overnight-v2/search/execution/trial-0027/panel/jobs/snakecnn/quiet-owl-28-s64173/metrics/snakecnn/quiet-owl-28.ini
quiet-owl-28,mazecnn,64173,160720,116.088065608,289042.90741913836,,/home/keith/Git/ml/cnn-5090/build/learning-continuation/5090-20261009-overnight-v2/search/execution/trial-0027/panel/jobs/mazecnn/quiet-owl-28-s64173/metrics/mazecnn/quiet-owl-28.ini
quiet-owl-28,connect4cnn,64174,160976,75.96545955,175237.53662331394,,/home/keith/Git/ml/cnn-5090/build/learning-continuation/5090-20261009-overnight-v2/search/execution/trial-0027/panel/jobs/connect4cnn/quiet-owl-28-s64174/metrics/connect4cnn/quiet-owl-28.ini
quiet-owl-28,pongcnn,64174,160464,21.746535683,385744.567423567,,/home/keith/Git/ml/cnn-5090/build/learning-continuation/5090-20261009-overnight-v2/search/execution/trial-0027/panel/jobs/pongcnn/quiet-owl-28-s64174/metrics/pongcnn/quiet-owl-28.ini
quiet-owl-28,flappycnn,64174,160336,42.472436749,469079.3729999275,,/home/keith/Git/ml/cnn-5090/build/learning-continuation/5090-20261009-overnight-v2/search/execution/trial-0027/panel/jobs/flappycnn/quiet-owl-28-s64174/metrics/flappycnn/quiet-owl-28.ini
quiet-owl-28,breakoutcnn,64174,160464,46.877546964,357894.49505291315,,/home/keith/Git/ml/cnn-5090/build/learning-continuation/5090-20261009-overnight-v2/search/execution/trial-0027/panel/jobs/breakoutcnn/quiet-owl-28-s64174/metrics/breakoutcnn/quiet-owl-28.ini
quiet-owl-28,snakecnn,64174,160592,19.041965115,440532.68396085914,,/home/keith/Git/ml/cnn-5090/build/learning-continuation/5090-20261009-overnight-v2/search/execution/trial-0027/panel/jobs/snakecnn/quiet-owl-28-s64174/metrics/snakecnn/quiet-owl-28.ini
quiet-owl-28,mazecnn,64174,160720,115.272691177,291087.4349977439,,/home/keith/Git/ml/cnn-5090/build/learning-continuation/5090-20261009-overnight-v2/search/execution/trial-0027/panel/jobs/mazecnn/quiet-owl-28-s64174/metrics/mazecnn/quiet-owl-28.ini
quiet-owl-29,connect4cnn,64173,136784,110.065505137,120946.15823032272,,/home/keith/Git/ml/cnn-5090/build/learning-continuation/5090-20261009-overnight-v2/search/execution/trial-0028/panel/jobs/connect4cnn/quiet-owl-29-s64173/metrics/connect4cnn/quiet-owl-29.ini
quiet-owl-29,pongcnn,64173,136272,43.872263423,191205.2706084519,,/home/keith/Git/ml/cnn-5090/build/learning-continuation/5090-20261009-overnight-v2/search/execution/trial-0028/panel/jobs/pongcnn/quiet-owl-29-s64173/metrics/pongcnn/quiet-owl-29.ini
quiet-owl-29,flappycnn,64173,136144,95.243022436,209180.08994714048,,/home/keith/Git/ml/cnn-5090/build/learning-continuation/5090-20261009-overnight-v2/search/execution/trial-0028/panel/jobs/flappycnn/quiet-owl-29-s64173/metrics/flappycnn/quiet-owl-29.ini
quiet-owl-29,breakoutcnn,64173,136272,91.551326264,183254.7564807608,,/home/keith/Git/ml/cnn-5090/build/learning-continuation/5090-20261009-overnight-v2/search/execution/trial-0028/panel/jobs/breakoutcnn/quiet-owl-29-s64173/metrics/breakoutcnn/quiet-owl-29.ini
quiet-owl-29,snakecnn,64173,136400,41.524677509,202015.0065748702,,/home/keith/Git/ml/cnn-5090/build/learning-continuation/5090-20261009-overnight-v2/search/execution/trial-0028/panel/jobs/snakecnn/quiet-owl-29-s64173/metrics/snakecnn/quiet-owl-29.ini
quiet-owl-29,mazecnn,64173,136528,314.981638122,106528.21605748193,,/home/keith/Git/ml/cnn-5090/build/learning-continuation/5090-20261009-overnight-v2/search/execution/trial-0028/panel/jobs/mazecnn/quiet-owl-29-s64173/metrics/mazecnn/quiet-owl-29.ini
quiet-owl-29,connect4cnn,64174,136784,109.624597365,121432.6010765367,,/home/keith/Git/ml/cnn-5090/build/learning-continuation/5090-20261009-overnight-v2/search/execution/trial-0028/panel/jobs/connect4cnn/quiet-owl-29-s64174/metrics/connect4cnn/quiet-owl-29.ini
quiet-owl-29,pongcnn,64174,136272,44.029851845,190520.92270332278,,/home/keith/Git/ml/cnn-5090/build/learning-continuation/5090-20261009-overnight-v2/search/execution/trial-0028/panel/jobs/pongcnn/quiet-owl-29-s64174/metrics/pongcnn/quiet-owl-29.ini
quiet-owl-29,flappycnn,64174,136144,95.152509499,209379.07055629865,,/home/keith/Git/ml/cnn-5090/build/learning-continuation/5090-20261009-overnight-v2/search/execution/trial-0028/panel/jobs/flappycnn/quiet-owl-29-s64174/metrics/flappycnn/quiet-owl-29.ini
quiet-owl-29,breakoutcnn,64174,136272,91.302403359,183754.3742855506,,/home/keith/Git/ml/cnn-5090/build/learning-continuation/5090-20261009-overnight-v2/search/execution/trial-0028/panel/jobs/breakoutcnn/quiet-owl-29-s64174/metrics/breakoutcnn/quiet-owl-29.ini
quiet-owl-29,snakecnn,64174,136400,41.470420723,202279.30784766734,,/home/keith/Git/ml/cnn-5090/build/learning-continuation/5090-20261009-overnight-v2/search/execution/trial-0028/panel/jobs/snakecnn/quiet-owl-29-s64174/metrics/snakecnn/quiet-owl-29.ini
quiet-owl-29,mazecnn,64174,136528,314.532905195,106680.19608058927,,/home/keith/Git/ml/cnn-5090/build/learning-continuation/5090-20261009-overnight-v2/search/execution/trial-0028/panel/jobs/mazecnn/quiet-owl-29-s64174/metrics/mazecnn/quiet-owl-29.ini
quiet-owl-30,connect4cnn,64173,172008,103.255191901,128923.29920575235,,/home/keith/Git/ml/cnn-5090/build/learning-continuation/5090-20261009-overnight-v2/search/execution/trial-0029/panel/jobs/connect4cnn/quiet-owl-30-s64173/metrics/connect4cnn/quiet-owl-30.ini
quiet-owl-30,pongcnn,64173,171496,39.967526231,209885.5944077306,,/home/keith/Git/ml/cnn-5090/build/learning-continuation/5090-20261009-overnight-v2/search/execution/trial-0029/panel/jobs/pongcnn/quiet-owl-30-s64173/metrics/pongcnn/quiet-owl-30.ini
quiet-owl-30,flappycnn,64173,171368,85.637419284,232642.97507529266,,/home/keith/Git/ml/cnn-5090/build/learning-continuation/5090-20261009-overnight-v2/search/execution/trial-0029/panel/jobs/flappycnn/quiet-owl-30-s64173/metrics/flappycnn/quiet-owl-30.ini
quiet-owl-30,breakoutcnn,64173,171496,82.986522415,202167.96067318373,,/home/keith/Git/ml/cnn-5090/build/learning-continuation/5090-20261009-overnight-v2/search/execution/trial-0029/panel/jobs/breakoutcnn/quiet-owl-30-s64173/metrics/breakoutcnn/quiet-owl-30.ini
quiet-owl-30,snakecnn,64173,171624,37.313775097,224812.63228373905,,/home/keith/Git/ml/cnn-5090/build/learning-continuation/5090-20261009-overnight-v2/search/execution/trial-0029/panel/jobs/snakecnn/quiet-owl-30-s64173/metrics/snakecnn/quiet-owl-30.ini
quiet-owl-30,mazecnn,64173,171752,274.871669747,122073.08243473942,,/home/keith/Git/ml/cnn-5090/build/learning-continuation/5090-20261009-overnight-v2/search/execution/trial-0029/panel/jobs/mazecnn/quiet-owl-30-s64173/metrics/mazecnn/quiet-owl-30.ini
quiet-owl-30,connect4cnn,64174,172008,104.36777367,127548.95052270783,,/home/keith/Git/ml/cnn-5090/build/learning-continuation/5090-20261009-overnight-v2/search/execution/trial-0029/panel/jobs/connect4cnn/quiet-owl-30-s64174/metrics/connect4cnn/quiet-owl-30.ini
quiet-owl-30,pongcnn,64174,171496,39.91807082,210145.62647143478,,/home/keith/Git/ml/cnn-5090/build/learning-continuation/5090-20261009-overnight-v2/search/execution/trial-0029/panel/jobs/pongcnn/quiet-owl-30-s64174/metrics/pongcnn/quiet-owl-30.ini
quiet-owl-30,flappycnn,64174,171368,85.291694635,233585.97909513797,,/home/keith/Git/ml/cnn-5090/build/learning-continuation/5090-20261009-overnight-v2/search/execution/trial-0029/panel/jobs/flappycnn/quiet-owl-30-s64174/metrics/flappycnn/quiet-owl-30.ini
quiet-owl-30,breakoutcnn,64174,171496,82.97845417,202187.61807285665,,/home/keith/Git/ml/cnn-5090/build/learning-continuation/5090-20261009-overnight-v2/search/execution/trial-0029/panel/jobs/breakoutcnn/quiet-owl-30-s64174/metrics/breakoutcnn/quiet-owl-30.ini
quiet-owl-30,snakecnn,64174,171624,37.218854827,225385.97812833774,,/home/keith/Git/ml/cnn-5090/build/learning-continuation/5090-20261009-overnight-v2/search/execution/trial-0029/panel/jobs/snakecnn/quiet-owl-30-s64174/metrics/snakecnn/quiet-owl-30.ini
quiet-owl-30,mazecnn,64174,171752,275.080107244,121980.58353320598,,/home/keith/Git/ml/cnn-5090/build/learning-continuation/5090-20261009-overnight-v2/search/execution/trial-0029/panel/jobs/mazecnn/quiet-owl-30-s64174/metrics/mazecnn/quiet-owl-30.ini
quiet-owl-31,connect4cnn,64173,101352,84.029822112,158419.9474117292,,/home/keith/Git/ml/cnn-5090/build/learning-continuation/5090-20261009-overnight-v2/search/execution/trial-0030/panel/jobs/connect4cnn/quiet-owl-31-s64173/metrics/connect4cnn/quiet-owl-31.ini
quiet-owl-31,pongcnn,64173,100840,27.352637476,306683.69759078656,,/home/keith/Git/ml/cnn-5090/build/learning-continuation/5090-20261009-overnight-v2/search/execution/trial-0030/panel/jobs/pongcnn/quiet-owl-31-s64173/metrics/pongcnn/quiet-owl-31.ini
quiet-owl-31,flappycnn,64173,100712,55.436594955,359382.53451843886,,/home/keith/Git/ml/cnn-5090/build/learning-continuation/5090-20261009-overnight-v2/search/execution/trial-0030/panel/jobs/flappycnn/quiet-owl-31-s64173/metrics/flappycnn/quiet-owl-31.ini
quiet-owl-31,breakoutcnn,64173,100840,58.099648887,288766.2201303588,,/home/keith/Git/ml/cnn-5090/build/learning-continuation/5090-20261009-overnight-v2/search/execution/trial-0030/panel/jobs/breakoutcnn/quiet-owl-31-s64173/metrics/breakoutcnn/quiet-owl-31.ini
quiet-owl-31,snakecnn,64173,100968,24.800850253,338238.72627049487,,/home/keith/Git/ml/cnn-5090/build/learning-continuation/5090-20261009-overnight-v2/search/execution/trial-0030/panel/jobs/snakecnn/quiet-owl-31-s64173/metrics/snakecnn/quiet-owl-31.ini
quiet-owl-31,mazecnn,64173,101096,161.007183334,208403.32279084277,,/home/keith/Git/ml/cnn-5090/build/learning-continuation/5090-20261009-overnight-v2/search/execution/trial-0030/panel/jobs/mazecnn/quiet-owl-31-s64173/metrics/mazecnn/quiet-owl-31.ini
quiet-owl-31,connect4cnn,64174,101352,84.833382106,156919.35968515964,,/home/keith/Git/ml/cnn-5090/build/learning-continuation/5090-20261009-overnight-v2/search/execution/trial-0030/panel/jobs/connect4cnn/quiet-owl-31-s64174/metrics/connect4cnn/quiet-owl-31.ini
quiet-owl-31,pongcnn,64174,100840,27.30127592,307260.65787477675,,/home/keith/Git/ml/cnn-5090/build/learning-continuation/5090-20261009-overnight-v2/search/execution/trial-0030/panel/jobs/pongcnn/quiet-owl-31-s64174/metrics/pongcnn/quiet-owl-31.ini
quiet-owl-31,flappycnn,64174,100712,55.889316605,356471.4190514479,,/home/keith/Git/ml/cnn-5090/build/learning-continuation/5090-20261009-overnight-v2/search/execution/trial-0030/panel/jobs/flappycnn/quiet-owl-31-s64174/metrics/flappycnn/quiet-owl-31.ini
quiet-owl-31,breakoutcnn,64174,100840,58.091271325,288807.8641993811,,/home/keith/Git/ml/cnn-5090/build/learning-continuation/5090-20261009-overnight-v2/search/execution/trial-0030/panel/jobs/breakoutcnn/quiet-owl-31-s64174/metrics/breakoutcnn/quiet-owl-31.ini
quiet-owl-31,snakecnn,64174,100968,24.599921869,341001.4082431312,,/home/keith/Git/ml/cnn-5090/build/learning-continuation/5090-20261009-overnight-v2/search/execution/trial-0030/panel/jobs/snakecnn/quiet-owl-31-s64174/metrics/snakecnn/quiet-owl-31.ini
quiet-owl-31,mazecnn,64174,101096,160.048275467,209651.94346576082,,/home/keith/Git/ml/cnn-5090/build/learning-continuation/5090-20261009-overnight-v2/search/execution/trial-0030/panel/jobs/mazecnn/quiet-owl-31-s64174/metrics/mazecnn/quiet-owl-31.ini
quiet-owl-32,connect4cnn,64173,74416,90.089497634,147764.1717359962,,/home/keith/Git/ml/cnn-5090/build/learning-continuation/5090-20261009-overnight-v2/search/execution/trial-0031/panel/jobs/connect4cnn/quiet-owl-32-s64173/metrics/connect4cnn/quiet-owl-32.ini
quiet-owl-32,pongcnn,64173,73904,30.758717769,272722.9419314225,,/home/keith/Git/ml/cnn-5090/build/learning-continuation/5090-20261009-overnight-v2/search/execution/trial-0031/panel/jobs/pongcnn/quiet-owl-32-s64173/metrics/pongcnn/quiet-owl-32.ini
quiet-owl-32,flappycnn,64173,73776,64.409888576,309314.98936676566,,/home/keith/Git/ml/cnn-5090/build/learning-continuation/5090-20261009-overnight-v2/search/execution/trial-0031/panel/jobs/flappycnn/quiet-owl-32-s64173/metrics/flappycnn/quiet-owl-32.ini
quiet-owl-32,breakoutcnn,64173,73904,65.258382181,257089.05797674973,,/home/keith/Git/ml/cnn-5090/build/learning-continuation/5090-20261009-overnight-v2/search/execution/trial-0031/panel/jobs/breakoutcnn/quiet-owl-32-s64173/metrics/breakoutcnn/quiet-owl-32.ini
quiet-owl-32,snakecnn,64173,74032,28.205201763,297413.5079935609,,/home/keith/Git/ml/cnn-5090/build/learning-continuation/5090-20261009-overnight-v2/search/execution/trial-0031/panel/jobs/snakecnn/quiet-owl-32-s64173/metrics/snakecnn/quiet-owl-32.ini
quiet-owl-32,mazecnn,64173,74160,196.956444392,170364.7326878882,,/home/keith/Git/ml/cnn-5090/build/learning-continuation/5090-20261009-overnight-v2/search/execution/trial-0031/panel/jobs/mazecnn/quiet-owl-32-s64173/metrics/mazecnn/quiet-owl-32.ini
quiet-owl-32,connect4cnn,64174,74416,89.547262322,148658.92775294263,,/home/keith/Git/ml/cnn-5090/build/learning-continuation/5090-20261009-overnight-v2/search/execution/trial-0031/panel/jobs/connect4cnn/quiet-owl-32-s64174/metrics/connect4cnn/quiet-owl-32.ini
quiet-owl-32,pongcnn,64174,73904,31.011171058,270502.78057255043,,/home/keith/Git/ml/cnn-5090/build/learning-continuation/5090-20261009-overnight-v2/search/execution/trial-0031/panel/jobs/pongcnn/quiet-owl-32-s64174/metrics/pongcnn/quiet-owl-32.ini
quiet-owl-32,flappycnn,64174,73776,64.342513874,309638.88105171797,,/home/keith/Git/ml/cnn-5090/build/learning-continuation/5090-20261009-overnight-v2/search/execution/trial-0031/panel/jobs/flappycnn/quiet-owl-32-s64174/metrics/flappycnn/quiet-owl-32.ini
quiet-owl-32,breakoutcnn,64174,73904,65.30954945,256887.6395762672,,/home/keith/Git/ml/cnn-5090/build/learning-continuation/5090-20261009-overnight-v2/search/execution/trial-0031/panel/jobs/breakoutcnn/quiet-owl-32-s64174/metrics/breakoutcnn/quiet-owl-32.ini
quiet-owl-32,snakecnn,64174,74032,28.251906452,296921.83832805225,,/home/keith/Git/ml/cnn-5090/build/learning-continuation/5090-20261009-overnight-v2/search/execution/trial-0031/panel/jobs/snakecnn/quiet-owl-32-s64174/metrics/snakecnn/quiet-owl-32.ini
quiet-owl-32,mazecnn,64174,74160,198.354135945,169164.26693166627,,/home/keith/Git/ml/cnn-5090/build/learning-continuation/5090-20261009-overnight-v2/search/execution/trial-0031/panel/jobs/mazecnn/quiet-owl-32-s64174/metrics/mazecnn/quiet-owl-32.ini
quiet-owl-33,connect4cnn,64173,108480,86.638280913,153650.32477234374,,/home/keith/Git/ml/cnn-5090/build/learning-continuation/5090-20261009-overnight-v2/search/execution/trial-0032/panel/jobs/connect4cnn/quiet-owl-33-s64173/metrics/connect4cnn/quiet-owl-33.ini
quiet-owl-33,pongcnn,64173,107968,29.008176048,289180.8153025313,,/home/keith/Git/ml/cnn-5090/build/learning-continuation/5090-20261009-overnight-v2/search/execution/trial-0032/panel/jobs/pongcnn/quiet-owl-33-s64173/metrics/pongcnn/quiet-owl-33.ini
quiet-owl-33,flappycnn,64173,107840,59.403261295,335384.68369710405,,/home/keith/Git/ml/cnn-5090/build/learning-continuation/5090-20261009-overnight-v2/search/execution/trial-0032/panel/jobs/flappycnn/quiet-owl-33-s64173/metrics/flappycnn/quiet-owl-33.ini
quiet-owl-33,breakoutcnn,64173,107968,61.096911797,274600.0658060069,,/home/keith/Git/ml/cnn-5090/build/learning-continuation/5090-20261009-overnight-v2/search/execution/trial-0032/panel/jobs/breakoutcnn/quiet-owl-33-s64173/metrics/breakoutcnn/quiet-owl-33.ini
quiet-owl-33,snakecnn,64173,108096,26.10052849,321396.09752400074,,/home/keith/Git/ml/cnn-5090/build/learning-continuation/5090-20261009-overnight-v2/search/execution/trial-0032/panel/jobs/snakecnn/quiet-owl-33-s64173/metrics/snakecnn/quiet-owl-33.ini
quiet-owl-33,mazecnn,64173,108224,185.472561324,180913.18608246386,,/home/keith/Git/ml/cnn-5090/build/learning-continuation/5090-20261009-overnight-v2/search/execution/trial-0032/panel/jobs/mazecnn/quiet-owl-33-s64173/metrics/mazecnn/quiet-owl-33.ini
quiet-owl-33,connect4cnn,64174,108480,86.842964738,153288.17987918196,,/home/keith/Git/ml/cnn-5090/build/learning-continuation/5090-20261009-overnight-v2/search/execution/trial-0032/panel/jobs/connect4cnn/quiet-owl-33-s64174/metrics/connect4cnn/quiet-owl-33.ini
quiet-owl-33,pongcnn,64174,107968,29.106234001,288206.5745679016,,/home/keith/Git/ml/cnn-5090/build/learning-continuation/5090-20261009-overnight-v2/search/execution/trial-0032/panel/jobs/pongcnn/quiet-owl-33-s64174/metrics/pongcnn/quiet-owl-33.ini
quiet-owl-33,flappycnn,64174,107840,59.801605604,333150.65371200326,,/home/keith/Git/ml/cnn-5090/build/learning-continuation/5090-20261009-overnight-v2/search/execution/trial-0032/panel/jobs/flappycnn/quiet-owl-33-s64174/metrics/flappycnn/quiet-owl-33.ini
quiet-owl-33,breakoutcnn,64174,107968,61.55398372,272561.0104508765,,/home/keith/Git/ml/cnn-5090/build/learning-continuation/5090-20261009-overnight-v2/search/execution/trial-0032/panel/jobs/breakoutcnn/quiet-owl-33-s64174/metrics/breakoutcnn/quiet-owl-33.ini
quiet-owl-33,snakecnn,64174,108096,26.398149725,317772.5744943285,,/home/keith/Git/ml/cnn-5090/build/learning-continuation/5090-20261009-overnight-v2/search/execution/trial-0032/panel/jobs/snakecnn/quiet-owl-33-s64174/metrics/snakecnn/quiet-owl-33.ini
quiet-owl-33,mazecnn,64174,108224,186.233464022,180174.02069069698,,/home/keith/Git/ml/cnn-5090/build/learning-continuation/5090-20261009-overnight-v2/search/execution/trial-0032/panel/jobs/mazecnn/quiet-owl-33-s64174/metrics/mazecnn/quiet-owl-33.ini
quiet-owl-34,connect4cnn,64173,110024,96.958059371,137296.47732596428,,/home/keith/Git/ml/cnn-5090/build/learning-continuation/5090-20261009-overnight-v2/search/execution/trial-0033/panel/jobs/connect4cnn/quiet-owl-34-s64173/metrics/connect4cnn/quiet-owl-34.ini
quiet-owl-34,pongcnn,64173,109512,35.313217242,237548.67596778908,,/home/keith/Git/ml/cnn-5090/build/learning-continuation/5090-20261009-overnight-v2/search/execution/trial-0033/panel/jobs/pongcnn/quiet-owl-34-s64173/metrics/pongcnn/quiet-owl-34.ini
quiet-owl-34,flappycnn,64173,109384,74.413550209,267732.74415807147,,/home/keith/Git/ml/cnn-5090/build/learning-continuation/5090-20261009-overnight-v2/search/execution/trial-0033/panel/jobs/flappycnn/quiet-owl-34-s64173/metrics/flappycnn/quiet-owl-34.ini
quiet-owl-34,breakoutcnn,64173,109512,74.516807277,225146.7368648036,,/home/keith/Git/ml/cnn-5090/build/learning-continuation/5090-20261009-overnight-v2/search/execution/trial-0033/panel/jobs/breakoutcnn/quiet-owl-34-s64173/metrics/breakoutcnn/quiet-owl-34.ini
quiet-owl-34,snakecnn,64173,109640,33.363981185,251427.06901451576,,/home/keith/Git/ml/cnn-5090/build/learning-continuation/5090-20261009-overnight-v2/search/execution/trial-0033/panel/jobs/snakecnn/quiet-owl-34-s64173/metrics/snakecnn/quiet-owl-34.ini
quiet-owl-34,mazecnn,64173,109768,245.63360866,136603.58687497533,,/home/keith/Git/ml/cnn-5090/build/learning-continuation/5090-20261009-overnight-v2/search/execution/trial-0033/panel/jobs/mazecnn/quiet-owl-34-s64173/metrics/mazecnn/quiet-owl-34.ini
quiet-owl-34,connect4cnn,64174,110024,98.908913825,134588.47625758973,,/home/keith/Git/ml/cnn-5090/build/learning-continuation/5090-20261009-overnight-v2/search/execution/trial-0033/panel/jobs/connect4cnn/quiet-owl-34-s64174/metrics/connect4cnn/quiet-owl-34.ini
quiet-owl-34,pongcnn,64174,109512,35.66213956,235224.47344715623,,/home/keith/Git/ml/cnn-5090/build/learning-continuation/5090-20261009-overnight-v2/search/execution/trial-0033/panel/jobs/pongcnn/quiet-owl-34-s64174/metrics/pongcnn/quiet-owl-34.ini
quiet-owl-34,flappycnn,64174,109384,75.677414684,263261.4246032401,,/home/keith/Git/ml/cnn-5090/build/learning-continuation/5090-20261009-overnight-v2/search/execution/trial-0033/panel/jobs/flappycnn/quiet-owl-34-s64174/metrics/flappycnn/quiet-owl-34.ini
quiet-owl-34,breakoutcnn,64174,109512,83.236723729,201560.26388812263,,/home/keith/Git/ml/cnn-5090/build/learning-continuation/5090-20261009-overnight-v2/search/execution/trial-0033/panel/jobs/breakoutcnn/quiet-owl-34-s64174/metrics/breakoutcnn/quiet-owl-34.ini
quiet-owl-34,snakecnn,64174,109640,33.112408186,253337.29739254428,,/home/keith/Git/ml/cnn-5090/build/learning-continuation/5090-20261009-overnight-v2/search/execution/trial-0033/panel/jobs/snakecnn/quiet-owl-34-s64174/metrics/snakecnn/quiet-owl-34.ini
quiet-owl-34,mazecnn,64174,109768,246.02694726,136385.19021471194,,/home/keith/Git/ml/cnn-5090/build/learning-continuation/5090-20261009-overnight-v2/search/execution/trial-0033/panel/jobs/mazecnn/quiet-owl-34-s64174/metrics/mazecnn/quiet-owl-34.ini
quiet-owl-35,connect4cnn,64173,136200,104.318450693,127609.25715026235,,/home/keith/Git/ml/cnn-5090/build/learning-continuation/5090-20261009-overnight-v2/search/execution/trial-0034/panel/jobs/connect4cnn/quiet-owl-35-s64173/metrics/connect4cnn/quiet-owl-35.ini
quiet-owl-35,pongcnn,64173,135688,40.072880142,209333.7930858626,,/home/keith/Git/ml/cnn-5090/build/learning-continuation/5090-20261009-overnight-v2/search/execution/trial-0034/panel/jobs/pongcnn/quiet-owl-35-s64173/metrics/pongcnn/quiet-owl-35.ini
quiet-owl-35,flappycnn,64173,135560,84.787728486,234974.38079485335,,/home/keith/Git/ml/cnn-5090/build/learning-continuation/5090-20261009-overnight-v2/search/execution/trial-0034/panel/jobs/flappycnn/quiet-owl-35-s64173/metrics/flappycnn/quiet-owl-35.ini
quiet-owl-35,breakoutcnn,64173,135688,82.841581862,202521.67598571442,,/home/keith/Git/ml/cnn-5090/build/learning-continuation/5090-20261009-overnight-v2/search/execution/trial-0034/panel/jobs/breakoutcnn/quiet-owl-35-s64173/metrics/breakoutcnn/quiet-owl-35.ini
quiet-owl-35,snakecnn,64173,135816,37.365958142,224498.67251151943,,/home/keith/Git/ml/cnn-5090/build/learning-continuation/5090-20261009-overnight-v2/search/execution/trial-0034/panel/jobs/snakecnn/quiet-owl-35-s64173/metrics/snakecnn/quiet-owl-35.ini
quiet-owl-35,mazecnn,64173,135944,274.09884697,122417.26797074967,,/home/keith/Git/ml/cnn-5090/build/learning-continuation/5090-20261009-overnight-v2/search/execution/trial-0034/panel/jobs/mazecnn/quiet-owl-35-s64173/metrics/mazecnn/quiet-owl-35.ini
quiet-owl-35,connect4cnn,64174,136200,103.95443961,128056.0989019986,,/home/keith/Git/ml/cnn-5090/build/learning-continuation/5090-20261009-overnight-v2/search/execution/trial-0034/panel/jobs/connect4cnn/quiet-owl-35-s64174/metrics/connect4cnn/quiet-owl-35.ini
quiet-owl-35,pongcnn,64174,135688,39.673145942,211442.9748592081,,/home/keith/Git/ml/cnn-5090/build/learning-continuation/5090-20261009-overnight-v2/search/execution/trial-0034/panel/jobs/pongcnn/quiet-owl-35-s64174/metrics/pongcnn/quiet-owl-35.ini
quiet-owl-35,flappycnn,64174,135560,85.793005022,232221.07670539265,,/home/keith/Git/ml/cnn-5090/build/learning-continuation/5090-20261009-overnight-v2/search/execution/trial-0034/panel/jobs/flappycnn/quiet-owl-35-s64174/metrics/flappycnn/quiet-owl-35.ini
quiet-owl-35,breakoutcnn,64174,135688,83.487471334,200954.89457191803,,/home/keith/Git/ml/cnn-5090/build/learning-continuation/5090-20261009-overnight-v2/search/execution/trial-0034/panel/jobs/breakoutcnn/quiet-owl-35-s64174/metrics/breakoutcnn/quiet-owl-35.ini
quiet-owl-35,snakecnn,64174,135816,37.016556892,226617.72742599252,,/home/keith/Git/ml/cnn-5090/build/learning-continuation/5090-20261009-overnight-v2/search/execution/trial-0034/panel/jobs/snakecnn/quiet-owl-35-s64174/metrics/snakecnn/quiet-owl-35.ini
quiet-owl-35,mazecnn,64174,135944,274.171338879,122384.90039547339,,/home/keith/Git/ml/cnn-5090/build/learning-continuation/5090-20261009-overnight-v2/search/execution/trial-0034/panel/jobs/mazecnn/quiet-owl-35-s64174/metrics/mazecnn/quiet-owl-35.ini
quiet-owl-36,connect4cnn,64173,178928,110.961946131,119969.05663752556,,/home/keith/Git/ml/cnn-5090/build/learning-continuation/5090-20261009-overnight-v2/search/execution/trial-0035/panel/jobs/connect4cnn/quiet-owl-36-s64173/metrics/connect4cnn/quiet-owl-36.ini
quiet-owl-36,pongcnn,64173,178416,44.375692164,189036.10492424725,,/home/keith/Git/ml/cnn-5090/build/learning-continuation/5090-20261009-overnight-v2/search/execution/trial-0035/panel/jobs/pongcnn/quiet-owl-36-s64173/metrics/pongcnn/quiet-owl-36.ini
quiet-owl-36,flappycnn,64173,178288,96.653697287,206127.07593421417,,/home/keith/Git/ml/cnn-5090/build/learning-continuation/5090-20261009-overnight-v2/search/execution/trial-0035/panel/jobs/flappycnn/quiet-owl-36-s64173/metrics/flappycnn/quiet-owl-36.ini
quiet-owl-36,breakoutcnn,64173,178416,92.953083303,180491.22636751228,,/home/keith/Git/ml/cnn-5090/build/learning-continuation/5090-20261009-overnight-v2/search/execution/trial-0035/panel/jobs/breakoutcnn/quiet-owl-36-s64173/metrics/breakoutcnn/quiet-owl-36.ini
quiet-owl-36,snakecnn,64173,178544,41.721860447,201060.25738368486,,/home/keith/Git/ml/cnn-5090/build/learning-continuation/5090-20261009-overnight-v2/search/execution/trial-0035/panel/jobs/snakecnn/quiet-owl-36-s64173/metrics/snakecnn/quiet-owl-36.ini
quiet-owl-36,mazecnn,64173,178672,313.378723946,107073.10176482162,,/home/keith/Git/ml/cnn-5090/build/learning-continuation/5090-20261009-overnight-v2/search/execution/trial-0035/panel/jobs/mazecnn/quiet-owl-36-s64173/metrics/mazecnn/quiet-owl-36.ini
quiet-owl-36,connect4cnn,64174,178928,110.821430504,120121.17096358465,,/home/keith/Git/ml/cnn-5090/build/learning-continuation/5090-20261009-overnight-v2/search/execution/trial-0035/panel/jobs/connect4cnn/quiet-owl-36-s64174/metrics/connect4cnn/quiet-owl-36.ini
quiet-owl-36,pongcnn,64174,178416,44.280045029,189444.43246401649,,/home/keith/Git/ml/cnn-5090/build/learning-continuation/5090-20261009-overnight-v2/search/execution/trial-0035/panel/jobs/pongcnn/quiet-owl-36-s64174/metrics/pongcnn/quiet-owl-36.ini
quiet-owl-36,flappycnn,64174,178288,95.894884441,207758.15223238245,,/home/keith/Git/ml/cnn-5090/build/learning-continuation/5090-20261009-overnight-v2/search/execution/trial-0035/panel/jobs/flappycnn/quiet-owl-36-s64174/metrics/flappycnn/quiet-owl-36.ini
quiet-owl-36,breakoutcnn,64174,178416,92.701698897,180980.67456822997,,/home/keith/Git/ml/cnn-5090/build/learning-continuation/5090-20261009-overnight-v2/search/execution/trial-0035/panel/jobs/breakoutcnn/quiet-owl-36-s64174/metrics/breakoutcnn/quiet-owl-36.ini
quiet-owl-36,snakecnn,64174,178544,42.022316529,199622.6931994799,,/home/keith/Git/ml/cnn-5090/build/learning-continuation/5090-20261009-overnight-v2/search/execution/trial-0035/panel/jobs/snakecnn/quiet-owl-36-s64174/metrics/snakecnn/quiet-owl-36.ini
quiet-owl-36,mazecnn,64174,178672,314.030798663,106850.76795925584,,/home/keith/Git/ml/cnn-5090/build/learning-continuation/5090-20261009-overnight-v2/search/execution/trial-0035/panel/jobs/mazecnn/quiet-owl-36-s64174/metrics/mazecnn/quiet-owl-36.ini
quiet-owl-37,connect4cnn,64173,101936,110.41915828,120558.7889580134,,/home/keith/Git/ml/cnn-5090/build/learning-continuation/5090-20261009-overnight-v2/search/execution/trial-0036/panel/jobs/connect4cnn/quiet-owl-37-s64173/metrics/connect4cnn/quiet-owl-37.ini
quiet-owl-37,pongcnn,64173,101424,43.57824907,192495.29705806513,,/home/keith/Git/ml/cnn-5090/build/learning-continuation/5090-20261009-overnight-v2/search/execution/trial-0036/panel/jobs/pongcnn/quiet-owl-37-s64173/metrics/pongcnn/quiet-owl-37.ini
quiet-owl-37,flappycnn,64173,101296,93.856460913,212270.35204819325,,/home/keith/Git/ml/cnn-5090/build/learning-continuation/5090-20261009-overnight-v2/search/execution/trial-0036/panel/jobs/flappycnn/quiet-owl-37-s64173/metrics/flappycnn/quiet-owl-37.ini
quiet-owl-37,breakoutcnn,64173,101424,90.890903443,184586.3047287391,,/home/keith/Git/ml/cnn-5090/build/learning-continuation/5090-20261009-overnight-v2/search/execution/trial-0036/panel/jobs/breakoutcnn/quiet-owl-37-s64173/metrics/breakoutcnn/quiet-owl-37.ini
quiet-owl-37,snakecnn,64173,101552,41.020486285,204498.0145217701,,/home/keith/Git/ml/cnn-5090/build/learning-continuation/5090-20261009-overnight-v2/search/execution/trial-0036/panel/jobs/snakecnn/quiet-owl-37-s64173/metrics/snakecnn/quiet-owl-37.ini
quiet-owl-37,mazecnn,64173,101680,312.318103871,107436.71783387662,,/home/keith/Git/ml/cnn-5090/build/learning-continuation/5090-20261009-overnight-v2/search/execution/trial-0036/panel/jobs/mazecnn/quiet-owl-37-s64173/metrics/mazecnn/quiet-owl-37.ini
quiet-owl-37,connect4cnn,64174,101936,109.520915021,121547.56009340775,,/home/keith/Git/ml/cnn-5090/build/learning-continuation/5090-20261009-overnight-v2/search/execution/trial-0036/panel/jobs/connect4cnn/quiet-owl-37-s64174/metrics/connect4cnn/quiet-owl-37.ini
quiet-owl-37,pongcnn,64174,101424,43.924293521,190978.78025037432,,/home/keith/Git/ml/cnn-5090/build/learning-continuation/5090-20261009-overnight-v2/search/execution/trial-0036/panel/jobs/pongcnn/quiet-owl-37-s64174/metrics/pongcnn/quiet-owl-37.ini
quiet-owl-37,flappycnn,64174,101296,94.15471661,211597.93919324505,,/home/keith/Git/ml/cnn-5090/build/learning-continuation/5090-20261009-overnight-v2/search/execution/trial-0036/panel/jobs/flappycnn/quiet-owl-37-s64174/metrics/flappycnn/quiet-owl-37.ini
quiet-owl-37,breakoutcnn,64174,101424,90.691594118,184991.96274101158,,/home/keith/Git/ml/cnn-5090/build/learning-continuation/5090-20261009-overnight-v2/search/execution/trial-0036/panel/jobs/breakoutcnn/quiet-owl-37-s64174/metrics/breakoutcnn/quiet-owl-37.ini
quiet-owl-37,snakecnn,64174,101552,41.075462447,204224.31058016422,,/home/keith/Git/ml/cnn-5090/build/learning-continuation/5090-20261009-overnight-v2/search/execution/trial-0036/panel/jobs/snakecnn/quiet-owl-37-s64174/metrics/snakecnn/quiet-owl-37.ini
quiet-owl-37,mazecnn,64174,101680,311.822210428,107607.57533577854,,/home/keith/Git/ml/cnn-5090/build/learning-continuation/5090-20261009-overnight-v2/search/execution/trial-0036/panel/jobs/mazecnn/quiet-owl-37-s64174/metrics/mazecnn/quiet-owl-37.ini
quiet-owl-38,connect4cnn,64173,80880,81.584728543,163167.79178818723,,/home/keith/Git/ml/cnn-5090/build/learning-continuation/5090-20261009-overnight-v2/search/execution/trial-0037/panel/jobs/connect4cnn/quiet-owl-38-s64173/metrics/connect4cnn/quiet-owl-38.ini
quiet-owl-38,pongcnn,64173,80368,25.848330423,324531.9083562846,,/home/keith/Git/ml/cnn-5090/build/learning-continuation/5090-20261009-overnight-v2/search/execution/trial-0037/panel/jobs/pongcnn/quiet-owl-38-s64173/metrics/pongcnn/quiet-owl-38.ini
quiet-owl-38,flappycnn,64173,80240,51.640179173,385803.1540374028,,/home/keith/Git/ml/cnn-5090/build/learning-continuation/5090-20261009-overnight-v2/search/execution/trial-0037/panel/jobs/flappycnn/quiet-owl-38-s64173/metrics/flappycnn/quiet-owl-38.ini
quiet-owl-38,breakoutcnn,64173,80368,54.993404393,305076.87576686085,,/home/keith/Git/ml/cnn-5090/build/learning-continuation/5090-20261009-overnight-v2/search/execution/trial-0037/panel/jobs/breakoutcnn/quiet-owl-38-s64173/metrics/breakoutcnn/quiet-owl-38.ini
quiet-owl-38,snakecnn,64173,80496,23.047627115,363968.4015253993,,/home/keith/Git/ml/cnn-5090/build/learning-continuation/5090-20261009-overnight-v2/search/execution/trial-0037/panel/jobs/snakecnn/quiet-owl-38-s64173/metrics/snakecnn/quiet-owl-38.ini
quiet-owl-38,mazecnn,64173,80624,153.623544062,218419.85357698795,,/home/keith/Git/ml/cnn-5090/build/learning-continuation/5090-20261009-overnight-v2/search/execution/trial-0037/panel/jobs/mazecnn/quiet-owl-38-s64173/metrics/mazecnn/quiet-owl-38.ini
quiet-owl-38,connect4cnn,64174,80880,80.468895145,165430.38121764435,,/home/keith/Git/ml/cnn-5090/build/learning-continuation/5090-20261009-overnight-v2/search/execution/trial-0037/panel/jobs/connect4cnn/quiet-owl-38-s64174/metrics/connect4cnn/quiet-owl-38.ini
quiet-owl-38,pongcnn,64174,80368,25.60158989,327659.65067179664,,/home/keith/Git/ml/cnn-5090/build/learning-continuation/5090-20261009-overnight-v2/search/execution/trial-0037/panel/jobs/pongcnn/quiet-owl-38-s64174/metrics/pongcnn/quiet-owl-38.ini
quiet-owl-38,flappycnn,64174,80240,51.439270825,387310.0003260009,,/home/keith/Git/ml/cnn-5090/build/learning-continuation/5090-20261009-overnight-v2/search/execution/trial-0037/panel/jobs/flappycnn/quiet-owl-38-s64174/metrics/flappycnn/quiet-owl-38.ini
quiet-owl-38,breakoutcnn,64174,80368,54.493575359,307875.11902958894,,/home/keith/Git/ml/cnn-5090/build/learning-continuation/5090-20261009-overnight-v2/search/execution/trial-0037/panel/jobs/breakoutcnn/quiet-owl-38-s64174/metrics/breakoutcnn/quiet-owl-38.ini
quiet-owl-38,snakecnn,64174,80496,22.897936475,366347.77151900536,,/home/keith/Git/ml/cnn-5090/build/learning-continuation/5090-20261009-overnight-v2/search/execution/trial-0037/panel/jobs/snakecnn/quiet-owl-38-s64174/metrics/snakecnn/quiet-owl-38.ini
quiet-owl-38,mazecnn,64174,80624,153.288400773,218897.39752513764,,/home/keith/Git/ml/cnn-5090/build/learning-continuation/5090-20261009-overnight-v2/search/execution/trial-0037/panel/jobs/mazecnn/quiet-owl-38-s64174/metrics/mazecnn/quiet-owl-38.ini
quiet-owl-39,connect4cnn,64173,99632,90.33803572,147357.64281238237,,/home/keith/Git/ml/cnn-5090/build/learning-continuation/5090-20261009-overnight-v2/search/execution/trial-0038/panel/jobs/connect4cnn/quiet-owl-39-s64173/metrics/connect4cnn/quiet-owl-39.ini
quiet-owl-39,pongcnn,64173,99120,31.01133056,270501.38928318204,,/home/keith/Git/ml/cnn-5090/build/learning-continuation/5090-20261009-overnight-v2/search/execution/trial-0038/panel/jobs/pongcnn/quiet-owl-39-s64173/metrics/pongcnn/quiet-owl-39.ini
quiet-owl-39,flappycnn,64173,98992,64.309768979,309796.541276734,,/home/keith/Git/ml/cnn-5090/build/learning-continuation/5090-20261009-overnight-v2/search/execution/trial-0038/panel/jobs/flappycnn/quiet-owl-39-s64173/metrics/flappycnn/quiet-owl-39.ini
quiet-owl-39,breakoutcnn,64173,99120,65.346260446,256743.32219613605,,/home/keith/Git/ml/cnn-5090/build/learning-continuation/5090-20261009-overnight-v2/search/execution/trial-0038/panel/jobs/breakoutcnn/quiet-owl-39-s64173/metrics/breakoutcnn/quiet-owl-39.ini
quiet-owl-39,snakecnn,64173,99248,28.70620357,292222.8284051704,,/home/keith/Git/ml/cnn-5090/build/learning-continuation/5090-20261009-overnight-v2/search/execution/trial-0038/panel/jobs/snakecnn/quiet-owl-39-s64173/metrics/snakecnn/quiet-owl-39.ini
quiet-owl-39,mazecnn,64173,99376,196.362422987,170880.1077598306,,/home/keith/Git/ml/cnn-5090/build/learning-continuation/5090-20261009-overnight-v2/search/execution/trial-0038/panel/jobs/mazecnn/quiet-owl-39-s64173/metrics/mazecnn/quiet-owl-39.ini
quiet-owl-39,connect4cnn,64174,99632,89.094804282,149413.8755596262,,/home/keith/Git/ml/cnn-5090/build/learning-continuation/5090-20261009-overnight-v2/search/execution/trial-0038/panel/jobs/connect4cnn/quiet-owl-39-s64174/metrics/connect4cnn/quiet-owl-39.ini
quiet-owl-39,pongcnn,64174,99120,30.906098783,271422.4159735806,,/home/keith/Git/ml/cnn-5090/build/learning-continuation/5090-20261009-overnight-v2/search/execution/trial-0038/panel/jobs/pongcnn/quiet-owl-39-s64174/metrics/pongcnn/quiet-owl-39.ini
quiet-owl-39,flappycnn,64174,98992,64.206298992,310295.7858150704,,/home/keith/Git/ml/cnn-5090/build/learning-continuation/5090-20261009-overnight-v2/search/execution/trial-0038/panel/jobs/flappycnn/quiet-owl-39-s64174/metrics/flappycnn/quiet-owl-39.ini
quiet-owl-39,breakoutcnn,64174,99120,64.803490985,258893.70688198583,,/home/keith/Git/ml/cnn-5090/build/learning-continuation/5090-20261009-overnight-v2/search/execution/trial-0038/panel/jobs/breakoutcnn/quiet-owl-39-s64174/metrics/breakoutcnn/quiet-owl-39.ini
quiet-owl-39,snakecnn,64174,99248,28.458001252,294771.509977724,,/home/keith/Git/ml/cnn-5090/build/learning-continuation/5090-20261009-overnight-v2/search/execution/trial-0038/panel/jobs/snakecnn/quiet-owl-39-s64174/metrics/snakecnn/quiet-owl-39.ini
quiet-owl-39,mazecnn,64174,99376,197.05412724,170280.28019495745,,/home/keith/Git/ml/cnn-5090/build/learning-continuation/5090-20261009-overnight-v2/search/execution/trial-0038/panel/jobs/mazecnn/quiet-owl-39-s64174/metrics/mazecnn/quiet-owl-39.ini
quiet-owl-40,connect4cnn,64173,93192,84.68814609,157188.46868903041,,/home/keith/Git/ml/cnn-5090/build/learning-continuation/5090-20261009-overnight-v2/search/execution/trial-0039/panel/jobs/connect4cnn/quiet-owl-40-s64173/metrics/connect4cnn/quiet-owl-40.ini
quiet-owl-40,pongcnn,64173,92680,27.354518412,306662.60957897356,,/home/keith/Git/ml/cnn-5090/build/learning-continuation/5090-20261009-overnight-v2/search/execution/trial-0039/panel/jobs/pongcnn/quiet-owl-40-s64173/metrics/pongcnn/quiet-owl-40.ini
quiet-owl-40,flappycnn,64173,92552,55.59135838,358382.03239818005,,/home/keith/Git/ml/cnn-5090/build/learning-continuation/5090-20261009-overnight-v2/search/execution/trial-0039/panel/jobs/flappycnn/quiet-owl-40-s64173/metrics/flappycnn/quiet-owl-40.ini
quiet-owl-40,breakoutcnn,64173,92680,58.05211329,289002.67447955295,,/home/keith/Git/ml/cnn-5090/build/learning-continuation/5090-20261009-overnight-v2/search/execution/trial-0039/panel/jobs/breakoutcnn/quiet-owl-40-s64173/metrics/breakoutcnn/quiet-owl-40.ini
quiet-owl-40,snakecnn,64173,92808,24.800638929,338241.60837207275,,/home/keith/Git/ml/cnn-5090/build/learning-continuation/5090-20261009-overnight-v2/search/execution/trial-0039/panel/jobs/snakecnn/quiet-owl-40-s64173/metrics/snakecnn/quiet-owl-40.ini
quiet-owl-40,mazecnn,64173,92936,160.254137195,209382.62554289246,,/home/keith/Git/ml/cnn-5090/build/learning-continuation/5090-20261009-overnight-v2/search/execution/trial-0039/panel/jobs/mazecnn/quiet-owl-40-s64173/metrics/mazecnn/quiet-owl-40.ini
quiet-owl-40,connect4cnn,64174,93192,84.682067253,157199.75234223396,,/home/keith/Git/ml/cnn-5090/build/learning-continuation/5090-20261009-overnight-v2/search/execution/trial-0039/panel/jobs/connect4cnn/quiet-owl-40-s64174/metrics/connect4cnn/quiet-owl-40.ini
quiet-owl-40,pongcnn,64174,92680,27.302427777,307247.6949125637,,/home/keith/Git/ml/cnn-5090/build/learning-continuation/5090-20261009-overnight-v2/search/execution/trial-0039/panel/jobs/pongcnn/quiet-owl-40-s64174/metrics/pongcnn/quiet-owl-40.ini
quiet-owl-40,flappycnn,64174,92552,55.791163885,357098.55490855745,,/home/keith/Git/ml/cnn-5090/build/learning-continuation/5090-20261009-overnight-v2/search/execution/trial-0039/panel/jobs/flappycnn/quiet-owl-40-s64174/metrics/flappycnn/quiet-owl-40.ini
quiet-owl-40,breakoutcnn,64174,92680,57.841954896,290052.7139887558,,/home/keith/Git/ml/cnn-5090/build/learning-continuation/5090-20261009-overnight-v2/search/execution/trial-0039/panel/jobs/breakoutcnn/quiet-owl-40-s64174/metrics/breakoutcnn/quiet-owl-40.ini
quiet-owl-40,snakecnn,64174,92808,24.747198922,338972.0196794723,,/home/keith/Git/ml/cnn-5090/build/learning-continuation/5090-20261009-overnight-v2/search/execution/trial-0039/panel/jobs/snakecnn/quiet-owl-40-s64174/metrics/snakecnn/quiet-owl-40.ini
quiet-owl-40,mazecnn,64174,92936,161.263478505,208072.10852120892,,/home/keith/Git/ml/cnn-5090/build/learning-continuation/5090-20261009-overnight-v2/search/execution/trial-0039/panel/jobs/mazecnn/quiet-owl-40-s64174/metrics/mazecnn/quiet-owl-40.ini
quiet-owl-41,connect4cnn,64173,108480,86.634483224,153657.0601521431,,/home/keith/Git/ml/cnn-5090/build/learning-continuation/5090-20261009-overnight-v2/search/execution/trial-0040/panel/jobs/connect4cnn/quiet-owl-41-s64173/metrics/connect4cnn/quiet-owl-41.ini
quiet-owl-41,pongcnn,64173,107968,28.907580098,290187.14024355065,,/home/keith/Git/ml/cnn-5090/build/learning-continuation/5090-20261009-overnight-v2/search/execution/trial-0040/panel/jobs/pongcnn/quiet-owl-41-s64173/metrics/pongcnn/quiet-owl-41.ini
quiet-owl-41,flappycnn,64173,107840,59.598409347,334286.5056012247,,/home/keith/Git/ml/cnn-5090/build/learning-continuation/5090-20261009-overnight-v2/search/execution/trial-0040/panel/jobs/flappycnn/quiet-owl-41-s64173/metrics/flappycnn/quiet-owl-41.ini
quiet-owl-41,breakoutcnn,64173,107968,61.054910527,274788.97037414706,,/home/keith/Git/ml/cnn-5090/build/learning-continuation/5090-20261009-overnight-v2/search/execution/trial-0040/panel/jobs/breakoutcnn/quiet-owl-41-s64173/metrics/breakoutcnn/quiet-owl-41.ini
quiet-owl-41,snakecnn,64173,108096,26.201376473,320159.0576221938,,/home/keith/Git/ml/cnn-5090/build/learning-continuation/5090-20261009-overnight-v2/search/execution/trial-0040/panel/jobs/snakecnn/quiet-owl-41-s64173/metrics/snakecnn/quiet-owl-41.ini
quiet-owl-41,mazecnn,64173,108224,186.082320749,180320.36501339864,,/home/keith/Git/ml/cnn-5090/build/learning-continuation/5090-20261009-overnight-v2/search/execution/trial-0040/panel/jobs/mazecnn/quiet-owl-41-s64173/metrics/mazecnn/quiet-owl-41.ini
quiet-owl-41,connect4cnn,64174,108480,86.686096622,153565.57185920814,,/home/keith/Git/ml/cnn-5090/build/learning-continuation/5090-20261009-overnight-v2/search/execution/trial-0040/panel/jobs/connect4cnn/quiet-owl-41-s64174/metrics/connect4cnn/quiet-owl-41.ini
quiet-owl-41,pongcnn,64174,107968,29.004050925,289221.94426191173,,/home/keith/Git/ml/cnn-5090/build/learning-continuation/5090-20261009-overnight-v2/search/execution/trial-0040/panel/jobs/pongcnn/quiet-owl-41-s64174/metrics/pongcnn/quiet-owl-41.ini
quiet-owl-41,flappycnn,64174,107840,60.145220688,331247.33390453696,,/home/keith/Git/ml/cnn-5090/build/learning-continuation/5090-20261009-overnight-v2/search/execution/trial-0040/panel/jobs/flappycnn/quiet-owl-41-s64174/metrics/flappycnn/quiet-owl-41.ini
quiet-owl-41,breakoutcnn,64174,107968,61.608084401,272321.6630271932,,/home/keith/Git/ml/cnn-5090/build/learning-continuation/5090-20261009-overnight-v2/search/execution/trial-0040/panel/jobs/breakoutcnn/quiet-owl-41-s64174/metrics/breakoutcnn/quiet-owl-41.ini
quiet-owl-41,snakecnn,64174,108096,26.901250498,311829.6675696789,,/home/keith/Git/ml/cnn-5090/build/learning-continuation/5090-20261009-overnight-v2/search/execution/trial-0040/panel/jobs/snakecnn/quiet-owl-41-s64174/metrics/snakecnn/quiet-owl-41.ini
quiet-owl-41,mazecnn,64174,108224,188.717836319,177802.12328887195,,/home/keith/Git/ml/cnn-5090/build/learning-continuation/5090-20261009-overnight-v2/search/execution/trial-0040/panel/jobs/mazecnn/quiet-owl-41-s64174/metrics/mazecnn/quiet-owl-41.ini
quiet-owl-42,connect4cnn,64173,108480,88.347240338,150678.16435545444,,/home/keith/Git/ml/cnn-5090/build/learning-continuation/5090-20261009-overnight-v2/search/execution/trial-0041/panel/jobs/connect4cnn/quiet-owl-42-s64173/metrics/connect4cnn/quiet-owl-42.ini
quiet-owl-42,pongcnn,64173,107968,28.95828295,289679.05364016065,,/home/keith/Git/ml/cnn-5090/build/learning-continuation/5090-20261009-overnight-v2/search/execution/trial-0041/panel/jobs/pongcnn/quiet-owl-42-s64173/metrics/pongcnn/quiet-owl-42.ini
quiet-owl-42,flappycnn,64173,107840,59.294390893,336000.48335013766,,/home/keith/Git/ml/cnn-5090/build/learning-continuation/5090-20261009-overnight-v2/search/execution/trial-0041/panel/jobs/flappycnn/quiet-owl-42-s64173/metrics/flappycnn/quiet-owl-42.ini
quiet-owl-42,breakoutcnn,64173,107968,61.256628339,273884.091483999,,/home/keith/Git/ml/cnn-5090/build/learning-continuation/5090-20261009-overnight-v2/search/execution/trial-0041/panel/jobs/breakoutcnn/quiet-owl-42-s64173/metrics/breakoutcnn/quiet-owl-42.ini
quiet-owl-42,snakecnn,64173,108096,26.303828745,318912.0519800586,,/home/keith/Git/ml/cnn-5090/build/learning-continuation/5090-20261009-overnight-v2/search/execution/trial-0041/panel/jobs/snakecnn/quiet-owl-42-s64173/metrics/snakecnn/quiet-owl-42.ini
quiet-owl-42,mazecnn,64173,108224,187.968755715,178510.6885043999,,/home/keith/Git/ml/cnn-5090/build/learning-continuation/5090-20261009-overnight-v2/search/execution/trial-0041/panel/jobs/mazecnn/quiet-owl-42-s64173/metrics/mazecnn/quiet-owl-42.ini
quiet-owl-42,connect4cnn,64174,108480,86.59237542,153731.7799105597,,/home/keith/Git/ml/cnn-5090/build/learning-continuation/5090-20261009-overnight-v2/search/execution/trial-0041/panel/jobs/connect4cnn/quiet-owl-42-s64174/metrics/connect4cnn/quiet-owl-42.ini
quiet-owl-42,pongcnn,64174,107968,28.903096389,290232.15669005463,,/home/keith/Git/ml/cnn-5090/build/learning-continuation/5090-20261009-overnight-v2/search/execution/trial-0041/panel/jobs/pongcnn/quiet-owl-42-s64174/metrics/pongcnn/quiet-owl-42.ini
quiet-owl-42,flappycnn,64174,107840,59.394656736,335433.27118724474,,/home/keith/Git/ml/cnn-5090/build/learning-continuation/5090-20261009-overnight-v2/search/execution/trial-0041/panel/jobs/flappycnn/quiet-owl-42-s64174/metrics/flappycnn/quiet-owl-42.ini
quiet-owl-42,breakoutcnn,64174,107968,61.351927721,273458.66092904145,,/home/keith/Git/ml/cnn-5090/build/learning-continuation/5090-20261009-overnight-v2/search/execution/trial-0041/panel/jobs/breakoutcnn/quiet-owl-42-s64174/metrics/breakoutcnn/quiet-owl-42.ini
quiet-owl-42,snakecnn,64174,108096,26.654161226,314720.3893933556,,/home/keith/Git/ml/cnn-5090/build/learning-continuation/5090-20261009-overnight-v2/search/execution/trial-0041/panel/jobs/snakecnn/quiet-owl-42-s64174/metrics/snakecnn/quiet-owl-42.ini
quiet-owl-42,mazecnn,64174,108224,184.889428562,181483.77795839205,,/home/keith/Git/ml/cnn-5090/build/learning-continuation/5090-20261009-overnight-v2/search/execution/trial-0041/panel/jobs/mazecnn/quiet-owl-42-s64174/metrics/mazecnn/quiet-owl-42.ini
quiet-owl-43,connect4cnn,64173,108480,87.193311629,152672.26065046605,,/home/keith/Git/ml/cnn-5090/build/learning-continuation/5090-20261009-overnight-v2/search/execution/trial-0042/panel/jobs/connect4cnn/quiet-owl-43-s64173/metrics/connect4cnn/quiet-owl-43.ini
quiet-owl-43,pongcnn,64173,107968,29.153729312,287737.0476423802,,/home/keith/Git/ml/cnn-5090/build/learning-continuation/5090-20261009-overnight-v2/search/execution/trial-0042/panel/jobs/pongcnn/quiet-owl-43-s64173/metrics/pongcnn/quiet-owl-43.ini
quiet-owl-43,flappycnn,64173,107840,59.545025765,334586.20168589323,,/home/keith/Git/ml/cnn-5090/build/learning-continuation/5090-20261009-overnight-v2/search/execution/trial-0042/panel/jobs/flappycnn/quiet-owl-43-s64173/metrics/flappycnn/quiet-owl-43.ini
quiet-owl-43,breakoutcnn,64173,107968,61.20200842,274128.5201764299,,/home/keith/Git/ml/cnn-5090/build/learning-continuation/5090-20261009-overnight-v2/search/execution/trial-0042/panel/jobs/breakoutcnn/quiet-owl-43-s64173/metrics/breakoutcnn/quiet-owl-43.ini
quiet-owl-43,snakecnn,64173,108096,26.354369358,318300.46418673254,,/home/keith/Git/ml/cnn-5090/build/learning-continuation/5090-20261009-overnight-v2/search/execution/trial-0042/panel/jobs/snakecnn/quiet-owl-43-s64173/metrics/snakecnn/quiet-owl-43.ini
quiet-owl-43,mazecnn,64173,108224,186.525803224,179891.63654587927,,/home/keith/Git/ml/cnn-5090/build/learning-continuation/5090-20261009-overnight-v2/search/execution/trial-0042/panel/jobs/mazecnn/quiet-owl-43-s64173/metrics/mazecnn/quiet-owl-43.ini
quiet-owl-43,connect4cnn,64174,108480,87.542333384,152063.57296426618,,/home/keith/Git/ml/cnn-5090/build/learning-continuation/5090-20261009-overnight-v2/search/execution/trial-0042/panel/jobs/connect4cnn/quiet-owl-43-s64174/metrics/connect4cnn/quiet-owl-43.ini
quiet-owl-43,pongcnn,64174,107968,28.804758921,291222.9893333465,,/home/keith/Git/ml/cnn-5090/build/learning-continuation/5090-20261009-overnight-v2/search/execution/trial-0042/panel/jobs/pongcnn/quiet-owl-43-s64174/metrics/pongcnn/quiet-owl-43.ini
quiet-owl-43,flappycnn,64174,107840,59.394828003,335432.30395403627,,/home/keith/Git/ml/cnn-5090/build/learning-continuation/5090-20261009-overnight-v2/search/execution/trial-0042/panel/jobs/flappycnn/quiet-owl-43-s64174/metrics/flappycnn/quiet-owl-43.ini
quiet-owl-43,breakoutcnn,64174,107968,61.898078746,271045.8279140721,,/home/keith/Git/ml/cnn-5090/build/learning-continuation/5090-20261009-overnight-v2/search/execution/trial-0042/panel/jobs/breakoutcnn/quiet-owl-43-s64174/metrics/breakoutcnn/quiet-owl-43.ini
quiet-owl-43,snakecnn,64174,108096,26.298304394,318979.0442122145,,/home/keith/Git/ml/cnn-5090/build/learning-continuation/5090-20261009-overnight-v2/search/execution/trial-0042/panel/jobs/snakecnn/quiet-owl-43-s64174/metrics/snakecnn/quiet-owl-43.ini
quiet-owl-43,mazecnn,64174,108224,185.690990276,180700.37727800736,,/home/keith/Git/ml/cnn-5090/build/learning-continuation/5090-20261009-overnight-v2/search/execution/trial-0042/panel/jobs/mazecnn/quiet-owl-43-s64174/metrics/mazecnn/quiet-owl-43.ini
quiet-owl-44,connect4cnn,64173,163296,86.59090459,153734.39119306006,,/home/keith/Git/ml/cnn-5090/build/learning-continuation/5090-20261009-overnight-v2/search/execution/trial-0043/panel/jobs/connect4cnn/quiet-owl-44-s64173/metrics/connect4cnn/quiet-owl-44.ini
quiet-owl-44,pongcnn,64173,162784,29.257368847,286717.7853165068,,/home/keith/Git/ml/cnn-5090/build/learning-continuation/5090-20261009-overnight-v2/search/execution/trial-0043/panel/jobs/pongcnn/quiet-owl-44-s64173/metrics/pongcnn/quiet-owl-44.ini
quiet-owl-44,flappycnn,64173,162656,61.303866935,324986.7422086789,,/home/keith/Git/ml/cnn-5090/build/learning-continuation/5090-20261009-overnight-v2/search/execution/trial-0043/panel/jobs/flappycnn/quiet-owl-44-s64173/metrics/flappycnn/quiet-owl-44.ini
quiet-owl-44,breakoutcnn,64173,162784,62.952318653,266506.7206257776,,/home/keith/Git/ml/cnn-5090/build/learning-continuation/5090-20261009-overnight-v2/search/execution/trial-0043/panel/jobs/breakoutcnn/quiet-owl-44-s64173/metrics/breakoutcnn/quiet-owl-44.ini
quiet-owl-44,snakecnn,64173,162912,26.700792078,314170.7547661763,,/home/keith/Git/ml/cnn-5090/build/learning-continuation/5090-20261009-overnight-v2/search/execution/trial-0043/panel/jobs/snakecnn/quiet-owl-44-s64173/metrics/snakecnn/quiet-owl-44.ini
quiet-owl-44,mazecnn,64173,163040,185.798502459,180595.81512183842,,/home/keith/Git/ml/cnn-5090/build/learning-continuation/5090-20261009-overnight-v2/search/execution/trial-0043/panel/jobs/mazecnn/quiet-owl-44-s64173/metrics/mazecnn/quiet-owl-44.ini
quiet-owl-44,connect4cnn,64174,163296,86.226278105,154384.4903497937,,/home/keith/Git/ml/cnn-5090/build/learning-continuation/5090-20261009-overnight-v2/search/execution/trial-0043/panel/jobs/connect4cnn/quiet-owl-44-s64174/metrics/connect4cnn/quiet-owl-44.ini
quiet-owl-44,pongcnn,64174,162784,29.00656961,289196.8306761801,,/home/keith/Git/ml/cnn-5090/build/learning-continuation/5090-20261009-overnight-v2/search/execution/trial-0043/panel/jobs/pongcnn/quiet-owl-44-s64174/metrics/pongcnn/quiet-owl-44.ini
quiet-owl-44,flappycnn,64174,162656,60.4546755,329551.7482349235,,/home/keith/Git/ml/cnn-5090/build/learning-continuation/5090-20261009-overnight-v2/search/execution/trial-0043/panel/jobs/flappycnn/quiet-owl-44-s64174/metrics/flappycnn/quiet-owl-44.ini
quiet-owl-44,breakoutcnn,64174,162784,61.857451094,271223.8494034447,,/home/keith/Git/ml/cnn-5090/build/learning-continuation/5090-20261009-overnight-v2/search/execution/trial-0043/panel/jobs/breakoutcnn/quiet-owl-44-s64174/metrics/breakoutcnn/quiet-owl-44.ini
quiet-owl-44,snakecnn,64174,162912,26.651290206,314754.2927625873,,/home/keith/Git/ml/cnn-5090/build/learning-continuation/5090-20261009-overnight-v2/search/execution/trial-0043/panel/jobs/snakecnn/quiet-owl-44-s64174/metrics/snakecnn/quiet-owl-44.ini
quiet-owl-44,mazecnn,64174,163040,190.148472539,176464.3783458102,,/home/keith/Git/ml/cnn-5090/build/learning-continuation/5090-20261009-overnight-v2/search/execution/trial-0043/panel/jobs/mazecnn/quiet-owl-44-s64174/metrics/mazecnn/quiet-owl-44.ini
quiet-owl-45,connect4cnn,64173,163296,86.581758636,153750.63073002742,,/home/keith/Git/ml/cnn-5090/build/learning-continuation/5090-20261009-overnight-v2/search/execution/trial-0044/panel/jobs/connect4cnn/quiet-owl-45-s64173/metrics/connect4cnn/quiet-owl-45.ini
quiet-owl-45,pongcnn,64173,162784,29.355292019,285761.354190261,,/home/keith/Git/ml/cnn-5090/build/learning-continuation/5090-20261009-overnight-v2/search/execution/trial-0044/panel/jobs/pongcnn/quiet-owl-45-s64173/metrics/pongcnn/quiet-owl-45.ini
quiet-owl-45,flappycnn,64173,162656,59.793786397,333194.21967563475,,/home/keith/Git/ml/cnn-5090/build/learning-continuation/5090-20261009-overnight-v2/search/execution/trial-0044/panel/jobs/flappycnn/quiet-owl-45-s64173/metrics/flappycnn/quiet-owl-45.ini
quiet-owl-45,breakoutcnn,64173,162784,62.357367977,269049.4570936371,,/home/keith/Git/ml/cnn-5090/build/learning-continuation/5090-20261009-overnight-v2/search/execution/trial-0044/panel/jobs/breakoutcnn/quiet-owl-45-s64173/metrics/breakoutcnn/quiet-owl-45.ini
quiet-owl-45,snakecnn,64173,162912,26.902226281,311818.3570526484,,/home/keith/Git/ml/cnn-5090/build/learning-continuation/5090-20261009-overnight-v2/search/execution/trial-0044/panel/jobs/snakecnn/quiet-owl-45-s64173/metrics/snakecnn/quiet-owl-45.ini
quiet-owl-45,mazecnn,64173,163040,185.750087168,180642.8869648497,,/home/keith/Git/ml/cnn-5090/build/learning-continuation/5090-20261009-overnight-v2/search/execution/trial-0044/panel/jobs/mazecnn/quiet-owl-45-s64173/metrics/mazecnn/quiet-owl-45.ini
quiet-owl-45,connect4cnn,64174,163296,86.233311714,154371.897998657,,/home/keith/Git/ml/cnn-5090/build/learning-continuation/5090-20261009-overnight-v2/search/execution/trial-0044/panel/jobs/connect4cnn/quiet-owl-45-s64174/metrics/connect4cnn/quiet-owl-45.ini
quiet-owl-45,pongcnn,64174,162784,29.252634037,286764.19324802427,,/home/keith/Git/ml/cnn-5090/build/learning-continuation/5090-20261009-overnight-v2/search/execution/trial-0044/panel/jobs/pongcnn/quiet-owl-45-s64174/metrics/pongcnn/quiet-owl-45.ini
quiet-owl-45,flappycnn,64174,162656,60.796580617,327698.429711179,,/home/keith/Git/ml/cnn-5090/build/learning-continuation/5090-20261009-overnight-v2/search/execution/trial-0044/panel/jobs/flappycnn/quiet-owl-45-s64174/metrics/flappycnn/quiet-owl-45.ini
quiet-owl-45,breakoutcnn,64174,162784,62.049931603,270382.5059363781,,/home/keith/Git/ml/cnn-5090/build/learning-continuation/5090-20261009-overnight-v2/search/execution/trial-0044/panel/jobs/breakoutcnn/quiet-owl-45-s64174/metrics/breakoutcnn/quiet-owl-45.ini
quiet-owl-45,snakecnn,64174,162912,26.799334924,313015.529071493,,/home/keith/Git/ml/cnn-5090/build/learning-continuation/5090-20261009-overnight-v2/search/execution/trial-0044/panel/jobs/snakecnn/quiet-owl-45-s64174/metrics/snakecnn/quiet-owl-45.ini
quiet-owl-45,mazecnn,64174,163040,185.4680273,180917.6087570324,,/home/keith/Git/ml/cnn-5090/build/learning-continuation/5090-20261009-overnight-v2/search/execution/trial-0044/panel/jobs/mazecnn/quiet-owl-45-s64174/metrics/mazecnn/quiet-owl-45.ini
quality-reference,connect4cnn,64173,160736,75.736875106,175766.42793049963,,/home/keith/Git/ml/cnn-5090-learning/build/learning-feedback/5090-20261008T173307Z/prepared/references/jobs/connect4cnn/quality-reference-s64173/metrics/connect4cnn/quality-reference.ini
nature-cnn,connect4cnn,64173,138528,78.439741896,169709.89039777603,,/home/keith/Git/ml/cnn-5090-learning/build/learning-feedback/5090-20261008T173307Z/prepared/references/jobs/connect4cnn/nature-cnn-s64173/metrics/connect4cnn/nature-cnn.ini
nature-cnn,pongcnn,64173,138016,23.555439024,356121.91271209484,,/home/keith/Git/ml/cnn-5090-learning/build/learning-feedback/5090-20261008T173307Z/prepared/references/jobs/pongcnn/nature-cnn-s64173/metrics/pongcnn/nature-cnn.ini
quality-reference,pongcnn,64173,160224,22.551166725,371981.1086625718,,/home/keith/Git/ml/cnn-5090-learning/build/learning-feedback/5090-20261008T173307Z/prepared/references/jobs/pongcnn/quality-reference-s64173/metrics/pongcnn/quality-reference.ini
quality-reference,flappycnn,64173,160096,42.771987944,465794.20217934396,,/home/keith/Git/ml/cnn-5090-learning/build/learning-feedback/5090-20261008T173307Z/prepared/references/jobs/flappycnn/quality-reference-s64173/metrics/flappycnn/quality-reference.ini
nature-cnn,flappycnn,64173,137888,42.428391215,469566.33116356545,,/home/keith/Git/ml/cnn-5090-learning/build/learning-feedback/5090-20261008T173307Z/prepared/references/jobs/flappycnn/nature-cnn-s64173/metrics/flappycnn/nature-cnn.ini
nature-cnn,breakoutcnn,64173,138016,47.629249011,352246.0745943169,,/home/keith/Git/ml/cnn-5090-learning/build/learning-feedback/5090-20261008T173307Z/prepared/references/jobs/breakoutcnn/nature-cnn-s64173/metrics/breakoutcnn/nature-cnn.ini
quality-reference,breakoutcnn,64173,160224,45.727196017,366897.9832868548,,/home/keith/Git/ml/cnn-5090-learning/build/learning-feedback/5090-20261008T173307Z/prepared/references/jobs/breakoutcnn/quality-reference-s64173/metrics/breakoutcnn/quality-reference.ini
quality-reference,snakecnn,64173,160352,18.689459347,448841.6622574224,,/home/keith/Git/ml/cnn-5090-learning/build/learning-feedback/5090-20261008T173307Z/prepared/references/jobs/snakecnn/quality-reference-s64173/metrics/snakecnn/quality-reference.ini
nature-cnn,snakecnn,64173,138144,19.740947248,424934.42156631406,,/home/keith/Git/ml/cnn-5090-learning/build/learning-feedback/5090-20261008T173307Z/prepared/references/jobs/snakecnn/nature-cnn-s64173/metrics/snakecnn/nature-cnn.ini
nature-cnn,mazecnn,64173,138272,117.832366332,284764.1360732611,,/home/keith/Git/ml/cnn-5090-learning/build/learning-feedback/5090-20261008T173307Z/prepared/references/jobs/mazecnn/nature-cnn-s64173/metrics/mazecnn/nature-cnn.ini
quality-reference,mazecnn,64173,160480,111.520772132,300880.5566758789,,/home/keith/Git/ml/cnn-5090-learning/build/learning-feedback/5090-20261008T173307Z/prepared/references/jobs/mazecnn/quality-reference-s64173/metrics/mazecnn/quality-reference.ini
nature-cnn,connect4cnn,64174,138528,76.868775777,173178.24910622684,,/home/keith/Git/ml/cnn-5090-learning/build/learning-feedback/5090-20261008T173307Z/prepared/references/jobs/connect4cnn/nature-cnn-s64174/metrics/connect4cnn/nature-cnn.ini
quality-reference,connect4cnn,64174,160736,74.676326176,178262.6527264581,,/home/keith/Git/ml/cnn-5090-learning/build/learning-feedback/5090-20261008T173307Z/prepared/references/jobs/connect4cnn/quality-reference-s64174/metrics/connect4cnn/quality-reference.ini
quality-reference,pongcnn,64174,160224,22.447446678,373699.8742142641,,/home/keith/Git/ml/cnn-5090-learning/build/learning-feedback/5090-20261008T173307Z/prepared/references/jobs/pongcnn/quality-reference-s64174/metrics/pongcnn/quality-reference.ini
nature-cnn,pongcnn,64174,138016,23.553510129,356151.0770180967,,/home/keith/Git/ml/cnn-5090-learning/build/learning-feedback/5090-20261008T173307Z/prepared/references/jobs/pongcnn/nature-cnn-s64174/metrics/pongcnn/nature-cnn.ini
nature-cnn,flappycnn,64174,137888,43.386663382,459195.11773900344,,/home/keith/Git/ml/cnn-5090-learning/build/learning-feedback/5090-20261008T173307Z/prepared/references/jobs/flappycnn/nature-cnn-s64174/metrics/flappycnn/nature-cnn.ini
quality-reference,flappycnn,64174,160096,41.169608324,483923.5739919788,,/home/keith/Git/ml/cnn-5090-learning/build/learning-feedback/5090-20261008T173307Z/prepared/references/jobs/flappycnn/quality-reference-s64174/metrics/flappycnn/quality-reference.ini
quality-reference,breakoutcnn,64174,160224,45.176595224,371369.6421081137,,/home/keith/Git/ml/cnn-5090-learning/build/learning-feedback/5090-20261008T173307Z/prepared/references/jobs/breakoutcnn/quality-reference-s64174/metrics/breakoutcnn/quality-reference.ini
nature-cnn,breakoutcnn,64174,138016,49.478173205,339083.1737155685,,/home/keith/Git/ml/cnn-5090-learning/build/learning-feedback/5090-20261008T173307Z/prepared/references/jobs/breakoutcnn/nature-cnn-s64174/metrics/breakoutcnn/nature-cnn.ini
nature-cnn,snakecnn,64174,138144,20.296726642,413298.5652297972,,/home/keith/Git/ml/cnn-5090-learning/build/learning-feedback/5090-20261008T173307Z/prepared/references/jobs/snakecnn/nature-cnn-s64174/metrics/snakecnn/nature-cnn.ini
quality-reference,snakecnn,64174,160352,19.195665121,437005.33152263047,,/home/keith/Git/ml/cnn-5090-learning/build/learning-feedback/5090-20261008T173307Z/prepared/references/jobs/snakecnn/quality-reference-s64174/metrics/snakecnn/quality-reference.ini
quality-reference,mazecnn,64174,160480,114.058741441,294185.536120061,,/home/keith/Git/ml/cnn-5090-learning/build/learning-feedback/5090-20261008T173307Z/prepared/references/jobs/mazecnn/quality-reference-s64174/metrics/mazecnn/quality-reference.ini
nature-cnn,mazecnn,64174,138272,123.577304336,271525.845140361,,/home/keith/Git/ml/cnn-5090-learning/build/learning-feedback/5090-20261008T173307Z/prepared/references/jobs/mazecnn/nature-cnn-s64174/metrics/mazecnn/nature-cnn.ini
